일자,KOSPI지수,거래량,거래대금,시가총액,외국인_시가총액,외국인_비중
19980103,385.49,35647000,247704,72353997,10518190,14.537
19980105,396.49,98416000,561256,74377030,10868531,14.613
19980106,406.34,74793000,509534,76176504,11188176,14.687
19980107,409.42,97661000,685519,76796589,11398547,14.843
19980108,423.96,90006000,653946,79493240,11944117,15.025
19980109,414,85269000,697981,77566445,11785248,15.194
19980110,440.78,78203000,536634,82546182,12581413,15.242
19980112,456.2,113057000,927330,85623774,13012888,15.198
19980113,463.74,111795000,898434,87131731,13177742,15.124
19980114,475.13,128200000,1082406,89263876,13572456,15.205
19980115,505.98,129188000,1170769,95060743,14556534,15.313
19980116,488.1,200062000,1705729,91600740,14320968,15.634
19980117,495.91,86767000,719613,93075178,14706251,15.8
19980119,528.77,151158000,1201320,99224707,15784942,15.908
19980120,533.55,127841641,1299806,100065168,16178188,16.168
19980121,506.66,131176000,1044000,95074659,15349658,16.145
19980122,483.99,110811000,1022073,90888359,14682511,16.154
19980123,486.86,87527000,775769,91363322,15012001,16.431
19980124,509.53,64220000,556464,95588048,15813126,16.543
19980126,518.64,80837000,872666,97186139,16331446,16.804
19980130,558.33,61281000,727459,104613043,17708396,16.928
19980131,567.38,91606000,1069194,106192563,18383134,17.311
19980202,543.68,97966000,1177732,101694603,17802465,17.506
19980203,550.21,104601000,1208475,102999053,17982161,17.459
19980204,547.28,100250000,1108571,102477551,17844201,17.413
19980205,528.05,95221000,1046426,98957921,17075892,17.256
19980206,540.45,104077000,1242418,101260683,17948862,17.725
19980207,542.7,55174000,565647,101602556,18140981,17.855
19980209,554.24,90835000,963432,103675994,18681545,18.019
19980210,541.77,86161000,875783,101415172,18228369,17.974
19980211,520.14,82986000,829470,97434462,17620410,18.084
19980212,512.49,78100000,815770,95937254,17439902,18.178
19980213,506.2,91690000,1012241,94704834,17332457,18.302
19980214,484.12,49572000,450866,90677040,16560704,18.263
19980216,476.98,69368000,634357,89278563,16416179,18.388
19980217,471.73,58914000,508505,88161937,16420068,18.625
19980218,487.73,68777000,650632,91330079,17165804,18.795
19980219,513.45,77956000,840684,96203550,18249454,18.97
19980220,522.13,83918000,967574,97797085,18984142,19.412
19980221,528.95,55966000,646465,99194938,19368189,19.525
19980223,543.06,83456000,909568,101989004,19781032,19.395
19980224,540.89,76970000,785802,105067637,19677112,18.728
19980225,516.38,81896000,807767,100308876,18883609,18.825
19980226,524.98,71747000,753615,102060523,19330490,18.94
19980227,548.42,85908000,915035,106653572,20585632,19.301
19980228,558.98,63385000,697102,108459214,21316620,19.654
19980302,574.35,99926000,1034468,111557014,21932910,19.661
19980303,570.89,108863000,1132789,110977894,21661938,19.519
19980304,572.76,86366000,814991,111466759,21501801,19.29
19980305,535.68,94273000,843572,104149518,19940809,19.146
19980306,522.55,78371000,709720,101529320,19449256,19.156
19980307,525.98,43851000,368923,102217420,19733133,19.305
19980309,507.71,57508000,495645,98723250,19012193,19.258
19980310,525.56,58360000,565584,102224845,19850308,19.418
19980311,531.05,70232000,693801,103273013,20176132,19.537
19980312,535.84,70504000,641698,104270118,20348939,19.516
19980313,536.16,86418000,711570,104219531,20144024,19.328
19980314,533.56,53432000,398641,103752037,19938233,19.217
19980316,528.88,73104000,607114,102866852,19727640,19.178
19980317,515.51,74523000,602407,100337555,19119938,19.056
19980318,518.08,67840000,566472,100702569,19270977,19.137
19980319,521.73,65273000,562804,101336394,19427196,19.171
19980320,525.95,68518000,579401,102245991,19655166,19.223
19980321,521.62,47727000,337590,101436401,19448329,19.173
19980323,511.9,76167000,538602,99538454,18930164,19.018
19980324,508.43,73461000,501281,98883036,18795498,19.008
19980325,510.14,73879000,570824,99222916,18808459,18.956
19980326,501.13,71787000,579840,97675528,18440011,18.879
19980327,503.08,62856000,539146,97953666,18560913,18.949
19980328,496.26,49453000,463942,96922767,18275829,18.856
19980330,482.33,59028000,404806,93969232,17871813,19.019
19980331,481.04,59435000,457477,93806855,17776870,18.951
19980401,468.22,56161000,412544,91322627,17238828,18.877
19980402,453.66,61024000,454650,88566814,16600001,18.743
19980403,434.45,63223000,475777,84890005,15778735,18.587
19980404,442.45,43686000,319649,86444319,16168438,18.704
19980406,435.92,50070000,372413,85146461,16049376,18.849
19980407,459.58,58961000,465197,89747781,17016019,18.96
19980408,455.53,61930000,508377,88828466,17074339,19.222
19980409,468.11,60725000,509079,91288735,17662092,19.348
19980410,468.29,54044000,400933,91320595,17525195,19.191
19980411,490.63,43792000,378577,95547860,18634527,19.503
19980413,494.89,69815000,569876,96356027,18689892,19.397
19980414,467.63,52931000,450595,91707871,17685192,19.284
19980415,467.87,45659000,374995,91801435,17634642,19.21
19980416,454.15,44615000,357332,89150229,17138779,19.225
19980417,450.23,37029000,286960,88458627,16985085,19.201
19980418,441.68,29458000,234422,86765366,16681071,19.225
19980420,435.73,35665000,247060,85558049,16642637,19.452
19980421,439.21,40343000,307127,86371758,16857836,19.518
19980422,431.81,41586000,309308,84860491,16714818,19.697
19980423,416.54,44554000,291706,81859920,16335408,19.955
19980424,414.56,55064000,355871,81616991,16256341,19.918
19980425,411.63,29517000,165392,80901959,16079444,19.875
19980427,406.25,44759000,249979,79888713,15883870,19.882
19980428,402.39,40157000,267793,79126365,15732519,19.883
19980429,417.05,47127000,341128,82053527,16367521,19.947
19980430,421.22,48906000,405803,82803860,16616344,20.067
19980502,406.53,27716000,209959,80114666,16059168,20.045
19980504,391.8,41593000,298053,77263233,15612821,20.207
19980506,376.23,44187000,310268,74246484,15066643,20.293
19980507,379.47,50121000,347091,74870245,15126426,20.204
19980508,373.04,47570000,316346,73608076,14899368,20.241
19980509,374.76,26567000,165909,73970578,14984151,20.257
19980511,361.58,39309000,236048,71450969,14586147,20.414
19980512,351.86,43836000,268263,69686278,14467616,20.761
19980513,356.58,55295000,343644,70605184,14779776,20.933
19980514,362.94,89178000,476626,71792053,15164689,21.123
19980515,352.83,63632000,387865,69558381,14857487,21.36
19980516,352.32,36000000,193465,69550564,14847635,21.348
19980518,359,56776000,318911,70910861,14904096,21.018
19980519,362.53,63494000,369093,71713059,14825742,20.674
19980520,369.17,79143000,479931,73033845,14889762,20.387
19980521,362.3,93023000,490327,71752092,14545895,20.272
19980522,353.67,62100000,328240,70131576,14262016,20.336
19980523,356.05,34628000,223752,70876711,14377039,20.285
19980525,331.9,51988000,458236,66147026,13577593,20.526
19980526,311.99,48019000,296967,62100362,12742345,20.519
19980527,313.48,59777000,384137,62380509,12661327,20.297
19980528,323.09,72168000,492561,64205355,13111772,20.422
19980529,336.63,70264000,428416,66839246,13570234,20.303
19980530,332.03,48613000,232487,66047731,13157756,19.922
19980601,336.7,83724000,399622,66957047,13326797,19.904
19980602,324.1,67700000,340465,64540575,12809100,19.847
19980603,332.46,85645000,371877,66440550,13201160,19.869
19980605,341.53,78299000,378098,68332942,13643343,19.966
19980608,345.88,78775000,411838,69270982,13758939,19.862
19980609,339.22,76618000,399226,68294806,13348384,19.545
19980610,324.54,79712000,427406,65428704,12699498,19.41
19980611,328.7,69626000,390365,66832176,12993231,19.442
19980612,302.09,73659000,351051,61411249,11885774,19.354
19980613,302.81,38394000,193581,61557808,11970099,19.445
19980615,288.21,53370000,249055,58546450,11355369,19.395
19980616,280,69412000,327308,56854532,11056743,19.447
19980617,303.81,78078000,385127,61661314,12009685,19.477
19980618,325.49,115398000,549071,66036894,12939320,19.594
19980619,313.26,79468000,473536,63531754,12396127,19.512
19980620,315.75,43640000,240489,64021623,12487087,19.504
19980622,311.27,60825000,315303,63109365,12234127,19.386
19980623,303.31,56463000,297122,61537999,11808074,19.188
19980624,301.72,74141000,348877,61191941,11722657,19.157
19980625,300.57,62092000,296154,60955074,11646129,19.106
19980626,298.54,60780000,300359,60572067,11570929,19.103
19980627,301.9,32586000,183108,61154973,11695071,19.124
19980629,298.6,65484000,329592,60447974,11573521,19.146
19980630,297.88,52653000,263132,60803508,11853509,19.495
19980701,315.56,100133000,470522,64430197,12714996,19.735
19980702,311.77,88636000,546018,63697990,12806942,20.106
19980703,308.53,64542000,356062,63416640,12644801,19.939
19980704,307.85,48472371,226382,63265338,12691956,20.061
19980706,309.61,61513000,277003,63617802,12736091,20.02
19980707,317.5,76107000,416736,65450407,13018586,19.891
19980708,318.79,85562000,419653,65723984,13034875,19.833
19980709,319.02,85580000,429802,65930057,13026621,19.758
19980710,309.28,81849000,408294,63944933,12660453,19.799
19980711,304.97,43214000,197943,63039845,12472064,19.784
19980713,301.37,55536000,294930,62295620,12403363,19.91
19980714,306.73,59446000,273539,63412133,12573184,19.828
19980715,313.42,81680000,417678,64785638,12826163,19.798
19980716,330.35,82183000,530153,68247257,13668794,20.028
19980718,344.18,76192000,517514,71139799,14268978,20.058
19980720,365.18,121263000,781181,75440518,15333361,20.325
19980721,364.76,134940000,893870,75352809,15105192,20.046
19980722,362.07,159602000,726936,74965355,14880781,19.85
19980723,341.46,120826000,634262,70838330,13931059,19.666
19980724,343.79,113724000,538816,71378216,13942432,19.533
19980725,328.44,68794000,358098,68259418,13175694,19.302
19980727,329.8,76276000,495660,68653475,13235817,19.279
19980728,335.33,67792000,367403,69836262,13427556,19.227
19980729,344.41,112490000,698883,71703863,13734609,19.155
19980730,344.91,94242000,468453,71736333,13744117,19.159
19980731,343.33,133075000,603576,71449357,13575331,19
19980801,337.49,68303000,295213,70240562,13314135,18.955
19980803,329.47,83774000,339762,68629140,13078154,19.056
19980804,333.2,75553000,341434,69393851,13288870,19.15
19980805,322.83,91424000,441032,67267457,12834391,19.08
19980806,320.57,85472000,352012,66801127,12765733,19.11
19980807,321.71,75817000,394472,67057490,12867985,19.189
19980808,314.31,48829000,216044,65546506,12638595,19.282
19980810,311.95,75866000,304664,65193938,12573199,19.286
19980811,311.25,72033000,336332,65056973,12495823,19.208
19980812,305.35,67355000,386240,63826839,12414258,19.45
19980813,303.01,72531190,353331,63383429,12313426,19.427
19980814,304.61,69176000,338904,63538946,12237083,19.259
19980817,301.62,63634000,274892,62916565,12132526,19.284
19980818,291.15,79558000,334960,60687638,11745104,19.353
19980819,301.9,77474000,388126,63028357,12220320,19.389
19980820,316.59,91660840,511421,65996762,12858802,19.484
19980821,316.62,94039000,496171,65992005,12885567,19.526
19980822,305.33,46096000,241135,63678973,12372210,19.429
19980824,305.15,61766000,322303,63692750,12244010,19.224
19980825,310.23,72710000,391295,64707552,12484576,19.294
19980826,317.56,93220000,468671,66192605,12853926,19.419
19980827,313.92,81256000,359537,65470660,12675372,19.36
19980828,309.32,79408000,387316,64525156,12428803,19.262
19980829,304.79,48324000,212465,63576390,12231031,19.238
19980831,310.16,75233000,333891,64640232,12401086,19.185
19980901,309.71,81781000,394681,64581548,12329064,19.091
19980902,314.4,84373000,427069,65544551,12545142,19.14
19980903,314.78,83729420,386441,65685169,12559358,19.121
19980904,314.22,72663000,354776,65547342,12629440,19.268
19980905,315.83,40946000,185605,65911011,12681149,19.24
19980907,328.22,89797000,453815,68495215,13237846,19.327
19980908,326.35,86311000,476642,67991651,13107442,19.278
19980909,329.22,91644000,433558,68647711,13219532,19.257
19980910,338.95,105871440,589715,70711964,13504653,19.098
19980911,320.61,79424000,413946,66914046,12737705,19.036
19980912,320.33,49865000,227064,66865941,12710283,19.009
19980914,314.24,77557000,356088,65587167,12436504,18.962
19980915,310.29,86427000,406497,64791820,12283694,18.959
19980916,313.17,63601000,314271,65409618,12401302,18.959
19980917,310.88,67339000,370106,64962101,12326100,18.974
19980918,302.21,68678000,386879,63255636,11901052,18.814
19980919,301.23,38927000,215477,63027959,11832263,18.773
19980921,297.45,61090000,288872,62283495,11657671,18.717
19980922,292.61,56453000,297985,61322228,11501011,18.755
19980923,291.93,52479000,300909,61119583,11540532,18.882
19980924,310.75,80547000,496980,64988999,12361206,19.02
19980925,303.79,58286000,379599,63496271,12130222,19.104
19980926,306.3,41895000,199113,64035989,12223931,19.089
19980928,305.73,53972000,292210,63958645,12218103,19.103
19980929,312.33,61598000,294554,65292527,12510667,19.161
19980930,310.32,74743000,462364,65019953,12418784,19.1
19981001,305.64,61359000,287009,64053405,12198168,19.044
19981002,308.25,68479000,301610,64608153,12234979,18.937
19981007,313.49,70436000,354014,65749156,12413785,18.881
19981008,305.22,93087000,438753,63863535,12066658,18.894
19981009,327.96,113292000,627198,69183465,13433000,19.416
19981010,338.43,81334000,536761,71422734,14016368,19.625
19981012,352.17,135188000,760326,74300243,14688866,19.77
19981013,346.08,136352000,762111,73089718,14437412,19.753
19981014,346.13,98001000,556537,72962091,14470252,19.833
19981015,368.74,135817000,889801,77874963,15610399,20.045
19981016,374.01,143562000,1064933,79002575,16114144,20.397
19981017,383.47,71941000,435061,81024940,16470646,20.328
19981019,373.97,129126000,692862,79041477,15843326,20.044
19981020,388.35,122524000,699705,81994904,16487905,20.108
19981021,380.8,167869000,901986,80484477,16206306,20.136
19981022,382.52,139234000,629527,80877992,16255742,20.099
19981023,378.83,125777000,635933,80113820,16229545,20.258
19981024,380.81,72455000,327241,80571782,16265538,20.188
19981026,373.32,92888000,468023,79009507,15977145,20.222
19981027,360.43,93817000,529429,76268535,15378969,20.164
19981028,363.91,93455000,476188,76985492,15579558,20.237
19981029,370.3,96927000,544548,82128854,15907656,19.369
19981030,384.75,119626000,742153,85443785,16621092,19.453
19981031,403.44,100373000,927062,89515200,17532453,19.586
19981102,404.61,145795000,906605,89834199,17605368,19.598
19981103,407.64,163449000,917543,90924885,17878358,19.663
19981104,413.47,152805000,830332,92316567,18121534,19.63
19981105,418.2,204122000,1029167,93665725,18353139,19.594
19981106,416.3,233512830,1328618,93299434,18242201,19.552
19981107,417.06,128038000,514396,93287704,18216980,19.528
19981109,424.45,205814000,937273,94960318,18601620,19.589
19981110,403.24,206995000,927201,90182627,17637399,19.557
19981111,400.7,143346000,687115,89513785,17523584,19.576
19981112,403.52,132652000,651750,90178461,17664743,19.589
19981113,404.3,122671000,603262,90179615,17726184,19.657
19981114,414.22,108393000,610020,92235189,18189015,19.72
19981116,422.21,166946000,839438,93727948,18531297,19.771
19981117,424.43,166984000,978183,94288369,18714590,19.848
19981118,423.74,162222000,898471,94075356,18570553,19.74
19981119,441.06,185422000,1098218,98101427,19239031,19.611
19981120,452.93,243186000,1629563,100841059,19849187,19.684
19981121,457.4,113330000,652143,101940202,19859454,19.481
19981123,453.95,186094000,1011545,101065768,19630146,19.423
19981124,460.78,187198000,1050964,102721292,19871267,19.345
19981125,464.01,220863000,1169563,103448531,19955900,19.291
19981126,446.59,213501000,1021494,99497875,19347292,19.445
19981127,447,167643000,818606,99475289,19272702,19.374
19981128,455.66,136736000,696102,101415052,19586150,19.313
19981130,451.88,238353000,1239533,100684800,19335205,19.204
19981201,445.96,191707000,979804,99476634,18805736,18.905
19981202,446.35,206682000,1030657,99653024,18943038,19.009
19981203,448.11,206904000,1250056,99943759,19161330,19.172
19981204,466.34,244841000,1577922,104071460,20069090,19.284
19981205,490.71,180549000,1291206,109636401,21176755,19.315
19981207,514.52,328263000,2376256,115247718,21916647,19.017
19981208,509.85,329460000,2583786,114270685,21800435,19.078
19981209,526.52,304744000,2301079,118163650,22484042,19.028
19981210,567.61,357466000,3142141,127359399,24404732,19.162
19981211,555.17,335463000,2933410,124418779,23192312,18.641
19981214,559.3,330022000,3025036,125483793,22746488,18.127
19981215,579.86,331135000,3091433,130243887,22947345,17.619
19981216,545.97,394136000,3301500,122653438,22150782,18.06
19981217,528.89,243990000,1914783,118803150,22151078,18.645
19981218,524.85,234483000,1911906,117884186,21950887,18.621
19981221,565.27,258943000,2272172,126663659,23736083,18.739
19981222,547.75,304126000,2393607,122932017,23587452,19.187
19981223,553.53,231042000,1896977,132491464,24216033,18.277
19981224,555.36,231841000,1984974,134472201,24570990,18.272
19981228,562.46,248464000,2437602,137745067,25119425,18.236
19990104,587.57,198368000,2561246,143316629,26261369,18.324
19990105,598.55,252579000,2434261,145834372,26696711,18.306
19990106,612.36,260319000,2607061,149133828,27233622,18.261
19990107,637.59,299019000,3217223,156657629,28785742,18.375
19990108,626.33,292231000,2998811,155409395,28049325,18.049
19990111,640.95,336979000,2902983,159484378,28757443,18.032
19990112,631.19,313905000,2913118,157266169,27958726,17.778
19990113,633.03,326842000,2697955,157344942,27726149,17.621
19990114,604.42,316402000,2386418,150607846,26540131,17.622
19990115,614.57,295538000,2188283,153358679,27027911,17.624
19990118,622.52,288866000,2570013,155003677,27598100,17.805
19990119,618.12,289520000,2433489,154005102,27561607,17.897
19990120,613.43,215276000,2036362,153083560,27904270,18.228
19990121,582.04,206789000,1862650,146365735,26857340,18.349
19990122,550.58,216856000,1810884,139347698,25332817,18.18
19990125,539.76,162838000,1364838,136343807,25175455,18.465
19990126,531.23,169700000,1438509,134206636,25084257,18.691
19990127,565.2,191976000,1599589,142696237,26766240,18.757
19990128,571.47,206550000,1726290,144654613,27142712,18.764
19990129,571.43,177932000,1519260,144944874,26904087,18.562
19990201,581.67,185069000,1638419,148212375,27369502,18.466
19990202,567.28,201991000,1790840,144580316,26649359,18.432
19990203,553.33,177479000,1536360,141163814,25905184,18.351
19990204,550.15,133163000,1199310,140266425,25799559,18.393
19990205,551.39,143485000,1323144,140299967,26000759,18.532
19990208,545.38,135832000,1260818,139150103,25917848,18.626
19990209,523.38,129978000,1068266,133760878,25038968,18.719
19990210,524.49,148324000,1211516,133960156,24880867,18.573
19990211,523.99,120331000,900439,133668924,24830287,18.576
19990212,551.77,154762000,1345446,140801029,26267963,18.656
19990218,536.41,122919000,1049252,136897114,25489323,18.619
19990219,522.18,132799000,1051186,133229206,24704167,18.543
19990222,508.49,117541000,799528,130088575,24191750,18.596
19990223,502.88,111718000,810873,128762070,24059891,18.686
19990224,498.42,114832000,770101,128395834,24480817,19.067
19990225,499.14,129439000,817750,128590058,24758255,19.254
19990226,520.06,127012000,954306,134114734,25754714,19.203
19990302,533.97,156815000,1302116,137808359,26370466,19.136
19990303,534.49,130704000,1143920,138004422,26436915,19.157
19990304,532.29,119408000,994014,137334869,26098484,19.004
19990305,538.19,145299000,1258691,139515168,26281140,18.837
19990308,571.84,223095000,1911582,148237462,27691643,18.681
19990309,572.85,217889000,1941289,151011188,27865540,18.453
19990310,569.27,157426000,1387809,150035011,27543742,18.358
19990311,582,242645000,2151100,153424877,28069212,18.295
19990312,590.8,247652000,1921868,155640682,28567264,18.355
19990315,592.02,234664000,1958839,156189199,28632755,18.332
19990316,601.83,203417000,1683128,158948022,29141130,18.334
19990317,600.52,276950000,2485477,158902468,29302928,18.441
19990318,578.98,188121000,1735652,153186348,28557086,18.642
19990319,604.22,183829000,1836140,160265170,30126365,18.798
19990322,607.74,196401000,2098711,161207946,30780537,19.094
19990323,614.34,163812000,1599702,163019218,31064229,19.056
19990324,611.48,193839000,1812976,162291561,30620871,18.868
19990325,611.07,205006000,1939958,162282813,30372725,18.716
19990326,609.79,153963000,1521504,162176724,30291788,18.678
19990329,601.07,151172000,1486400,159877027,30081079,18.815
19990330,618.05,160000000,1707711,164263896,31113720,18.941
19990331,618.98,165618000,1720545,164501600,30995092,18.842
19990401,636.89,206111000,2270814,168915659,31760112,18.802
19990402,646.78,262748000,2632117,171567613,32331171,18.845
19990406,666.73,269134000,2743393,176796410,34020359,19.243
19990407,673.36,318903000,3357015,178709887,34710371,19.423
19990408,681.19,270582000,2527217,180943001,35026892,19.358
19990409,687.42,342030000,3243371,183014764,35573556,19.438
19990412,689.64,343317000,3168671,184419197,35349359,19.168
19990413,689.8,318184000,3005231,184543647,35378798,19.171
19990414,687.41,272608000,2666081,184215873,35360773,19.195
19990415,722.01,370697000,4044750,194178262,37141826,19.128
19990416,725.14,387938000,4826310,195855784,38312503,19.562
19990419,766.59,315354000,4073923,206824260,41429140,20.031
19990420,770.43,340105000,4017339,208278025,41352381,19.854
19990421,743.26,336263000,3919703,204500220,39491719,19.311
19990422,740.4,268284000,3087516,203934432,39387176,19.314
19990423,750.99,303243000,3759688,207135782,40273053,19.443
19990426,776.3,340061000,4339240,214228181,41509028,19.376
19990427,793.98,372360000,4945182,220123813,42173200,19.159
19990428,790.03,392374000,4785319,219097701,41850000,19.101
19990429,752.61,332692000,3874576,209329056,39587529,18.912
19990430,752.59,314755000,3949046,209307083,39203569,18.73
19990503,756.53,319727000,3320016,210329943,39295052,18.683
19990504,771.17,327403000,3894727,214996386,40225122,18.71
19990506,810.54,383618000,4720255,225362642,42736519,18.963
19990507,810.62,376248000,4700905,225196010,42819724,19.014
19990510,814.24,356625000,4116407,226492545,43127228,19.041
19990511,781.41,367382000,4520618,217649612,41510566,19.072
19990512,773.13,298315000,3624585,215320248,41487464,19.268
19990513,742.37,293465000,3524758,206293486,39822591,19.304
19990514,737.83,255148000,2909812,204739102,39861504,19.469
19990517,717.83,173418000,2033800,200269674,39243576,19.595
19990518,729.29,169130000,1889508,203615840,40272386,19.779
19990519,734.98,229010000,2639363,205390663,40828352,19.878
19990520,708.6,198029000,2360636,198248043,39433591,19.891
19990521,710.49,170489000,2029376,198901527,39654956,19.937
19990524,695.6,134666000,1563660,194889423,38858868,19.939
19990525,698.69,153858000,1843461,195774220,38777540,19.807
19990526,720.05,203931000,2333754,201870888,39491439,19.563
19990527,726.66,235461000,2955167,203649919,39836207,19.561
19990528,732.24,206053000,2207946,205312685,40035933,19.5
19990531,736.02,185907000,2219699,206602615,40205800,19.46
19990601,753.72,160908000,2162874,211879338,41318922,19.501
19990602,775,235452000,3186474,217591845,42678578,19.614
19990603,778.21,233429000,3070111,218626010,42894363,19.62
19990604,797.5,205881000,2978191,224276462,44255563,19.733
19990607,842.32,260399000,3951230,236865371,46879532,19.792
19990608,853.6,307694000,4412829,239893567,46829604,19.521
19990609,803.46,250992000,3612256,225574917,43488198,19.279
19990610,856.06,232255000,3624475,240410627,47179841,19.625
19990611,848.61,285122000,3955214,239760595,47206835,19.689
19990614,821.91,208808000,2753311,232365542,45296702,19.494
19990615,803.72,208133000,2715320,227813789,44870956,19.696
19990616,829.53,175559000,2421038,236722274,46587853,19.68
19990617,832.26,224397000,3621551,237821160,47150240,19.826
19990618,837.73,196035000,2546239,239588906,47663214,19.894
19990621,869,242845000,3582856,248838429,50318248,20.221
19990622,875.97,310894000,4092824,251010122,50364844,20.065
19990623,888.63,291170000,4019067,254861643,51260247,20.113
19990624,877.3,278612000,3703552,251655379,50400801,20.028
19990625,882.08,240575000,3023180,254196266,50808953,19.988
19990628,903.05,229258000,3489554,261005773,52543012,20.131
19990629,897.45,233321000,3266877,259852043,51638639,19.872
19990630,883,259890000,4037103,256301958,49601543,19.353
19990701,919.98,279151000,4669694,266925624,54498204,20.417
19990702,933.42,300145000,4948258,270513868,55251222,20.425
19990705,962.84,349838000,5194022,278753888,56900367,20.412
19990706,989.43,341929000,5185686,289301072,59329874,20.508
19990707,1005.98,399674000,6126997,297232301,59984743,20.181
19990708,999.11,441965000,6074466,295401334,58753178,19.889
19990709,1027.93,448719000,6353393,304618802,60256658,19.781
19990712,1004.25,489180000,6625574,298459939,58103186,19.468
19990713,987.5,364175000,4806040,293771312,57421013,19.546
19990714,953.67,349162000,4742715,285040816,55442009,19.451
19990715,982.14,307739000,4250607,293788846,57505907,19.574
19990716,1020.82,360296000,5360727,305991722,59901172,19.576
19990719,1024.58,379345000,5628233,307934327,59632586,19.365
19990720,998.45,406346000,5341006,300123347,58121821,19.366
19990721,965.11,379599000,5266203,291239603,56170123,19.287
19990722,976.66,397389000,5526013,295021303,56704168,19.22
19990723,904.96,413126000,5764117,273663694,52159101,19.06
19990726,872.94,349097000,4456634,264896206,51126061,19.3
19990727,928.85,390090000,4732396,282010746,54609268,19.364
19990728,944.46,394201000,5820619,287010314,55862531,19.464
19990729,998.71,390695000,5703881,303595915,59568904,19.621
19990730,969.72,405431000,6827179,295573895,57280490,19.379
19990802,959.81,352442000,5537758,293032314,56281522,19.207
19990803,973.33,344336000,5038221,296958737,57356577,19.315
19990804,975.45,381668000,4971511,297514714,57162456,19.213
19990805,939.07,285808000,3921032,285829803,55067362,19.266
19990806,938.26,236914000,3113777,285819980,54348922,19.015
19990809,948.97,294555000,4237305,289344925,54758508,18.925
19990810,968.66,291165000,4541036,296032960,58389343,19.724
19990811,944.08,291834000,4487293,289591536,56490742,19.507
19990812,949.35,255837000,3483471,293654880,57503347,19.582
19990813,917.47,270181000,3738478,283934530,55275573,19.468
19990816,907.28,219584000,3218929,282119219,55108837,19.534
19990817,873.7,270865000,3900555,271925677,53519987,19.682
19990818,868.94,326412000,3823327,270146867,53409433,19.771
19990819,871.18,280272000,3198646,271782719,53277541,19.603
19990820,878.39,255149000,2879032,273882696,53656904,19.591
19990823,917.58,306431000,4942133,286259314,55862609,19.515
19990824,932.41,343802000,4518929,294835809,57020100,19.34
19990825,963,380360000,5597799,305000707,59456469,19.494
19990826,959.88,366364000,5110653,303914682,59681039,19.637
19990827,960.28,325166000,4908183,304973650,60245366,19.754
19990830,942.57,300490000,4018671,299386336,59099905,19.74
19990831,937.88,265484000,3608701,298070850,59001845,19.795
19990901,905.52,316135000,4588304,288457463,56844919,19.707
19990902,898.97,305807000,4257162,286947063,57158218,19.919
19990903,910.62,318001000,4831580,289518465,57952102,20.017
19990906,943.22,290480000,3710885,299569691,60120589,20.069
19990907,943.92,280856000,3800263,299825801,59912709,19.983
19990908,936.93,278591000,3621319,297420232,59315348,19.943
19990909,950.53,234209000,3492018,301434195,60018109,19.911
19990910,961.98,297618000,4423416,305011741,60598251,19.868
19990913,980.91,297900000,4563031,311069734,62557829,20.111
19990914,968.54,289964000,4055614,307422964,61268304,19.93
19990915,952.69,261235000,3395701,302304134,59945532,19.83
19990916,916.16,246102000,3392113,290602804,57314603,19.723
19990917,925.2,222790000,3131466,293490664,57750879,19.677
19990920,933.88,234856000,2790842,296337158,58457648,19.727
19990921,957.42,305231000,4484497,303913821,60344874,19.856
19990922,941.57,301875000,4854901,298702339,59175767,19.811
19990927,903.79,219379000,3008709,287330370,56089095,19.521
19990928,900.73,225047000,3076258,286615189,55741658,19.448
19990929,868.88,251792000,3192891,277278615,53697295,19.366
19990930,836.18,231427047,3440653,267154503,51586122,19.309
19991001,839.35,262919000,3197234,268017648,51770432,19.316
19991004,818.37,233746000,2532639,262123299,50453917,19.248
19991005,791.55,284855000,3211181,253118978,49604894,19.597
19991006,835.31,277999000,3397995,266918357,52837467,19.795
19991007,851.15,341780000,3973066,271887742,53639926,19.729
19991008,839.41,311794000,3460383,275279616,52733055,19.156
19991011,834.39,245309000,2766021,273452929,52953013,19.365
19991012,856.25,298504000,3194333,280255851,54482714,19.44
19991013,855.52,287222000,3097954,280805129,54755923,19.5
19991014,866.02,334600000,4037389,284404390,55689877,19.581
19991015,862.63,335717000,4068407,283409324,55404429,19.549
19991018,826.25,268265000,2801635,271900913,53110682,19.533
19991019,811.44,252566000,2904201,267480224,52101290,19.479
19991020,830.69,314376000,3319950,273906778,53307464,19.462
19991021,818.51,339683000,3720969,270506810,53200739,19.667
19991022,819.52,238549000,2398774,270665024,53479590,19.759
19991025,798.84,278881000,2681342,263736582,52440004,19.883
19991026,797.01,227739000,2180199,263086102,52474583,19.946
19991027,793.42,226602000,1929080,261270663,52423482,20.065
19991028,820.95,242629000,2793390,270487761,54689356,20.219
19991029,833.51,313101000,3681510,274755588,56121376,20.426
19991101,876.55,348220000,3948000,288472075,59164278,20.51
19991102,890.18,401247000,4862957,292829128,60111370,20.528
19991103,887.15,413121000,4638889,291652798,60389104,20.706
19991104,911.82,418853000,4694335,299743083,62394219,20.816
19991105,913.09,413326000,5097044,299715376,62373145,20.811
19991108,907.6,385364000,4504873,297863080,61962291,20.802
19991109,943.46,355506000,4614542,309323705,64655016,20.902
19991110,938.76,422270000,5560108,307663764,64025138,20.81
19991111,947.42,465917000,6224465,308980053,64326042,20.819
19991112,969.26,538907000,7350387,315781417,66212473,20.968
19991115,974.73,471541000,5792596,318280286,66272415,20.822
19991116,1007.72,464286000,6045442,329037369,68297326,20.757
19991117,967.64,496358000,7047065,315817308,65038045,20.594
19991118,970.19,384227000,4844451,317394133,65608747,20.671
19991119,993.11,390512000,5224628,325459895,67535901,20.751
19991122,977.88,308438000,4231895,320514686,66331219,20.695
19991123,974.05,277302000,3741791,319578784,66725231,20.879
19991124,969.29,303187000,3651768,318089559,67046220,21.078
19991125,972.71,351882000,4922423,319499440,67281928,21.059
19991126,949.16,310884000,4460154,312531673,66736092,21.353
19991129,964.26,276924000,3763805,317499619,68390444,21.54
19991130,996.66,338998000,5476169,328818261,70395720,21.409
19991201,999.16,294842000,5242943,329675265,71343074,21.64
19991202,967.9,305621000,4912673,319137836,69270068,21.705
19991203,966.59,259368000,3771847,318987662,69739399,21.863
19991206,998.11,258357000,3936661,329621375,72304483,21.936
19991207,999.92,285494000,4927979,331102619,72576565,21.92
19991208,988.32,277927000,4402822,327357835,71528382,21.85
19991209,980.54,329751000,5196533,326156955,71061210,21.787
19991210,1018.17,393982000,5893377,338431834,73585228,21.743
19991213,1013.65,354426000,5226955,338642294,72658876,21.456
19991214,1002.64,399625000,5481483,334932065,71689618,21.404
19991215,963.58,356427000,4594767,325452932,69093167,21.23
19991216,948.57,305273000,4106436,320482611,68065012,21.238
19991217,949.26,295717000,3979414,319958169,68566022,21.43
19991220,967.05,254435000,3870384,326155456,70238989,21.535
19991221,958.8,286049000,4076300,323679438,70524044,21.788
19991222,967.83,300239000,4235218,327269123,71913170,21.974
19991223,974.16,294765000,4573663,329488700,72760809,22.083
19991224,991.63,257328000,3683494,336519570,73610990,21.874
19991227,1005.73,233564000,4057863,341602098,72599203,21.253
19991228,1028.07,259758000,5122929,349503966,74772708,21.394
20000104,1059.04,195898000,3771013,357773333,78739834,22.008
20000105,986.31,257696000,4798126,333438926,73274406,21.975
20000106,960.79,203523000,3726898,325448992,72100627,22.154
20000107,948.65,215664000,3696686,325590189,72206263,22.177
20000110,987.24,240175000,3815037,338954891,75349624,22.23
20000111,981.33,257070000,4244168,339826614,75511530,22.221
20000112,955.01,227079000,3352483,330969439,74385838,22.475
20000113,951.05,223001000,3354502,329304415,74207434,22.535
20000114,948.03,224957000,3438219,327942155,74598060,22.747
20000117,983.27,212058000,3390747,340036133,78029482,22.947
20000118,981.53,212080000,3416478,339652336,77874900,22.928
20000119,938.78,235726000,3375139,324959223,75023488,23.087
20000120,945.9,226684000,3170847,327420825,75559814,23.077
20000121,925.16,255135000,3495329,320679647,73753062,22.999
20000124,926.77,210413000,2826008,321527854,73787979,22.949
20000125,891.22,242591000,2674106,309337823,71067625,22.974
20000126,885.54,231146000,2733539,307470496,71107524,23.127
20000127,909.23,344911000,3766460,315511038,72521524,22.985
20000128,941.67,293137000,3858507,327286408,75457869,23.056
20000131,943.88,289435000,3669515,328897925,74977089,22.796
20000201,928.75,306143000,3931047,323746179,73146110,22.594
20000202,943.59,310406000,4284082,328838838,73816680,22.448
20000203,950.22,277121000,4398129,331282420,74050623,22.353
20000207,973.13,271765000,4367938,339156741,75032193,22.123
20000208,961.22,229490000,3574098,334919851,75249328,22.468
20000209,976.05,240446000,3821326,339880499,77099528,22.684
20000210,966.18,251614000,4328262,336467643,76868823,22.846
20000211,953.22,274780000,4189066,332008016,76140406,22.933
20000214,910.87,234180000,3495271,317434401,72667400,22.892
20000215,879.7,218598000,3165602,307012865,69788078,22.731
20000216,879.5,214045000,3066447,306989075,69237444,22.554
20000217,897.52,212421000,3225718,313333084,71094924,22.69
20000218,879.14,258281000,4154668,306804864,70254268,22.899
20000221,845.32,213794000,2640729,295109139,68311636,23.148
20000222,850.02,244389000,2936447,296832592,68436598,23.056
20000223,880.67,346449000,4007155,307490996,70058998,22.784
20000224,867.37,256688000,2912720,302940003,69167670,22.832
20000225,864.76,255182000,2917014,301677246,69168448,22.928
20000228,819.01,253125000,2925441,285857189,65482352,22.907
20000229,828.38,275728000,3379940,288822344,66964350,23.185
20000302,894.66,317753000,4338609,311162166,73999752,23.782
20000303,894.83,311250000,4498416,311515010,75056643,24.094
20000306,909.33,352623000,4073945,317050395,75261191,23.738
20000307,907.34,339274000,3729763,316250951,75134358,23.758
20000308,915.94,313736000,3605247,319150583,76483488,23.965
20000309,884.59,370033000,4477184,308771005,73048432,23.658
20000310,891.36,330623000,3896806,311046873,73631555,23.672
20000313,854.66,364402000,3971215,298455220,69917771,23.427
20000314,846.74,330753000,3361891,295677593,69488874,23.502
20000315,837.53,312898000,3309113,292429822,69538298,23.779
20000316,841.22,298875000,3012746,293757992,70121888,23.871
20000317,855.57,300844000,3267227,298875358,71684613,23.985
20000320,850.51,227934000,2537959,297968060,72000123,24.164
20000321,863.41,227937000,2715598,303081271,74096322,24.448
20000322,882.43,296027000,3944934,309733234,76274688,24.626
20000323,867.62,254907000,3356012,304690760,74534256,24.462
20000324,889.24,281925000,3913616,311905184,82547709,26.466
20000327,886.71,282359000,3725573,310586242,82262435,26.486
20000328,891.29,262748000,3794357,312026560,83141339,26.646
20000329,908.51,280750000,4200497,317583351,86906155,27.365
20000330,889.95,264077000,3783014,310854352,84095187,27.053
20000331,860.94,214731000,2846570,300938578,80745165,26.831
20000403,846.44,209591000,2702716,295708742,81208679,27.462
20000404,830.16,203031000,2651834,289979711,79120422,27.285
20000406,804.35,172973000,2187536,281028359,76807970,27.331
20000407,837.38,205116000,2555764,292583034,81058407,27.704
20000410,870.17,325320000,3586994,303989157,84059287,27.652
20000411,855.05,255140000,2591645,298905717,82886659,27.73
20000412,837.01,213510000,2333327,292890344,80902267,27.622
20000414,800.89,229815000,2563918,280884163,76581323,27.264
20000417,707.72,287741000,2967822,248773456,67769321,27.241
20000418,747.3,273026000,3194868,262276719,72099160,27.49
20000419,755.08,292378000,3061259,265093409,72688643,27.42
20000420,761.25,204060000,1883425,267235765,73098854,27.354
20000421,767.16,202142000,1881393,269341409,73479747,27.281
20000424,747.58,176656000,1673783,262822042,71512931,27.21
20000425,737.2,168481000,1679122,259262874,70255348,27.098
20000426,713.23,241941000,2644279,251243358,68543007,27.282
20000427,692.07,224445000,2611006,244130386,66318818,27.165
20000428,725.39,228151000,2721730,255334196,70779596,27.72
20000502,752.59,195974000,2706552,264607677,73998561,27.965
20000503,752.76,179778000,2029348,264698541,73788181,27.876
20000504,751.29,190225000,2011234,264059526,73442547,27.813
20000508,770.24,195512000,2249240,270454278,76131987,28.15
20000509,760.85,181010000,1744045,267401330,74985685,28.042
20000510,759.51,193571000,1661810,266990686,74928488,28.064
20000512,740.3,189057000,1822940,260366160,72501172,27.846
20000515,728.67,193275000,1743726,256184743,72644501,28.356
20000516,746.77,172348000,1663440,262295339,75156255,28.653
20000517,727.18,219006000,2523947,255349851,74360545,29.121
20000518,712.95,201440000,1753476,250404311,73610606,29.397
20000519,730.68,196287000,1973791,259217131,75855594,29.263
20000522,691.61,176623000,1570114,245343381,72322837,29.478
20000523,679.76,211387000,1797884,241259346,70460182,29.205
20000524,674.95,289350000,2416950,239501576,69460806,29.002
20000525,699.53,401991000,3884286,248338576,70759048,28.493
20000526,656.66,350449000,2539360,233548096,66639920,28.534
20000529,655.93,309609000,2385942,233252251,66238299,28.398
20000530,691.26,389664000,2866427,245649471,69499863,28.292
20000531,731.88,503781000,4334907,259938369,73876483,28.421
20000601,738.49,314335000,2911228,262123279,75282113,28.72
20000602,760.69,430574000,3841564,269725471,78065329,28.943
20000605,794.21,464377000,4067027,281376056,80867762,28.74
20000607,822.54,493503000,4945621,291314035,83118775,28.532
20000608,800.11,669048000,5819105,283690855,80780200,28.475
20000609,836.4,506778000,4859107,296349960,85985950,29.015
20000612,845.81,516737000,4452654,299592300,87155295,29.091
20000613,804.45,426604000,3462371,285425957,83914629,29.4
20000614,819.27,438192000,3799428,290390799,86467179,29.776
20000615,770.95,380637000,2973217,273715238,81233961,29.678
20000616,759.04,317141000,2435163,269741977,79514498,29.478
20000619,755.38,270286000,2177166,268777099,79762269,29.676
20000620,785.32,340770000,2613707,279160345,83605689,29.949
20000621,781.87,529238000,3675903,278011237,83060825,29.877
20000622,782.24,369637000,3008768,278216576,82820666,29.768
20000623,778.94,261847000,2004909,277109898,82360221,29.721
20000626,791.55,286734000,2290800,281274955,83738919,29.771
20000627,809.87,465832000,3215650,287673914,85345246,29.667
20000628,818.73,500101000,3469000,290657085,86764352,29.851
20000629,818.9,338970000,3041004,290710569,86961306,29.913
20000630,821.22,462872000,2896273,291597311,86527929,29.674
20000703,835.21,440790000,2889966,296376740,87722002,29.598
20000704,818.53,439140000,3275866,290622332,86206453,29.663
20000705,830.4,531940000,3279593,294741217,87522597,29.695
20000706,837.63,696036000,4837309,297312686,87859002,29.551
20000707,841.74,569845000,4494518,298603619,88414849,29.609
20000710,851.47,532552000,4186814,301755618,89864134,29.78
20000711,836.86,849974000,5514957,296749368,88262551,29.743
20000712,839.76,466956000,3406701,297756991,89157554,29.943
20000713,845.75,477914000,3457244,300024548,90478741,30.157
20000714,827.95,366311000,2981216,294304168,88740693,30.153
20000718,812.33,317068000,2175803,288689910,87617656,30.35
20000719,797.3,442795000,2815564,283550964,85562116,30.175
20000720,778.9,426306000,2634546,277197578,83093299,29.976
20000721,783.06,408138000,2757718,278769373,83564614,29.976
20000724,737.89,393315000,2439478,263065273,78677539,29.908
20000725,737.64,352571000,2432085,263041776,78297963,29.766
20000726,743.84,333085000,2264987,265084667,79435154,29.966
20000727,727.68,255855000,1692247,259592963,77047678,29.68
20000728,692.65,239029000,2132519,247559034,72252662,29.186
20000731,705.97,218984000,1652426,252136852,73889280,29.305
20000801,727.1,297939000,2276005,259228659,76831734,29.639
20000802,728.33,328689000,1929717,259904888,76595348,29.471
20000803,722.08,259426000,1557445,257787969,76314382,29.604
20000804,710,221052000,1427437,253563689,74796060,29.498
20000807,675.59,218357000,1280564,241638516,71015531,29.389
20000808,666.08,209184000,1369710,238257380,70158681,29.447
20000809,710.23,295426000,1986358,253580002,75283948,29.688
20000810,729.28,259932000,1969790,260184143,77592044,29.822
20000811,722.21,300611000,2014074,257767290,76542114,29.694
20000814,733.25,323611000,1972354,261722828,77545714,29.629
20000816,751.14,314527000,2369813,268394326,80668211,30.056
20000817,743.49,317263000,2155212,266050690,80593502,30.293
20000818,728.32,277077000,1752840,261327086,78791863,30.151
20000821,722.58,227405000,1339536,259219384,78629333,30.333
20000822,738.61,302511000,1975039,264744241,80658681,30.467
20000823,719.79,298530000,1656214,258820421,78461972,30.315
20000824,718.86,293440000,1786523,258459252,78356390,30.317
20000825,729.8,275525000,1353260,262169590,79887636,30.472
20000828,731.81,271849000,1284017,263000981,79939214,30.395
20000829,731.56,253336000,1451895,262387881,79700643,30.375
20000830,718.93,217557000,1530433,258120441,78158718,30.28
20000831,688.62,263369000,2173186,247836212,73805142,29.78
20000901,692.19,202369000,1366546,249052424,74179373,29.785
20000904,681.3,224053000,1304010,245359244,72657090,29.613
20000905,679.24,216307000,1699687,244729404,71757359,29.321
20000906,676.69,211877000,1603175,243906276,71605731,29.358
20000907,656.37,251207000,2001444,236886082,68669302,28.988
20000908,653.68,302698000,1958133,235862370,68406029,29.003
20000914,650.14,319763000,2358736,234847577,67664371,28.812
20000915,628.2,338683000,2385689,227203157,64567531,28.418
20000918,577.56,314544000,2352607,209508333,59443823,28.373
20000919,571.17,327625000,2341977,207208545,59430627,28.682
20000920,606.08,340228000,2399342,218438177,63803687,29.209
20000921,595.99,350392000,2248124,215074419,62711903,29.158
20000922,553.25,305092000,1991112,200411572,57540130,28.711
20000925,584.63,328326000,1881963,211299437,60973588,28.856
20000926,587.6,403772000,2137614,212411569,60898235,28.67
20000927,599.31,367123000,2139329,216845269,62238904,28.702
20000928,605.85,330225000,1983285,219205911,64181892,29.279
20000929,613.22,328155000,1996792,221854977,64788460,29.203
20001002,589.22,243067000,1465061,213972055,62465535,29.193
20001004,598.42,311588000,2134879,217274034,63748828,29.34
20001005,606.79,456972000,2589878,220178771,64832308,29.445
20001006,608.85,369623000,1973417,220982003,64957552,29.395
20001009,589.18,343128000,1833146,214218941,62496984,29.174
20001010,588.34,283529000,1628573,213948016,62222205,29.083
20001011,557.18,311532000,1944590,203254167,58470499,28.767
20001012,534.71,259668000,1673803,195414622,56000880,28.657
20001013,524.6,330309000,1990326,192029335,54734920,28.503
20001016,550.1,341166000,2309835,201137219,57203670,28.44
20001017,512.85,313674000,1798663,188246138,52985704,28.147
20001018,514.17,398598000,2347019,188677188,52908026,28.042
20001019,515.04,312613000,2060367,188856116,53329396,28.238
20001020,545.97,371649000,2790772,199507498,57370244,28.756
20001023,528.37,271144000,1919730,193336460,55508535,28.711
20001024,545.05,311594000,1941022,199040703,57454717,28.866
20001025,542.33,308132000,1782791,198702623,57102820,28.738
20001026,523.67,212838000,1516630,192242496,54679969,28.443
20001027,515.34,284257000,2004682,189339305,53720079,28.372
20001030,504.73,285728000,1295013,185598853,52799441,28.448
20001031,514.48,350639000,1611306,188950593,54156558,28.662
20001101,548.76,366443000,2277167,200698134,58123256,28.961
20001102,558.1,461059000,2632834,204060429,59154889,28.989
20001103,560.41,406518000,2253772,204804056,59619269,29.11
20001106,556.66,423810000,2386939,203459913,59412405,29.201
20001107,553.35,346588000,1788326,202312147,59150506,29.237
20001108,558.09,354231000,1832199,203999944,59918710,29.372
20001109,560.66,323912000,1669371,204954253,60317472,29.43
20001110,565.18,322181000,1652873,206578225,60557291,29.314
20001113,538.94,272836000,1386134,197497056,57705166,29.218
20001114,552.99,253047000,1286328,202325537,57458380,28.399
20001115,557.48,325306000,1998308,203905012,60041254,29.446
20001116,555.04,310692000,1361642,203140828,59682936,29.38
20001117,551.26,331720000,1588980,201912958,59189457,29.314
20001120,537.4,289753000,1175620,197135857,57590051,29.213
20001121,531.45,293148000,1397532,194997494,57026955,29.245
20001122,522.33,314620000,1411002,191805777,56091428,29.244
20001123,514.31,312320000,1499763,189325635,55686728,29.413
20001124,530.84,315548000,1465599,194916276,57763553,29.635
20001127,554.04,392920000,2012408,202861401,61004952,30.072
20001128,536.94,341209000,1547496,196965965,58928280,29.918
20001129,516.44,281000000,1202031,189901987,56447471,29.725
20001130,509.23,310417000,1429394,187291859,55583037,29.677
20001201,514.46,329920000,1558855,189216301,55623113,29.397
20001204,501.73,267606000,1372502,184763342,54512928,29.504
20001205,516.96,257240000,1258890,190067921,56349676,29.647
20001206,517.89,391918000,2170397,190443854,56610093,29.725
20001207,523.78,300980000,1314941,192497414,57375277,29.806
20001208,534.81,321364000,1359600,196357211,58535250,29.811
20001211,554.8,388717000,1902500,203295040,60991928,30.002
20001212,543.08,320886000,1663919,199276505,59977812,30.098
20001213,557.84,302753000,1916032,204310647,62154345,30.421
20001214,547.38,298434000,1914904,200502404,60797145,30.322
20001215,534,297847000,1667623,195864523,59224360,30.237
20001218,539.27,251260000,1355266,197752166,59920785,30.301
20001219,530.8,290170000,1587946,194737967,59277764,30.44
20001220,514.21,304295000,1581490,189094653,57650794,30.488
20001221,511.9,290298000,1665566,188450154,57285565,30.398
20001222,500.6,332697000,1611808,184576336,55970862,30.324
20001226,504.62,252890000,1494115,186206059,56323414,30.248
20010102,520.95,231014000,1223328,191252891,58275843,30.471
20010103,521.43,324584000,1583403,191363162,58249774,30.439
20010104,558.02,444540000,2984761,204074167,62823662,30.785
20010105,580.85,578286000,3569582,212089181,65820440,31.034
20010108,586.65,558645000,2948092,214231273,66348277,30.97
20010109,589.92,558967000,2833998,215355042,66495939,30.877
20010110,560.81,642378000,3285030,205104272,63952254,31.18
20010111,561.79,518788000,2721732,205561335,63694759,30.986
20010112,587.87,713787000,3980149,214741983,66953984,31.179
20010115,599,611961000,3407840,217943452,70220273,32.219
20010116,603.42,606278000,3352424,219350077,71176918,32.449
20010117,595.83,501660000,3078571,216568721,70631475,32.614
20010118,604.05,453764000,3021314,219367134,72208713,32.917
20010119,619.78,432454000,3002558,224822751,74409441,33.097
20010122,627.45,484953000,2513407,227685054,74747418,32.829
20010126,591.73,443736000,2603229,215497712,69923842,32.448
20010129,596.54,461154000,2397521,217207344,70098969,32.273
20010130,591.34,498673000,2418190,215444337,69549283,32.282
20010131,617.91,442127000,2585503,224609465,73344990,32.654
20010201,612.3,396006000,2211415,222747673,72871123,32.715
20010202,608.48,345289000,1794823,222182670,72477544,32.621
20010205,579.16,354074000,1897013,211926330,68905231,32.514
20010206,586.58,326302000,1608178,214311426,69518463,32.438
20010207,576.19,322720000,1469919,210579201,68442565,32.502
20010208,591.57,282243000,1726606,215902566,70258868,32.542
20010209,595.47,374564000,2030005,217282484,70640988,32.511
20010212,599.2,318923000,1895873,218641619,70914089,32.434
20010213,598.78,336730000,1990403,218368594,70838325,32.44
20010214,603.83,413234000,2151929,220115581,71359542,32.419
20010215,603.63,359764000,2020480,219926955,71610739,32.561
20010216,604.92,319525000,1853013,220314911,72279220,32.807
20010219,596.67,316677000,1609531,217406956,71140101,32.722
20010220,608.74,498568000,2722295,221510448,72046777,32.525
20010221,594.53,439148000,2430723,216452336,70072944,32.373
20010222,583.41,434981000,2300710,212605960,68452487,32.197
20010223,583.52,400765000,2115209,212883653,68136629,32.007
20010226,585.32,448986000,1803583,213488224,68204611,31.948
20010227,577.57,475761000,2148639,210868608,67496950,32.009
20010228,578.1,351257000,1582342,211152079,67567085,31.999
20010302,559.44,329687000,1903049,204706040,65910547,32.198
20010305,565.38,309881000,1568472,206739438,67058496,32.436
20010306,568.15,485018000,2222220,207810986,67524037,32.493
20010307,568.64,364058000,1838749,207763639,67968685,32.714
20010308,579.28,349375000,1510045,211557508,69015520,32.623
20010309,565.76,316003000,1420750,206891633,67090049,32.428
20010312,545.05,360939000,1556781,199426366,64252229,32.219
20010313,527.97,358141000,1629242,193383126,62449483,32.293
20010314,543.28,415188000,1784541,198586547,64410696,32.435
20010315,541.83,385191000,1671056,198017123,64265085,32.454
20010316,538.67,332615000,1409229,196973565,63905497,32.444
20010319,534.33,253799000,1188001,195479242,63344247,32.405
20010320,531.59,279529000,1229766,194504808,62855175,32.315
20010321,532.59,364742000,1357914,194824228,62894183,32.283
20010322,527.05,402499000,1591322,192796864,62522226,32.429
20010323,537.97,364379000,1920406,196580111,64430877,32.776
20010326,545.98,433275000,1845347,199393212,65319188,32.759
20010327,532.9,433273000,1722045,194872953,63665130,32.67
20010328,528.79,402642000,1508932,193425813,63231823,32.69
20010329,523.8,484168000,1523302,191631372,62600630,32.667
20010330,523.22,417225000,1504517,190943979,62765147,32.871
20010402,515.2,231820000,1105339,188236797,61709998,32.783
20010403,503.26,277552000,1426037,184123415,60046260,32.612
20010404,493.69,313640000,1457327,180858027,58618866,32.412
20010406,506.22,373586000,1761027,185229108,60451585,32.636
20010409,497.46,283858000,944537,182258919,59250617,32.509
20010410,491.21,261934000,1155592,180040555,58348990,32.409
20010411,507.53,354280000,1678782,185830793,60754149,32.693
20010412,514.21,408940000,1738623,187988744,62078862,33.023
20010413,516.1,346891000,1263054,188740444,62657419,33.198
20010416,508.35,328653000,917668,186134249,61324954,32.947
20010417,513.97,319534000,1275226,188186165,62024420,32.959
20010418,540,494863000,2079623,197185944,65454302,33.194
20010419,563.31,561585000,3545416,205200035,69653241,33.944
20010420,556.29,475641000,2259268,202867630,68550695,33.791
20010423,560.94,420369000,1826648,204470250,69102353,33.796
20010424,555.64,346704000,1562500,202692108,68343863,33.718
20010425,566.34,376545000,1827770,206799840,69919072,33.81
20010426,561.62,305802000,1537384,205210973,69560672,33.897
20010427,556.63,231120000,1246583,203671215,68872259,33.815
20010430,577.36,371499000,2049155,210920516,71763782,34.024
20010502,583.7,594622000,2357041,213282982,72953077,34.205
20010503,584.4,390072000,1812442,213673588,73116878,34.219
20010504,585.6,392471000,1675848,214242971,72917225,34.035
20010507,596.5,471719000,2111121,217988556,74141847,34.012
20010508,590.91,484398000,2106870,216013069,73502487,34.027
20010509,578.84,527729000,2084919,211741525,72175910,34.087
20010510,581.38,557126000,1813703,212723205,72158884,33.921
20010511,583.06,546701000,1638335,213440784,72143304,33.8
20010514,584.08,526955000,1765178,213737435,72227713,33.793
20010515,581.3,557552000,1947704,212839038,71501229,33.594
20010516,572.4,529252000,1930949,209757254,70485261,33.603
20010517,596.39,565112000,2157100,218185174,73833351,33.84
20010518,600.54,595397000,2542473,219778981,74604547,33.945
20010521,618.96,750100000,3157372,226384766,77125481,34.068
20010522,617.99,794303000,3287501,225987711,77285232,34.199
20010523,622.6,526291000,2451807,227600377,77687388,34.133
20010524,622.28,561542000,2618500,227613375,76963151,33.813
20010525,624.11,634244000,2865476,228402852,76667924,33.567
20010528,618.47,434841000,1851596,226339884,76073884,33.61
20010529,632.05,530442000,2460526,231012542,77865783,33.706
20010531,612.16,384983000,2294596,224194567,74828496,33.377
20010601,607.07,358791000,1893259,222323482,74160762,33.357
20010604,610.91,341323000,1591517,223658742,74519451,33.318
20010605,597.66,360313000,1805865,219129770,72747925,33.199
20010607,601.14,328043000,1722205,220161277,73439251,33.357
20010608,621.78,442483000,2321916,227442715,76351084,33.569
20010611,608.23,340123000,1711354,222695285,74565932,33.483
20010612,607.15,319877000,1579309,222321520,74253615,33.399
20010613,614.05,392415000,1882785,224764563,74995588,33.366
20010614,613.75,420520000,2138122,224726103,74745540,33.261
20010615,618.96,375830000,1984248,226611770,75016036,33.103
20010618,608.78,474207000,2043419,223007501,73485858,32.952
20010619,608.91,436625000,2106692,223037791,73551419,32.977
20010620,595.72,440475000,2054752,218414764,71802349,32.874
20010621,595.53,404196000,1906898,218357674,71664341,32.82
20010622,599.08,395237000,1950713,219736473,71958877,32.748
20010625,598.02,309867000,1550029,219332933,71716231,32.697
20010626,588.71,312735000,1628122,216048475,70753664,32.749
20010627,584.76,330389000,1647179,216168914,71557362,33.103
20010628,583.27,268780000,1448588,215686688,71449838,33.127
20010629,595.13,225172000,1398816,219952575,72979190,33.18
20010702,596.74,201673000,1185360,220615508,73225230,33.191
20010703,594.31,209112000,1160904,219740147,75694849,34.447
20010704,597.25,226701000,1173004,220787719,76019379,34.431
20010705,593.61,195564000,1058543,219532395,75541479,34.41
20010706,578.54,215957000,1143604,214250142,73501002,34.306
20010709,560,250533000,1429909,207703809,71194923,34.277
20010710,558.6,228984000,1079791,206596194,70795483,34.268
20010711,553.65,208227000,1137053,204768063,70300307,34.332
20010712,559.95,302702000,1459039,208169892,70930010,34.073
20010713,548.49,259004000,1380948,204352571,69709731,34.112
20010716,548.93,228143000,961640,204571887,69657958,34.051
20010718,540.53,275322000,1181377,202044230,68877233,34.09
20010719,545.74,263163000,1165193,203765412,69933024,34.32
20010720,537.71,275155000,1136977,200957710,68937168,34.304
20010723,524.21,265250000,995617,196094323,67541930,34.444
20010724,526.62,485589000,1490722,196967671,67335440,34.186
20010725,526.08,371429000,1173231,196670843,67523875,34.333
20010726,529.22,313189000,1095177,197855950,67913995,34.325
20010727,541.13,395951000,1322265,202105944,69400298,34.339
20010730,533.53,274101000,939550,199328977,68910384,34.571
20010731,541.55,202397000,916393,202376184,69875306,34.527
20010801,562.79,441170000,1915759,209919149,72918724,34.737
20010802,567.46,445704000,1950386,211705580,73796787,34.858
20010803,568.69,267802000,1226627,212069361,74098033,34.94
20010806,569.37,375431000,1256285,212314699,73980827,34.845
20010807,567.5,366593000,1350179,211776372,73452300,34.684
20010808,565.94,362125000,1202683,211230655,73289860,34.697
20010809,549.67,318622000,1213865,205459264,70980693,34.547
20010810,555.34,286535000,989631,207502211,71574024,34.493
20010813,562,298623000,1159257,209835769,72360752,34.484
20010814,577.15,539431000,2032870,215359418,74340972,34.519
20010816,580.95,525647000,2119644,216818728,74565285,34.391
20010817,580.99,437366000,1804064,216818290,74690694,34.449
20010820,567.09,381820000,1397102,211844904,73010911,34.464
20010821,568.68,356393000,1432652,212494438,72826499,34.272
20010822,574.87,525815000,1961556,214627539,73732043,34.353
20010823,570.07,482270000,1655560,209495526,71678589,34.215
20010824,569.31,415286000,1434009,209222623,71796014,34.316
20010827,578.74,478607000,1817691,212615046,73429658,34.536
20010828,576.51,445220000,1373603,211809489,73180073,34.55
20010829,565.63,468999000,1494493,207853555,72297522,34.783
20010830,564.36,711803000,1500939,207402349,71946363,34.689
20010831,545.11,720384000,1789164,200551741,69414197,34.612
20010903,541.83,415212000,1096549,199464747,69116945,34.651
20010904,558.79,499962000,1342105,205493757,71341067,34.717
20010905,551.91,788717000,1717258,203074181,70092829,34.516
20010906,552.59,588149000,1617643,203110937,70040096,34.484
20010907,555.08,491275000,1566113,203895737,70262403,34.46
20010910,550.73,595823000,1579261,199543062,69644498,34.902
20010911,540.57,612392000,1640561,195923505,68217509,34.818
20010912,475.6,242831000,1659234,172494592,60061235,34.819
20010913,499.25,1022942000,2729721,181058975,63507318,35.075
20010914,482.29,1021324000,2422541,174883898,62015179,35.461
20010917,468.76,732185000,1705933,169984257,60995217,35.883
20010918,484.93,693026000,1977300,175856324,62249733,35.398
20010919,486.75,783894000,1953437,176596088,61979307,35.097
20010920,480.27,627795000,1788445,174516847,60772742,34.823
20010921,472.31,564256000,1941491,171826061,59157496,34.429
20010924,482.19,538750000,1613790,175315704,60287045,34.388
20010925,472.13,640132000,1956485,171717790,59102570,34.418
20010926,472.85,423397000,1322559,172004487,58955215,34.275
20010927,472.38,453272000,1322245,171827273,58609257,34.109
20010928,479.68,426736000,1526524,174526435,59412626,34.042
20011004,500.64,547904000,1961113,182075856,62252865,34.191
20011005,501.92,781826000,1909292,182658223,62582112,34.262
20011008,496.13,687411000,1566616,180571302,61805604,34.228
20011009,507.61,655188000,1810527,184719283,63362501,34.302
20011010,503.46,474785000,1323348,183266900,62827099,34.282
20011011,517.05,598511000,2000090,188139060,64907117,34.5
20011012,516.4,628108000,1875433,187958559,65147551,34.661
20011015,513.99,373171000,1224565,187134000,64665030,34.555
20011016,521.91,419500000,1533037,190216598,65836731,34.611
20011017,528.29,448538000,1760492,192477341,66935869,34.776
20011018,524.21,387713000,1485584,191029829,66637821,34.883
20011019,528.04,661533000,1638193,192365069,67217073,34.942
20011022,528.7,428960000,1154211,192640226,67027931,34.794
20011023,530.5,466383000,1508233,193264039,67548883,34.952
20011024,541.49,382280000,1769393,197119358,69723820,35.371
20011025,542.19,640981000,1739740,197403426,69986822,35.454
20011026,543.41,359667000,1376693,197894710,70390995,35.57
20011029,547.87,412828000,1168714,199489064,71131865,35.657
20011030,533.87,359384000,1105124,194511240,69219687,35.586
20011031,537.81,592318000,1265999,196003538,69695389,35.558
20011101,544.09,461559000,1268184,198213414,70544335,35.59
20011102,550.57,855826000,2786044,200505043,71741535,35.78
20011105,561.62,417335000,1323472,204499763,73023783,35.708
20011106,565.47,493971000,1818781,205816135,73834287,35.874
20011107,562.03,445958000,1469494,204549498,73629941,35.996
20011108,573.04,531372000,1913660,208573228,75194770,36.052
20011109,576.75,823656000,2646827,211996199,78031536,36.808
20011112,584.48,743090000,2307273,214831614,78612942,36.593
20011113,588.83,861855000,2626745,216365325,78955876,36.492
20011114,606.68,943719000,3551300,222734288,81696038,36.679
20011115,606.44,803718000,2980255,222768618,81735167,36.691
20011116,610.88,705216000,2635272,224432008,82615892,36.811
20011119,626.43,973073000,3392366,230060276,84785000,36.853
20011120,616.33,918016000,3428724,226406878,83421610,36.846
20011121,615.45,709144000,2479744,226157952,83237409,36.805
20011122,624.56,771318000,2573409,229472014,84641553,36.885
20011123,645.18,802072000,3541999,237473368,87686878,36.925
20011126,674.56,783739000,4520888,248301657,91939399,37.027
20011127,670.1,807313000,4323831,246641926,91119823,36.944
20011128,632.02,717858000,3372263,232652280,85809452,36.883
20011129,628.86,650927000,3329958,231789417,84696631,36.54
20011130,643.89,792573000,3628247,237163764,87212572,36.773
20011203,650.66,888594000,3549602,239672621,87997299,36.716
20011204,649.9,897584000,3814328,239304973,88044686,36.792
20011205,688.31,789588000,4755358,253060750,94731927,37.434
20011206,686.61,869664000,5769691,252212649,94887948,37.622
20011207,704.5,670358000,3909194,258802349,97287298,37.591
20011210,668.77,669062000,3537356,245908956,91202397,37.088
20011211,670.08,565259000,2866918,246502571,91390407,37.075
20011212,681.43,539219000,2939961,250460822,93485921,37.326
20011213,676.59,577062000,3720494,248825256,92940319,37.352
20011214,665.2,498285000,2858622,244857069,91235360,37.261
20011217,648.28,531845000,2653356,238766184,89457489,37.467
20011218,643.76,600155000,2982204,236992056,89804252,37.893
20011219,647.05,627555000,2621794,238072206,90666420,38.084
20011220,664.51,503988000,2477936,244643062,93006258,38.017
20011221,644.71,355178000,2170060,239049862,87324812,36.53
20011224,646.49,390805000,1791311,239538179,87332525,36.459
20011226,653.87,568377000,2345848,242569814,88283839,36.395
20011227,668.55,541630000,2612446,246488152,90201411,36.595
20011228,693.7,514805000,2706145,255796288,93733629,36.644
20020102,724.95,618721000,5213506,267642494,98873864,36.943
20020103,727.66,752580000,4030238,268719968,99366929,36.978
20020104,747.72,630662000,3927673,275952301,103218305,37.404
20020107,751.48,753589000,4525813,277355815,103847325,37.442
20020108,734.76,799323000,4282483,271320940,101058366,37.247
20020109,751.61,942646000,4942257,277759592,103206177,37.157
20020110,728.23,1057131000,5784036,269349860,99010370,36.759
20020111,727.36,798940000,4127768,268840802,98927762,36.798
20020114,744.03,751476000,3781663,274760576,101917416,37.093
20020115,718.64,730824000,4249567,265539099,97692083,36.79
20020116,710.95,548370000,3165634,262926760,96462111,36.688
20020117,713.5,714740000,3776301,263937020,96614947,36.605
20020118,708.47,537672000,3262920,262136350,96203619,36.7
20020121,717.35,522465000,2702212,265509226,97098964,36.571
20020122,724.36,700489000,3551371,268072638,98263206,36.655
20020123,742.62,588836000,3441060,274834757,100679746,36.633
20020124,757.71,717441000,4620574,281496603,103011930,36.594
20020125,774.68,760386000,5190297,287756415,105993908,36.835
20020128,780.24,705795000,4197757,289804717,106012756,36.581
20020129,774.03,679201000,3846725,287635011,104786650,36.43
20020130,749.45,778489000,3728197,278658265,100957795,36.23
20020131,748.07,670587000,3952310,278269727,100637250,36.165
20020201,742.42,758400000,3513708,276099141,100606219,36.438
20020204,730.21,554917000,2592917,271356533,99491655,36.665
20020205,739.91,553696000,3064655,274711493,100929564,36.74
20020206,741.55,585578000,3096052,275513326,100653697,36.533
20020207,727.71,504378000,2911200,270425295,98990807,36.606
20020208,739.66,522879000,2727478,274995050,100334046,36.486
20020214,796.18,759498000,4829851,296051784,110013553,37.16
20020215,783.59,747938000,4177709,291705130,107748997,36.938
20020218,790.37,869360000,4069947,294706350,108461451,36.803
20020219,782.27,677906000,3756761,291671787,107093744,36.717
20020220,776.89,589389000,3194616,290200991,106220997,36.603
20020221,787.62,639435000,3657926,293891974,107196957,36.475
20020222,792,683505000,3396104,295378363,107629351,36.438
20020225,791.48,478974000,2701630,295216496,107496824,36.413
20020226,801.14,591104000,3595844,299033757,108476013,36.276
20020227,822.11,695057000,4286200,306879428,111277311,36.261
20020228,819.99,676070000,4289132,306135586,111038329,36.271
20020304,834.21,621760000,4740234,311540988,112730078,36.185
20020305,841.95,762958000,4583901,314249229,114469482,36.426
20020306,843.06,904900000,4356226,314650409,114343805,36.34
20020307,829.44,734593000,4000192,309565218,112416289,36.314
20020308,825.27,626575000,3630835,308369524,111139045,36.041
20020311,827.02,541713000,3154340,309155640,111269897,35.992
20020312,846.03,651580000,4072441,316162378,113845476,36.009
20020313,849.13,593072000,3877809,317501410,113926849,35.882
20020314,856.86,686322000,4867614,320441562,114185621,35.634
20020315,860.36,717113000,5382567,322183406,113670055,35.281
20020318,869.71,753887000,5105894,326001373,114638745,35.165
20020319,889.98,701778000,5440282,333433116,118065141,35.409
20020320,887.48,760329000,5436766,332338357,117542809,35.368
20020321,885.64,648152000,4292105,332039335,116864108,35.196
20020322,895.98,664129000,4759219,336076430,118465576,35.25
20020325,879.41,576101000,4281893,329977354,115658475,35.05
20020326,881.03,465575000,3739692,330736037,116368081,35.185
20020327,902.46,608037000,4393250,338877171,119538333,35.275
20020328,892.67,654126000,4123659,335066134,118082726,35.242
20020329,895.58,454918000,3097139,336464237,119229875,35.436
20020401,875.83,489777000,3963099,329496766,117482078,35.655
20020402,905.34,506168000,4089392,340342680,122052077,35.862
20020403,918.59,547821000,4710599,345138431,123594282,35.81
20020404,918.01,500371000,4079271,345953592,123242387,35.624
20020408,900.69,556228000,4412066,339671152,119756794,35.257
20020409,888.67,656987000,3500911,335122855,118408918,35.333
20020410,856.03,562308000,3399761,322860392,113934817,35.289
20020411,862.86,726329000,4376119,325826521,115326142,35.395
20020412,875.69,802882000,3738148,330500270,117646402,35.596
20020415,894.28,942710000,3494700,337505433,120658230,35.75
20020416,901.29,741695000,3395124,339995776,121306991,35.679
20020417,930.51,775594000,5020395,350914144,125910282,35.881
20020418,937.61,884764000,4485398,353476574,127244070,35.998
20020419,923.94,851675000,4829840,348127889,125459118,36.038
20020422,920.89,804784000,5248370,358418702,129343893,36.087
20020423,925.7,803273000,4457633,358625967,130721551,36.451
20020424,915.69,745379000,3802090,354426602,129825443,36.63
20020425,872.58,615701000,3873731,337874689,123739083,36.623
20020426,869.65,648921000,3434018,337284506,122263923,36.249
20020429,838.51,584423000,3133480,324466106,117814646,36.31
20020430,842.34,992265000,3371091,325719939,118688056,36.439
20020502,859.86,695008000,3663695,332689130,121033392,36.38
20020503,856.72,630183000,3386002,331660262,120690078,36.39
20020506,826.87,493877000,2474286,320141869,115643155,36.122
20020507,826.34,564492000,2985156,320045887,115390517,36.054
20020508,844.67,658847000,3179834,327373461,117897144,36.013
20020509,838.67,968372000,4172611,325207518,116787914,35.912
20020510,817.93,447522000,3026127,317406716,113187518,35.66
20020513,821.89,414170000,2654642,318848033,113580453,35.622
20020514,837.37,702627000,3520755,324583030,116100546,35.769
20020515,862.62,625594000,3741892,334115965,120380827,36.03
20020516,858.04,881741000,2832299,332493534,119675624,35.993
20020517,875.03,862082000,3580379,338968103,122166617,36.041
20020520,865.78,620172000,2823457,335519621,120828502,36.012
20020521,837.56,740654000,3089547,324686772,116755320,35.959
20020522,863.06,664461000,3141218,334494863,121000859,36.174
20020523,845.51,952260000,3416821,327750374,118587189,36.182
20020524,854.57,786317000,4318863,331187694,120122978,36.27
20020527,840.57,618475000,2643627,325721491,118342619,36.332
20020528,848.8,806576000,2828192,328968662,119680966,36.381
20020529,835.19,839177000,3215182,323875734,117956920,36.42
20020530,815.61,589170000,2627412,316400464,115507104,36.507
20020531,796.4,686763000,2659453,309158799,112407399,36.359
20020603,804.93,566885000,2516057,312374033,114312544,36.595
20020604,806.33,584330000,2267562,312894712,114514786,36.599
20020605,809.59,703392000,2457491,314129194,114611199,36.485
20020607,795.16,833273000,2347085,310469664,112838566,36.344
20020610,811.9,1128181000,2118869,317042288,115046492,36.287
20020611,815.33,952172000,2215078,318426449,115213373,36.182
20020612,823.06,615826000,2609794,321576923,116016820,36.077
20020614,822.01,596568000,2183323,322089334,116261627,36.096
20020617,809.16,645257000,1807541,317134365,114553144,36.121
20020618,809.4,661367000,2205570,317239393,114325634,36.038
20020619,776.37,687808000,3009295,304256330,109946897,36.136
20020620,776.81,834507000,2419702,304340931,109300968,35.914
20020621,778.53,773181000,2370734,305085270,109369299,35.849
20020624,767.92,614255000,2637185,306013611,108508471,35.459
20020625,755.92,660801000,2372520,301395813,107595499,35.699
20020626,701.87,605443000,2875615,279792473,100423505,35.892
20020627,710.43,894867000,2518796,283496070,101404892,35.769
20020628,742.72,640958000,2691459,297262194,105521512,35.498
20020702,746.23,430079000,2376760,298765738,106272614,35.571
20020703,753.36,415963000,2334536,301597690,106889974,35.441
20020704,768.74,1420591000,2675494,307716320,109390965,35.549
20020705,787.83,989047000,3402365,315564955,112149045,35.539
20020708,783.35,972603000,3409341,313981877,111811875,35.611
20020709,801.99,1480465000,3123450,321352025,113990364,35.472
20020710,794.71,731639000,2806529,318326724,112041837,35.197
20020711,764.88,1136289000,3239455,306436750,107647034,35.129
20020712,792.93,1805029000,3521347,317658244,112012436,35.262
20020715,783.52,1763575000,3639164,313889810,110613878,35.24
20020716,771.45,1977388000,3695141,309369154,109122702,35.273
20020718,773.85,1804749000,3253742,310422473,109504373,35.276
20020719,754.62,2149078000,3714487,302812121,106579583,35.197
20020722,720.9,1445390000,2924477,289221729,102423284,35.413
20020723,743.52,2379294000,3648016,298364834,105417033,35.332
20020724,721.41,1965409000,3275588,289520391,102229353,35.31
20020725,723.52,1359029000,3303357,290626146,101982197,35.091
20020726,697.84,964888000,2770486,280570922,97654103,34.805
20020729,700.35,1983859000,2642514,281635644,97992265,34.794
20020730,724.08,1415779000,3150046,291550760,101483641,34.808
20020731,717.99,1956029000,2996995,289273327,100942275,34.895
20020801,707.8,1385222000,2209283,285205783,100833373,35.355
20020802,700.68,1611173000,2508195,282404850,99277326,35.154
20020805,675.76,1645395000,2614407,272326394,95268930,34.983
20020806,673.78,1421847000,2976475,271449895,94559776,34.835
20020807,679.37,1028879000,2310186,273889281,95511621,34.872
20020808,684.49,981676000,2457468,276093156,96246532,34.86
20020809,692.45,1457247000,2622731,279396794,97666279,34.956
20020812,695.39,827067000,1996533,280562580,97973429,34.92
20020813,708.63,803033000,1938535,285970194,100012118,34.973
20020814,711.24,862480000,2154311,287055450,100188278,34.902
20020816,718.29,796053000,2540251,290250353,101600338,35.004
20020819,717.58,1144882000,2360570,289944393,101518984,35.013
20020820,736.7,1700652000,3331068,298000654,104600239,35.101
20020821,745.12,1508209000,3218493,301514749,105671961,35.047
20020822,745.75,1315689000,3169310,301857953,105824351,35.058
20020823,740.51,824173000,2352041,299659489,105212777,35.111
20020826,734.79,685231000,1837659,297281257,104158952,35.037
20020827,724.17,699629000,2055663,293021267,102295685,34.911
20020828,724.05,652832000,2021110,293026819,102010723,34.813
20020829,724.94,1105447000,1998942,293684054,102011913,34.735
20020830,736.4,805516000,2491289,298407464,103479268,34.677
20020902,751.98,673331000,2661211,304953806,105888410,34.723
20020903,740.59,780361000,2441367,300386863,104291799,34.719
20020904,723.05,593329000,2239740,293313728,101399245,34.57
20020905,720.98,578390000,2026773,292522277,100848958,34.476
20020906,708.73,655078000,2338526,287541332,99324521,34.543
20020909,697.89,904301000,2157677,283088698,98549075,34.812
20020910,713.3,636420000,2064608,289402344,101043865,34.915
20020911,724.71,582442000,1969508,293986246,102890686,34.998
20020912,739.22,688102000,2501152,299803313,105055007,35.041
20020913,718.17,1242204000,2218668,291266419,101764307,34.939
20020916,704.38,839562000,2053810,285816821,99485940,34.808
20020917,726.8,662836000,2446804,294925695,102629429,34.798
20020918,703.87,568574000,2133023,285686079,99625823,34.872
20020919,704.12,439798000,1706671,285811986,99677722,34.875
20020923,679.43,488582000,1930067,275610853,95916588,34.801
20020924,672.28,582653000,2077621,272610904,94677300,34.73
20020925,657.96,504471000,2023532,266819211,92620173,34.713
20020926,662.41,624147000,2103379,268573274,93690360,34.884
20020927,663.72,1083853000,1993876,270290795,94065092,34.801
20020930,646.42,505725000,1618336,263198192,91943088,34.933
20021001,652.13,481474000,1665381,265523942,92165168,34.711
20021002,648.1,755568000,1845350,263931570,92052044,34.877
20021004,650.92,777589000,1689621,265082153,92240322,34.797
20021007,627.4,605891000,1524874,255596263,88750962,34.723
20021008,634.84,581087000,1805079,258600537,89860692,34.749
20021009,619.94,568193000,1803384,252447635,88001386,34.859
20021010,584.04,680107000,2423174,237976165,82504889,34.669
20021011,587.51,690062000,2165761,239205410,83190526,34.778
20021014,614.27,585670000,1937048,250264098,87327553,34.894
20021015,629.57,793237000,2389137,256525713,89620497,34.936
20021016,636.25,1207442000,2922922,260073787,91262582,35.091
20021017,644.66,1290310000,3050903,263624008,91957535,34.882
20021018,670.79,1160610000,3701835,274271593,96559648,35.206
20021021,652.67,1622877000,2713863,266750307,93929911,35.213
20021022,639.27,1094948000,2671657,261332622,91727900,35.1
20021023,657.43,1703736000,3327397,268785194,93935439,34.948
20021024,654.98,1678859000,3284521,267825261,93964183,35.084
20021025,655.88,1017029000,2262739,268237041,94210878,35.122
20021028,678.14,1248923000,3140985,277411743,97690234,35.215
20021029,673.18,1643543000,3151732,275269809,96980704,35.231
20021030,658.03,1356098000,2686330,269015178,94422280,35.099
20021031,658.92,1038910000,2228396,269412456,94782288,35.181
20021101,647.65,829022000,1810093,264838198,92983402,35.11
20021104,672.68,1720024000,3110355,275069983,96922354,35.236
20021105,664.9,1263958000,2676451,272151342,96058245,35.296
20021106,682.56,1257734000,2781404,279387789,98884015,35.393
20021107,681.27,852319000,2653581,278866835,99194505,35.571
20021108,674.85,693831000,2032278,276207143,98133401,35.529
20021111,657.78,672687000,1832986,269351664,95404723,35.42
20021112,654.43,907884000,1913031,267994603,94828585,35.385
20021113,653.85,727446000,1930023,267699294,94981020,35.48
20021114,652.15,640960000,1952082,267034212,94425989,35.361
20021115,672.95,1059452000,2725914,275569050,98332375,35.683
20021118,667.13,671426000,1698142,273161444,97226771,35.593
20021119,671.44,1511451000,2007867,274889196,97543210,35.485
20021120,682,1134261000,2389757,279208701,99081763,35.487
20021121,690.38,862131000,2938457,282672690,100389358,35.514
20021122,692.87,737549000,2762446,283737477,101376285,35.729
20021125,705.86,1486753000,2825702,289554828,103221587,35.648
20021126,702.27,1445122000,3060858,288298010,102751482,35.641
20021127,708.07,706906000,2445621,290399722,103418502,35.612
20021128,714.54,795972000,3339956,292937242,105264282,35.934
20021129,724.8,713328000,2587510,297151362,107116544,36.048
20021202,730.16,741233000,2186352,299376333,107742911,35.989
20021203,736.57,924637000,2841145,302021454,108760400,36.011
20021204,714.5,675223000,2468517,292832535,105163993,35.913
20021205,722.76,572612000,2279359,296288299,106079886,35.803
20021206,718.09,677446000,1943675,294873426,106046456,35.963
20021209,709.11,956291000,2084990,291194258,105023794,36.067
20021210,702.44,742219000,1899121,288452950,103623229,35.924
20021211,698.61,816287000,1852675,286896319,103235231,35.983
20021212,715.38,1174456000,2655522,293655015,105352333,35.876
20021213,708.13,579527000,2066319,291893693,105441532,36.123
20021216,692.42,859630000,1888285,285652397,101645427,35.584
20021217,704.49,1135841000,2160590,290619648,103550421,35.631
20021218,709.22,1236821000,2237594,292603947,104470481,35.704
20021220,709.44,901070000,1926844,292650331,104936699,35.857
20021223,691.38,742898000,2064844,285048762,102458092,35.944
20021224,677.82,728621000,1664618,279633536,100603691,35.977
20021226,671.89,775641000,1570391,277155307,100031966,36.092
20021227,656.92,798036000,1368616,270807416,98051606,36.207
20021230,627.55,650409000,3431175,258680756,93166272,36.016
20030102,635.17,742864000,1353153,261857165,94006594,35.9
20030103,661.1,1005749000,2270513,272658429,98523906,36.135
20030106,666.71,721798000,1598625,274821496,99790669,36.311
20030107,652.2,690116000,1869970,268902828,97787490,36.365
20030108,651.72,604873000,1488455,268712288,97430138,36.258
20030109,630.4,627178000,2270296,259200268,93550458,36.092
20030110,628.36,700708000,3980325,258347663,93560492,36.215
20030113,648.06,847846000,1689516,266407869,96691173,36.294
20030114,650.05,712860000,1708465,267141705,97201298,36.386
20030115,648.29,582278000,1853421,265382339,96964635,36.538
20030116,648.69,484260000,1643587,265591939,97147826,36.578
20030117,636.46,640387000,1574962,260664094,95187526,36.517
20030120,634.5,480825000,1167863,259850749,94944674,36.538
20030121,632.86,470957000,1355170,259172935,94639303,36.516
20030122,622.49,525275000,1475301,254816259,93037404,36.512
20030123,625.18,507648000,2006759,255960732,93220082,36.42
20030124,609.43,444638000,1667763,249723594,91352952,36.582
20030127,593.09,384229000,1349869,243156015,88820238,36.528
20030128,600.56,345205000,1090914,246314289,90066877,36.566
20030129,583.35,562754000,1530756,239261438,87125037,36.414
20030130,591.86,510747000,1199090,242755187,88107756,36.295
20030203,600.41,425272000,1150444,246315912,89250977,36.234
20030204,603.78,709178000,1548272,247674605,89669418,36.205
20030205,600.68,755849000,1294669,246393938,89146250,36.18
20030206,589.5,519869000,1472852,241761638,87348525,36.13
20030207,577.48,466702000,1517295,236782346,85277056,36.015
20030210,577.25,459064000,1322297,236692733,85267302,36.024
20030211,575.98,563284000,1735704,236208160,85288465,36.107
20030212,583.29,353607000,1267432,239245093,86651393,36.219
20030213,575.67,402030000,1468021,236098018,84957503,35.984
20030214,575.24,533853000,1262039,235995637,84589839,35.844
20030217,601.87,648037000,1869225,246984268,88581522,35.865
20030218,603.45,547232000,1544323,247692915,88985081,35.926
20030219,600.83,531013000,1829206,246641344,88874271,36.034
20030220,605.51,1035938000,1658592,248595812,89234663,35.895
20030221,603.6,798922000,1346814,247848951,89040906,35.925
20030224,616.29,615301000,1653892,253003304,90828380,35.9
20030225,592.25,524940000,1494289,243127139,86787528,35.696
20030226,590.26,567686000,1278908,242315360,86198287,35.573
20030227,582.46,562681000,1400806,239261021,84885509,35.478
20030228,575.43,596286000,1220656,236338252,83535782,35.346
20030303,590.04,605605000,1436392,242390080,86123974,35.531
20030304,576.58,584630000,1167605,236845967,83858634,35.406
20030305,560.26,764029000,1596423,230133390,81553403,35.437
20030306,555.33,735616000,1452695,228095644,80938496,35.484
20030307,546.02,635049000,1457209,224774859,79938203,35.564
20030310,544.24,607064000,1131019,224111649,80174070,35.774
20030311,532.53,657882000,1579069,219436586,78280930,35.674
20030312,531.81,793803000,2138158,219235084,78046124,35.599
20030313,531.78,679689000,2326739,219046213,78245602,35.721
20030314,537.65,758918000,2336611,221591017,79277390,35.776
20030317,515.24,640102000,1755056,212386273,76114318,35.838
20030318,537.31,682899000,2108210,221491362,79221323,35.767
20030319,541.78,615585000,1912723,223349283,79855181,35.753
20030320,568.46,1076215000,2980238,234372076,83673863,35.701
20030321,575.77,822452000,2373789,237356601,84558014,35.625
20030324,569.85,876051000,2345938,234942810,83691306,35.622
20030325,554.98,882061000,2160592,228810678,81582507,35.655
20030326,554.79,890660000,2102468,228740670,81339645,35.56
20030327,549.26,604574000,1515744,226495820,80352091,35.476
20030328,556.33,484310000,1576846,229312435,81184111,35.403
20030331,535.7,545045000,1637281,220890647,77454820,35.065
20030401,538.56,525127000,1742045,222019938,77470406,34.893
20030402,542.92,639598000,2126674,223765981,77397713,34.589
20030403,545.24,626889000,2210922,224707521,77630920,34.548
20030404,558.01,550499000,2343378,229996957,79471693,34.553
20030407,585.9,796940000,3043879,241553975,83332070,34.498
20030408,587.32,861426000,3213527,242047230,83620565,34.547
20030409,569.47,761952000,2509002,234692303,80819790,34.436
20030410,577.73,741397000,2614769,238059852,81866648,34.389
20030411,582.97,900313000,3354069,240151705,82259169,34.253
20030414,594.4,719566000,2539538,244853332,83949608,34.286
20030415,604.99,789489000,2714561,249278316,85957639,34.483
20030416,621.34,894670000,3769067,255946084,88398134,34.538
20030417,612.72,789830000,2830410,252430406,86855583,34.408
20030418,624.77,839908000,3036643,257422821,88787177,34.491
20030421,620.83,752354000,2176057,256727355,87888891,34.234
20030422,603.32,773184000,2352403,249501439,85285277,34.182
20030423,598.09,747944000,2307447,247410876,84635842,34.209
20030424,588.35,692374000,1984008,243408752,82988535,34.094
20030425,566.63,660783000,2319744,234443372,80122409,34.176
20030428,569.02,467204000,1675565,235431895,80249147,34.086
20030429,597.36,529782000,2140897,247082161,84624877,34.25
20030430,599.35,452148000,1871063,247921519,85260865,34.39
20030502,597.44,437577000,1798980,247162657,84842437,34.327
20030506,604.33,570746000,2146474,249991314,85950040,34.381
20030507,618.08,513433000,2531640,255650432,88367830,34.566
20030509,619.11,588222000,2254984,254982420,88056876,34.534
20030512,631.04,655917000,2933418,260023458,89731199,34.509
20030513,614.07,614456000,2309966,253103670,87209644,34.456
20030514,609.97,484389000,1835176,251408279,86197097,34.286
20030515,619.35,634665000,2303273,255293717,87470301,34.263
20030516,610.81,506441000,2054850,251805138,86180043,34.225
20030519,596.36,350449000,1681111,245891873,84400230,34.324
20030520,602.08,421521000,1739107,248282050,85166594,34.302
20030521,600.57,442311000,1732050,247591102,84818577,34.258
20030522,595.38,448997000,2067119,245917810,84203871,34.241
20030523,611.51,441168000,1942265,252599152,86464892,34.23
20030526,617.65,483847000,2227873,255124326,87291394,34.215
20030527,614.3,470044000,1790542,253676676,86618152,34.145
20030528,628.36,603929000,2871304,259376432,88934719,34.288
20030529,632.43,454445000,2425705,261040622,90087480,34.511
20030530,633.42,470149000,2194906,261398853,90428091,34.594
20030602,648.71,514965000,2869536,267791797,92865961,34.678
20030603,636.94,494561000,2348966,262959980,90885950,34.563
20030604,640.27,442208000,1891246,264381349,91530624,34.621
20030605,642.38,521559000,2287924,265383762,92385468,34.812
20030609,650.35,351400000,1873783,268766547,94456487,35.144
20030610,649.75,361328000,1757582,268539468,94311868,35.12
20030611,651.29,497477000,2193099,269173574,94744953,35.198
20030612,657.95,611953000,3016228,271833469,95789127,35.238
20030613,665.24,503052000,2763745,274758277,97131209,35.352
20030616,657.82,432731000,2046527,271857647,95782760,35.233
20030617,674.66,661646000,3787676,278752124,98649306,35.39
20030618,675.75,584095000,2924658,279444344,98984743,35.422
20030619,690.49,588424000,3296030,285590478,102017443,35.722
20030620,686.22,534519000,3024793,283836554,101214981,35.66
20030623,674.59,471989000,2252592,278899134,99383222,35.634
20030624,664.01,451359000,1971514,274495766,97531112,35.531
20030625,674.03,505214000,2109011,279655608,99122139,35.444
20030626,675.75,461919000,1970016,280256688,99972480,35.672
20030627,677.28,486105000,2099749,280923231,100139964,35.647
20030630,669.93,320728000,1461904,277999590,98814191,35.545
20030701,674.75,344509000,1411304,280215881,99761506,35.602
20030702,685.8,482616000,2446953,285036884,101523704,35.618
20030703,686.83,544331000,3238892,286290483,103115417,36.018
20030704,693.25,442799000,1886983,289011047,104030811,35.995
20030707,704.29,439453000,2449604,293574139,105606500,35.973
20030708,708.34,568608000,3513873,295209597,107850620,36.534
20030709,705.5,543852000,2315755,294059218,107441219,36.537
20030710,700.51,577869000,2314404,292048995,106648282,36.517
20030711,704.15,560477000,2074302,293547080,107499690,36.621
20030714,720.1,559538000,2974019,300363054,110797130,36.888
20030715,713.45,719789000,3197114,297647387,110289137,37.054
20030716,716.48,589353000,2714257,299017506,111218130,37.195
20030718,699.35,546269000,2325257,291558927,107914384,37.013
20030721,693.5,662571000,2005642,289020947,107861087,37.319
20030722,699.7,707482000,2356480,291643603,109071172,37.399
20030723,695.74,571574000,2160988,289896051,107987638,37.25
20030724,702.94,732725000,2266387,292813209,109366308,37.35
20030725,705.09,489038000,2081540,293745107,110073180,37.472
20030728,717.8,466942000,2274737,299027463,112171052,37.512
20030729,722.33,566861000,2287687,300956848,113194040,37.611
20030730,714.15,502180000,2013553,296669438,111341576,37.531
20030731,713.52,388887000,1621158,296472238,111036158,37.452
20030801,727.26,456998000,2310851,302396579,113563321,37.554
20030804,718.54,439405000,1683993,298794293,112279435,37.578
20030805,721.84,481029000,2134710,300250953,112937513,37.614
20030806,707.88,464486000,2087452,294373397,110225072,37.444
20030807,709.81,412240000,1791421,295163063,110394060,37.401
20030808,704.14,418308000,1672157,292768760,109833366,37.515
20030811,704.58,398684000,1602493,292979749,110042583,37.56
20030812,701.3,366109000,1746524,291694105,109371691,37.495
20030813,713.08,407921000,1991492,297439329,111583455,37.515
20030814,727.01,482912000,2545368,303256430,114096103,37.624
20030818,730.1,498360000,2604304,304573406,113922067,37.404
20030819,740.13,614968000,3197593,308716574,116146268,37.622
20030820,737.2,497967000,2800310,307631865,116569361,37.892
20030821,754.34,534409000,3272141,314863257,119211641,37.861
20030822,754.72,506637000,3137371,315065402,119848357,38.039
20030825,756.73,419627000,2173667,315458121,120183243,38.098
20030826,753,426878000,1990003,313883460,119641020,38.116
20030827,758.98,497011000,2727122,316265626,120454654,38.087
20030828,752.81,461035000,2573434,313568466,119356883,38.064
20030829,759.47,431254000,2408508,316394185,120317167,38.028
20030901,764.11,370540000,2214094,318730703,121319299,38.063
20030902,766.5,493042000,2910147,319742348,121302047,37.937
20030903,766.32,424949000,2744487,319631458,122247865,38.247
20030904,764.15,407009000,2346197,321451367,123044076,38.278
20030905,761.55,376792000,2125128,320395316,122776890,38.32
20030908,760.25,343379000,1644972,319919799,123487856,38.6
20030909,767.46,408452000,2702908,323081198,124942326,38.672
20030915,753.61,411237000,2072405,317050638,121552630,38.339
20030916,763.63,479461000,1971273,321276646,123084999,38.311
20030917,766.59,469797000,2325418,323256604,123746947,38.281
20030918,758.18,411543000,2018278,319609010,122234590,38.245
20030919,748.25,443018000,2434384,315371146,120426054,38.186
20030922,714.89,426497000,2372480,301311034,115400617,38.299
20030923,718.84,475526000,2459286,302872693,115512127,38.139
20030924,724.7,419845000,2282580,305385260,116869340,38.269
20030925,713.52,412759000,2194890,300656547,115214782,38.321
20030926,697.4,431810000,2036041,293912448,112355560,38.228
20030929,696.06,379962000,1728830,293340905,112067431,38.204
20030930,697.52,461262000,2058507,294139104,113011110,38.421
20031001,704.29,434294000,1888385,297016197,114514184,38.555
20031002,715.24,451448000,2370040,301761120,116918585,38.745
20031006,723.13,393278000,2365351,305232472,118941744,38.968
20031007,727.09,402770000,1839010,306908321,120147942,39.148
20031008,722.76,316708000,1820166,305070193,119738051,39.249
20031009,736.16,603003000,2527760,310651107,121911535,39.244
20031010,757.89,445795000,3025331,320023745,126151090,39.419
20031013,757.02,453894000,2369202,319727605,126163544,39.46
20031014,766.52,529574000,2732874,323695638,127865493,39.502
20031015,764.23,462560000,2289235,322923614,127700128,39.545
20031016,776.97,519719000,3057708,328325126,129567503,39.463
20031017,767.75,519240000,2969184,324460809,127934943,39.43
20031020,776.44,473194000,2149328,328103085,129471306,39.461
20031021,779.89,448313000,2503081,329604886,130583816,39.618
20031022,779.28,486357000,2607923,329461486,131184982,39.818
20031023,754.14,428501000,2410456,318883458,126868860,39.785
20031024,748.17,355160000,1873580,316359777,125343138,39.62
20031027,761.61,412847000,1918110,322289955,127815941,39.659
20031028,775.36,491641000,2811097,328205253,130599216,39.792
20031029,779.66,567926000,2975118,329996585,132031569,40.01
20031030,785.94,471880000,2128665,332704944,133122180,40.012
20031031,782.36,484313000,2291277,331322076,132950095,40.127
20031103,791.96,434447000,2142130,336593613,135800445,40.346
20031104,796.06,606374000,3518811,338551863,137321271,40.561
20031105,805.51,604294000,3538732,342450661,138736519,40.513
20031106,790.04,610742000,4007207,335876160,136064497,40.51
20031107,804.05,469093000,2676340,341778663,138832835,40.621
20031110,796.56,537184000,2742658,338580453,137755206,40.686
20031111,787.77,504103000,2647274,339632851,135974864,40.036
20031112,796.31,509123000,2429090,343355090,138091655,40.218
20031113,813.11,510306000,3176575,350718634,141802809,40.432
20031114,809.89,597547000,2914968,349348264,140833315,40.313
20031117,794.47,504100000,2370680,342691201,137877807,40.234
20031118,800.97,642402000,2500324,346272709,138980086,40.136
20031119,771.7,717181000,3145137,333656673,134080068,40.185
20031120,769.45,605281000,2541486,332720582,133196196,40.032
20031121,770.78,624925000,2444304,333446325,133459603,40.024
20031124,753.65,577949000,2113573,326003308,130582471,40.056
20031125,768.11,526446000,2162953,332234075,133328477,40.131
20031126,782.65,532139000,2281365,338508950,135661958,40.076
20031127,781.68,502461000,2050087,338371672,135594668,40.073
20031128,796.18,597539000,2568778,344733078,138328715,40.126
20031201,807.39,584981000,2550377,349500523,139740223,39.983
20031202,807.78,531989000,2437988,349565164,140017900,40.055
20031203,808.34,440581000,2428345,349870921,140365362,40.119
20031204,805.13,493935000,2390462,348454820,139140770,39.931
20031205,789.41,426505000,2144828,341762940,136549704,39.955
20031208,784.8,339973000,1809536,340012104,135795823,39.939
20031209,787.35,398091000,1696317,341055341,136044740,39.889
20031210,794.64,454614000,2687862,344247740,137658886,39.988
20031211,791.13,424779000,3170817,342866030,137399237,40.074
20031212,806.08,423443000,2763531,349299801,140345506,40.179
20031215,822.16,404611000,2603252,356053884,143085730,40.187
20031216,810.79,462744000,2972715,351308425,141060651,40.153
20031217,800.09,479488000,4012792,346602965,138569612,39.979
20031218,807.5,493068000,2845024,349889765,140549066,40.17
20031219,811.2,480452000,2670290,351514516,141915164,40.372
20031222,804.54,344954000,2032142,348720998,140974926,40.426
20031223,801.88,406065000,2063800,347512850,140537193,40.441
20031224,792.55,503657000,2511504,346976717,139460368,40.193
20031226,788.85,414254000,1965554,346007268,138926221,40.151
20031229,792.44,282393000,1546494,347156202,139094853,40.067
20031230,810.71,385852000,2026774,355362626,142481957,40.095
20040102,821.26,307493000,1930260,359908668,144557185,40.165
20040105,824.1,408258000,2226123,361232704,145395122,40.25
20040106,823.43,484054000,2677546,361128662,146186925,40.481
20040107,827.07,404563000,2313099,362825279,147307940,40.6
20040108,824.15,428758000,3406925,361806135,147590484,40.793
20040109,845.27,543285000,4162562,371422795,153211450,41.25
20040112,850.79,443937000,3109483,373985847,154964925,41.436
20040113,848.43,400184000,2533800,372819098,154477409,41.435
20040114,849.62,453005000,2707999,373150993,154084041,41.293
20040115,845.66,388389000,2646765,371572927,153743228,41.376
20040116,847.95,424963000,2342790,372728142,154589338,41.475
20040119,856.8,404253000,2442871,376719294,157017603,41.68
20040120,861.37,364450000,2403402,378896347,158257817,41.768
20040126,869.04,494021000,3383598,382618456,160954362,42.067
20040127,863.03,437707000,2877310,380092210,160077719,42.115
20040128,859.59,432891000,3156315,379597227,160593554,42.306
20040129,853.47,365346000,2495465,376413420,158511888,42.111
20040130,848.5,447364000,2675229,374128608,157396824,42.07
20040202,854.89,425187000,1959356,376702237,158654632,42.117
20040203,839.87,461984000,2651093,370371202,155147802,41.89
20040204,835.5,378597000,2321909,368598659,153957480,41.768
20040205,840.92,635917000,2917200,371202228,155078945,41.777
20040206,850.23,541538000,2926291,375745290,157763315,41.987
20040209,864.77,475219000,2906085,381959162,161168523,42.195
20040210,866.8,450039000,2643590,382659864,161979842,42.33
20040211,876.34,475304000,3047669,386622364,164202994,42.471
20040212,877.95,444121000,3098881,385912622,164287289,42.571
20040213,882.18,385305000,2644351,387827289,165490257,42.671
20040216,881.28,437969000,2783141,387186855,165460072,42.734
20040217,884.8,435761000,2633738,388578317,166000989,42.72
20040218,877.1,370523000,2517269,385267041,164236109,42.629
20040219,881.65,734768000,3022804,387678844,165581257,42.711
20040220,877.49,475493000,2202383,385993533,164842143,42.706
20040223,877.52,476208000,2265145,386151095,164407546,42.576
20040224,864.59,549389000,2614283,380411653,161674818,42.5
20040225,866.87,524662000,2361336,381258970,161841757,42.449
20040226,864.86,522863000,2231518,380404726,161898296,42.559
20040227,883.42,458651000,2576072,388848390,165913012,42.668
20040302,899.21,489083000,3372834,395768462,169487498,42.825
20040303,895.81,554723000,3312981,394196074,169604261,43.025
20040304,907.43,589054000,3336583,399274807,172095613,43.102
20040305,905.38,515727000,3183510,398333450,171610139,43.082
20040308,900.1,506522000,2729561,395855623,170248214,43.008
20040309,891.58,474379000,2264018,392141982,168461474,42.959
20040310,876.02,457319000,2446086,385419877,165635207,42.975
20040311,869.93,468743000,3422984,382915480,164279686,42.902
20040312,848.8,655649000,3819601,373581555,160721992,43.022
20040315,852.26,383660000,1986151,375050835,161169355,42.973
20040316,850.13,440153000,2245929,373829594,160694797,42.986
20040317,872.38,524436000,2547812,383661678,165170782,43.051
20040318,872.82,488459000,2439760,383842859,165082538,43.008
20040319,883.33,425077000,2181384,388716457,167265213,43.03
20040322,863.69,371613000,2039805,380215725,163327696,42.957
20040323,866.17,383757000,2113179,381306554,163554050,42.893
20040324,861.72,311093000,1823343,379398497,163120569,42.995
20040325,853.38,357256000,2273877,375628423,161896229,43.1
20040326,863.95,303970000,2524367,380413970,164279939,43.185
20040329,874.67,335584000,1967004,385205106,166475198,43.217
20040330,873.46,287738000,1870836,384647658,166753683,43.352
20040331,880.5,327687000,2284561,387787201,168536377,43.461
20040401,882.75,294602000,2074129,388806838,168980230,43.461
20040402,883.69,541842000,2457486,389134469,169078660,43.45
20040406,906.19,491556000,3502089,399065183,174686617,43.774
20040407,909.93,528214000,3087198,401582424,176263593,43.892
20040408,916.86,431836000,2638306,404542490,178010950,44.003
20040409,905.44,352119000,2002255,399594051,175665378,43.961
20040412,918.86,366189000,2302897,405645694,178604769,44.03
20040413,917.63,468918000,2828112,405366651,178474545,44.028
20040414,916.31,407157000,2863631,404778719,178535786,44.107
20040416,898.88,391726000,4017367,397012261,175040002,44.089
20040419,902.1,476138000,2555586,398438452,175647158,44.084
20040420,918.9,456844000,2879257,405804726,178568062,44.003
20040421,929.95,553997000,3267649,410581763,181039263,44.093
20040422,924.01,519749000,3206483,407904553,179350745,43.969
20040423,936.06,480356000,3259099,413395283,182303108,44.099
20040426,919.74,388049000,2679649,406471259,179332862,44.119
20040427,915.47,435455000,2657969,404589596,178302519,44.07
20040428,901.83,373377000,2599738,398303214,174868834,43.903
20040429,875.41,442767000,3439158,389972888,169010728,43.339
20040430,862.84,378723000,3600238,384356408,165176930,42.975
20040503,866.11,331728000,2198149,385707494,165256019,42.845
20040504,867.48,376756000,2736036,386693763,165283955,42.743
20040506,837.68,359542000,3089180,373389660,159606783,42.745
20040507,838.74,372059000,2991683,374059785,160480077,42.902
20040510,790.68,403021000,3045886,352862422,151449001,42.92
20040511,791.02,362902000,2721005,352766596,150937640,42.787
20040512,817.09,387172000,2768650,364666242,156569817,42.935
20040513,790.13,395038000,2615437,352611588,150899205,42.795
20040514,768.46,372337000,3120561,342891796,146372937,42.688
20040517,728.98,371689000,2849786,323496855,138749742,42.891
20040518,741.99,383581000,2826780,329418251,142060985,43.125
20040519,777.95,379674000,2793652,345527184,149735978,43.336
20040520,767.79,357496000,2724153,341182687,148769561,43.604
20040521,786.36,324174000,1963322,349264023,151929247,43.5
20040524,799.64,302773000,2015460,355160659,154347347,43.458
20040525,784.06,331745000,1982923,347961139,151487906,43.536
20040527,802.46,293069000,2298770,356095069,155660610,43.713
20040528,816.51,357724000,2393117,362278053,158409587,43.726
20040531,803.84,288474000,1730946,356693539,155669258,43.642
20040601,815.77,315870000,1774134,361975183,158061680,43.666
20040602,804.39,263379000,1845240,356828878,155191385,43.492
20040603,770.06,465568000,2643799,341655180,148257016,43.394
20040604,780.74,421765000,2080841,346246298,150193011,43.378
20040607,809.45,390667000,2194896,358897547,155951206,43.453
20040608,809.31,356049000,1883781,358902902,156037006,43.476
20040609,794.53,603579000,2175283,352382116,152509431,43.28
20040610,782.3,444564000,2796937,346949719,148937219,42.928
20040611,751.53,458723000,2663487,333381639,142313333,42.688
20040614,738.79,377975000,2030115,327866996,140552299,42.869
20040615,752.1,481764000,2079415,333884688,143517296,42.984
20040616,752.34,369896000,1907477,334077711,144032017,43.113
20040617,760.09,361068000,1942525,337675232,145974145,43.229
20040618,741.73,379819000,1753548,329648002,142796577,43.318
20040621,749.3,376088000,1714745,332995427,144497740,43.393
20040622,746.48,327223000,1510035,331778419,143857486,43.36
20040623,738.93,368500000,1967997,328623361,142992518,43.513
20040624,763.13,373278000,2148573,339250685,148116387,43.66
20040625,779.03,305356000,2289630,346240845,151764304,43.832
20040628,770.95,279497000,1663426,342562789,149597747,43.67
20040629,778.72,295057000,1594572,345903461,150871505,43.617
20040630,785.79,400194000,2000796,349242094,152091220,43.549
20040701,778.03,314986000,1886694,345782554,150284152,43.462
20040702,755.42,431878000,1774282,334565970,145730232,43.558
20040705,756.72,400907000,1547774,335102352,145779437,43.503
20040706,758.47,400146000,1443420,335893668,146236843,43.537
20040707,761.88,395042000,1687826,337270622,146388733,43.404
20040708,743.64,346295000,2131941,329175966,142515237,43.295
20040709,747.46,309481000,1663406,331024892,143341232,43.302
20040712,746.27,334229000,1680759,330613952,143581572,43.429
20040713,750.95,397541000,1731220,329568302,141629364,42.974
20040714,736.57,331125000,1671750,323242294,138474151,42.839
20040715,732.74,369246000,1930798,321536210,137723220,42.833
20040716,739.39,348154000,1972850,324543607,139708427,43.048
20040719,750.4,267804000,1336819,329344624,141887236,43.082
20040720,737,334955000,1461779,323715678,139471799,43.085
20040721,753.32,422743000,1740511,330792677,142911313,43.203
20040722,742.63,435149000,1565359,326080740,140876408,43.203
20040723,737.51,337066000,1501638,334476095,140857095,42.113
20040726,736.21,307946000,1226242,333919848,140783136,42.161
20040727,738.51,368900000,1287475,334896905,146028225,43.604
20040728,744.42,420808000,1486012,337639029,147731558,43.754
20040729,730.61,326279000,1277990,331514215,144830730,43.688
20040730,735.34,288536000,1390427,333715223,146372221,43.861
20040802,719.59,282251000,1334518,326709012,143522013,43.93
20040803,726.44,301668000,1279792,329829441,145233469,44.033
20040804,729.41,283774000,1416418,331014851,145797948,44.046
20040805,743.35,394292000,1774293,341446839,149117873,43.672
20040806,733.95,312685000,1477470,337205466,147071115,43.615
20040809,742.13,274589000,1223687,340827739,148569214,43.591
20040810,748.62,338093000,1715039,343817186,149889354,43.596
20040811,753.06,378492000,1949094,345708085,151341244,43.777
20040812,766.7,321747000,1832122,351756105,153816835,43.728
20040813,776.02,372509000,2156554,355953903,155514224,43.689
20040816,773.85,307763000,1489808,354963550,154491073,43.523
20040817,771.03,302590000,1508757,353671967,153326350,43.353
20040818,773.19,332491000,1456262,354663109,154186693,43.474
20040819,788.53,383465000,1813848,361636893,157203947,43.47
20040820,787.64,295745000,1312550,361190462,156289966,43.271
20040823,787.65,255376000,1364883,361178276,156132437,43.229
20040824,792.34,267154000,1451202,363777030,156946042,43.143
20040825,803.97,262674000,1622087,369060554,159078047,43.104
20040826,810.21,285528000,1799854,371938119,159836501,42.974
20040827,810.3,307373000,1851943,372006120,159567451,42.894
20040830,805.19,333640000,1418158,369673089,159196602,43.064
20040831,803.57,346465000,1656375,368930508,158497423,42.961
20040901,817.36,345050000,1934086,375235927,161185123,42.956
20040902,823.83,394238000,2175247,378144085,162663326,43.016
20040903,820.69,398395000,2320372,376535521,160904324,42.733
20040906,824.21,357218000,1875014,378077815,161591570,42.74
20040907,818.8,436803000,1603197,375704006,160863454,42.817
20040908,815.85,391327000,1724563,374369747,160497424,42.871
20040909,821.88,452864000,3227802,377434569,162415821,43.032
20040910,836.34,354410000,2371351,384503589,166539250,43.313
20040913,851.91,396936000,2530158,391841068,170245956,43.448
20040914,851.42,439637000,2407803,391131652,169669289,43.379
20040915,850.63,429057000,2096704,390496291,169285645,43.351
20040916,855.38,434923000,2186692,392669752,170428729,43.403
20040917,848.11,317272000,2044975,389590509,168929927,43.361
20040920,856.87,332116000,2232512,393527218,170245750,43.261
20040921,857.15,358417000,2181256,393851116,170380053,43.26
20040922,835.1,362676000,2015837,383904728,166284828,43.314
20040923,829.68,378873000,1728308,381333582,165160451,43.311
20040924,832.1,335359000,1608140,382343383,165547690,43.298
20040930,835.09,290814000,1919085,383655685,165733104,43.198
20041001,846.01,296489000,1869488,388534239,168182848,43.286
20041004,880.84,358516000,2676404,404462562,175663153,43.431
20041005,884.84,368877000,2335168,406154755,176034169,43.342
20041006,887.45,391262000,2804477,407329185,176789531,43.402
20041007,885.33,344413000,2390109,406360048,176282885,43.381
20041008,881.38,458788000,3256307,404414442,175057756,43.287
20041011,881.11,370250000,2380387,404079195,174075015,43.079
20041012,858.09,373013000,3000761,393498953,168137854,42.729
20041013,856.18,319032000,2492042,392687040,167769054,42.723
20041014,846.63,267515000,2373387,388511932,165730003,42.658
20041015,841.94,288638000,2322603,386565710,164268912,42.494
20041018,848.27,296287000,2081403,389311825,165292432,42.458
20041019,855.77,322589000,2069106,393058218,167190307,42.536
20041020,828.61,385413000,2236351,380799286,162464302,42.664
20041021,820.63,325421000,2258180,377303341,160836301,42.628
20041022,828.17,272424000,1767962,380808650,162439426,42.656
20041025,808.14,274795000,1941833,371820435,158342862,42.586
20041026,813.7,260612000,1723396,374407762,159288631,42.544
20041027,809.91,303320000,1910465,372719435,158674539,42.572
20041028,833.54,280800000,2002583,383624067,163076756,42.51
20041029,834.84,248659000,1913273,384418888,163435102,42.515
20041101,835.66,221463000,1333840,384686913,163609154,42.53
20041102,846.67,272101000,1796437,389665388,165782825,42.545
20041103,861.05,255524000,2109851,396296173,168924242,42.626
20041104,851.2,267153000,1738687,391808430,166785848,42.568
20041105,860.68,277644000,2094663,395764983,168667695,42.618
20041108,846.11,269258000,1767579,389199475,165545735,42.535
20041109,844.15,342566000,1854669,388268136,164796216,42.444
20041110,860.54,291732000,2210006,395549751,167833539,42.43
20041111,861.26,290885000,2209936,395966752,168101889,42.454
20041112,876.67,298814000,2378306,403087460,171728183,42.603
20041115,882.33,266418000,1956465,405639188,173108277,42.675
20041116,876.61,300176000,1817558,402910447,171660347,42.605
20041117,885.42,279052000,1950802,406813728,173601320,42.673
20041118,875.84,345297000,2217863,402613190,172321856,42.801
20041119,867.03,360721000,1862808,398550990,170017134,42.659
20041122,849.99,247641000,1855578,390769176,166440960,42.593
20041123,860.4,285326000,1750790,395298636,168206333,42.552
20041124,872.56,317701000,1983799,400796937,170662650,42.581
20041125,872.49,257875000,1898611,400746377,170829268,42.628
20041126,858.12,310251000,2438112,394224754,167664922,42.53
20041129,865.4,315897000,2015546,397365662,168688520,42.452
20041130,878.06,333125000,2305554,403113965,171328416,42.501
20041201,876.8,316628000,1843189,402506335,170566314,42.376
20041202,884.1,335555000,2268075,405806771,172138092,42.419
20041203,882.55,331025000,2415769,405399663,171656118,42.342
20041206,870.75,280851000,1622140,400072104,169199405,42.292
20041207,861.07,336156000,1937110,395497950,166793005,42.173
20041208,871.74,346291000,2001919,400251639,168477585,42.093
20041209,861.31,268371000,2610643,395481129,165829230,41.931
20041210,844.85,259799000,2442014,387865069,162156478,41.807
20041213,844.2,239839000,1665571,387519382,161282731,41.619
20041214,849.4,277258000,1766848,390001586,163234831,41.855
20041215,868.84,311206000,2180189,399108675,167310653,41.921
20041216,873.7,325689000,2166350,401429060,168520117,41.98
20041217,875.13,446430000,3178825,402110235,168719501,41.959
20041220,884.31,359898000,1820908,406130817,170117837,41.887
20041221,882.82,350621000,1995980,405527027,170267686,41.987
20041222,883.38,325403000,2109288,405837835,170149253,41.925
20041223,876.88,272297000,1946930,402791195,168661860,41.873
20041224,879.92,283176000,1798792,404835696,169559136,41.883
20041227,876.98,229732000,1670845,403757952,169412762,41.959
20041228,878.43,307691000,1676359,404468130,170010022,42.033
20041229,884.27,257901000,1698712,407112504,170956383,41.992
20041230,895.92,248583000,1693717,412588139,173186100,41.976
20050103,893.71,252567000,1466793,411369068,173295498,42.127
20050104,886.9,331633000,1788772,408328444,172193579,42.17
20050105,885.19,343142000,2062911,406860790,171704863,42.202
20050106,871.28,394697000,2487650,401618373,169151260,42.117
20050107,870.84,294803000,1982615,401729384,169035467,42.077
20050110,874.18,275961000,1671258,403352775,169718787,42.077
20050111,884.29,364432000,2211724,407762635,171928284,42.164
20050112,880.03,321629000,2096871,405936803,171379486,42.218
20050113,885.54,290672000,2098600,408580180,172661455,42.259
20050114,905.1,356837000,3114266,417919048,177593568,42.495
20050117,923.08,416677000,3290808,426217648,181860990,42.669
20050118,920.57,432798000,2746965,425033243,181216290,42.636
20050119,916.27,415606000,2479902,423005907,180109569,42.578
20050120,909.37,467070000,2247150,419875134,178885359,42.604
20050121,919.61,463481000,2278091,424491418,180831841,42.6
20050124,923.11,527615000,2354988,426338483,181647051,42.606
20050125,915.1,486453000,2316678,422731849,180249923,42.639
20050126,927,492321000,2825530,428127673,182444650,42.615
20050127,924.87,500471000,2744179,427164488,182068041,42.622
20050128,921.59,393167000,2032280,425629930,181113339,42.552
20050131,932.7,466827000,2185135,430657652,183209423,42.542
20050201,923.69,434696000,2285611,427539246,182009472,42.571
20050202,921.44,453665000,2337752,426534042,181356642,42.519
20050203,928.79,398293000,2306375,430010283,182977967,42.552
20050204,933.55,385532000,2483456,432288990,183737963,42.504
20050207,949.19,421374000,2716950,439499547,186662773,42.472
20050211,947.23,381953000,2544311,438669405,186273263,42.463
20050214,964.79,537088000,3457610,446762308,189460995,42.408
20050215,968.88,547940000,3409356,448652746,190095871,42.37
20050216,971.56,557295000,3437838,449842810,190614894,42.374
20050217,972.56,511739000,3307017,451365255,190737720,42.258
20050218,984.1,543689000,3464134,456753181,193020499,42.259
20050221,988.71,629088000,4442839,459002111,193736335,42.208
20050222,977.8,631044000,3619331,454039608,192263866,42.345
20050223,968.43,483567000,3073717,449484397,190174681,42.31
20050224,987.1,581343000,3292994,458133259,193546452,42.247
20050225,996.95,531397000,3429888,462649231,195835768,42.329
20050228,1011.36,534145000,3699203,469423727,198787562,42.347
20050302,1007.48,721282000,4618713,467533866,196938695,42.123
20050303,1010.92,615895000,3694548,469312264,197635044,42.112
20050304,1012.96,587259000,3820318,470009666,197516652,42.024
20050307,1007.5,599485000,4024332,467472439,196677224,42.072
20050308,1000.28,588662000,3415727,464217936,195287226,42.068
20050309,1008.79,532633000,3414029,468044587,196292034,41.939
20050310,998.66,591338000,3947604,463604898,193906542,41.826
20050311,1022.79,699407000,3858483,474580843,198546578,41.836
20050314,1019.69,550421000,2913865,472995342,197753941,41.809
20050315,993.13,741326000,3832324,460965503,192678585,41.799
20050316,993.13,669646000,3391120,460964343,192755114,41.816
20050317,980.05,745031000,3174415,454968647,190538374,41.879
20050318,979.72,664842000,2853793,451563569,190556412,42.199
20050321,979.27,530874000,2499183,451392349,190682840,42.243
20050322,980.41,520612000,2308411,455124243,190698973,41.9
20050323,966.81,519675000,2360416,448979373,188652699,42.018
20050324,956.33,542355000,2658122,444335559,186881528,42.059
20050325,965.3,594106000,1728295,448506944,188491302,42.026
20050328,977.7,607947000,2050036,454264550,190692882,41.978
20050329,958.96,524503000,2176317,445707653,186984557,41.952
20050330,955.45,442964000,1985414,443965124,185640179,41.814
20050331,965.68,435277000,2027877,448728098,187854077,41.864
20050401,981.9,480856000,2439717,456295869,191110040,41.883
20050404,982.5,458761000,2019905,456635841,191522754,41.942
20050406,988,473792000,2448710,459179859,192233723,41.865
20050407,988.9,571335000,2658942,459598479,192673793,41.922
20050408,992.17,489898000,2575687,461263852,193643243,41.981
20050411,985.94,411837000,1753243,458343808,192184465,41.93
20050412,981.79,477498000,1916649,456400336,191456812,41.949
20050413,981.31,438078000,1858811,456190045,191113193,41.893
20050414,953.92,419598000,2591588,443723008,185677817,41.845
20050415,947.22,378262000,2509741,440378370,184339852,41.859
20050418,925,367619000,2172640,429823868,180317950,41.952
20050419,932.45,360814000,1982731,433166135,181346010,41.865
20050420,937.36,410506000,2243329,435369997,182272907,41.866
20050421,939.14,443311000,2198358,436275531,182280684,41.781
20050422,940.79,438261000,1864731,436229826,182538250,41.845
20050425,946.17,387340000,1600366,438665521,183397889,41.808
20050426,944.46,429942000,1783209,437911294,183241803,41.845
20050427,930.16,398222000,1785611,431454095,180469685,41.828
20050428,917.73,369839000,1940080,425699609,177736596,41.752
20050429,911.3,335607000,2189547,422639999,176434228,41.746
20050502,918.42,298907000,1353728,425890260,177808992,41.75
20050503,913.82,373033000,1587529,423721451,176900030,41.749
20050504,929.35,330702000,1837622,430922784,179889683,41.745
20050506,940.85,314695000,2196335,436330993,182450734,41.815
20050509,935.2,362534000,1912068,433709678,181563108,41.863
20050510,934.28,347689000,1785109,433311874,181498127,41.886
20050511,923.38,268607000,1681911,428359606,179486755,41.901
20050512,921.21,307792000,1677460,427416384,178967760,41.872
20050513,923.19,295679000,1852133,428408192,179400447,41.876
20050516,929.04,405543000,1818779,431327525,180672372,41.888
20050517,927.16,288217000,1664251,430576793,180587538,41.941
20050518,930.36,333346000,1832479,432117638,181274167,41.95
20050519,952.09,366589000,2417368,442039300,185387899,41.939
20050520,952.19,341238000,1733650,442054261,185413460,41.944
20050523,951.05,315715000,1451545,441540010,184926716,41.882
20050524,951.61,321241000,1672507,442410229,184746870,41.759
20050525,941.3,279809000,1899347,437585344,182539504,41.715
20050526,943.91,264524000,1513751,438676720,182619996,41.63
20050527,960.91,303151000,2087509,446477949,185646662,41.58
20050530,969.04,299302000,1651681,450298789,187168883,41.565
20050531,970.21,252372000,1775321,450819009,187102819,41.503
20050601,969.51,256650000,1736418,450522786,187136335,41.538
20050602,970.88,312312000,2083078,451180899,187599831,41.58
20050603,976.09,322968000,1982571,453562931,188550742,41.571
20050607,970.88,317561000,2089396,451031561,187491954,41.57
20050608,976.22,340328000,2495996,453340352,188004921,41.471
20050609,987.58,453825000,3187456,458607888,190058057,41.442
20050610,990.79,517839000,2722760,460481255,191001376,41.479
20050613,990.49,405793000,2142804,460380752,191335970,41.56
20050614,983.75,345840000,2071593,457287019,190304044,41.616
20050615,1001.94,402704000,2587656,465649492,193242621,41.5
20050616,1003.14,475058000,2798022,465917328,193037160,41.432
20050617,1003.68,451298000,2583256,466021748,192823462,41.376
20050620,994.65,367185000,2109708,461866194,191241188,41.406
20050621,989.99,408248000,2358511,459807535,192176319,41.795
20050622,1002.15,534744000,2860262,465570809,193331252,41.526
20050623,1010.8,449216000,2898073,469504885,194647916,41.458
20050624,1002.43,406136000,2707442,465710109,192450554,41.324
20050627,991.11,401821000,2411368,460342240,190499437,41.382
20050628,994.74,430648000,2543941,462077189,191680194,41.482
20050629,999.08,408259000,2466758,464158900,192022241,41.37
20050630,1008.16,507090000,2623452,468409554,193367261,41.282
20050701,1018.02,494732000,2743895,472922822,195427861,41.323
20050704,1021.71,552723000,2703833,474680119,195878856,41.265
20050705,1018.81,568714000,2801296,473471667,195741278,41.342
20050706,1019.01,687971000,3213445,473694882,195989362,41.375
20050707,1026.82,677408000,3046840,477566339,197950235,41.45
20050708,1021.95,614161000,2812432,475397604,197347253,41.512
20050711,1040.43,770516000,3519156,483970313,200727210,41.475
20050712,1043.88,781356000,3758871,485686424,202467908,41.687
20050713,1050.16,744616000,3065973,488777813,203898066,41.716
20050714,1061.93,599040000,3781028,494068043,206167482,41.729
20050715,1059.6,567772000,3132561,492852726,205446946,41.685
20050718,1062.43,500564000,3672159,494088326,205626480,41.617
20050719,1075.48,547713000,3523286,500247785,208090031,41.597
20050720,1074.4,967839000,4763729,499797859,208226083,41.662
20050721,1074.65,701781000,3692382,500001588,208336686,41.667
20050722,1074.22,684896000,4054525,499778131,207989154,41.616
20050725,1089.7,637547000,3149444,506680091,210391700,41.524
20050726,1090.6,695012000,3429295,507025181,210056317,41.429
20050727,1093.03,630529000,3614767,508285879,212166130,41.741
20050728,1104.72,651331000,3989178,515199709,214534202,41.641
20050729,1111.29,546000000,3584646,518356764,216475843,41.762
20050801,1115.98,501118000,3024433,520527845,217569980,41.798
20050802,1118.83,565867000,3258764,521858652,218335256,41.838
20050803,1117.11,656493000,4632346,521184778,218306929,41.887
20050804,1111.39,679075000,4011577,518573430,217697968,41.98
20050805,1089.36,556850000,3056516,508327772,213647576,42.029
20050808,1086.64,390223000,2308560,507059876,213153159,42.037
20050809,1099.77,462130000,2791367,513003126,215148533,41.939
20050810,1104.86,448547000,2998829,515406661,216193075,41.946
20050811,1123.77,438882000,3164690,524223591,219885616,41.945
20050812,1130.22,409333000,3294767,527346456,221435463,41.991
20050816,1116.93,407787000,3045229,521164023,218776369,41.978
20050817,1113.25,452668000,2961766,519537243,217926112,41.946
20050818,1092.71,439399000,3378977,509975739,213543689,41.873
20050819,1089.88,398076000,2771749,508763604,213164858,41.899
20050822,1116.68,383445000,2683860,521158717,218199181,41.868
20050823,1115.84,367014000,3897650,520920771,217918531,41.833
20050824,1094.21,339738000,3178908,510954899,213452720,41.775
20050825,1097.29,337856000,2904164,512360975,213955882,41.759
20050826,1086.55,385559000,2828485,507401012,211789277,41.74
20050829,1063.16,369429000,2434090,496476341,207956107,41.886
20050830,1072.61,331643000,2413191,500748657,209665957,41.87
20050831,1083.33,344646000,2335870,505714894,211622437,41.846
20050901,1106.37,401783000,3006542,516481756,216314713,41.882
20050902,1115.83,362126000,2906739,520775710,217884772,41.839
20050905,1114.5,337238000,2108265,520163300,217554932,41.824
20050906,1122.65,494878000,3188077,524154078,219472513,41.872
20050907,1142.99,414588000,3364607,533749740,223629375,41.898
20050908,1145.26,464467000,3996778,534788711,224269587,41.936
20050909,1152.5,373874000,2992695,538072839,225018278,41.819
20050912,1158.36,487838000,4328507,540985091,226333268,41.837
20050913,1158.12,379764000,3546612,541284881,227449670,42.02
20050914,1170.77,532404000,4185151,547259330,229378961,41.914
20050915,1169.59,516639000,4465165,546363414,229529447,42.01
20050916,1174.13,385977000,3517125,548396142,229812655,41.906
20050920,1190.93,422270000,4262771,556430844,232966614,41.868
20050921,1196.67,503451000,3965882,559292477,233941421,41.828
20050922,1199.97,485729000,4083894,560572992,233883993,41.722
20050923,1175.88,445853000,4085930,549196640,228546371,41.615
20050926,1206.41,400044000,3727592,563340436,234012964,41.54
20050927,1209.63,488098000,3938565,564763972,234189473,41.467
20050928,1228.57,470377000,4322683,573868601,238156219,41.5
20050929,1231.22,422839000,3993866,575077807,238170459,41.415
20050930,1221.01,403062000,4091277,570574877,235888911,41.342
20051004,1242.78,439359000,4143450,580822546,240092018,41.337
20051005,1227.4,514779000,4376058,573852969,236705930,41.249
20051006,1202.49,512654000,4279404,562394167,230942327,41.064
20051007,1201.01,498302000,4048157,561632117,229790657,40.915
20051010,1227.18,443572000,3686069,574109908,234834361,40.904
20051011,1244.27,503997000,3666459,581969411,237520785,40.813
20051012,1217.06,598664000,4729766,569366625,231683083,40.691
20051013,1193.44,615054000,5086187,558566294,225881097,40.439
20051014,1190.17,576230000,4384140,556972120,225129631,40.42
20051017,1176.36,482114000,3401092,550551135,222880033,40.483
20051018,1186.22,524463000,3768900,555137804,224964270,40.524
20051019,1153.13,564435000,3644105,539776742,218823090,40.54
20051020,1162.23,510905000,3450637,543963779,220446388,40.526
20051021,1183.48,532270000,3579213,553848082,223993246,40.443
20051024,1184.6,426324000,3021496,554449797,223696909,40.346
20051025,1181.28,447696000,3507948,552877578,223043532,40.342
20051026,1179,405832000,3241652,551978397,222717546,40.349
20051027,1166.36,445814000,4344193,546304263,221113662,40.474
20051028,1140.72,341221000,2951116,534459896,217430257,40.682
20051031,1158.11,320465000,2620827,542754770,221001155,40.718
20051101,1188.95,427220000,4243925,556782424,227847371,40.922
20051102,1208.38,328618000,3306205,565785343,231656995,40.944
20051103,1217.97,382066000,3395509,570344692,233828523,40.998
20051104,1221.98,400042000,3684470,572413492,234505415,40.968
20051107,1218.47,345055000,3060663,570984795,233580674,40.908
20051108,1226.71,411849000,3258327,574911115,235082960,40.89
20051109,1227.59,393734000,3909448,575188719,235435617,40.932
20051110,1234.43,456468000,3896411,578473012,236189146,40.83
20051111,1256.12,586758000,4525606,588741668,240535856,40.856
20051114,1257.63,458057000,3947849,589615762,240775800,40.836
20051115,1253.86,433998000,3529720,587806819,239420453,40.731
20051116,1267.16,555800000,4350666,594024029,241425569,40.642
20051117,1269.35,489646000,4037704,595166321,241554295,40.586
20051118,1272.25,559618000,4823353,596914897,243638277,40.816
20051121,1268.8,452361000,4231274,595397493,242525944,40.733
20051122,1244.5,502492000,4920946,583856000,236642036,40.531
20051123,1282.02,575406000,5924992,601334328,243160996,40.437
20051124,1291.71,556565000,5386379,605599184,244828814,40.428
20051125,1293.22,527891000,4317336,606170903,244608316,40.353
20051128,1293.74,469724000,4212822,606574668,244670688,40.336
20051129,1279.38,512446000,4380544,600109982,241751249,40.284
20051130,1297.44,493099000,5021042,608655859,244906658,40.237
20051201,1305.98,465432000,4660561,612816687,246287193,40.189
20051202,1310.12,565151000,5532519,615107936,248014095,40.32
20051205,1315.15,440624000,4242341,617614215,249015730,40.319
20051206,1321.06,534915000,4807631,620539568,250970772,40.444
20051207,1324.75,542807000,5770191,623141149,253006325,40.602
20051208,1324.2,512041000,5186753,622893554,252114019,40.475
20051209,1317.42,436782000,4171390,619716366,250011279,40.343
20051212,1333.23,462718000,4290635,629120088,253603271,40.311
20051213,1336.48,484877000,4430942,631273765,254001611,40.236
20051214,1334.27,466021000,4883418,630141464,252726330,40.106
20051215,1337.68,688576000,6184824,631588203,252785337,40.024
20051216,1321.04,621723000,4958795,623754818,249676627,40.028
20051219,1339.4,513997000,4209738,633273122,253002644,39.952
20051220,1341,523432000,4207787,634168873,253164890,39.921
20051221,1354.16,498138000,4936935,640385237,256157450,40.001
20051222,1350.87,532939000,5699823,638877224,256007789,40.072
20051223,1359.53,418650000,4591558,642930006,257664850,40.077
20051226,1367.57,382129000,3970276,649262141,259181720,39.919
20051227,1373.55,423771000,4222378,652095506,261221997,40.059
20051228,1368.16,368806000,4200715,649463261,258690777,39.831
20051229,1379.37,445933000,5354179,655074595,260074377,39.701
20060102,1389.27,396300000,4788515,659738888,260820507,39.534
20060103,1394.87,541279000,5660411,662333383,261887427,39.54
20060104,1402.11,527991000,6959164,665777294,265006163,39.804
20060105,1395.51,538071000,6899476,662470540,262877362,39.681
20060106,1412.78,587867000,6215338,670613017,265806231,39.636
20060109,1408.33,531485000,6157945,668586580,264709442,39.592
20060110,1396.29,476500000,5848502,663512534,263695021,39.742
20060111,1394.09,534599000,5340043,662525209,262462894,39.616
20060112,1402.58,447863000,5642500,666684871,264063930,39.609
20060113,1416.28,418900000,5372045,673184290,266536858,39.593
20060116,1421.79,402104000,5225619,676104634,267445571,39.557
20060117,1389.58,473737000,5602669,661067444,262367613,39.688
20060118,1352.91,567080000,6882183,643576271,255862993,39.756
20060119,1360.64,408111000,5153755,647186085,257478502,39.784
20060120,1324.78,528395000,5967918,630537298,253359506,40.182
20060123,1297.43,534802000,5761920,617220387,250643967,40.609
20060124,1326.83,540137000,5974445,630992774,256932406,40.719
20060125,1342.59,510688000,6067080,638803477,260776341,40.823
20060126,1352.75,367817000,5117291,643530727,261669002,40.661
20060127,1384.56,469535000,5385478,658605504,267682585,40.644
20060131,1399.83,406454000,5042177,666033274,271285227,40.731
20060201,1375.97,469704000,5444295,654753915,268077978,40.943
20060202,1374.44,449617000,5278882,653725985,267291783,40.887
20060203,1333.5,444565000,5193417,634220217,260004271,40.996
20060206,1341.64,378538000,4750705,638030788,261960277,41.058
20060207,1332.28,349786000,3998564,633700382,260273091,41.072
20060208,1310.99,356997000,4269537,623337228,255757370,41.03
20060209,1321.66,348014000,4540553,640056204,261259628,40.818
20060210,1335.23,356355000,4646459,646466619,263432929,40.75
20060213,1320.79,351462000,4000306,639786405,260060761,40.648
20060214,1328.21,286698000,3614864,643238433,260350340,40.475
20060215,1303.84,419995000,5536309,633059766,255775569,40.403
20060216,1314.32,312832000,4158482,638186745,257901760,40.412
20060217,1332.73,283771000,3787018,647596961,262489231,40.533
20060220,1348.25,385415000,4409582,655262240,264479301,40.362
20060221,1346.49,385044000,3730437,654280257,263530422,40.278
20060222,1340.58,363829000,4113468,651415023,262165524,40.246
20060223,1361.23,341972000,4264366,661910457,265985599,40.185
20060224,1365.82,329356000,3894248,663869067,266697880,40.173
20060227,1374.88,302259000,3303962,668046041,268271334,40.158
20060228,1371.59,296105000,3357407,666368347,266928766,40.057
20060302,1367.7,405525000,4572302,664683862,267365735,40.224
20060303,1328.95,339815000,4597180,646143817,259584873,40.174
20060306,1344.76,300003000,3565259,653763571,262346389,40.129
20060307,1316.67,297279000,3948908,640121300,256902385,40.133
20060308,1314.05,316688000,4111624,638692676,255121818,39.944
20060309,1311.21,278388000,3817859,637298201,253815865,39.827
20060310,1320.07,282770000,3274542,641680334,255465839,39.812
20060313,1338.28,317901000,3303990,650355866,259553234,39.909
20060314,1326.3,348694000,3244099,644727651,257454728,39.932
20060315,1333.98,356087000,3408518,650548499,259826124,39.94
20060316,1335.98,314017000,3132997,651802552,261082489,40.055
20060317,1341.12,277188000,2746947,654413879,261891325,40.019
20060320,1346.69,320750000,2611666,656981341,262541918,39.962
20060321,1336.65,289596000,2623402,652006554,260586601,39.967
20060322,1309.83,306299000,3412417,638881671,256006467,40.071
20060323,1312.26,333040000,3395691,640005652,257402006,40.219
20060324,1321.23,368497000,3309430,644253929,259507938,40.28
20060327,1330.34,323596000,3241472,648541462,261997034,40.398
20060328,1331.31,359739000,2943373,649104885,262374777,40.421
20060329,1332.72,388501000,2912267,649815597,262218625,40.353
20060330,1338.14,294954000,2777962,652407650,262859363,40.291
20060331,1359.6,314759000,3780237,662902500,267049715,40.285
20060403,1379.75,347087000,3867217,672805316,271235225,40.314
20060404,1385.64,392032000,4384995,676458179,273297562,40.401
20060405,1388.77,387920000,3940776,678220580,273704421,40.356
20060406,1397,425051000,4011034,682023644,275031107,40.326
20060407,1402.36,336346000,3740606,684368142,275539023,40.262
20060410,1398.29,316159000,3227210,682161243,273400686,40.079
20060411,1386.08,314823000,4251665,676292390,271713058,40.177
20060412,1383.59,294012000,3069592,674915483,270555616,40.087
20060413,1405.72,306708000,3917739,685483885,274636299,40.065
20060414,1432.72,339442000,4442574,698977019,280662152,40.153
20060417,1422.63,336628000,3432301,694145072,278600745,40.136
20060418,1427,321896000,3841569,696092518,279000842,40.081
20060419,1437.84,409369000,5355457,701518314,281528564,40.131
20060420,1434.15,368822000,4448484,699838239,280470976,40.077
20060421,1451.31,381811000,4870646,708423539,284490232,40.158
20060424,1430.94,291169000,4056670,698531589,279925555,40.073
20060425,1431.15,313969000,4235087,699041822,279770711,40.022
20060426,1451.22,312333000,3898796,708685994,283718398,40.034
20060427,1452.53,363521000,4656612,709109096,283031043,39.914
20060428,1419.73,328120000,4588169,693152414,276469271,39.886
20060502,1434.9,296678000,4840120,701123420,280545010,40.014
20060503,1435.17,301940000,4722115,700667789,279550078,39.898
20060504,1441.02,266810000,4196351,703665596,280769298,39.901
20060508,1452.23,257203000,4233417,709082567,283783340,40.021
20060509,1450.44,275914000,3993741,708213930,284231454,40.134
20060510,1451.09,270624000,3611912,708439111,284507632,40.16
20060511,1464.7,273370000,3879723,714944088,286264449,40.04
20060512,1445.2,260776000,3755880,705654732,281932996,39.953
20060515,1413.98,250685000,3936334,690651191,275570109,39.9
20060516,1382.11,285855000,4439085,675119442,269757072,39.957
20060517,1401.47,270248000,3829181,684397074,274234154,40.069
20060518,1365.15,355783000,3911213,666633613,267005549,40.053
20060519,1372.29,291358000,3482721,669934989,267367853,39.91
20060522,1338.59,244384000,3232962,653429261,260831540,39.917
20060523,1329.86,256194000,3800533,649121138,258229840,39.781
20060524,1333.38,249758000,3783932,650776663,258043461,39.652
20060525,1295.76,213557000,3235688,632316540,250557694,39.625
20060526,1322.43,235587000,3455548,644905849,255746746,39.656
20060529,1329.22,224009000,2657120,648136744,257557262,39.738
20060530,1317.7,219732000,3291972,642423590,254212034,39.571
20060601,1295.09,238046000,3379351,631569131,251936098,39.891
20060602,1309.04,248486000,3320158,638269068,255085094,39.965
20060605,1301.62,207499000,2609801,634904940,253953428,39.999
20060607,1266.84,243225000,3401199,617763377,246917059,39.97
20060608,1223.13,272299000,4102284,596694041,237232873,39.758
20060609,1235.65,230379000,3340518,602618642,238411365,39.563
20060612,1239.84,194882000,2711756,604629042,238227368,39.401
20060613,1203.86,189713000,3224018,587300647,231186990,39.364
20060614,1221.73,210748000,3276799,595886580,234199326,39.303
20060615,1219.4,196280000,2909097,594963801,233095954,39.178
20060616,1262.19,234036000,3570367,615969018,241457710,39.2
20060619,1251.67,166262000,2198739,611100441,238914211,39.096
20060620,1225.83,201142000,2753938,598504450,233815057,39.067
20060621,1227.19,188199000,2317607,599039969,233025111,38.9
20060622,1238.83,227952000,3218545,604697120,236470136,39.106
20060623,1228.62,187619000,2360778,599889895,235091054,39.189
20060626,1238.05,225967000,3374394,604501659,237566026,39.299
20060627,1247.54,196453000,2734636,609126999,239537192,39.325
20060628,1238.71,165952000,2368689,604935701,237615301,39.279
20060629,1263.02,205096000,2956218,617303275,242058235,39.212
20060630,1295.15,227000000,3686107,633158181,249156140,39.351
20060703,1294.61,181039000,2589571,634288173,248827827,39.229
20060704,1285.92,190721000,2491482,630602094,247774366,39.292
20060705,1279.85,192705000,2403154,627568887,246886734,39.34
20060706,1263.96,180430000,2482213,619870464,243582811,39.296
20060707,1273.93,191852000,2552052,624623989,245453161,39.296
20060710,1299.29,215415000,2985804,636832061,249304300,39.148
20060711,1300.44,185853000,2667766,637061684,249571606,39.175
20060712,1296.69,200706000,2959442,635207340,248558879,39.13
20060713,1285.02,186872000,2841574,629108766,245737072,39.061
20060714,1255.13,197529000,2808581,614470045,239909653,39.043
20060718,1233.42,188801000,2452594,603991934,236360318,39.133
20060719,1233.65,178604000,2234486,604079470,236060209,39.078
20060720,1273.3,212461000,2975430,623598003,243977469,39.124
20060721,1271.33,180752000,2024548,622922523,243533884,39.095
20060724,1263.35,155834000,2201290,619225642,241672248,39.028
20060725,1279.77,195200000,2591015,627298432,245233949,39.094
20060726,1279.08,152766000,2027916,627057333,245351556,39.127
20060727,1296.27,208569000,2950104,635316597,248279013,39.08
20060728,1297.07,194446000,2325582,635598326,248035949,39.024
20060731,1297.82,173375000,2642915,636260933,248869794,39.114
20060801,1287.36,186835000,2671683,631216311,246296859,39.019
20060802,1295.11,156721000,2426188,635179278,247407713,38.951
20060803,1292.05,182404000,2961819,633845439,246971921,38.964
20060804,1304.51,189520000,2487823,639814516,249064093,38.928
20060807,1289.54,161899000,2119337,632566949,246651106,38.992
20060808,1311.1,197974000,2478868,642961915,250174246,38.91
20060809,1314.93,195817000,2602338,644832724,250484078,38.845
20060810,1304.31,224418000,3031000,639817202,248332457,38.813
20060811,1292.1,226689000,2626452,633739628,245644943,38.761
20060814,1295.11,176474000,2117430,635093064,246058158,38.744
20060816,1315.61,231678000,3290640,645336995,250018051,38.742
20060817,1327.78,225535000,3554751,651541315,252468135,38.749
20060818,1331.1,192914000,3184084,653328521,253361666,38.78
20060821,1321.67,189260000,2317373,648712827,251514450,38.771
20060822,1334.96,185508000,2492080,655247511,253162777,38.636
20060823,1324.95,208087000,2407228,650243998,250920634,38.589
20060824,1315.73,192324000,2315431,645740986,248321259,38.455
20060825,1329.35,201748000,2581633,652352234,250358768,38.378
20060828,1327.89,189855000,2277726,652760333,249935061,38.289
20060829,1344.61,261284000,2879602,661006037,252911999,38.262
20060830,1341.35,257237000,2800311,659360676,251604442,38.159
20060831,1352.74,279257000,3348006,664895639,253001274,38.051
20060901,1356.67,215901000,2591019,666867687,253724912,38.047
20060904,1359.06,238693000,2585514,668051296,254614815,38.113
20060905,1361.24,235655000,2386394,669025842,255454876,38.183
20060906,1357.01,219141000,2682641,666924767,255186017,38.263
20060907,1351.17,251102000,2475844,664069188,253604808,38.19
20060908,1354.89,260044000,2460524,665807892,253357292,38.053
20060911,1334.08,248050000,2349498,655601503,249351753,38.034
20060912,1328.04,266773000,2496513,652871820,248220657,38.02
20060913,1333.13,249303000,2687673,655468729,249266424,38.029
20060914,1358.75,288840000,4056574,667931309,253196947,37.908
20060915,1361.1,342889000,2879141,669175328,253376276,37.864
20060918,1374.3,305450000,3586819,675827917,256767130,37.993
20060919,1373.95,237298000,2875096,675623343,256632002,37.984
20060920,1366.44,233743000,2939722,671887411,254315908,37.851
20060921,1366.79,237537000,3139466,671978403,253946599,37.791
20060922,1348.38,250125000,3413739,662910605,250441996,37.779
20060925,1355.21,201957000,2664602,666211721,251171280,37.701
20060926,1343.97,241627000,2647399,660865856,249280190,37.72
20060927,1360.03,242744000,3141482,668774457,252600740,37.771
20060928,1371.43,228240000,3096166,674370565,254281884,37.707
20060929,1371.41,248282000,2675839,674270132,253873988,37.652
20061002,1374.22,231198000,2357217,675702304,254266945,37.63
20061004,1352,223066000,2940362,664927740,250378786,37.655
20061009,1319.4,400256000,4537950,648855686,247038429,38.073
20061010,1328.37,251540000,2766970,653142301,248654748,38.071
20061011,1325.49,198429000,2609578,651689054,248353081,38.109
20061012,1331.78,256985000,2892015,654700811,248614042,37.974
20061013,1348.6,305316000,3095741,662815978,251714374,37.977
20061016,1356.72,208576000,2849772,666705420,253410422,38.009
20061017,1351.3,308567000,2540358,664224496,252672007,38.04
20061018,1354.26,279680000,2779203,665408995,252758695,37.985
20061019,1354.06,295222000,2868667,665111271,252292007,37.932
20061020,1364.24,269190000,3186747,669856763,253215830,37.801
20061023,1364.95,240374000,2865836,670319751,252454871,37.662
20061024,1366.5,244728000,3018555,670988972,252985921,37.703
20061025,1371.43,231825000,2780044,673334724,253653833,37.671
20061026,1373.65,241700000,3015085,674463617,254224223,37.693
20061027,1369.09,205034000,3029327,672109466,253226156,37.676
20061030,1356.11,159719000,2290180,665774652,250878573,37.682
20061031,1364.55,255789000,2906935,669926046,251283064,37.509
20061101,1374.35,233252000,2910816,674719049,252333052,37.398
20061102,1383.73,218346000,2819774,679253416,253456061,37.314
20061103,1383.88,215319000,2900250,679227436,252834356,37.224
20061106,1379.19,209560000,2564545,676781518,251691383,37.189
20061107,1387.44,213063000,2963597,680973167,253668695,37.251
20061108,1380.07,197670000,2680360,677620647,252815620,37.309
20061109,1399.44,197535000,3177046,687099713,256439168,37.322
20061110,1395.73,168512000,2523006,685475050,255783196,37.315
20061113,1396.69,178608000,2542144,686260493,256392801,37.361
20061114,1407.37,205371000,3026487,691654395,258723257,37.406
20061115,1412.54,236747000,3319693,694417617,259874071,37.423
20061116,1410.75,259277000,2985556,693658509,259376003,37.392
20061117,1412.22,250383000,2633292,694245334,259407450,37.365
20061120,1402.21,232530000,2831134,689468632,258175947,37.446
20061121,1405.9,277288000,3542783,690542681,258272566,37.401
20061122,1422.54,247167000,3029281,698719549,261127984,37.372
20061123,1419.23,237548000,3115729,697030113,259877575,37.284
20061124,1421.73,314623000,3265382,698230760,259585735,37.178
20061127,1425.13,297936000,3001665,699851608,260017151,37.153
20061128,1411.47,252352000,3018734,693204802,257341324,37.123
20061129,1422.55,254274000,3555666,698620925,258764012,37.039
20061130,1432.21,252192000,3260458,703252481,260697342,37.07
20061201,1434.36,231104000,2860540,704293871,261381943,37.113
20061204,1426.46,197279000,2734387,700445706,260039414,37.125
20061205,1420.59,300827000,3847660,697560722,259049317,37.136
20061206,1413.73,237546000,2972860,693957731,258106273,37.193
20061207,1410.3,237407000,2843977,692104217,256727799,37.094
20061208,1390.43,221668000,2922813,682328741,253014718,37.081
20061211,1390.73,213260000,2258526,682385019,253311038,37.121
20061212,1376.98,195342000,2536232,675992947,251677808,37.231
20061213,1383.28,186913000,2537772,679139385,252483092,37.177
20061214,1418.38,250160000,4610445,696108371,259635382,37.298
20061215,1421.87,319548000,2961186,697706914,260082227,37.277
20061218,1433.23,244628000,2778671,703183929,262660897,37.353
20061219,1427.76,215448000,2608340,700542763,261711452,37.358
20061220,1442.28,240498000,3007920,707660085,264187949,37.333
20061221,1436.47,193026000,2626650,704793346,262982885,37.313
20061222,1437.49,218349000,2578280,705211497,262950587,37.287
20061226,1433.92,218666000,2585669,703945999,263088929,37.373
20061227,1425.1,175940000,1809361,700019219,260915036,37.273
20061228,1434.46,160604000,1968110,704587508,262273029,37.224
20070102,1435.26,147739000,2037041,705331659,263166567,37.311
20070103,1409.35,203207000,2611604,692674665,257942135,37.239
20070104,1397.29,241172000,2967081,686777867,255324168,37.177
20070105,1385.76,277292000,3394972,681185457,253247261,37.177
20070108,1370.81,177591000,2555241,673840181,250611376,37.192
20070109,1374.34,216844000,2473171,675406045,251353746,37.215
20070110,1355.79,225461000,2912102,665963580,247695196,37.194
20070111,1365.31,211751000,2689447,670446730,249419222,37.202
20070112,1388.37,213766000,3185029,682183247,254294888,37.277
20070115,1390.96,163885000,2462801,683598165,255824696,37.423
20070116,1389.71,171336000,2188877,682987635,256001322,37.483
20070117,1379.48,205373000,2674358,678010049,254587901,37.549
20070118,1383.21,181232000,2599655,679606357,255136790,37.542
20070119,1360.56,222672000,3008845,668556302,251502563,37.619
20070122,1363.41,190990000,2476833,670112630,252377300,37.662
20070123,1363.09,184015000,2417230,670109016,253046152,37.762
20070124,1383.06,197926000,2704447,679913198,256226379,37.685
20070125,1382.36,157049000,2187782,679698846,255929048,37.653
20070126,1371.33,160883000,2467215,674188867,253037523,37.532
20070129,1363.1,136329000,2253639,670015414,251783576,37.579
20070130,1370.72,161253000,2269271,673564065,253253363,37.599
20070131,1360.23,192327000,2278384,668640362,251880035,37.67
20070201,1382.9,168200000,2860275,679625076,256435737,37.732
20070202,1413.14,219152000,4169084,694714777,263143946,37.878
20070205,1417.95,181594000,3108424,696717738,263605888,37.835
20070206,1428.58,188881000,2954600,701659781,265731093,37.872
20070207,1426.29,193224000,2958774,700475046,265239802,37.866
20070208,1423.58,189043000,2855871,699033835,263835169,37.743
20070209,1427.68,227566000,2741316,701071756,265193658,37.827
20070212,1414.29,209291000,2819813,694373961,262103266,37.747
20070213,1418.44,219251000,2919644,696199130,262196602,37.661
20070214,1436.1,214653000,3580135,704870584,265482612,37.664
20070215,1443.63,216082000,3503460,708698737,268372587,37.868
20070216,1448.81,207157000,3634847,711717549,270401492,37.993
20070220,1452.96,220471000,2529606,714119794,271710975,38.048
20070221,1451.38,258240000,3206897,713416464,271662937,38.079
20070222,1465.41,310280000,3683842,720008691,274090154,38.068
20070223,1469.88,310566000,5268529,721914552,275104480,38.108
20070226,1470.03,261756000,3341189,721758563,274982719,38.099
20070227,1454.6,261582000,3138989,714194294,271960189,38.079
20070228,1417.34,324108000,4443881,696039726,264202230,37.958
20070302,1414.47,243110000,3511214,694912498,264067621,38
20070305,1376.15,232595000,3278013,676185601,256502929,37.934
20070306,1402.93,239219000,3009734,689373788,261371176,37.914
20070307,1410.95,254195000,3203548,693143969,263092236,37.956
20070308,1423.89,285796000,3363209,699407615,264837943,37.866
20070309,1423.58,227388000,3111534,699295957,265188200,37.922
20070312,1441.33,245053000,2968500,708246479,269355322,38.031
20070313,1436.05,256424000,2924575,705517281,268322440,38.032
20070314,1407.37,259289000,3030643,691470338,261901405,37.876
20070315,1426.93,254363000,2743097,700877507,265388839,37.865
20070316,1427.88,304139000,2543200,701347256,265257009,37.821
20070319,1443.39,280843000,2846251,708728658,267784144,37.784
20070320,1444.17,364484000,3390627,709234373,268216409,37.818
20070321,1442.85,342963000,3000184,708437627,268040837,37.835
20070322,1448.53,301021000,3635006,711570842,269570998,37.884
20070323,1447.38,278884000,2950808,710935643,268352920,37.746
20070326,1449.77,312613000,3118567,712138506,268117228,37.65
20070327,1453.23,259867000,3118253,713729149,268839025,37.667
20070328,1439.74,297972000,3575503,707279680,266743000,37.714
20070329,1450.95,283080000,3496141,712772672,268420110,37.659
20070330,1452.55,288432000,3313319,713293316,268770813,37.68
20070402,1459.53,303521000,3546507,716950422,269703607,37.618
20070403,1463.75,340652000,3757241,719128015,270662933,37.638
20070404,1483.41,353988000,4640824,729011043,275320382,37.766
20070405,1482.04,328412000,3255580,728556457,274688326,37.703
20070406,1484.15,313663000,3389507,729325975,274449018,37.631
20070409,1501.06,388207000,4186551,737708800,276917924,37.538
20070410,1499.16,359301000,4059585,736872218,276696216,37.55
20070411,1513.42,386765000,5266418,744151748,280269951,37.663
20070412,1525.61,360181000,4615175,749803339,281768521,37.579
20070413,1520.78,426238000,4532484,747363935,274384621,36.714
20070416,1532.04,462199000,4198011,752957414,281325289,37.363
20070417,1528.66,422556000,4524206,751297908,280746037,37.368
20070418,1534.58,352532000,4264478,754073254,281235289,37.295
20070419,1513.66,363738000,4478336,743682552,277245390,37.28
20070420,1533.08,397530000,4404627,753050264,280533859,37.253
20070423,1544.35,386979000,4914075,758438945,282281035,37.219
20070424,1556.71,393475000,5455456,764289739,283435883,37.085
20070425,1545.55,445538000,6627838,758742949,280832886,37.013
20070426,1553.13,391552000,5263926,762724512,284124805,37.251
20070427,1542.52,356441000,4571708,757414198,282801456,37.338
20070430,1542.24,315970000,3965713,757287335,282950783,37.364
20070502,1553.3,274336000,3733029,762668416,284928584,37.359
20070503,1559.86,249677000,3753858,766002456,285642978,37.29
20070504,1567.74,254508000,3935182,769854284,286464970,37.21
20070507,1584.46,434480000,5046214,778164482,288620205,37.09
20070508,1582.65,384029000,5264052,777296752,288454189,37.11
20070509,1593.42,358531000,4351880,782537489,289979760,37.056
20070510,1599.68,408579000,5542590,785464011,290823471,37.026
20070511,1603.56,373583000,4791159,787338164,291134136,36.977
20070514,1605.77,477817000,5108484,788460881,292352114,37.079
20070515,1589.37,480250000,4655422,780588920,290847810,37.26
20070516,1600.6,417084000,4448253,786362935,292177910,37.156
20070517,1615.58,450568000,4737708,793737051,293940405,37.032
20070518,1612.25,454777000,4477906,792089359,292756814,36.96
20070521,1628.2,512785000,5238884,799849009,294402859,36.807
20070522,1642.88,529315000,6465889,807518839,297910085,36.892
20070523,1646.59,447334000,5201198,809266496,298324622,36.864
20070525,1644.56,375034000,4585695,808153525,296861406,36.733
20070528,1657.91,379269000,4554530,814512143,298682658,36.67
20070529,1661.8,495105000,5677843,816191937,298228798,36.539
20070530,1662.72,488636000,6690894,816292085,296563365,36.331
20070531,1700.91,497058000,8014584,835119359,302757718,36.253
20070601,1716.24,615433000,9309098,842898549,306981705,36.42
20070604,1737.59,465229000,7880713,853448755,312328757,36.596
20070605,1742.19,488031000,6974805,855668140,312619579,36.535
20070607,1753.04,496218000,7266534,861058033,312147357,36.252
20070608,1727.28,503237000,7885837,848720278,307712650,36.256
20070611,1716.56,475878000,6993162,843532929,308142889,36.53
20070612,1729.88,431747000,6356730,850001577,309458035,36.407
20070613,1721.99,715327000,7280100,846341213,307860382,36.375
20070614,1769.18,580495000,8619540,869643602,315442409,36.273
20070615,1772.26,539961000,7955635,871116229,315138307,36.176
20070618,1806.88,613244000,8458977,888201859,319946241,36.022
20070619,1807.85,650869000,8672443,888550312,319255838,35.93
20070620,1783.79,685989000,9598454,876754309,317382628,36.2
20070621,1794.24,579501000,8649138,881833670,318186695,36.082
20070622,1770.98,531617000,7940805,870672230,313971274,36.061
20070625,1757.73,394468000,5799919,864306131,311522313,36.043
20070626,1749.55,401034000,5320364,860123472,309824165,36.021
20070627,1733.1,306932000,5255231,858668336,306822255,35.732
20070628,1751.75,282804000,4728265,867495474,308912901,35.61
20070629,1743.6,281675000,5390270,863539798,307035882,35.555
20070702,1771.35,302331000,4649067,876984895,311019361,35.465
20070703,1805.5,401957000,6992391,893667644,316669678,35.435
20070704,1838.41,417011000,7481390,909782598,321177279,35.303
20070705,1847.79,534044000,8360108,914601031,323438708,35.364
20070706,1861.01,414382000,7222092,921687915,326821526,35.459
20070709,1883.59,430588000,7122457,933302730,331833603,35.555
20070710,1894.53,406270000,6499679,938214633,333682061,35.566
20070711,1889.96,473883000,6425137,935996129,332080598,35.479
20070712,1909.75,445537000,7069439,945854542,335529594,35.474
20070713,1962.93,507569000,9444156,972432752,346013810,35.582
20070716,1949.51,519502000,7897543,965372219,341335572,35.358
20070718,1930.7,634998000,8563814,955874803,336304796,35.183
20070719,1937.9,586289000,7064338,959077634,337548430,35.195
20070720,1983.54,638754000,8173141,981677342,345210641,35.165
20070723,1993.05,538578000,8115959,986403776,346669020,35.145
20070724,1992.26,589377000,8341427,985856566,346952911,35.193
20070725,2004.22,588350000,8733848,996520178,349056508,35.028
20070726,1963.54,617007000,9324396,976275717,341408787,34.971
20070727,1883.22,517224000,9264955,936695401,326545697,34.861
20070730,1906.71,386209000,6709263,948229021,329573279,34.757
20070731,1933.27,373768000,6763413,961205968,332477803,34.59
20070801,1856.45,389622000,8152282,923182724,318577193,34.509
20070802,1853.07,371814000,6901889,921501242,316942756,34.394
20070803,1876.8,350261000,5883600,933494967,320657721,34.35
20070806,1855.05,325170000,5105465,922288882,315353950,34.193
20070807,1859.82,315654000,5157645,924748773,315291024,34.095
20070808,1903.41,381958000,6382810,946292662,321709737,33.997
20070809,1908.68,413873000,6870339,949036104,323539355,34.091
20070810,1828.49,388049000,7147241,909349573,309410262,34.025
20070813,1849.26,330052000,5038303,919549657,314233187,34.173
20070814,1817.89,405732000,5747447,904214176,310483715,34.337
20070816,1691.98,508224000,8453546,841535086,291063850,34.587
20070817,1638.07,493204000,7384078,815188117,281273799,34.504
20070820,1731.27,366720000,6100631,861307667,294732084,34.219
20070821,1736.18,458897000,5616686,864115351,295717027,34.222
20070822,1759.5,402644000,5138705,875565596,298155454,34.053
20070823,1799.72,394699000,5998596,895478946,305026271,34.063
20070824,1791.33,376031000,4943014,891322272,303034460,33.998
20070827,1803.03,366028000,5081557,896921597,304994700,34.005
20070828,1829.31,414125000,5809555,910058741,308000044,33.844
20070829,1826.19,385910000,7088009,908178142,305507839,33.64
20070830,1841.7,423271000,5933555,916037898,308603668,33.689
20070831,1873.24,360373000,6233831,932094723,313152292,33.597
20070903,1881.81,385653000,4996488,936433215,314033623,33.535
20070904,1874.74,425710000,5555059,933129786,313007929,33.544
20070905,1865.59,382864000,5721469,928713282,312005477,33.595
20070906,1888.81,447294000,5393110,939977420,315275724,33.541
20070907,1884.9,392540000,5389720,937978022,315095983,33.593
20070910,1835.87,360190000,4845629,913891169,307142955,33.608
20070911,1847.36,420500000,4876981,919635804,309396617,33.643
20070912,1813.52,433936000,5062684,902984976,304033471,33.67
20070913,1848.02,338424000,5821321,920031684,309266481,33.615
20070914,1870.02,373100000,5520770,930664143,311427549,33.463
20070917,1871.68,315811000,4392704,931362951,311155500,33.409
20070918,1838.61,403834000,4954222,915174630,305888288,33.424
20070919,1902.65,480112000,7314068,946771680,316317263,33.41
20070920,1908.97,441854000,6528880,949815806,318046599,33.485
20070921,1919.26,440059000,6278584,958785804,317508998,33.116
20070927,1945.28,394523000,7229450,971904679,323201438,33.254
20070928,1946.48,541690000,6499426,974020973,323758482,33.239
20071001,1962.67,436096000,5634609,981846480,327021349,33.307
20071002,2014.09,473922000,8245321,1007258954,338296671,33.586
20071004,2003.6,462563000,8422175,1001814167,334121502,33.352
20071005,1996.03,380390000,6684695,998143428,332367593,33.299
20071008,2012.82,504195000,7927065,1006408166,334448680,33.232
20071009,2014.13,471522000,7502359,1006836849,334420866,33.215
20071010,2041.12,368707000,7359373,1015407986,339543556,33.439
20071011,2058.85,519170000,10559757,1024157539,340189362,33.217
20071012,2026.44,456901000,9210526,1008420006,333727202,33.094
20071015,2035.39,383873000,7581267,1012677631,332919632,32.875
20071016,2005.76,548706000,10559118,997749792,326130267,32.687
20071017,1983.94,507309000,9224439,987294979,322243495,32.639
20071018,2005.09,426884000,8825587,997707725,325145784,32.589
20071019,1970.1,390278000,7486607,980662224,320659251,32.698
20071022,1903.81,354483000,7092172,948030824,310878335,32.792
20071023,1947.98,371171000,7292644,970713597,315480456,32.5
20071024,1933.36,481127000,9259530,963437067,313997108,32.591
20071025,1976.75,453612000,8222139,985029867,320123455,32.499
20071026,2028.06,438858000,9288448,1010724611,328277226,32.479
20071029,2062.92,481228000,9173176,1028026869,335395065,32.625
20071030,2052.37,402154000,7829128,1023074945,333744665,32.622
20071031,2064.85,365438000,7821071,1029274303,334429761,32.492
20071101,2063.14,401962000,8935809,1028595503,333602614,32.433
20071102,2019.34,388387000,8907541,1006894558,325444097,32.322
20071105,2015.76,300209000,7328975,1005070867,323937737,32.23
20071106,2054.24,312248000,7473607,1024273450,329341277,32.154
20071107,2043.19,339566000,8723993,1019301035,329992451,32.374
20071108,1979.56,330635000,8614072,990419276,318120375,32.12
20071109,1990.47,366607000,8905292,995772463,321192545,32.256
20071112,1923.42,312693000,7030307,963078394,312464248,32.444
20071113,1932.89,394895000,7429444,967515055,313069831,32.358
20071114,1972.58,362093000,7934954,987164610,319926154,32.409
20071115,1947.74,367679000,7999286,974610896,317930879,32.621
20071116,1926.2,304256000,6435347,963723108,312558457,32.432
20071119,1893.47,292323000,5175288,947541137,307067146,32.407
20071120,1872.24,331755000,6268519,936940517,302187123,32.253
20071121,1806.99,307454000,6427690,904570920,292276281,32.311
20071122,1799.02,306221000,6055858,900834314,292553629,32.476
20071123,1772.88,326672000,7650113,888337579,291420253,32.805
20071126,1855.33,288563000,6326426,929029187,302697606,32.582
20071127,1859.79,331824000,7422095,930944734,301702695,32.408
20071128,1834.69,323304000,6061125,918500362,298136732,32.459
20071129,1877.56,344979000,6472488,940194787,305765491,32.522
20071130,1906,337684000,6727432,953798857,308295690,32.323
20071203,1902.43,290587000,4867301,951929330,307702245,32.324
20071204,1917.83,287673000,5129420,959851680,310351428,32.333
20071205,1938.2,309591000,5358168,970192984,313441719,32.307
20071206,1953.17,338333000,6972065,978348623,317735535,32.477
20071207,1934.32,360147000,6199864,968475894,316320222,32.662
20071210,1906.42,283886000,5459373,954917208,314558502,32.941
20071211,1925.07,263918000,4873125,964132214,317680158,32.95
20071212,1927.45,313785000,5666568,965086943,317326097,32.881
20071213,1915.9,328006000,7122437,959451927,315637332,32.898
20071214,1895.05,300312000,5319505,949873433,310409980,32.679
20071217,1839.82,281982000,4812738,922762442,302247956,32.755
20071218,1861.47,276619000,5317919,933788237,303785797,32.533
20071220,1844.37,401470000,5892749,925267250,301377974,32.572
20071221,1878.32,361161000,5639884,942204458,307591087,32.646
20071224,1919.47,315755000,5188149,963201061,314598690,32.662
20071226,1906.72,260499000,3899743,956976158,312241338,32.628
20071227,1908.62,235609000,3868029,957464154,310742369,32.455
20071228,1897.13,229103000,3681544,951887392,308274475,32.386
20080102,1853.45,246844000,4535811,929958995,300685948,32.333
20080103,1852.73,252817000,4531476,929530683,299135483,32.181
20080104,1863.9,298548000,5650342,934835911,300055744,32.097
20080107,1831.14,267839000,5302579,918344610,293764412,31.988
20080108,1826.23,295929000,5354942,915733901,292482104,31.94
20080109,1844.47,277193000,5322215,924688794,294048909,31.8
20080110,1824.78,315250000,5435215,914741929,290157306,31.72
20080111,1782.27,280217000,5181568,893708736,284524600,31.836
20080114,1765.88,249056000,4592175,885769284,282796017,31.927
20080115,1746.95,295162000,5664368,876609277,280766270,32.029
20080116,1704.97,295410000,5613574,856004929,273702511,31.974
20080117,1723.55,295559000,6128137,865683639,277754169,32.085
20080118,1734.72,287435000,6028343,871145987,278044700,31.917
20080121,1683.56,285718000,5698167,845735722,270917817,32.033
20080122,1609.02,316573000,6950122,809193917,259393680,32.056
20080123,1628.42,271753000,5861792,818660542,261986604,32.002
20080124,1663,269449000,5392696,835996466,265538615,31.763
20080125,1692.41,271901000,5562384,850558752,269503102,31.685
20080128,1627.19,258522000,4545657,817846771,259033647,31.673
20080129,1637.91,274494000,5214320,823493315,262685480,31.899
20080130,1589.06,379665000,6361580,799294388,258348790,32.322
20080131,1624.68,333838000,6186676,817416239,264357486,32.341
20080201,1634.53,307770000,5138958,822238946,264757328,32.2
20080204,1690.13,332875000,6129139,850331131,272797495,32.081
20080205,1696.57,253749000,4126981,853663515,273127897,31.995
20080211,1640.67,234176000,4217969,825492115,262413886,31.789
20080212,1643.29,290868000,4202562,826684553,261477860,31.63
20080213,1631.78,318175000,4247431,820775814,259418744,31.607
20080214,1697.45,503614000,6001712,853220007,268948264,31.522
20080215,1694.77,485305000,5318170,851706878,266674077,31.311
20080218,1696.24,373768000,4429727,852284793,266603298,31.281
20080219,1720.52,362676000,4738552,864564035,269635919,31.188
20080220,1687.91,321441000,4964565,848399038,264458014,31.171
20080221,1704.36,241750000,4453433,856863656,267817624,31.256
20080222,1686.45,281283000,3852518,848188106,264099428,31.137
20080225,1709.13,299064000,4104017,859274672,267539951,31.136
20080226,1709.13,283519000,4637620,859048108,267635583,31.155
20080227,1720.89,305927000,5030290,864779818,269265985,31.137
20080228,1736.17,257261000,4459028,872467666,271022140,31.064
20080229,1711.62,315739000,4330878,860203668,266129806,30.938
20080303,1671.73,236968000,4210430,840430994,260451078,30.99
20080304,1676.18,278438000,3845330,842448053,259914866,30.852
20080305,1677.1,263472000,4086913,842978269,259059486,30.731
20080306,1697.44,359534000,5151052,853145985,261679329,30.672
20080307,1663.97,303179000,4427504,836310750,256122527,30.625
20080310,1625.17,317331000,4425144,817187339,251714255,30.803
20080311,1641.48,279547000,4752404,825466030,252735929,30.617
20080312,1658.83,325010000,5209572,834072199,255598749,30.645
20080313,1615.62,309352000,6402461,812752288,248794378,30.611
20080314,1600.26,297474000,5435652,805433975,246512834,30.606
20080317,1574.44,298577000,5420023,792775884,241715709,30.49
20080318,1588.75,242939000,4705477,799777906,243106725,30.397
20080319,1622.23,280206000,5226902,816777960,249242085,30.515
20080320,1623.39,243274000,4384859,817666466,249364250,30.497
20080321,1645.69,283793000,4495713,831337045,253236115,30.461
20080324,1655.3,257970000,3882638,835728644,254743449,30.482
20080325,1674.93,319844000,5571361,845506245,258728285,30.6
20080326,1679.67,280349000,4864200,847805935,259356720,30.592
20080327,1676.24,257784000,4411619,846317645,258378312,30.53
20080328,1701.83,350401000,5543871,860301249,262302400,30.49
20080331,1703.99,291623000,4728663,861423209,263229997,30.558
20080401,1702.25,320298000,5813395,860666530,264015882,30.676
20080402,1742.19,326394000,7298092,881021743,272773303,30.961
20080403,1763.63,253460000,5980470,891814903,276376777,30.99
20080404,1766.49,256527000,5449971,893283396,275825598,30.878
20080407,1773.56,275214000,5540634,896751653,276187489,30.799
20080408,1754.71,267176000,4837754,887237341,273324482,30.806
20080410,1764.64,214855000,5275938,892653709,275728794,30.889
20080411,1779.71,272276000,5773759,900488060,279023434,30.986
20080414,1746.71,223392000,4877628,883932782,274801258,31.088
20080415,1742.17,238398000,4876535,881357027,273386939,31.019
20080416,1758.56,286264000,5220498,889502788,274780773,30.892
20080417,1768.67,264967000,5564162,894618611,277272572,30.993
20080418,1771.9,237503000,5536859,896211088,277028259,30.911
20080421,1800.48,298807000,5752181,913142524,282137682,30.897
20080422,1787.49,346340000,6221083,906970797,280200345,30.894
20080423,1800.79,339777000,6641282,913369360,280931042,30.758
20080424,1799.34,496631000,6451788,912913571,282005439,30.891
20080425,1824.68,327353000,6561791,926014781,287923218,31.093
20080428,1823.17,371150000,6360637,925566621,289672512,31.297
20080429,1811.51,271820000,5072203,919698746,288232623,31.34
20080430,1825.47,244676000,5272479,926713124,289884122,31.281
20080502,1848.27,259527000,5795183,938329690,294104479,31.343
20080506,1859.06,303439000,5947350,943853480,295572327,31.315
20080507,1854.01,383773000,6699089,941264334,294668881,31.306
20080508,1848,319041000,6150879,938109803,291823066,31.108
20080509,1823.7,279934000,5885857,925740537,287866453,31.096
20080513,1842.8,265168000,5767154,935564377,292414039,31.255
20080514,1843.75,297575000,5827955,935939743,292608101,31.264
20080515,1885.71,414694000,7361004,957136742,300137436,31.358
20080516,1888.88,301515000,6922008,958626182,300648069,31.362
20080519,1885.37,355875000,7004095,956479550,298737468,31.233
20080520,1873.15,336234000,6289872,950143502,295637438,31.115
20080521,1847.51,315883000,6290866,937335046,291530433,31.102
20080522,1835.42,357202000,5682583,931391035,289112431,31.041
20080523,1827.94,299024000,4761833,927411917,287832282,31.036
20080526,1800.58,281722000,5343873,913247352,283221643,31.013
20080527,1825.23,260215000,4700155,925820272,287776618,31.083
20080528,1805.64,299463000,5248392,915874601,285102505,31.129
20080529,1841.22,298811000,5181901,934423196,291979453,31.247
20080530,1852.02,287533000,6235180,940190978,293435126,31.21
20080602,1847.53,234358000,4523325,937741633,292164883,31.156
20080603,1819.39,258835000,4860328,923635988,287215556,31.096
20080604,1833.81,235822000,4254416,930871544,289142702,31.062
20080605,1832.31,274929000,4966538,930274483,289257310,31.094
20080609,1808.96,249225000,4983915,918067307,284020334,30.937
20080610,1774.38,322732000,5386981,900221187,278199770,30.903
20080611,1781.67,282731000,5028151,904478630,279332348,30.883
20080612,1739.36,379674000,6840390,883193161,271572286,30.749
20080613,1747.35,401945000,5522676,887336913,273676129,30.842
20080616,1760.82,375385000,4698184,894229268,276728274,30.946
20080617,1750.71,334899000,4892560,889159594,275663084,31.003
20080618,1774.13,342972000,4364480,900911023,278853420,30.952
20080619,1740.72,401465000,4728162,883807525,272747160,30.86
20080620,1731,330873000,4305570,879048956,270742788,30.8
20080623,1715.59,303115000,3768468,871054812,267593226,30.721
20080624,1710.84,364034000,3991302,868634347,266634182,30.696
20080625,1717.79,345224000,4210212,872020971,267873654,30.719
20080626,1717.66,328692000,3978453,872201691,268624963,30.798
20080627,1684.45,285239000,4113509,855513105,262765569,30.714
20080630,1674.92,261841000,3894931,850859457,261730878,30.761
20080701,1666.46,277959000,4318271,846772750,261603743,30.894
20080702,1623.6,335909000,5327882,824920693,256132432,31.049
20080703,1606.54,351921000,5808229,816351137,253107069,31.005
20080704,1577.94,246914000,4117121,802114672,247997358,30.918
20080707,1579.72,249999000,4208797,802991837,248616621,30.961
20080708,1533.47,331933000,5349371,779590963,240994280,30.913
20080709,1519.38,328712000,5263248,772632964,238043336,30.809
20080710,1537.43,354133000,6280445,781203887,239048274,30.6
20080711,1567.51,326517000,5117432,796384253,242421012,30.44
20080715,1509.33,297779000,4684257,766897044,233877259,30.497
20080716,1507.4,296839000,4991525,765953098,232092058,30.301
20080717,1525.56,319672000,4589629,775472697,234966240,30.3
20080718,1509.99,304089000,4128068,767637476,232828190,30.33
20080721,1562.92,295880000,5139329,794462184,240696733,30.297
20080722,1561.23,252150000,3453017,793466519,240247406,30.278
20080723,1591.76,351500000,5507958,808749678,243978992,30.167
20080724,1626.14,347623000,5926496,826728281,249445548,30.173
20080725,1597.93,266594000,4371202,811854800,243745317,30.023
20080728,1598.29,252249000,3987623,811741632,242621150,29.889
20080729,1567.2,261539000,4183541,795822196,237523235,29.846
20080730,1577.7,265654000,4752330,801073784,239648147,29.916
20080731,1594.67,232963000,4212652,809806440,242824412,29.985
20080801,1573.77,231146000,3325852,799260257,240183610,30.051
20080804,1543.05,246441000,4213982,783985551,236855242,30.212
20080805,1535.54,244744000,5226027,780376919,235723145,30.206
20080806,1578.71,276596000,4666121,802332748,242473557,30.221
20080807,1564,218961000,4044978,794867262,240319181,30.234
20080808,1568.72,221266000,3784272,797513670,240701308,30.181
20080811,1581.09,254522000,4356361,803921844,242552331,30.171
20080812,1577.12,251617000,4331075,802209724,242080576,30.177
20080813,1562.72,231571000,3360004,794916036,240165524,30.213
20080814,1572.19,247586000,3722447,799612164,241356477,30.184
20080818,1567.71,260725000,3451151,797384612,241036127,30.228
20080819,1541.41,261068000,3396176,783998374,236968545,30.226
20080820,1540.71,243645000,3709483,783456247,236392963,30.173
20080821,1512.59,259494000,3847163,769157450,233031360,30.297
20080822,1496.91,226152000,3728559,761535433,230709489,30.295
20080825,1502.11,198225000,2910243,764167109,231835792,30.338
20080826,1490.25,213030000,3213437,758008402,229604871,30.291
20080827,1493.92,241509000,3858407,759725421,229991592,30.273
20080828,1474.15,216071000,3312820,749831825,226823321,30.25
20080829,1474.24,242038000,4211136,749700122,227328059,30.323
20080901,1414.43,316548000,5106880,719455884,220858144,30.698
20080902,1407.14,366876000,5428800,715849207,221375371,30.925
20080903,1426.89,366983000,5215837,725926464,221739493,30.546
20080904,1426.43,372818000,4833278,725685376,221201685,30.482
20080908,1476.65,399095000,6313084,751469292,228353550,30.388
20080909,1454.5,443668000,4771829,740147549,224919737,30.388
20080910,1464.98,421171000,5556250,745297437,225611436,30.271
20080912,1477.92,311707000,4858765,752021857,226178221,30.076
20080916,1387.75,392618000,6479675,706224418,214055242,30.31
20080917,1425.26,390217000,5686966,725233396,218076911,30.07
20080918,1392.42,413289000,5847094,708508409,211658761,29.874
20080919,1455.78,468627000,7957652,740844467,221274847,29.868
20080922,1460.34,354291000,6229514,742997478,222178794,29.903
20080923,1481.37,470330000,5194207,753684222,224344691,29.766
20080924,1495.98,498514000,5850656,760823940,225259852,29.607
20080925,1501.63,419061000,4864222,763592411,225407835,29.519
20080926,1476.33,405904000,4552620,750845352,221712557,29.528
20080929,1456.36,365861000,5387425,740925189,218437859,29.482
20080930,1448.06,412764000,5688233,736648944,216602185,29.404
20081001,1439.67,314148000,4179112,732335678,215488459,29.425
20081002,1419.65,317911000,4317405,721986277,212287390,29.403
20081006,1358.75,312327000,4955307,690782359,203936704,29.523
20081007,1366.1,349220000,4759755,694863533,205441563,29.566
20081008,1286.69,431276000,5094170,654735296,196040014,29.942
20081009,1294.89,451716000,5633367,658739399,197454837,29.975
20081010,1241.47,461227000,6401270,630972996,188470706,29.87
20081013,1288.53,384672000,5584440,654412152,193730429,29.604
20081014,1367.69,460831000,7009972,694473747,204608871,29.462
20081015,1340.28,347659000,4925858,680536775,199697060,29.344
20081016,1213.78,409054000,6167347,616472943,181481851,29.439
20081017,1180.67,420137000,6546015,599686201,175810730,29.317
20081020,1207.63,373003000,5674657,613062019,180388925,29.424
20081021,1196.1,389184000,4763294,607416247,178934052,29.458
20081022,1134.59,374836000,5250071,576358203,171070996,29.681
20081023,1049.71,401449000,5361308,533582994,159560236,29.904
20081024,938.75,443071000,5459729,477318992,144472692,30.268
20081027,946.45,540670000,5871900,481179052,148062153,30.771
20081028,999.16,649405000,6296099,507837292,153407357,30.208
20081029,968.97,763356000,8289981,492921549,148984566,30.225
20081030,1084.72,621582000,7404443,551933101,166258442,30.123
20081031,1113.06,864736000,9147264,566433342,168946822,29.826
20081103,1129.08,568239000,7181986,574505902,169779815,29.552
20081104,1153.35,603553000,6798255,586683711,173027172,29.492
20081105,1181.5,790140000,7965800,600737582,176745617,29.421
20081106,1092.22,657593000,5363568,555814753,164536333,29.603
20081107,1134.49,846302000,6929638,577266090,169078605,29.29
20081110,1152.46,717430000,7372407,585573914,170331282,29.088
20081111,1128.73,600706000,5831779,573525749,167164933,29.147
20081112,1123.86,605646000,5051810,571039249,166709012,29.194
20081113,1088.44,566726000,5351321,553412090,161842322,29.244
20081114,1088.26,440467000,5068463,552941142,160255365,28.982
20081117,1078.32,413381000,4846328,547796333,158359294,28.908
20081118,1036.16,377402000,4134769,526678266,152276028,28.913
20081119,1016.82,404552000,4218331,516906552,149660447,28.953
20081120,948.69,423966000,3956279,482681595,141117663,29.236
20081121,1003.73,602083000,5092671,510546152,147884891,28.966
20081124,970.14,464177000,4778947,493484299,143062236,28.99
20081125,983.32,486130000,5425489,500050995,145380555,29.073
20081126,1029.78,515460000,5155316,523341370,152719245,29.182
20081127,1063.48,563612000,5976227,541171960,157645974,29.13
20081128,1076.07,555242000,5186230,554118655,162765993,29.374
20081201,1058.62,627314000,4672802,544313882,158620384,29.141
20081202,1023.2,421082000,4093894,526168392,153371767,29.149
20081203,1022.67,478664000,5310365,525754643,152750524,29.054
20081204,1006.54,397371000,4438163,517591831,150599243,29.096
20081205,1028.13,398551000,3660962,528353103,153765185,29.103
20081208,1105.05,540324000,6516995,567511457,164527110,28.991
20081209,1105.84,485052000,6060196,568082446,165004316,29.046
20081210,1145.87,558853000,7528231,588556366,171412313,29.124
20081211,1154.43,576042000,8144218,592634729,172004728,29.024
20081212,1103.82,621676000,6748439,567005046,163454271,28.828
20081215,1158.19,484805000,5849009,594618520,169871059,28.568
20081216,1161.56,626357000,6817873,595970400,169650876,28.466
20081217,1169.75,647376000,6577022,600259616,172191158,28.686
20081218,1175.91,557478000,5904286,603296493,173146246,28.7
20081219,1180.97,684720000,5400812,606197214,174972885,28.864
20081222,1179.61,450367000,5340916,605644765,174397484,28.795
20081223,1144.31,434761000,4104721,587621801,168998460,28.76
20081224,1128.51,406306000,3505272,579585474,167097768,28.831
20081226,1117.86,344845000,3076675,574456974,165637458,28.834
20081229,1117.59,312065000,2614649,573686631,165295706,28.813
20081230,1124.47,357646000,3269169,576887540,165799631,28.74
20090102,1157.4,340539000,4042858,593842360,170080168,28.641
20090105,1173.57,414533000,5288247,602228321,173835741,28.865
20090106,1194.28,443954000,5608446,613176994,177339412,28.921
20090107,1228.17,568342000,7650397,630919917,183014060,29.007
20090108,1205.7,472196000,5826076,619150396,178584769,28.844
20090109,1180.96,443276000,5327934,607034179,174547699,28.754
20090112,1156.75,352580000,3896243,594714228,171518542,28.84
20090113,1167.71,381226000,4101759,600245063,172849879,28.797
20090114,1182.68,358682000,3963503,607731597,175090038,28.81
20090115,1111.34,366214000,4568341,571093331,164966267,28.886
20090116,1135.2,335548000,4084124,583466932,167777988,28.755
20090119,1150.65,370042000,4507411,591210025,169471471,28.665
20090120,1126.81,319212000,3803680,579077215,165683213,28.612
20090121,1103.61,334380000,4144729,567264285,161776468,28.519
20090122,1116.23,346702000,4281312,573584629,163821102,28.561
20090123,1093.4,268034000,3558269,561801631,159991672,28.478
20090128,1157.98,345131000,4604320,595187125,170755292,28.689
20090129,1166.56,384619000,4870816,599645941,172920733,28.837
20090130,1162.11,376959000,3974857,598105008,171649307,28.699
20090205,1177.88,463377000,5337681,606253326,174521466,28.787
20090206,1210.26,570678000,5772443,623033867,179781881,28.856
20090209,1202.69,475568000,4954038,619022631,178516186,28.838
20090210,1198.87,468386000,4152193,617077272,177094394,28.699
20090211,1190.18,469613000,4308597,612698609,174700542,28.513
20090212,1179.84,487946000,4855400,607575912,173041493,28.481
20090213,1192.44,574715000,4227990,613860266,174149651,28.37
20090216,1175.47,509327000,4164869,605296511,171417536,28.32
20090217,1127.19,546286000,4734578,580175315,164776210,28.401
20090218,1113.19,598131000,4681016,573112600,161397158,28.162
20090219,1107.1,641432000,4667829,569983399,160969299,28.241
20090220,1065.95,587333000,4145972,548608594,155456349,28.336
20090223,1099.55,395968000,3870824,565917157,160357191,28.336
20090224,1063.88,576242000,3891717,547635209,155025688,28.308
20090225,1067.08,735242000,4146760,549237914,156408986,28.477
20090226,1054.79,574940000,4141412,543054322,154871496,28.519
20090227,1063.03,498237000,3595892,547049044,155712218,28.464
20090302,1018.81,413891000,3359505,524466557,149593389,28.523
20090303,1025.57,543321000,3647463,528083927,150897649,28.575
20090304,1059.26,490749000,4215424,545331733,154830460,28.392
20090305,1058.18,509820000,4497720,544956935,155646054,28.561
20090306,1055.03,465690000,3507165,543545385,154882744,28.495
20090309,1071.73,457857000,3449672,552197406,157005237,28.433
20090310,1092.2,614037000,4886357,562541891,159903980,28.425
20090311,1127.51,574161000,5655188,580616121,165939652,28.58
20090312,1128.39,536778000,7179971,580978782,166294425,28.623
20090313,1126.03,506108000,5465135,580036651,164628401,28.382
20090316,1125.46,435916000,4429801,579696246,164456107,28.369
20090317,1163.88,726612000,5807189,599117455,169611302,28.31
20090318,1169.95,519929000,5048346,602241055,170400123,28.294
20090319,1161.81,532377000,5122310,598095537,169222833,28.294
20090320,1170.94,374533000,4228624,602961771,170116808,28.214
20090323,1199.5,461184800,4748746,617551693,174126569,28.196
20090324,1221.7,512208500,5894511,628982997,177715596,28.254
20090325,1229.02,494379700,5113577,632777657,178075714,28.142
20090326,1243.8,586546500,5894712,640477998,180571077,28.193
20090327,1237.51,701508100,7023914,637830757,181099240,28.393
20090330,1197.46,524792000,4895405,619225458,174505051,28.181
20090331,1206.26,502320200,5209424,623474823,174601968,28.005
20090401,1233.36,585473200,6459441,637331748,177989974,27.927
20090403,1283.75,617725900,7759908,663128471,185652899,27.997
20090406,1297.85,724904800,7846892,670335628,188316263,28.093
20090407,1300.1,686333700,6606537,671397293,187575851,27.938
20090408,1262.07,750807700,6718189,651804841,180934080,27.759
20090409,1316.35,932076700,9146501,679806335,188523871,27.732
20090410,1336.04,918350400,9059718,689974292,220355609,31.937
20090413,1338.26,815034200,8235528,690912332,191739054,27.752
20090414,1342.63,932094000,8321409,693182566,191934156,27.689
20090415,1333.09,806896200,8189239,688524070,191152662,27.763
20090416,1336.72,743493300,8901182,690478797,191991271,27.806
20090417,1329,789970800,8194407,686899697,192379408,28.007
20090420,1336.39,562162700,5931812,693568379,194356433,28.023
20090421,1336.81,636476300,6512056,693929920,193411656,27.872
20090422,1356.02,728669600,8591097,704111288,196043852,27.843
20090423,1368.8,745631100,8864072,710815410,198000394,27.855
20090424,1354.1,679976000,8133786,702903978,195519158,27.816
20090427,1339.83,544569900,6986028,695345113,193142253,27.776
20090428,1300.24,756892900,7661043,675101028,188490921,27.92
20090429,1338.42,598743300,5663489,694599997,193442741,27.85
20090430,1369.36,811187100,8581695,710623754,198189335,27.889
20090504,1397.92,748800600,9027467,725461302,202621683,27.93
20090506,1393.45,738454100,9875782,722473821,201210856,27.85
20090507,1401.08,769663800,9551961,726438155,202975154,27.941
20090508,1412.13,731951500,8199362,732243782,205155756,28.017
20090511,1415.16,681347700,7002352,733668229,205757613,28.045
20090512,1403.51,770481800,6639202,727788467,204020725,28.033
20090513,1414.52,713757500,7052054,733530836,205496106,28.015
20090514,1380.95,700678200,7580125,716429538,200117489,27.933
20090515,1391.73,702587900,6841053,720823280,202350290,28.072
20090518,1386.68,552155900,6063061,718481281,202538479,28.19
20090519,1428.21,767493200,7667928,739934962,209044248,28.252
20090520,1435.7,698221900,6737327,744152255,210695407,28.313
20090521,1421.65,867107500,7892350,737168373,208965276,28.347
20090522,1403.75,675426300,7855507,728403789,205795009,28.253
20090525,1400.9,823952900,8620084,726844630,204974988,28.201
20090526,1372.04,655665100,7955559,711787704,200591533,28.181
20090527,1362.02,776681400,8113159,706821784,199997056,28.295
20090528,1392.17,633956500,7101962,722599084,205757141,28.475
20090529,1395.89,540485800,6977804,725319049,207248573,28.573
20090601,1415.1,552562500,6291163,735197712,210093399,28.576
20090602,1412.85,684257700,8070943,733918358,209722860,28.576
20090603,1414.89,728122800,7322107,734886793,209242324,28.473
20090604,1378.14,579344100,6920046,715870937,204357071,28.547
20090605,1394.71,509057200,5953244,724340582,206921334,28.567
20090608,1393.3,513520800,5414697,723669667,207259151,28.64
20090609,1371.84,477660500,5881646,712746523,204673531,28.716
20090610,1414.88,497178100,6038217,734890168,212118430,28.864
20090611,1419.39,483720800,6986516,737304091,213209766,28.917
20090612,1428.59,506644100,5346045,742445803,215056208,28.966
20090615,1412.42,432792700,4974111,734250422,210783040,28.707
20090616,1399.15,472602400,4600343,727334507,210966726,29.005
20090617,1391.17,453702000,4621989,723450779,210000281,29.028
20090618,1375.76,496913300,4493111,715388937,207276921,28.974
20090619,1383.34,468025000,4310843,719468026,208755524,29.015
20090622,1399.71,400402000,4220761,727930099,211688849,29.081
20090623,1360.54,497743500,4923238,703851744,206070179,29.277
20090624,1363.79,430907900,4536358,705565406,206447979,29.26
20090625,1392.73,446367600,5209098,720744272,210997397,29.275
20090626,1394.53,423778400,4809359,721830766,212269598,29.407
20090629,1388.45,422596100,4013845,718684445,211834360,29.475
20090630,1390.07,469822600,4796283,719581624,212122836,29.479
20090701,1411.66,503631300,5201830,730544046,216407348,29.623
20090702,1411.48,462973200,4749064,730543360,216684600,29.661
20090703,1420.04,397389900,4122235,734891825,217638102,29.615
20090706,1428.94,379954200,4543073,739965997,219625906,29.681
20090707,1434.2,450993800,5003087,742805367,220558609,29.693
20090708,1431.02,433376800,5067831,741069149,220143778,29.706
20090709,1430.89,434387600,5690636,741143228,220894640,29.805
20090710,1428.62,454719700,4717518,740406554,221004332,29.849
20090713,1378.12,444111200,4999867,714500737,213789764,29.922
20090714,1385.56,425361200,5012902,718527553,215718597,30.022
20090715,1420.86,396396800,5266470,736933987,222225949,30.155
20090716,1432.22,422376100,5528662,743251038,224777163,30.242
20090720,1478.51,503935800,6262729,767203535,231806542,30.214
20090721,1488.99,513086000,6712072,772991460,234188206,30.296
20090722,1494.04,505954600,6068660,775895360,235486994,30.35
20090723,1496.49,633991000,6540063,777250493,236077048,30.373
20090724,1502.59,531090100,6438082,779840404,236812818,30.367
20090727,1524.05,503200600,6890732,790958858,240842447,30.449
20090728,1526.03,429650500,5581754,791730654,241841904,30.546
20090729,1524.32,485145400,6188131,790917701,242165399,30.618
20090730,1534.74,430333000,5561753,796216835,244591333,30.719
20090731,1557.29,465617500,7339860,807944224,248911677,30.808
20090803,1564.98,489082600,6902167,812848131,249585729,30.705
20090804,1566.37,588371100,8227120,813687174,250520859,30.788
20090805,1559.47,492850800,6045681,809949941,249871236,30.85
20090806,1565.04,490956800,6125459,813000532,250585079,30.822
20090807,1576,476454500,5714208,818502517,251875182,30.773
20090810,1576.11,489758300,5688568,818452981,251607890,30.742
20090811,1579.21,571131200,6328272,820058771,251646687,30.686
20090812,1565.35,506963000,6668906,812851504,248230333,30.538
20090813,1564.64,560280900,7651808,812657978,248183346,30.54
20090814,1591.41,604446800,6821086,826665957,254200348,30.75
20090817,1547.06,593837300,6818650,803852641,247142878,30.745
20090818,1550.24,597370200,6504409,806251065,248333493,30.801
20090819,1545.96,520724000,6777298,804343160,248612789,30.909
20090820,1576.39,454188200,6221180,819862613,253357904,30.902
20090821,1580.98,513140300,8151357,822563694,255221708,31.028
20090824,1612.22,540196300,8851343,839281844,260940909,31.091
20090825,1601.38,460173600,7650819,833964476,259205382,31.081
20090826,1614.12,450309200,6415659,840055007,260838629,31.05
20090827,1599.33,425514700,6227002,832235400,258801785,31.097
20090828,1607.94,454576500,7455768,836988597,260121090,31.078
20090831,1591.85,442821300,6515328,829216193,257846158,31.095
20090901,1623.06,443445700,7103273,845466425,263237801,31.135
20090902,1613.16,560416600,8026301,840135097,261174617,31.087
20090903,1613.53,491547700,7110735,839760292,261299314,31.116
20090904,1608.9,593825600,7128075,838858925,261127294,31.129
20090907,1608.57,410377900,5816021,838912625,260726750,31.079
20090908,1619.69,522355600,7467463,844475740,262328987,31.064
20090909,1607.77,516610600,7534755,838189858,260840229,31.119
20090910,1644.68,580098400,9081794,857189750,267080336,31.158
20090911,1651.7,512628700,7603718,861097974,269549564,31.303
20090914,1634.91,428268300,6765681,852397463,267094300,31.334
20090915,1653.4,548197700,7554770,862019856,271087468,31.448
20090916,1683.33,567191400,8866423,877526525,277611102,31.636
20090917,1695.47,526690800,9140779,883843147,280191649,31.702
20090918,1699.71,499340300,8759409,885778140,281198209,31.746
20090921,1695.5,516834500,5521114,883514730,280561230,31.755
20090922,1718.88,447552200,6991171,895710900,285309802,31.853
20090923,1711.47,502581500,7675804,892033672,284838942,31.931
20090924,1693.88,420663300,7592090,883019170,282088820,31.946
20090925,1691.48,391167100,7549119,881789931,280838860,31.849
20090928,1675.55,350988300,6551522,873518819,278046538,31.831
20090929,1690.05,343337700,6764436,881208927,281357017,31.929
20090930,1673.14,369459700,7958293,872427037,280575868,32.16
20091001,1644.63,336775200,7021248,857216763,275856018,32.18
20091005,1606.9,318643600,7101340,838038077,268196811,32.003
20091006,1598.44,389825400,6224948,833467496,266083901,31.925
20091007,1598,409927500,6710923,832769102,265878644,31.927
20091008,1615.46,376366000,6690222,843433554,267852674,31.757
20091009,1646.79,439625000,6000808,859708157,274430719,31.921
20091012,1639.81,412572100,4834742,856205675,272641505,31.843
20091013,1628.93,418254900,5400857,850736666,271913819,31.962
20091014,1649.09,410158800,5101540,861416209,275940964,32.033
20091015,1658.99,372684000,5941136,866449778,278573291,32.151
20091016,1640.36,370210800,5819849,856545950,275946124,32.216
20091019,1649.07,278196100,4890759,862795888,277349014,32.145
20091020,1659.15,401146600,4830211,868034372,278794555,32.118
20091021,1653.86,365342800,5288959,865477596,278000577,32.121
20091022,1630.33,386002800,4925134,853296581,273663605,32.071
20091023,1640.17,330172900,4942881,858671170,276001249,32.143
20091026,1657.11,313332700,4764057,867435611,279891769,32.267
20091027,1649.53,334192200,5144625,863600088,278996627,32.306
20091028,1609.71,363335600,5336863,843010402,272605901,32.337
20091029,1585.85,371703200,5704154,830793350,268000260,32.258
20091030,1580.69,272068000,4826718,828219484,267193593,32.261
20091102,1559.09,288543500,4400295,816697847,264073065,32.334
20091103,1549.92,273877100,3635412,811796164,262656500,32.355
20091104,1579.93,266731400,3778162,827356006,267519452,32.334
20091105,1552.24,203567400,3362963,812993264,263322724,32.389
20091106,1572.46,253848100,3698283,823437873,267042878,32.43
20091109,1576.79,242396500,3426604,825877876,267998134,32.45
20091110,1582.3,276512400,3890933,828727205,269689436,32.543
20091111,1594.82,262915700,3249778,837350408,272271820,32.516
20091113,1571.99,259141500,4188858,825263786,268071586,32.483
20091116,1592.47,244417900,4005202,835932047,271741852,32.508
20091117,1585.98,294736900,4911263,832669428,271135458,32.562
20091118,1603.97,279006400,5191041,842246766,275057356,32.658
20091119,1620.54,277486900,4764461,851916289,278611076,32.704
20091120,1620.6,255151500,3644310,851993024,278234194,32.657
20091123,1619.05,254088000,3441029,851224447,278463704,32.713
20091124,1606.42,395113600,4880605,844587253,276457893,32.733
20091125,1611.88,284270700,3474705,847538738,277166730,32.703
20091126,1599.52,280587700,4127486,841265402,274976915,32.686
20091127,1524.5,388090100,5482650,801849318,261980036,32.672
20091130,1555.6,308192300,4559165,818457877,267496666,32.683
20091201,1569.72,302517500,4561466,825718127,270543657,32.765
20091202,1591.63,328083100,4818569,837164039,274616303,32.803
20091203,1615,277323200,4395448,849476442,278423382,32.776
20091204,1624.76,280343800,4520820,854456978,280146040,32.786
20091207,1632.65,265702700,3928747,858781175,281855073,32.82
20091208,1627.78,354276100,3587907,856517810,281354150,32.849
20091209,1634.17,353412700,4592790,860153558,282182452,32.806
20091210,1652.73,468864000,7729409,869820994,286340427,32.919
20091211,1656.9,437683600,5446864,872113905,286111134,32.807
20091214,1664.77,410675300,5083662,877284588,287215636,32.739
20091215,1665.85,363925700,5044595,878009987,287598299,32.756
20091216,1664.24,369163000,4653135,877160321,286916264,32.71
20091217,1647.84,375800800,4320602,868846468,283602015,32.641
20091218,1647.04,263433500,4012383,868092087,282603864,32.555
20091221,1644.23,285097300,3852530,866694272,282084937,32.547
20091222,1655.54,471013000,3779170,872754520,284404392,32.587
20091223,1661.35,370585900,4019096,875878949,285954123,32.648
20091224,1682.34,329668400,4858160,886951947,289697327,32.662
20091228,1685.59,387992600,5815233,888640543,289716799,32.602
20091229,1672.48,312271300,4149744,881765020,287265244,32.578
20091230,1682.77,326034100,4282374,887315953,289724002,32.652
20100104,1696.14,295646900,4358418,894123953,291592233,32.612
20100105,1690.62,407629200,6821590,891277501,291426498,32.698
20100106,1705.32,425407100,6386635,899021709,294005441,32.703
20100107,1683.45,461562000,7493146,887503216,289139749,32.579
20100108,1695.26,379138400,6960330,893475023,290361850,32.498
20100111,1694.12,405115900,6933092,892444156,289448654,32.433
20100112,1698.64,382863900,5323399,895101727,290827463,32.491
20100113,1671.41,360836100,5277928,880791494,285856473,32.454
20100114,1685.77,433117500,6215717,888456341,288052438,32.422
20100115,1701.8,414856400,6477859,896580376,290665739,32.419
20100118,1711.78,419934900,6328654,901792361,291434029,32.317
20100119,1710.22,383079700,5690158,901222282,291128334,32.304
20100120,1714.38,694874500,7283258,903567688,292922206,32.418
20100121,1722.01,542570900,5796623,907825784,294831954,32.477
20100122,1684.35,614237200,6689880,888124431,287148107,32.332
20100125,1670.2,584195600,5832932,880900987,286255325,32.496
20100126,1637.34,576331600,6109983,863567774,280679710,32.502
20100127,1625.48,446127300,5757833,857116558,277880166,32.42
20100128,1642.43,478791000,5466706,867143104,281504158,32.463
20100129,1602.43,473356600,5724933,847535008,275312175,32.484
20100201,1606.44,381732400,5105694,849327489,275273144,32.411
20100202,1595.81,434116900,5002556,843999994,273886076,32.451
20100203,1615.02,437339000,4453095,854014041,276969009,32.431
20100204,1616.42,396388400,4090517,854716909,276537813,32.354
20100205,1567.12,460102000,4935752,828691196,267304940,32.256
20100208,1552.79,444931500,4176708,821424943,265175167,32.282
20100209,1570.49,433305100,4304480,830518158,268500927,32.329
20100210,1570.12,435672600,4181024,830306769,268320025,32.316
20100211,1597.81,393057400,4399197,844983341,272865823,32.292
20100212,1593.66,291823600,4237603,843183664,271547541,32.205
20100216,1601.05,275008700,2729828,847041703,272707633,32.195
20100217,1627.43,383250600,4102924,860836296,278094433,32.305
20100218,1621.19,313664500,3279849,857529243,277022404,32.305
20100219,1593.9,345317000,3773189,843271755,272318078,32.293
20100222,1627.1,306731600,3450451,860684716,278210506,32.324
20100223,1628.9,351601500,3517249,861340823,278009395,32.276
20100224,1612.83,389972200,3887565,852843982,274135988,32.144
20100225,1587.51,402736300,4001652,839435839,269402695,32.093
20100226,1594.58,331106200,3197100,843464577,270657922,32.089
20100302,1615.12,414637200,4190813,854403659,275654451,32.263
20100303,1622.44,403092700,3290127,858202179,276670839,32.238
20100304,1618.2,382598900,3305752,855889366,276153652,32.265
20100305,1634.57,343852700,3451049,864477113,278761489,32.246
20100308,1660.04,367328300,4862667,877752622,283795612,32.332
20100309,1660.83,634374200,4556317,878064371,284047906,32.349
20100310,1662.24,499727400,3942967,878841720,284030216,32.319
20100311,1656.62,527077900,4791917,875841804,282915430,32.302
20100312,1662.74,368687700,3772684,878990661,283722130,32.278
20100315,1649.5,343218200,3421870,872227927,281305429,32.251
20100316,1648.01,512106600,5002024,871576923,281327445,32.278
20100317,1682.86,605256800,5769167,897653521,289352340,32.234
20100318,1675.17,433612200,4793023,893708398,287867961,32.211
20100319,1686.11,440300900,4275830,899520483,290089085,32.249
20100322,1672.67,346536200,3831699,892328460,287521570,32.221
20100323,1681.82,413438400,4767471,897277008,289806606,32.298
20100324,1681.01,370070200,4530081,897027416,290603594,32.396
20100325,1688.39,388317200,4551450,901036956,292086157,32.417
20100326,1697.72,396750100,4162002,906031456,293773610,32.424
20100329,1691.99,338926100,4202439,903062826,293240489,32.472
20100330,1700.19,319722300,4813573,907413646,294840432,32.492
20100331,1692.85,327244600,4841858,903318122,293421590,32.483
20100401,1719.17,295875100,5995618,918151093,299274428,32.595
20100402,1723.49,353324500,6343535,920676291,301790057,32.779
20100405,1724.99,423248800,5660818,921881713,303787635,32.953
20100406,1726.09,419574500,4865843,922537145,304035904,32.956
20100407,1726.6,399267500,5651781,922695236,303937169,32.94
20100408,1733.78,361783300,4739885,926410501,305416359,32.968
20100409,1724.47,451770800,6125089,921322841,303939708,32.989
20100412,1710.3,415229800,5908030,913186773,300629135,32.921
20100413,1710.59,368225100,4444244,913417745,300887414,32.941
20100414,1735.33,431054500,5798543,925574331,305865785,33.046
20100415,1743.91,464288300,6929859,930108174,307929276,33.107
20100416,1734.49,380744200,5090269,925214889,306331892,33.109
20100419,1705.3,367193300,4386709,909732736,300751932,33.059
20100420,1718.03,521615000,4987709,916549293,302664539,33.022
20100421,1747.58,532755600,6072147,932317372,308217706,33.059
20100423,1737.03,460343800,5530545,926580852,306033641,33.028
20100426,1752.2,419676200,5247659,934665028,308998618,33.06
20100427,1749.55,432140300,5536851,933227619,308417848,33.049
20100428,1733.91,398710700,6535802,925110989,305436807,33.016
20100429,1728.42,443750100,6556925,924177835,305042048,33.007
20100430,1741.56,411357400,6699093,931171886,307928020,33.069
20100503,1721.21,413618800,5507782,920610743,304340593,33.059
20100504,1718.75,380685500,5362886,919475323,303976363,33.06
20100506,1684.71,448144800,6358161,901350658,297144996,32.967
20100507,1647.5,455489800,7455055,881687892,288965130,32.774
20100510,1677.63,382520600,5558738,897520484,293202362,32.668
20100511,1670.24,455053600,6500240,893427243,290771795,32.546
20100512,1663.03,451180600,7300295,912718965,291483921,31.936
20100513,1694.58,397960200,6022512,930051585,297651003,32.004
20100514,1695.63,432253900,6904778,930907209,297587252,31.967
20100518,1643.24,491785400,6816641,902379536,287783773,31.892
20100519,1630.08,416970800,6755204,897386123,284944033,31.753
20100520,1600.18,357614200,6557145,881052014,280289800,31.813
20100524,1604.93,269914500,4793061,883774465,282041516,31.913
20100525,1560.83,474335100,6841609,859362243,274105767,31.896
20100526,1582.12,357684300,6574230,870839956,275999425,31.693
20100528,1622.78,313573700,5960797,893472698,283619660,31.744
20100531,1641.25,297791300,4419262,903670778,286693966,31.725
20100601,1630.4,313361300,4894876,897650429,284691324,31.715
20100603,1661.84,308018900,5175127,914917298,291294249,31.838
20100604,1664.13,285313500,5132985,916426804,292114255,31.875
20100607,1637.97,300208400,4868112,902253496,287131151,31.824
20100608,1651.48,279797400,4993537,909455912,288828006,31.758
20100609,1647.22,314496500,5471835,906865940,287605682,31.714
20100610,1651.7,305753600,5406321,909579289,287904353,31.652
20100611,1675.34,366912000,5382007,922950747,293262412,31.774
20100614,1690.6,372130200,4722445,931518875,296535118,31.834
20100615,1690.03,346430500,4701740,931233147,295844963,31.769
20100617,1707.92,368499000,5588000,941059945,299033093,31.776
20100618,1711.95,292889300,4547788,943066660,299768562,31.787
20100621,1739.68,390583400,5980480,958127653,304875647,31.82
20100622,1731.48,402689400,5296813,953256354,302685777,31.753
20100623,1725.82,370819100,5001618,950084342,301165178,31.699
20100624,1739.87,313038600,4439194,957794556,303618412,31.7
20100625,1729.84,302689800,4691061,952395270,301129208,31.618
20100628,1732.03,346507900,4031120,953579183,300840183,31.549
20100629,1707.76,380279700,4954507,940264565,297310105,31.62
20100630,1698.29,340690600,5394578,935839174,294334143,31.451
20100701,1686.24,327216600,5827225,928896279,290617894,31.286
20100702,1671.82,344512500,5543226,921315405,288981896,31.366
20100705,1675.37,354947600,4173544,923498236,289958463,31.398
20100706,1684.94,334048700,4884710,928990474,291756127,31.406
20100707,1675.65,343823600,4616716,923361036,288935842,31.292
20100708,1698.64,329751800,5108292,935995806,293322282,31.338
20100709,1723.01,470955600,5576696,949588110,298904962,31.477
20100712,1734.05,345127600,4671309,956009472,300976144,31.483
20100713,1735.08,411521300,5666212,956570518,301261755,31.494
20100714,1758.01,533591700,8072638,969438205,305887836,31.553
20100715,1751.29,392395900,5568026,965892381,305172401,31.595
20100716,1738.45,375905300,6029104,958780540,302550171,31.556
20100719,1731.95,281781400,4548219,955091616,300700519,31.484
20100720,1736.77,307546700,4871763,958099506,301757610,31.495
20100721,1748.78,374656700,5846817,964821535,304610622,31.572
20100722,1735.53,403544900,7167669,957260216,302136679,31.563
20100723,1758.06,371643900,7029116,969682364,307134181,31.674
20100726,1769.07,319881400,5160811,976061423,309210488,31.679
20100727,1768.31,360953300,5841306,975991976,310261054,31.789
20100728,1773.47,325415600,5260412,978914113,311718332,31.843
20100729,1770.88,348207600,5437393,977500360,311673841,31.885
20100730,1759.33,370550200,5338654,972231436,308996266,31.782
20100802,1782.27,332571800,5817305,984961773,312673573,31.745
20100803,1790.6,348647600,5608540,989598528,314475338,31.778
20100804,1789.26,334369300,5778203,989042124,314050592,31.753
20100805,1783.86,337498600,6246222,985761568,312905061,31.742
20100806,1783.83,335895700,5688011,985423163,312416660,31.704
20100809,1790.17,290440000,4131984,988803336,313398001,31.695
20100810,1781.13,300680100,4963182,983981582,311443756,31.651
20100811,1758.19,380018600,5456949,971468520,307937356,31.698
20100812,1721.75,359500600,5412342,951648604,300550363,31.582
20100813,1746.24,277940700,4469639,965323197,304137173,31.506
20100816,1743.31,314193300,4183765,963810656,302877770,31.425
20100817,1755.03,426381000,4543155,970105476,304295363,31.367
20100818,1761.99,371124400,5019492,973985132,305396315,31.355
20100819,1779.64,344491500,5246822,983628986,309546353,31.47
20100820,1775.54,361151300,5123919,981266618,308595637,31.449
20100823,1767.71,329840000,5310644,976963040,307399877,31.465
20100824,1760.53,401000500,5149302,973065876,306829156,31.532
20100825,1734.79,344919300,4769914,958734500,302555827,31.558
20100826,1729.76,302187100,4634217,956026604,301918218,31.581
20100827,1729.56,244664200,4085364,956114332,301608603,31.545
20100830,1760.13,246483700,3953875,972687809,306839197,31.545
20100831,1742.75,287979700,5071438,963306847,303429411,31.499
20100901,1764.69,302391000,5853290,975385603,306596007,31.433
20100902,1775.73,291044500,5675895,981373527,307756750,31.36
20100903,1780.02,310300600,6049072,983539381,308600854,31.377
20100906,1792.42,327047800,5452905,990313500,311487346,31.453
20100907,1787.74,315148000,4825687,987813557,311779605,31.563
20100908,1779.22,321035800,4994016,983186624,309521554,31.481
20100909,1784.36,366002600,6081518,986059035,309472068,31.385
20100910,1802.58,339152100,5579860,996045634,313250237,31.449
20100913,1818.86,385407400,6855988,1006479703,317053329,31.501
20100914,1815.25,385847400,6868039,1004439393,317462691,31.606
20100915,1823.88,338146900,6651301,1009146642,319048479,31.616
20100916,1811.85,335567500,5959445,1002674954,316971747,31.613
20100917,1827.35,316493500,6824819,1011264194,320068166,31.65
20100920,1832.63,242234900,4214759,1014337335,321429076,31.689
20100924,1846.6,273657900,5669103,1022021999,323319443,31.635
20100927,1860.83,383129800,7001056,1029791676,324610154,31.522
20100928,1855.97,355903800,6434849,1027539213,323031509,31.437
20100929,1866.45,358909400,7329385,1033344552,325706084,31.52
20100930,1872.81,352017600,6284104,1036965839,327071467,31.541
20101001,1876.73,363710000,6897215,1039389368,329405615,31.692
20101004,1879.29,390569600,7240509,1041108564,331332966,31.825
20101005,1878.94,339861300,6415934,1040968779,332091142,31.902
20101006,1903.95,390666600,7689565,1054982265,337050899,31.948
20101007,1900.85,397617000,7611572,1053078604,335418681,31.851
20101008,1897.07,372880400,7112531,1050860458,334462711,31.828
20101011,1889.91,340220100,6177271,1046763110,333802686,31.889
20101012,1868.04,314695500,5921578,1034462381,329323173,31.835
20101014,1899.76,374221300,7568970,1052226022,333644085,31.708
20101015,1902.29,368523000,6374100,1053818786,334131703,31.707
20101018,1875.42,371460300,5666453,1039255802,329042227,31.661
20101019,1857.32,426029400,5782562,1029488176,325908928,31.657
20101020,1870.44,364665400,5907892,1036825245,328053226,31.64
20101021,1874.69,412018400,7171524,1039561959,329201582,31.667
20101022,1897.31,346311700,5937140,1052051493,333918997,31.74
20101025,1915.71,405398200,6593475,1062173119,336941599,31.722
20101026,1919.41,349936200,6557557,1064266501,337226322,31.686
20101027,1909.54,391530900,6820638,1058721089,335212651,31.662
20101028,1907.87,347505000,5590486,1057899258,335241748,31.689
20101029,1882.95,374510400,6052264,1044149789,330470915,31.65
20101101,1914.74,339908900,6037704,1061626101,336020914,31.652
20101102,1918.04,338434100,6474853,1063327349,336512150,31.647
20101104,1942.5,318909200,6399957,1077224766,341908492,31.74
20101105,1938.96,398153200,7944211,1075517564,343052122,31.896
20101108,1942.41,306768200,5468524,1077567971,343845379,31.909
20101109,1947.46,290756900,6114890,1080229056,344074718,31.852
20101110,1967.85,339364800,6384378,1091714024,348699260,31.941
20101111,1914.73,364326300,9563656,1062845753,336737845,31.683
20101112,1913.12,447409200,9330818,1061925319,339238972,31.946
20101115,1913.81,293609500,6082577,1062406157,341171518,32.113
20101116,1899.13,330420100,7001819,1054557877,340124557,32.253
20101117,1897.11,285837200,5797986,1053411877,338724042,32.155
20101118,1927.86,268652500,5709142,1070329570,343210709,32.066
20101122,1944.34,325944900,7435208,1079944027,347147469,32.145
20101123,1928.94,374868700,7416800,1071545875,344784523,32.176
20101124,1925.98,448984100,8107389,1070001489,345812251,32.319
20101125,1927.68,321727600,5719962,1070889102,345807031,32.292
20101126,1901.8,459017600,5826496,1056641974,342009716,32.368
20101129,1895.54,297507000,4596558,1053026059,341138240,32.396
20101130,1904.63,428355800,6092340,1057712612,341377043,32.275
20101201,1929.32,331452600,4981079,1071385934,345517252,32.25
20101202,1950.26,431649200,5873918,1083532183,350777071,32.373
20101203,1957.26,434478100,6885400,1087507305,354376311,32.586
20101206,1953.64,456179900,5493488,1085439807,354187528,32.631
20101207,1962.52,635500400,6282703,1090354791,355905207,32.641
20101208,1955.72,491199500,5481525,1086679920,354535233,32.626
20101209,1988.96,446359700,7003791,1105049372,361383686,32.703
20101210,1986.14,371568700,5575865,1103365310,360089145,32.636
20101213,1996.59,382598000,5155475,1109115800,362790391,32.71
20101214,2009.05,394473200,6469355,1117348874,365462897,32.708
20101215,2017.48,488517300,6679969,1121994873,366730021,32.686
20101216,2009.24,360727900,5460581,1117282021,365033797,32.672
20101217,2026.3,501412400,6895213,1126954726,369316861,32.771
20101220,2020.28,407278900,7194185,1123748005,369778599,32.906
20101221,2037.09,368666100,7384617,1132854865,371704648,32.811
20101222,2038.11,332363700,6192730,1133490658,373041426,32.911
20101223,2037.53,339010100,5228519,1133619131,373625387,32.959
20101224,2029.6,316155000,5430161,1129407137,372170454,32.953
20101227,2022.19,279126500,5375364,1125650038,371046417,32.963
20101228,2033.32,357317900,6031953,1131807497,373687691,33.017
20101229,2043.49,281229600,5046526,1136792610,375063176,32.993
20101230,2051,304336600,5386618,1140966794,375845634,32.941
20110103,2070.08,348185800,5904175,1152239421,380299601,33.005
20110104,2085.14,410968600,7767589,1162396403,383183048,32.965
20110105,2082.55,382996000,8588562,1161016767,382842290,32.975
20110106,2077.61,405395600,8788066,1158321863,381768225,32.959
20110107,2086.2,333806100,7663940,1163254810,382202602,32.856
20110110,2080.81,340785300,7311920,1160305276,380106138,32.759
20110111,2088.32,408183300,7002640,1164340099,381143075,32.735
20110112,2094.95,427289700,7966797,1168034170,382587362,32.755
20110113,2089.48,421886400,9185896,1164834690,381550795,32.756
20110114,2108.17,422593000,8885058,1175328226,385163837,32.771
20110117,2099.85,426689000,8146333,1170860633,383936112,32.791
20110118,2096.48,450898800,8027025,1170601755,382949183,32.714
20110119,2115.69,423851600,8728917,1181457278,387058189,32.761
20110120,2106.66,333163900,6593605,1176131370,384697262,32.709
20110121,2069.92,393716700,7515857,1155640677,377572492,32.672
20110124,2082.16,338865000,6088692,1162247050,379263765,32.632
20110125,2086.67,400886900,7341365,1164798109,380450527,32.662
20110126,2110.46,363931100,6217324,1178073039,385471518,32.721
20110127,2115.01,352405900,7425532,1180795494,386284005,32.714
20110128,2107.87,403415700,7947663,1176983990,385675096,32.768
20110131,2069.73,320903100,7409381,1156745580,377178321,32.607
20110201,2072.03,290810500,6225210,1152624035,374823464,32.519
20110207,2081.74,285935700,6636789,1157785017,376591794,32.527
20110208,2069.7,300331500,7344362,1150674402,373828985,32.488
20110209,2045.58,333190900,6834292,1137476440,369463305,32.481
20110210,2008.5,309759800,7207060,1116828227,360904428,32.315
20110211,1977.19,317288600,7451990,1099355689,354748587,32.269
20110214,2014.59,279514500,5784284,1120230499,363123147,32.415
20110215,2010.52,275028700,5868813,1118317847,361919234,32.363
20110216,1989.11,297634200,5750878,1105981410,357478458,32.322
20110217,1977.22,340275600,6907020,1099612910,356621603,32.432
20110218,2013.14,493969200,5918960,1119122425,362100545,32.356
20110221,2005.3,324237400,5968226,1116595539,360405593,32.277
20110222,1969.92,346086600,6230605,1096886911,354940423,32.359
20110223,1961.63,308585600,5744760,1093424913,353874841,32.364
20110224,1949.88,281574200,5442691,1087166638,352763269,32.448
20110225,1963.43,306887800,5029012,1099478603,356458314,32.421
20110228,1939.3,263868900,4698460,1086352090,353088086,32.502
20110302,1928.24,207670200,4680862,1080377959,351775649,32.56
20110303,1970.66,284828500,5205677,1103718170,358570936,32.488
20110304,2004.68,334578600,6175498,1123185173,365861904,32.574
20110307,1980.27,255919200,4802369,1109581295,360131435,32.457
20110308,1996.32,304750300,5480525,1118716610,361976200,32.356
20110309,2001.47,315357400,6574752,1121674598,363103885,32.372
20110310,1981.58,288387200,7294854,1111915095,358062572,32.202
20110311,1955.54,267174300,5541132,1097437201,352800155,32.148
20110314,1971.23,388621900,9563434,1106686377,359379933,32.474
20110315,1923.92,403890200,9848213,1080148447,349975822,32.401
20110316,1957.97,284415500,7178788,1098861235,356524891,32.445
20110317,1959.03,305714300,6935374,1099182499,356547541,32.438
20110318,1981.13,291299000,6933050,1111377332,359813642,32.375
20110321,2003.42,292259500,5710478,1123639050,362661301,32.276
20110322,2013.66,304108000,7497669,1128759615,363986355,32.247
20110323,2012.18,312568400,7605201,1128064986,363660240,32.238
20110324,2036.78,295491600,6731747,1141778492,368527384,32.277
20110325,2054.04,311218300,7256498,1151947697,372907509,32.372
20110328,2056.39,285363400,6485061,1153225476,374117218,32.441
20110329,2072.13,250466600,6321740,1161873628,376926800,32.441
20110330,2091.38,316864200,8369190,1172989071,381300411,32.507
20110331,2106.7,317892000,8406347,1181416523,384314715,32.53
20110401,2121.01,337942400,7653432,1189473238,387429608,32.572
20110404,2115.87,301800500,8092514,1186494800,387179019,32.632
20110405,2130.43,327664500,6720871,1194593648,389534224,32.608
20110406,2126.71,423048300,8937472,1192523858,388583744,32.585
20110407,2122.14,382813800,7428608,1189993377,386863131,32.51
20110408,2127.97,392841600,8880396,1193116558,386611609,32.404
20110411,2122.39,316066100,7414401,1189910908,385678186,32.412
20110412,2089.4,311138200,7024010,1171491052,379605715,32.404
20110413,2121.92,348085400,6918449,1189878061,386046630,32.444
20110414,2141.06,371732200,9509774,1200584798,389433373,32.437
20110415,2140.5,356652300,8317168,1200271488,388276818,32.349
20110418,2137.72,358280700,9577165,1198613311,386680319,32.261
20110419,2122.68,375025100,9042177,1190379049,384481938,32.299
20110420,2169.91,374320200,10274199,1216638171,394221913,32.403
20110421,2198.54,415979700,12719485,1232457693,399298408,32.399
20110422,2197.82,390812200,9881427,1231675174,398704739,32.371
20110425,2216,354021600,8152120,1241826577,400585559,32.258
20110426,2206.3,439336200,11481567,1236738521,400286798,32.366
20110427,2206.7,423197900,13259093,1237255134,402550204,32.536
20110428,2208.35,354849800,10524803,1238492930,402455572,32.496
20110429,2192.36,364121300,11369961,1229813409,400997538,32.606
20110502,2228.96,302491000,8417233,1250288118,408324159,32.658
20110503,2200.73,375102700,8557282,1234459630,404087425,32.734
20110504,2180.64,393735500,8461870,1223067127,399755527,32.685
20110506,2147.45,344194100,8601909,1204677945,393630361,32.675
20110509,2139.17,253934200,5874812,1200153448,391797300,32.646
20110511,2166.63,378035800,7145271,1215421664,396791210,32.646
20110512,2122.65,382253600,7606626,1190966104,387423586,32.53
20110513,2120.08,397072800,8668256,1189746839,387017844,32.529
20110516,2104.18,273618900,6244500,1180704016,383156521,32.452
20110517,2102.41,300785100,5816924,1179634987,382944911,32.463
20110518,2135.78,259990800,7215357,1198282118,388132509,32.391
20110519,2095.51,283358400,7961200,1175716166,381124578,32.416
20110520,2111.5,282777300,6182380,1184395237,383774932,32.403
20110523,2055.71,292953000,6350014,1153458200,374449294,32.463
20110524,2061.76,268517200,6095591,1156564018,374796973,32.406
20110525,2035.87,344973300,6924688,1142389973,371378905,32.509
20110526,2091.91,296695400,7279454,1173540159,381434184,32.503
20110527,2100.24,272782000,7237258,1178266981,383440846,32.543
20110530,2093.79,213193400,5747086,1174515169,382474400,32.564
20110531,2142.47,303263900,9496715,1201535708,391039656,32.545
20110601,2141.34,294707600,8124099,1201658965,391119672,32.548
20110602,2114.2,248778900,7307482,1186603079,385578706,32.494
20110603,2113.47,264107600,6858156,1186958412,386062541,32.525
20110607,2099.71,246620500,6213589,1179333160,382732780,32.453
20110608,2083.35,281368400,6665898,1170446285,379962474,32.463
20110609,2071.42,283662200,7393645,1163744258,375890984,32.3
20110610,2046.67,265874300,7181166,1150248425,373329926,32.456
20110613,2048.74,218484500,5608763,1151153827,374391757,32.523
20110614,2076.83,209519200,6201674,1167172553,379583331,32.522
20110615,2086.53,229155900,6080611,1172762619,381032311,32.49
20110616,2046.63,234157600,5887030,1150630652,373587610,32.468
20110617,2031.93,282482800,8101624,1142098434,369242499,32.33
20110620,2019.65,229183500,6377177,1134887988,366305237,32.277
20110621,2048.17,278609700,6813489,1150933542,372142754,32.334
20110622,2063.9,263839400,6353156,1159768465,374387747,32.281
20110623,2055.86,259637800,5407198,1155197053,372264644,32.225
20110624,2090.81,294101700,8104801,1174795233,379329664,32.289
20110627,2070.29,246532300,4958946,1163016186,375152452,32.257
20110628,2062.91,328640100,5870037,1158896707,374357236,32.303
20110629,2094.42,256146400,5915863,1177629255,380152051,32.281
20110630,2100.69,257291200,6428419,1183469296,381424113,32.229
20110701,2125.74,273414000,6811813,1197691904,386541644,32.274
20110704,2145.3,290459100,6760170,1208899354,390938653,32.338
20110705,2161.75,284884900,6460079,1218330865,394732366,32.399
20110706,2171.19,275939900,7277886,1223542028,396483727,32.405
20110707,2180.59,355587100,8239764,1228757573,397727163,32.368
20110708,2180.35,323023900,9318017,1228916647,399593148,32.516
20110711,2157.16,240690700,5615932,1216062170,394777624,32.464
20110712,2109.73,286417000,6246442,1189654998,385765793,32.427
20110713,2129.64,306086900,6569547,1200628389,388867411,32.389
20110714,2130.07,307417600,8198559,1201192340,387811590,32.286
20110715,2145.2,272102700,6111820,1209584112,389635252,32.212
20110718,2130.48,329000900,6095541,1201282997,385711076,32.108
20110719,2130.21,303460100,6156963,1201201490,385088694,32.059
20110720,2154.95,373913900,8387523,1215223405,390814650,32.16
20110721,2145.04,362339700,7342151,1209551460,389250922,32.181
20110722,2171.23,412963800,7351117,1224620562,393788053,32.156
20110725,2150.48,341968600,5931765,1213021926,390282242,32.174
20110726,2168.7,330150600,6704314,1223228483,393758460,32.19
20110727,2174.31,297092300,6319514,1226284498,394682116,32.185
20110728,2155.85,299515000,5882751,1215976556,390624512,32.124
20110729,2133.21,328774000,6020141,1203578277,386844601,32.141
20110801,2172.31,262845700,6427038,1225742990,394149407,32.156
20110802,2121.27,350312300,7695653,1197148101,384281223,32.1
20110803,2066.26,434482200,8044964,1166087623,373920321,32.066
20110804,2018.47,356390800,7657733,1139294680,366211952,32.144
20110805,1943.75,480967600,10397344,1097159530,353375550,32.208
20110808,1869.45,571105300,10810134,1055252387,340878710,32.303
20110809,1801.35,684990600,13504985,1016755822,326863244,32.148
20110810,1806.24,486308000,11197248,1019901953,325573893,31.922
20110811,1817.44,438895400,8888935,1026226215,325381566,31.707
20110812,1793.31,468854100,8993164,1012639818,320862222,31.686
20110816,1879.87,423449800,7092012,1061488081,337971687,31.839
20110817,1892.67,430980200,6368750,1068514035,339437083,31.767
20110818,1860.58,503353700,8460598,1050327510,333530195,31.755
20110819,1744.88,503835200,9509813,985507692,314254064,31.888
20110822,1710.7,420268200,7281790,966478199,309394548,32.013
20110823,1776.68,428457100,8096575,1003576643,320463859,31.932
20110824,1754.78,412561000,7759920,991373084,316199366,31.895
20110825,1764.58,398182000,6039178,997486130,319166131,31.997
20110826,1778.95,310994000,4950928,1005706804,321582154,31.976
20110829,1829.5,339096300,6499781,1033964422,329114672,31.83
20110830,1843.82,493170500,6518538,1042182129,332566293,31.911
20110831,1880.11,410349500,6548722,1062663271,339707291,31.968
20110901,1880.7,500399600,8722077,1063398229,341728673,32.136
20110902,1867.75,442558400,5529121,1056107322,338668584,32.068
20110905,1785.83,414041300,5902507,1009866663,323782686,32.062
20110906,1766.71,505301300,6592714,999276616,320740038,32.097
20110907,1833.46,417888900,6157973,1037168513,333457193,32.151
20110908,1846.64,416660800,7019833,1044647819,337616945,32.319
20110909,1812.93,331918800,5523272,1026016145,331011793,32.262
20110914,1749.16,339699300,5872974,989823119,318840356,32.212
20110915,1774.08,392100700,6322419,1004011695,323838638,32.254
20110916,1840.1,430066000,7639828,1040674112,335402286,32.229
20110919,1820.94,335584600,4986032,1029879834,333129389,32.346
20110920,1837.97,321238000,5538383,1039651561,335940422,32.313
20110921,1854.28,297584400,5971825,1048762888,338768313,32.302
20110922,1800.55,295389600,5783801,1018418633,328550631,32.261
20110923,1697.44,411836600,7565050,960324773,310078912,32.289
20110926,1652.71,424262200,7371959,935382491,306464021,32.763
20110927,1735.71,339821700,6226370,982219222,321291108,32.711
20110928,1723.09,344432000,6360415,975890589,321219386,32.916
20110929,1769.29,373918600,6682576,1001668484,329732820,32.918
20110930,1769.65,354163400,6551421,1001920300,329567913,32.894
20111004,1706.19,301541400,6753150,966819366,319024970,32.997
20111005,1666.52,336295800,7676992,944762965,313674251,33.201
20111006,1710.32,352625100,7868460,969364910,321078409,33.123
20111007,1759.77,334731600,7563470,996728120,329139355,33.022
20111010,1766.44,274638600,5033065,1000538723,329115053,32.894
20111011,1795.02,399985200,7153221,1016518313,334539570,32.91
20111012,1809.5,355346900,5831021,1024751945,337457079,32.931
20111013,1823.1,431553400,6649712,1032594261,340114760,32.938
20111014,1835.4,349010000,5079714,1039982588,342453509,32.929
20111017,1865.18,367734800,5922686,1056485746,347454084,32.888
20111018,1838.9,323455000,6386362,1041799232,343094638,32.933
20111019,1855.92,340011200,5768906,1051276589,346303182,32.941
20111020,1805.09,349122500,6797451,1022960861,338728086,33.113
20111021,1838.38,355182300,6463620,1041700141,343296935,32.955
20111024,1898.32,373903300,6775212,1075216922,354115647,32.934
20111025,1888.65,354772200,6098845,1069855936,353678032,33.058
20111026,1894.31,384785600,5622895,1072704627,353229776,32.929
20111027,1922.04,418276300,8066122,1088058942,357578887,32.864
20111028,1929.48,508760100,10124481,1092618579,360146510,32.962
20111031,1909.03,393703000,6433179,1081785632,357834487,33.078
20111101,1909.63,353625800,6285356,1082696792,358846606,33.144
20111102,1898.01,389593900,6758007,1076004508,356110080,33.096
20111103,1869.96,436424800,6300666,1060087086,351013114,33.112
20111104,1928.41,466597300,7161492,1093102064,362056597,33.122
20111107,1919.1,349698500,5278007,1087907919,359848829,33.077
20111108,1903.14,403211300,5230860,1078796430,356393715,33.036
20111109,1907.53,434624000,6195596,1081658625,358075128,33.104
20111110,1813.25,401929600,7902941,1028617421,339974098,33.052
20111111,1863.45,296906800,5279685,1057051588,349946155,33.106
20111114,1902.81,327268900,5267981,1078853548,356479320,33.042
20111115,1886.12,361433900,4846932,1069085556,353420333,33.058
20111116,1856.07,407755200,5676397,1054071562,348499500,33.062
20111117,1876.67,353143700,4760666,1065288045,351064788,32.955
20111118,1839.17,337050100,4814558,1043648093,343000843,32.866
20111121,1820.03,299736800,4018003,1032780883,339167979,32.84
20111122,1826.28,271102300,3945923,1036523834,340671641,32.867
20111123,1783.1,411238900,4665456,1011727032,331864980,32.802
20111124,1795.06,280369600,4194978,1019300746,334733312,32.84
20111125,1776.4,306413700,4311347,1008677119,331746179,32.889
20111128,1815.28,277682300,4304403,1030593864,338696955,32.864
20111129,1856.52,329521700,6336966,1054313765,347227528,32.934
20111130,1847.51,334553300,6502651,1049141145,345849427,32.965
20111201,1916.18,500455100,9338548,1087816203,359909073,33.085
20111202,1916.04,389329700,5824235,1087837646,359174792,33.017
20111205,1922.9,330235800,4166260,1091784693,360524507,33.022
20111206,1902.82,383429600,4644042,1080409632,356572349,33.003
20111207,1919.42,402803900,5806816,1090515430,359690345,32.984
20111208,1912.39,426921700,6004378,1087887776,359051408,33.004
20111209,1874.75,372813800,5132355,1066565198,351076691,32.917
20111212,1899.76,409625200,5365877,1080713925,356086887,32.949
20111213,1864.06,450082900,5271931,1060252724,347895121,32.812
20111214,1857.75,401927200,4410181,1056355325,345672328,32.723
20111215,1819.11,409620300,5391436,1034636031,338291382,32.697
20111216,1839.96,489950200,4377713,1046533511,343234881,32.797
20111219,1776.93,684313900,6683263,1010870033,332048483,32.848
20111220,1793.06,389772200,3992722,1019982859,334139684,32.759
20111221,1848.41,516912900,5239156,1051439059,345999348,32.907
20111222,1847.49,406414700,3136029,1051156173,346095103,32.925
20111223,1867.22,466331800,4322574,1064015237,349809596,32.876
20111226,1856.7,434745400,3038601,1059014215,348135443,32.874
20111227,1842.02,529919300,4359041,1050888614,346391021,32.962
20111228,1825.12,378657300,3305494,1041003536,342462914,32.897
20111229,1825.74,344645600,3632134,1041999162,342449922,32.865
20120102,1826.37,323358800,3304263,1042325073,342990629,32.906
20120103,1875.41,443474000,4831853,1070059481,353287683,33.016
20120104,1866.22,494500100,4714359,1064738870,350858444,32.953
20120105,1863.74,533768400,4856718,1063280532,349368237,32.858
20120106,1843.14,472680500,4424490,1051727698,345379144,32.839
20120109,1826.49,395512200,4237521,1043623188,342088337,32.779
20120110,1853.22,388644100,4927969,1058727535,346651213,32.742
20120111,1845.55,447955700,4862020,1054656344,344906007,32.703
20120112,1864.57,476341300,5407363,1065104857,348022201,32.675
20120113,1875.68,475032600,5955531,1071501488,351318923,32.788
20120116,1859.27,391915600,3938144,1062045079,347944266,32.762
20120117,1892.74,431987800,6003928,1081010124,354646377,32.807
20120118,1892.39,428002900,6069244,1081149678,355043261,32.839
20120119,1914.97,374371600,6480555,1094332650,361275188,33.013
20120120,1949.89,404776800,7359091,1114258768,369842544,33.192
20120125,1952.23,375932800,6168945,1115552158,371458643,33.298
20120126,1957.18,408022000,5549397,1117841827,371888061,33.268
20120127,1964.83,448919400,6147985,1122208777,374129254,33.339
20120130,1940.55,411695500,6395979,1108364922,369059530,33.298
20120131,1955.79,469194100,6707348,1117151542,370984849,33.208
20120201,1959.24,501061500,7156314,1119009871,370213775,33.084
20120202,1984.3,641047300,8775974,1133236176,375190118,33.108
20120203,1972.34,535879100,7522073,1126229235,372396308,33.066
20120206,1973.13,523216800,7292492,1126834106,373406999,33.138
20120207,1981.59,539408000,6581705,1131812830,375868266,33.209
20120208,2003.73,587908500,7495413,1144240174,379151913,33.136
20120209,2014.62,557635600,7982308,1150304988,380065281,33.04
20120210,1993.71,696742000,7615142,1138181428,372661988,32.742
20120213,2005.74,452786900,5757136,1145155872,375691529,32.807
20120214,2002.64,515881000,6677663,1143629953,375311117,32.818
20120215,2025.32,681465200,7694193,1156737378,381311547,32.964
20120216,1997.45,696685700,6857741,1141138846,376646262,33.006
20120217,2023.47,731089900,7480494,1156075606,383095750,33.138
20120220,2024.9,733914700,6249373,1156912787,383190317,33.122
20120221,2024.24,709018400,5622724,1156557672,383664013,33.173
20120222,2028.65,883739000,6211737,1158991311,385549959,33.266
20120223,2007.8,690116300,6379230,1150128511,380854440,33.114
20120227,1991.16,636009900,5581133,1140967727,378309398,33.157
20120228,2003.69,607928400,6354432,1148095229,380530980,33.145
20120229,2030.25,562639800,6814214,1163380790,386399456,33.213
20120302,2034.63,483187200,5842717,1165946320,386812942,33.176
20120305,2016.06,548008500,5127361,1155198110,383485714,33.197
20120306,2000.36,554732600,5298150,1146426068,381041786,33.237
20120307,1982.15,511287900,4976380,1136045079,377170220,33.2
20120308,2000.76,456093100,6381063,1147029155,379733562,33.106
20120309,2018.3,416398400,5404975,1157242883,384288980,33.207
20120313,2025.04,448922000,5657247,1161650378,387446096,33.353
20120314,2045.08,541113400,6427318,1173323539,392670978,33.467
20120315,2043.76,476105200,6006291,1172998457,393336200,33.533
20120316,2034.44,464242200,5913260,1168105341,391057983,33.478
20120319,2047,555800800,4976575,1175510789,394195642,33.534
20120320,2042.15,540336700,5404193,1172815783,393814154,33.579
20120321,2027.23,517066600,5174203,1164159170,390645803,33.556
20120322,2026.12,541726200,5301426,1164051273,391759254,33.655
20120323,2026.83,506769500,4829002,1164693249,391845359,33.644
20120326,2019.19,436975300,4591120,1160220832,391268027,33.724
20120327,2039.76,606412500,5147275,1172477800,397141759,33.872
20120328,2031.74,533800500,5117814,1168088126,396019339,33.903
20120329,2014.41,470321300,5007461,1157849112,392545494,33.903
20120330,2014.04,449871100,5332964,1157582327,391782460,33.845
20120402,2029.29,409917300,4339315,1166447109,395857093,33.937
20120403,2049.28,593278400,6089846,1178138420,401881730,34.112
20120404,2018.61,621544400,6426545,1160637903,396712867,34.181
20120405,2028.77,549308100,5773455,1166855952,400075680,34.287
20120406,2029.03,536307200,4563183,1166979558,400206061,34.294
20120409,1997.08,466746300,4320749,1148860808,395307061,34.409
20120410,1994.41,543735900,4966683,1147902758,394135471,34.335
20120412,1986.63,391510500,5013903,1143425422,391140941,34.208
20120413,2008.91,495288100,5489205,1156388307,394278005,34.096
20120416,1992.63,452523100,3936659,1146989840,390745286,34.067
20120417,1985.3,445682200,3989376,1141883974,388337519,34.008
20120418,2004.53,382937700,4644963,1153190210,392959779,34.076
20120419,1999.86,412119200,4130929,1150475581,392244612,34.094
20120420,1974.65,518733300,4841200,1135852718,386402422,34.019
20120423,1972.63,585159500,3579012,1134461838,385995629,34.025
20120424,1963.42,630804200,5046901,1129400078,385166767,34.104
20120425,1961.98,681754100,5090880,1129236340,386573667,34.233
20120426,1964.04,607424000,5348149,1131131025,389615495,34.445
20120427,1975.35,484704800,5349491,1137649563,392212868,34.476
20120430,1981.99,837865100,6360433,1141667287,394029216,34.513
20120502,1999.07,653036900,6688235,1151291103,397081000,34.49
20120503,1995.11,685809200,4661424,1148799331,396176420,34.486
20120504,1989.15,608821300,4948438,1144803204,392412771,34.278
20120507,1956.44,533662600,4781276,1125871515,385941484,34.279
20120508,1967.01,492688300,4225837,1131748885,387071843,34.201
20120509,1950.29,468022900,4964576,1122527694,384337870,34.239
20120510,1944.93,425055900,4465626,1119563513,382746855,34.187
20120514,1913.73,399003100,4080376,1102333436,377881826,34.28
20120515,1898.96,524594600,5241112,1092989231,375207220,34.329
20120516,1840.53,426185100,5565575,1059206810,361784037,34.156
20120517,1845.24,444286400,5683443,1062131980,361895923,34.073
20120518,1782.46,547767500,5754318,1026148099,348916011,34.003
20120521,1799.13,414130400,4277566,1035910281,353443907,34.119
20120522,1828.69,428370700,4943176,1053281065,359231071,34.106
20120523,1808.62,447564400,4206101,1041766826,355207820,34.097
20120524,1814.47,407901000,3601427,1044704233,355479405,34.027
20120525,1824.17,386489500,3585646,1050270743,356171600,33.912
20120529,1849.91,327998400,3816907,1065015034,361055863,33.901
20120530,1844.86,417042400,3917782,1062117051,360749437,33.965
20120531,1843.47,447945600,4660584,1061319739,359994867,33.92
20120601,1834.51,334418900,3587177,1056367509,358731298,33.959
20120604,1783.13,395063500,4941461,1026592897,348864584,33.983
20120607,1847.95,403444200,4677425,1064083501,362613353,34.078
20120608,1835.64,379828800,3465341,1057085865,360733941,34.125
20120611,1867.04,382218300,4408893,1075207660,366486266,34.085
20120612,1854.74,421369400,3632153,1068263520,363550686,34.032
20120613,1859.32,558261800,3805454,1070840843,365125520,34.097
20120614,1871.48,426635200,4896636,1077791320,366860686,34.038
20120615,1858.16,452511800,4777990,1070011533,363143395,33.938
20120618,1891.71,376281600,4440194,1088974318,370121420,33.988
20120619,1891.77,380909200,3535400,1089324564,370537905,34.015
20120620,1904.12,367741600,3705294,1096458950,373148700,34.032
20120621,1889.15,390169700,3948385,1087804494,369373639,33.956
20120622,1847.39,300707800,4348370,1063610778,359839710,33.832
20120625,1825.38,291234600,4152682,1050785208,353995719,33.689
20120626,1817.81,313272200,3648160,1046665326,352619128,33.69
20120627,1817.65,319484000,4308728,1046790699,353040149,33.726
20120628,1819.18,309660900,3195505,1047795578,353477731,33.735
20120629,1854.01,320633900,4391617,1068289006,360833837,33.777
20120702,1851.65,273628500,3608516,1066660642,359435334,33.697
20120703,1867.82,348202200,4876713,1075734342,362026429,33.654
20120704,1874.45,336135500,4585139,1079555524,363975775,33.715
20120705,1875.49,324184700,3654491,1080125976,363722037,33.674
20120706,1858.2,340653900,3635830,1070261267,360080520,33.644
20120709,1836.13,282036700,3317177,1057173473,354569156,33.539
20120710,1829.45,368859200,3372766,1053408427,353595876,33.567
20120711,1826.39,336687800,3358554,1051690095,352613374,33.528
20120712,1785.39,320828800,4358847,1028668796,344275355,33.468
20120713,1812.89,348543300,4718750,1044743880,350545740,33.553
20120716,,,,1047725143,351787403,33.576
20120717,1821.96,412609800,4832966,1050199043,352848460,33.598
20120718,1794.91,454661600,4457597,1034867688,348070846,33.634
20120719,1822.96,488683400,4724744,1050949412,354281454,33.711
20120720,1822.93,412102400,3646405,1050970343,353886829,33.672
20120723,1789.44,502128100,3651275,1031954036,347511364,33.675
20120724,1793.93,490621400,4172879,1034810656,349427381,33.767
20120725,1769.31,468021600,3842057,1020501865,344515459,33.759
20120726,1782.47,409561500,3863427,1028107064,346910442,33.743
20120727,1829.16,397606900,4602745,1054977770,357498098,33.887
20120730,1843.79,337204100,3875817,1063861034,362716345,34.094
20120731,1881.99,359152900,5633706,1086394781,371487836,34.195
20120801,1879.93,291295400,3816142,1084790566,370461994,34.151
20120802,1869.4,270464100,3390041,1078498131,367329961,34.059
20120803,1848.68,257938800,3673627,1066405975,362377831,33.981
20120806,1885.88,245574000,4182701,1087882765,370639832,34.07
20120807,1886.8,325270200,3525353,1088393623,370089191,34.003
20120808,1903.23,485570300,5626297,1097977281,374671462,34.124
20120809,1940.59,495272600,6518438,1119109791,383581186,34.276
20120810,1946.4,326529600,4049621,1122381481,385587612,34.354
20120813,1932.44,352650000,3152879,1114255129,382498924,34.328
20120814,1956.96,341112700,4089112,1128271457,388174580,34.404
20120816,1957.91,430510900,4055062,1128752857,388259417,34.397
20120817,1946.54,372453500,4697053,1121728936,384318122,34.261
20120820,1946.31,357941500,3826161,1121324925,383819116,34.229
20120821,1943.22,407533400,3828105,1120075754,383894109,34.274
20120822,1935.19,422801600,4094897,1115623946,382315383,34.269
20120823,1942.54,604385900,4245147,1119830449,384117738,34.301
20120824,1919.81,631348200,4419263,1106840712,378918474,34.234
20120827,1917.87,572932100,6022605,1104541986,375865418,34.029
20120828,1916.33,611920000,4481779,1103880064,376038682,34.065
20120829,1928.54,592385300,4877705,1111060818,378968856,34.109
20120830,1906.38,747759200,5013685,1098305125,374466566,34.095
20120831,1905.12,659107800,4471842,1098073005,374581718,34.113
20120903,1912.71,597138100,4250214,1102301322,375188680,34.037
20120904,1907.13,881536900,4690465,1099297640,374197769,34.04
20120905,1874.03,624137300,4689668,1080506783,367226879,33.987
20120906,1881.24,752888700,4251231,1084687321,368615642,33.984
20120907,1929.58,597675100,5882174,1112760759,379515373,34.106
20120910,1924.7,620841300,4325768,1110189442,379010473,34.139
20120911,1920,718729000,4342536,1107381958,378583220,34.187
20120912,1950.03,708399600,5253226,1124103484,385102235,34.259
20120913,1950.69,983078100,6096823,1124489630,385367622,34.27
20120914,2007.58,1023863400,9187631,1156966116,397884516,34.39
20120917,2002.35,881693900,6581189,1153893803,396319601,34.346
20120918,2004.96,855269700,5112223,1155105880,396356426,34.313
20120919,2007.88,959922900,5811357,1156471187,396316386,34.269
20120920,1990.33,618389500,5363195,1146250923,392874404,34.275
20120921,2002.37,649195100,4964441,1153267051,395259865,34.273
20120924,2003.44,482969000,4272565,1154292328,396327075,34.335
20120925,1991.41,528994300,4596751,1147413338,394486647,34.381
20120926,1980.44,1209791100,4851962,1141196555,392480187,34.392
20120927,1988.7,693724900,4727367,1145989479,393969055,34.378
20120928,1996.21,678168200,5087596,1150626143,396164965,34.43
20121002,1996.03,496277900,3678874,1150652664,396496708,34.458
20121004,1992.68,596926400,4951129,1148638346,395298658,34.415
20121005,1995.17,681223500,4480730,1150075379,395778726,34.413
20121008,1981.89,508308900,4565278,1142562180,393695110,34.457
20121009,1979.04,516873300,3793008,1140839282,392831754,34.434
20121010,1948.22,449389600,4725647,1123202852,386356537,34.398
20121011,1933.09,464109300,4678413,1114374056,382508492,34.325
20121012,1933.26,398787900,3785418,1114540759,381936219,34.268
20121015,1925.59,567910800,4591523,1110236893,380794317,34.298
20121016,1941.54,538401100,3850081,1119646426,384710963,34.36
20121017,1955.15,499782200,4259890,1127621147,387352953,34.351
20121019,1943.84,383230800,4151882,1121129094,384443808,34.291
20121022,1941.59,458102900,3819123,1120038801,384283327,34.31
20121023,1926.81,538988800,4208759,1111855283,381197705,34.285
20121024,1913.96,564642500,5648214,1104237923,377668507,34.202
20121025,1924.5,438066100,4873525,1110711563,381329777,34.332
20121026,1891.43,437521900,4605466,1091761764,374260782,34.28
20121029,1891.52,371725400,4174207,1091751633,374579398,34.31
20121030,1899.58,334133100,3451550,1096593774,375926022,34.281
20121031,1912.06,397245600,3834393,1103576637,378085663,34.26
20121101,1898.44,402382000,5289640,1095728662,374963956,34.221
20121102,1918.72,441214000,5579977,1107339107,379401439,34.262
20121105,1908.22,343425500,4609925,1101072181,376580246,34.201
20121106,1928.17,545831100,4572507,1112593988,380631705,34.211
20121107,1937.55,556714700,4679606,1118043980,382789337,34.237
20121108,1914.41,659652000,5391309,1104987667,378257712,34.232
20121109,1904.41,636225800,4801896,1100225445,375698791,34.147
20121112,1900.87,473260900,3779624,1098188004,375238286,34.169
20121113,1889.7,494879900,3925921,1091947201,373761459,34.229
20121114,1894.04,533942000,4761322,1094739528,374962390,34.251
20121115,1870.72,450852700,4184445,1081106218,369971452,34.222
20121116,1860.83,465049000,4059170,1075506875,368473925,34.26
20121119,1878.1,349357100,3257143,1085323855,371197800,34.202
20121120,1890.18,372345500,3720393,1092541549,374209845,34.251
20121121,1884.04,380800200,4006651,1089264066,374401613,34.372
20121122,1899.5,412816900,3761086,1098233012,378066364,34.425
20121123,1911.33,329950900,3590898,1105199098,381566862,34.525
20121126,1908.51,276751500,3232183,1103415433,379826256,34.423
20121127,1925.2,588281900,4818489,1112984465,383494252,34.456
20121128,1912.78,408907500,3910523,1105847799,380804212,34.435
20121129,1934.85,388790800,4855979,1118739859,385281785,34.439
20121130,1932.9,337273400,4537196,1117290216,384301669,34.396
20121203,1940.02,314887800,3391220,1121725229,387475161,34.543
20121204,1935.18,294802300,2930091,1119033437,386345693,34.525
20121205,1947.04,492575700,4149399,1126088698,389606528,34.598
20121206,1949.62,345316800,4687785,1127456895,390599895,34.644
20121207,1957.45,413445600,4411712,1131804752,392838402,34.709
20121210,1957.42,367565900,3692642,1132069724,393939116,34.798
20121211,1964.62,404827600,4558815,1136101079,395262087,34.791
20121212,1975.44,459714900,4705026,1142000638,397476202,34.805
20121213,2002.77,421459600,6047124,1157693818,404318360,34.924
20121214,1995.04,350496600,4319651,1153466792,402658976,34.909
20121217,1983.07,366677900,4300934,1145967170,399021540,34.82
20121218,1993.09,454272400,4642139,1151887181,401154420,34.826
20121220,1999.5,421933900,5537023,1155383532,401664047,34.765
20121221,1980.42,553671000,5362182,1144544275,397421779,34.723
20121224,1981.82,348173000,3245615,1145532207,398808799,34.814
20121226,1982.25,457994200,3618713,1145745523,398474140,34.779
20121227,1987.35,376071400,3065825,1148494546,398982228,34.74
20121228,1997.05,302926600,3299123,1154294167,401259786,34.762
20130102,2031.1,364079600,4458541,1173709279,408703346,34.822
20130103,2019.41,491014300,6093649,1166944775,405169050,34.72
20130104,2011.94,378862100,4790453,1162497621,403313998,34.694
20130107,2011.25,536219500,4009481,1162757557,403992494,34.744
20130108,1997.94,493727700,3991998,1155472783,401205295,34.722
20130109,1991.81,607580500,4026867,1151782175,399548725,34.69
20130110,2006.8,500778400,4556500,1161043326,402790274,34.692
20130111,1996.67,472562500,4428254,1155151736,400718935,34.69
20130114,2007.04,454751000,4337574,1160778195,403151711,34.731
20130115,1983.74,546219700,4426687,1146848277,398215072,34.723
20130116,1977.45,457617700,4284521,1143419498,396934199,34.715
20130117,1974.27,828725700,4101672,1141624356,396002457,34.688
20130118,1987.85,583334900,3913549,1149473577,398508921,34.669
20130121,1986.86,446596900,3818732,1149008976,397192037,34.568
20130122,1996.52,553441600,4258823,1154805976,400548896,34.685
20130123,1980.41,491355600,4203441,1145572582,397995714,34.742
20130124,1964.48,558392400,4556604,1136333926,394169764,34.688
20130125,1946.69,401830500,5049356,1125963519,389202384,34.566
20130128,1939.71,349465800,4656237,1121569269,386021019,34.418
20130129,1955.96,465008300,4713383,1131071471,389788586,34.462
20130130,1964.43,523257900,4363294,1136353143,392319035,34.524
20130131,1961.94,399576300,4516145,1135191271,392518504,34.577
20130201,1957.79,385886200,4095797,1132757352,392339077,34.636
20130204,1953.21,345360500,3592132,1130501073,391817192,34.659
20130205,1938.18,366687100,3775456,1122006446,388928643,34.664
20130206,1936.19,349220900,3677504,1120874224,388056272,34.621
20130207,1931.77,412163100,3572998,1118160940,387231995,34.631
20130208,1950.9,291212100,3960733,1129687562,393050863,34.793
20130212,1945.79,307482700,2861517,1126961885,392815295,34.856
20130213,1976.07,331012900,3703287,1144284845,398653297,34.839
20130214,1979.61,336033300,3426842,1146555705,399461164,34.84
20130215,1981.18,598838000,3999456,1147857117,399989566,34.847
20130218,1981.91,420692500,2874478,1147919470,399556257,34.807
20130219,1985.83,344264400,2815269,1150149017,400277428,34.802
20130220,2024.64,407731100,4902333,1172627728,410079123,34.971
20130221,2015.22,391185500,4021613,1166923925,408551644,35.011
20130222,2018.89,409122400,4050817,1169218444,408713866,34.956
20130225,2009.52,338228800,3171218,1163524091,406767233,34.96
20130226,2000.01,433409500,3594863,1157937941,404898680,34.967
20130227,2004.04,417073800,3529938,1160169475,405472208,34.949
20130228,2026.49,421957600,4196152,1173192547,410406502,34.982
20130304,2013.15,357436000,4381358,1165805726,408802455,35.066
20130305,2016.61,491944500,3819824,1167859319,409307546,35.048
20130306,2020.74,395368700,4112573,1170295115,409930991,35.028
20130307,2004.4,386477100,3723376,1160519860,405454423,34.937
20130308,2006.01,312058200,3614260,1161386962,404767364,34.852
20130311,2003.35,398284000,3840013,1160013381,404237515,34.848
20130312,1993.34,390221700,3353388,1154250683,401604424,34.794
20130313,1999.73,353043100,3496865,1158212809,403782756,34.863
20130314,2002.13,330920800,4164053,1159494856,403175268,34.772
20130315,1986.5,307400100,5289391,1150618650,398813265,34.661
20130318,1968.18,304266400,3962518,1139864464,394275826,34.59
20130319,1978.56,326790000,3719502,1146187755,396824547,34.621
20130320,1959.41,332896000,3827537,1135121324,392395169,34.569
20130321,1950.82,262864600,3592257,1130245565,390141503,34.518
20130322,1948.71,259616500,3380255,1129142026,389133876,34.463
20130325,1977.67,276299500,3464866,1145937243,395647018,34.526
20130326,1983.7,298848800,4009408,1149442317,397332647,34.567
20130327,1993.44,362611600,3904750,1154906916,398788377,34.53
20130328,1993.52,367681200,3474996,1154966955,398932766,34.541
20130329,2004.89,341599800,3482484,1161664022,401345656,34.549
20130401,1995.99,269152100,2623898,1156365856,399357720,34.536
20130402,1986.15,496114600,4489984,1150919004,398070722,34.587
20130403,1983.22,396383200,4345089,1149188579,397329873,34.575
20130404,1959.45,415397300,4710365,1135677591,391841278,34.503
20130405,1927.23,372650200,4924576,1117250181,385283905,34.485
20130408,1918.69,313345600,3996922,1112641816,384484570,34.556
20130409,1920.74,356632900,3887651,1114217952,385234760,34.574
20130410,1935.58,320151200,4234862,1122790871,387605714,34.522
20130411,1949.8,386577500,4794565,1131170162,390987305,34.565
20130412,1924.23,407383700,5009018,1116543051,385442901,34.521
20130415,1920.45,332949000,4295489,1114218879,384278298,34.489
20130416,1922.21,393055400,5468460,1115146719,384657242,34.494
20130417,1923.84,415255300,5357146,1116209168,384642376,34.46
20130418,1900.06,343475400,4283587,1102587293,378763382,34.352
20130419,1906.75,331260500,4506379,1106458900,378744209,34.23
20130422,1926.31,258759600,3708313,1117660686,383025554,34.27
20130423,1918.63,260475200,3530274,1113588807,381116701,34.224
20130424,1935.31,341103000,4432548,1123145299,383101632,34.11
20130425,1951.6,334963500,4598110,1132526986,387116421,34.182
20130426,1944.56,280158500,4068278,1125822987,384879874,34.187
20130429,1940.7,266047200,3648041,1123442141,383486397,34.135
20130430,1963.95,403075800,4974715,1137603875,388445208,34.146
20130502,1957.21,349693500,4181072,1133905237,387916566,34.211
20130503,1965.71,312534300,4226194,1138986144,389479206,34.195
20130506,1961.48,294945600,3940973,1136983152,388080771,34.132
20130507,1954.35,299864700,3652250,1132276841,385150003,34.016
20130508,1956.45,337936000,4150809,1133671416,385207413,33.979
20130509,1979.45,332552200,5053127,1147349139,390309377,34.018
20130510,1944.75,283839300,4269864,1127552244,383160839,33.982
20130513,1948.7,251571500,3123214,1130139084,384449642,34.018
20130514,1968.83,328475500,4142332,1142328051,389394290,34.088
20130515,1971.26,246959400,3802989,1143926905,389614706,34.059
20130516,1986.81,322202400,4877407,1153610816,394222077,34.173
20130520,1982.43,274386900,4416784,1152804334,395312102,34.291
20130521,1981.09,245783300,3788271,1152767119,395138775,34.277
20130522,1993.83,326447000,4533885,1159571377,398175994,34.338
20130523,1969.19,342935700,4646225,1145194694,393542790,34.365
20130524,1973.45,273551600,3715203,1147532278,394457434,34.374
20130528,1986.22,311410100,3904893,1155012831,396332088,34.314
20130529,2001.2,362632800,4753537,1163572273,400136952,34.389
20130530,2000.1,435686600,5113489,1163762659,402418036,34.579
20130531,2001.05,397505500,5363926,1164218037,402147996,34.542
20130603,1989.57,333503700,3677703,1156984540,399909451,34.565
20130604,1989.51,334899800,3984004,1156404299,399960125,34.587
20130605,1959.19,340500700,4541746,1139394675,394355419,34.611
20130607,1923.85,341120200,5503416,1117571379,383322550,34.3
20130610,1932.7,271732300,3767751,1122836445,384280753,34.224
20130611,1920.68,288159900,4438074,1115447452,380511588,34.113
20130612,1909.91,253381800,3435834,1109673608,377974843,34.062
20130613,1882.73,306431000,5090298,1094042721,371349420,33.943
20130614,1889.24,279281100,3531110,1097671145,372106895,33.9
20130617,1883.1,264448900,3269888,1094084169,371196635,33.928
20130618,1900.62,278589800,3431625,1104303671,375081481,33.965
20130619,1888.31,279751300,3320371,1097284518,372101302,33.911
20130620,1850.49,355761800,4403154,1075097288,364009112,33.858
20130621,1822.83,290458800,5016380,1059243089,357737457,33.773
20130624,1799.01,220936500,3170128,1045767756,353568430,33.809
20130625,1780.63,332240400,4462928,1034842516,350393642,33.86
20130626,1783.45,296935600,4291538,1037012895,349729386,33.725
20130627,1834.7,286261000,4189195,1067530899,361893478,33.9
20130628,1863.32,251085800,4464976,1084216314,367259347,33.873
20130701,1855.73,220875200,3037858,1079755041,364659609,33.772
20130702,1855.02,483156500,3895814,1078800375,363789927,33.722
20130703,1824.66,405796800,3773791,1061220053,357649515,33.702
20130704,1839.14,313015700,3157936,1069330149,360136413,33.679
20130705,1833.31,285635800,3778604,1065611605,357401730,33.54
20130708,1816.85,303581000,3586497,1055955742,353212209,33.45
20130709,1830.35,257900500,3169262,1063799729,355780414,33.444
20130710,1824.16,267902000,3284076,1060272376,355154410,33.497
20130711,1877.6,331465600,3999956,1091690784,367138992,33.63
20130712,1869.98,265985800,3490851,1087516259,365344446,33.594
20130715,1875.16,330028200,3187405,1090687661,366452371,33.598
20130716,1866.36,303329900,2998515,1085812119,364586347,33.577
20130717,1887.49,382916800,4022466,1097943788,368836148,33.593
20130718,1875.48,380291900,3520562,1092229858,365379991,33.453
20130719,1871.41,319619600,3633387,1089440290,363742821,33.388
20130722,1880.35,356943800,3651967,1094411490,364462477,33.302
20130723,1904.15,352401500,4347626,1108262924,370272329,33.41
20130724,1912.08,322150400,3546451,1113033436,371795608,33.404
20130725,1909.61,311996700,3901940,1111781427,371922207,33.453
20130726,1910.81,320157600,3865049,1112185944,371915510,33.44
20130729,1899.89,337585600,4251052,1105825306,369943455,33.454
20130730,1917.05,366881000,3597795,1115962494,373844214,33.5
20130731,1914.03,384141700,4082140,1114570889,372869437,33.454
20130801,1920.74,336061200,3637309,1118344706,374078567,33.449
20130802,1923.38,298151500,4040964,1120302447,375081500,33.48
20130805,1916.22,233985100,2761888,1116329229,373571441,33.464
20130806,1906.62,294648700,3495317,1110767727,370975749,33.398
20130807,1878.33,312431200,3564849,1094186637,364524169,33.315
20130808,1883.97,338167800,3685849,1097598670,365257059,33.278
20130809,1880.71,283474900,3540885,1095958729,365355320,33.337
20130812,1884.83,297512200,3100504,1098124277,365780183,33.31
20130813,1913.03,362604200,4108405,1115161524,373252870,33.471
20130814,1923.91,363325400,4112711,1122009055,376466495,33.553
20130816,1920.11,348501600,3772940,1120558042,376552207,33.604
20130819,1917.64,302122700,3345600,1118784577,375512923,33.564
20130820,1887.85,350350900,4262100,1101748112,370907796,33.665
20130821,1867.46,411235600,4311940,1089791973,366852876,33.663
20130822,1849.12,425947400,4284093,1079283752,364205834,33.745
20130823,1870.16,374962900,3901636,1091377242,368727766,33.786
20130826,1887.86,316295300,3304216,1101705255,372337625,33.796
20130827,1885.84,409263300,3771554,1100572387,372489447,33.845
20130828,1884.52,378293600,3441945,1099618237,372657885,33.89
20130829,1907.54,301695900,4794557,1116639956,380024743,34.033
20130830,1926.36,300930800,5106302,1128186068,385469659,34.167
20130902,1924.81,243988900,3476992,1126896999,384006559,34.076
20130903,1933.74,300059800,4078554,1131601423,384728713,33.999
20130904,1933.03,284190500,4100970,1131372891,385064203,34.035
20130905,1951.65,286744000,4491992,1142101029,389808186,34.131
20130906,1955.31,324987000,4313480,1144367011,391519867,34.213
20130909,1974.67,270736800,4513740,1155210813,395701445,34.254
20130910,1994.06,264327600,5438042,1166207819,400895121,34.376
20130911,2003.85,299411900,4630469,1172067141,403406429,34.418
20130912,2004.06,359255900,6694452,1172233803,404889441,34.54
20130913,1994.32,253919800,4018597,1166419019,403238786,34.571
20130916,2013.37,248501100,4123681,1178297790,408615308,34.678
20130917,2005.58,264661800,4325668,1173129129,406089965,34.616
20130923,2009.41,249539600,5091612,1175205663,406705629,34.607
20130924,2007.1,309360000,4253699,1173541498,406665310,34.653
20130925,1998.06,294752800,4393043,1168835688,405153196,34.663
20130926,2007.32,255553100,3998832,1174108692,406791156,34.647
20130927,2011.8,282342100,4167115,1176651142,407432351,34.626
20130930,1996.96,292784200,4187245,1167983077,404561405,34.638
20131001,1998.87,281272500,3901939,1169026733,406063105,34.735
20131002,1999.47,238251800,4378234,1170019740,407736055,34.849
20131004,1996.98,241066300,4325025,1168813449,408874372,34.982
20131007,1994.42,249767100,3435894,1167479562,409535038,35.079
20131008,2002.76,329570100,4244447,1172608965,411564387,35.098
20131010,2001.4,222678200,3994656,1172144212,412051625,35.154
20131011,2024.9,254286400,4723740,1185550555,417163969,35.187
20131014,2020.27,220739400,3629371,1182866225,416639145,35.223
20131015,2040.96,233624600,4089308,1195360367,422425904,35.339
20131016,2034.61,267494200,4500342,1191320797,421352670,35.369
20131017,2040.61,306925000,4897613,1195012616,423867887,35.47
20131018,2052.4,257591800,4489538,1201648691,426655861,35.506
20131021,2053.01,281927600,4150875,1202158775,427343977,35.548
20131022,2056.12,378783400,4804580,1204010754,426975600,35.463
20131023,2035.75,367990500,5363362,1192377257,422970129,35.473
20131024,2046.69,254851400,3815455,1198492789,424840304,35.448
20131025,2034.39,234838200,4032298,1191286127,423181331,35.523
20131028,2048.14,257528400,3938574,1199879847,428063430,35.676
20131029,2051.76,307654200,3634698,1202192038,429197553,35.701
20131030,2059.58,263429100,4219984,1210746392,431817510,35.665
20131031,2030.09,254503900,4547711,1193781142,425104640,35.61
20131101,2039.42,294189700,3657014,1199505101,428340586,35.71
20131104,2025.17,235243000,3529047,1191456177,425013971,35.672
20131105,2013.93,257823900,3560407,1184949401,422894756,35.689
20131106,2013.67,273687300,3985662,1185252602,422304671,35.63
20131107,2004.04,310946700,3714065,1179655618,420489982,35.645
20131108,1984.87,287308500,4559407,1168529970,415432516,35.552
20131111,1977.3,286216600,3410525,1164304748,415472527,35.684
20131112,1995.48,247354900,3247240,1175662116,420210057,35.742
20131113,1963.56,251537300,3512885,1156389159,412191606,35.645
20131114,1967.56,323106600,3810479,1159172087,413283460,35.653
20131115,2005.64,264691000,3714811,1181428720,422076362,35.726
20131118,2010.81,313966700,3090011,1185243686,424100192,35.782
20131119,2031.64,402796300,4303734,1197407145,428820532,35.812
20131120,2017.24,334802700,4465359,1188364623,424577464,35.728
20131121,1993.78,292665700,3323343,1174753347,418987368,35.666
20131122,2006.23,350984900,3543775,1181439809,421148511,35.647
20131125,2015.98,295511800,3117500,1187432873,423435231,35.66
20131126,2022.64,275309000,3474546,1190624549,424715796,35.672
20131127,2028.81,284075000,4006049,1194332357,426200563,35.685
20131128,2045.77,276271000,4118738,1204595427,430543385,35.742
20131129,2044.87,245371200,3429544,1204177351,430336103,35.737
20131202,2030.78,229691800,3273687,1196240276,427811171,35.763
20131203,2009.36,294947300,3753759,1184027197,423708599,35.785
20131204,1986.8,230327000,3645117,1171088722,417988726,35.692
20131205,1984.77,217668200,3420745,1169904929,417295557,35.669
20131206,1980.41,201896800,3329452,1166680545,415995226,35.656
20131209,2000.38,230268900,3066472,1178210602,420620063,35.7
20131210,1993.45,200955300,3073436,1174575975,419376575,35.705
20131211,1977.97,231373800,3519642,1166361600,416555437,35.714
20131212,1967.93,255083500,4082827,1161407641,414323555,35.674
20131213,1962.91,234102200,3788318,1158225847,412429814,35.609
20131216,1961.15,213506200,2987690,1157484195,412277529,35.618
20131217,1965.74,253888000,3811258,1160168228,413021560,35.6
20131218,1974.63,258663700,3877243,1165258056,414510032,35.572
20131219,1975.65,255817000,3869647,1166222898,415727305,35.647
20131220,1983.35,247064500,3266872,1171122108,417127160,35.618
20131223,1996.89,222998000,3233607,1178966725,419927125,35.618
20131224,2001.59,214693900,3263759,1181164013,419091350,35.481
20131226,1999.3,230531100,3269851,1179612714,418041880,35.439
20131227,2002.28,207767000,2953686,1181350647,417877047,35.373
20131230,2011.34,172231100,3261548,1185973724,418754165,35.309
20140102,1967.19,207769800,4309772,1159892814,407770726,35.156
20140103,1946.14,188529400,3997968,1147185473,402055822,35.047
20140106,1953.28,193630400,3647066,1151821444,404459924,35.115
20140107,1959.44,193026800,3686915,1155148368,405051785,35.065
20140108,1958.96,217070400,4362641,1155336478,405138042,35.067
20140109,1946.11,276402200,4700223,1147927559,401738428,34.997
20140110,1938.54,262992500,4501003,1143204026,399566902,34.951
20140113,1948.92,267941900,3356427,1148897376,402153900,35.003
20140114,1946.07,244063200,3521774,1147401414,402321416,35.064
20140115,1953.28,250867100,3831057,1150706047,402237355,34.956
20140116,1957.32,379566900,3481407,1152865766,403045740,34.96
20140117,1944.48,260911100,3334538,1145571788,400127658,34.928
20140120,1953.78,279526900,2870463,1150713348,402286544,34.96
20140121,1963.89,289327300,3344664,1156970056,404596196,34.97
20140122,1970.42,243856700,3534708,1160859115,405898404,34.965
20140123,1947.59,229385300,3510340,1147763645,400504065,34.894
20140124,1940.56,279236700,4517694,1145070242,399815953,34.916
20140127,1910.34,340433300,4415731,1126909522,393394402,34.909
20140128,1916.93,270494900,4203369,1131142939,395247905,34.942
20140129,1941.15,219931000,4474472,1145521359,399559902,34.88
20140203,1919.96,229649000,3978604,1133350198,394960981,34.849
20140204,1886.85,250975500,4537323,1113660661,386959540,34.747
20140205,1891.32,244028700,3962750,1116573655,387980062,34.747
20140206,1907.89,259440600,4100991,1126361443,391790769,34.784
20140207,1922.5,272962000,4472645,1134992271,395281397,34.827
20140210,1923.3,207959200,3246751,1135246423,394499257,34.75
20140211,1932.06,226381200,3421272,1140585899,397195453,34.824
20140212,1935.84,225374400,3648992,1143419058,398154262,34.821
20140213,1926.96,187857200,2968183,1138106027,395967696,34.792
20140214,1940.28,216590500,3270026,1147041419,398187774,34.714
20140217,1946.36,215467600,3439628,1150542879,398986740,34.678
20140218,1946.91,200447300,2773013,1151092003,399290771,34.688
20140219,1942.93,213564000,3119310,1149193005,398435778,34.671
20140220,1930.57,232323200,3904854,1141966182,395051574,34.594
20140221,1957.83,216316000,3600764,1159141464,403134876,34.779
20140224,1949.05,193814000,2944616,1153967952,401439439,34.788
20140225,1964.86,226038900,3975946,1162958605,405021868,34.827
20140226,1970.77,209147800,3986950,1166730716,407292140,34.909
20140227,1978.43,201055900,3877559,1171847901,409679275,34.96
20140228,1979.99,252826200,4878448,1173450011,411434926,35.062
20140303,1964.69,222621500,3469132,1164446936,407951250,35.034
20140304,1954.11,200370100,3113421,1158112097,405355517,35.001
20140305,1971.24,197699200,3626530,1168716655,409421200,35.032
20140306,1975.62,193740100,3410648,1171515309,410150976,35.01
20140307,1974.68,231557200,3515860,1171060533,410014052,35.012
20140310,1954.42,214944200,3440603,1159472446,406155324,35.029
20140311,1963.87,247468000,3473789,1164815468,407819110,35.011
20140312,1932.54,329923500,4312314,1146460580,401103507,34.986
20140313,1934.38,259619800,4479877,1147366864,400196480,34.88
20140314,1919.9,254025500,4059805,1138300480,396025871,34.791
20140317,1927.53,214929800,3314519,1142264281,396606541,34.721
20140318,1940.21,274288400,3630379,1149414871,398967983,34.711
20140319,1937.68,249083300,3439444,1147631632,397946574,34.675
20140320,1919.52,220600600,3338318,1136823563,393861622,34.646
20140321,1934.94,252871400,3505572,1149659070,397238786,34.553
20140324,1945.55,228280600,3312590,1155825063,399412547,34.556
20140325,1941.25,225160500,3784242,1152682778,396899893,34.433
20140326,1964.31,248945600,4037196,1166858037,403734860,34.6
20140327,1977.97,218060900,3995923,1177397398,408532624,34.698
20140328,1981,244600200,3446078,1179689111,409516455,34.714
20140331,1985.61,241040600,4468746,1182487723,411015490,34.759
20140401,1991.98,214641800,3928821,1185785443,411949865,34.741
20140402,1997.25,220913200,3990737,1188798733,413784097,34.807
20140403,1993.7,225726300,4246353,1187580409,414576581,34.909
20140404,1988.09,225635800,4084987,1184376735,414318093,34.982
20140407,1989.7,186350200,3728396,1185203842,414679534,34.988
20140408,1993.03,218149200,3764183,1187174800,415572499,35.005
20140409,1998.95,233698700,4788021,1190172635,415995910,34.953
20140410,2008.61,232446600,4238893,1196039755,418546324,34.994
20140411,1997.44,218126100,3558321,1189691462,415963977,34.964
20140414,1997.02,205712400,2950553,1189276141,415949930,34.975
20140415,1992.27,194527400,3499220,1186722341,415760285,35.034
20140416,1992.21,230740900,3310621,1186827071,416113385,35.061
20140417,1992.05,200186400,2909693,1186479050,415950182,35.058
20140418,2004.28,206506600,2819027,1193488635,418799723,35.09
20140421,1999.22,205579200,2224803,1190468906,417999363,35.112
20140422,2004.22,212020100,3146989,1193370731,418948947,35.106
20140423,2000.37,241734500,4199638,1191105814,419425838,35.213
20140424,1998.34,235074600,3606129,1190474482,420028185,35.282
20140425,1971.66,208364400,3799283,1174879181,414485941,35.279
20140428,1969.26,168833100,2847285,1173235833,413132966,35.213
20140429,1964.77,177609400,3042953,1170173959,410728997,35.1
20140430,1961.79,227317700,3929404,1168022515,409932636,35.096
20140502,1959.44,179541200,3311795,1166905543,410033928,35.139
20140507,1939.88,193040800,3640809,1155215338,406014863,35.146
20140508,1950.6,222431300,3990941,1162106102,408383289,35.142
20140509,1956.55,205209800,3484373,1165867751,408943420,35.076
20140512,1964.94,201643900,3790540,1171779409,412754170,35.225
20140513,1982.93,242163300,3754720,1182730515,417213222,35.275
20140514,2010.83,233871500,3783902,1199185952,423925773,35.351
20140515,2010.2,259392400,3463925,1198705189,423917689,35.365
20140516,2013.44,232529900,4068564,1200657575,425378810,35.429
20140519,2015.14,265596300,4486142,1203926336,427165127,35.481
20140520,2011.26,248337100,3912589,1201975284,427134530,35.536
20140521,2008.33,224090600,3402511,1200117082,425923117,35.49
20140522,2015.59,231079200,3663770,1205229332,427155240,35.442
20140523,2017.17,241806200,3171820,1205425595,427091807,35.431
20140526,2010.35,196575900,2724854,1200835265,424717853,35.369
20140527,1997.63,221791600,2756315,1193473387,421847183,35.346
20140528,2017.06,210650500,3321718,1204945765,426450942,35.392
20140529,2012.26,228538800,3689729,1203222657,427119486,35.498
20140530,1994.96,247324900,5225527,1192616535,422738164,35.446
20140602,2002,265590600,3161273,1196965465,425773163,35.571
20140603,2008.56,266745100,4885634,1200537779,427990323,35.65
20140605,1995.48,222091600,5144477,1193090538,425365965,35.652
20140609,1990.04,209610100,4571158,1188827320,422540781,35.543
20140610,2011.8,234933000,3923313,1201875160,427437910,35.564
20140611,2014.67,238048700,3885296,1203071979,427115683,35.502
20140612,2011.65,251876200,4272657,1200875452,425976876,35.472
20140613,1990.85,223112800,3563015,1187881505,419584257,35.322
20140616,1993.59,233603800,4477999,1189532355,420459609,35.347
20140617,2001.55,236597300,3624571,1194598365,422307488,35.351
20140618,1989.49,216850100,3461771,1187513869,419683218,35.341
20140619,1992.03,257886300,4106727,1188805113,418992786,35.245
20140620,1968.07,232659000,4818547,1175231501,413703709,35.202
20140623,1974.92,231738300,3413606,1179863856,416470734,35.298
20140624,1994.35,250605300,3664549,1191474710,421542664,35.38
20140625,1981.77,336654000,3377438,1185269808,419327877,35.378
20140626,1995.05,273508300,3888526,1193162601,422392972,35.401
20140627,1988.51,218844900,3395118,1189211533,420254199,35.339
20140630,2002.21,201128100,2989877,1197216680,423084481,35.339
20140701,1999,238870800,3004954,1195109536,421789614,35.293
20140702,2015.28,318423400,3854654,1204968688,426038394,35.357
20140703,2010.97,259913500,3515649,1202025896,424423726,35.309
20140704,2009.66,241513900,3091701,1201174664,423552022,35.261
20140707,2005.12,228338900,3060456,1197431476,423102271,35.334
20140708,2006.66,259356900,3463333,1198251712,423282852,35.325
20140709,2000.5,272746300,3767880,1194372170,421894834,35.324
20140710,2002.84,327639000,3719176,1196159283,422964794,35.36
20140711,1988.74,277018000,3625599,1188243362,419325445,35.29
20140714,1993.88,270389100,3138079,1191685330,420406044,35.278
20140715,2012.72,361201900,4151004,1203933125,426813658,35.452
20140716,2013.48,315167100,3996302,1204405022,427643742,35.507
20140717,2020.9,322694600,3930847,1209321504,429795261,35.54
20140718,2019.42,304521100,3675087,1208349636,429537897,35.547
20140721,2018.5,274627300,3283643,1207696011,429620262,35.574
20140722,2028.93,265888100,3216326,1213663849,431513091,35.555
20140723,2028.32,353510900,4257988,1213088910,430475548,35.486
20140724,2026.62,323590900,4637130,1212260708,431022676,35.555
20140725,2033.85,282769800,4013165,1216907377,432476117,35.539
20140728,2048.81,349018800,4671197,1225549866,436146401,35.588
20140729,2061.97,408767300,6010164,1234218218,441907346,35.805
20140730,2082.61,343285800,6554444,1247342842,448866595,35.986
20140731,2076.12,383726900,6152483,1242416181,445514185,35.859
20140801,2073.1,271966100,5045081,1239637683,442107707,35.664
20140804,2080.42,253201800,3928489,1244311925,444691266,35.738
20140805,2066.26,346821100,4091101,1235463036,441620888,35.745
20140806,2060.73,377266700,5166630,1234435500,440296453,35.668
20140807,2054.51,292935800,3839026,1230673159,438875114,35.661
20140808,2031.1,354820700,4575173,1216269889,431921622,35.512
20140811,2039.37,285842500,3639332,1221590076,434190250,35.543
20140812,2041.47,312799600,3787467,1222390791,433881538,35.495
20140813,2062.36,280663800,4259535,1235137815,438592283,35.51
20140814,2063.22,270849400,3896829,1235480942,438382107,35.483
20140818,2053.13,300419300,3681608,1229293819,435747198,35.447
20140819,2071.14,327122800,4354975,1239831248,439911699,35.482
20140820,2072.78,315354600,4570238,1240739513,440889616,35.534
20140821,2044.21,307794600,4543754,1223731385,433866498,35.454
20140822,2056.7,277858400,3518018,1231530548,437593081,35.532
20140825,2060.89,272044500,3509580,1232838851,436789747,35.43
20140826,2068.05,288908100,3681605,1237096620,437489489,35.364
20140827,2074.93,337612300,4377075,1241311661,438974013,35.364
20140828,2075.76,305877300,3856655,1242448675,440495924,35.454
20140829,2068.54,301374400,4170410,1238885906,439795597,35.499
20140901,2067.86,272468900,3227361,1238177303,439030425,35.458
20140902,2051.58,323115400,4036802,1228125552,434291475,35.362
20140903,2051.2,337971200,4788979,1227489872,434007306,35.357
20140904,2056.26,376387500,4565257,1230671342,435739141,35.407
20140905,2049.41,343350300,4008852,1226434933,433521620,35.348
20140911,2034.16,333410100,5085206,1218106324,430361257,35.33
20140912,2041.86,362672000,3902826,1222399166,432710131,35.398
20140915,2035.82,297605800,3193376,1218520932,431041133,35.374
20140916,2042.92,365691200,3124074,1222848573,432313405,35.353
20140917,2062.61,351668800,3547677,1234808846,436673365,35.364
20140918,2047.74,394273400,5301545,1224740978,431653933,35.245
20140919,2053.82,397737100,5082728,1226930256,431308354,35.153
20140922,2039.27,323890900,3546257,1217580202,427073918,35.076
20140923,2028.91,427813800,4684341,1211414916,423954117,34.997
20140924,2035.64,332585900,4454288,1214686508,423920963,34.9
20140925,2034.11,325374900,4767144,1213621148,423055470,34.859
20140926,2031.64,313524200,3923739,1212299060,423179349,34.907
20140929,2026.6,339587600,4482153,1210002566,424046480,35.045
20140930,2020.09,322812200,4735619,1205667458,421850874,34.989
20141001,1991.54,351581000,4441210,1188892215,415836607,34.977
20141002,1976.16,322656200,4729990,1179088115,410383456,34.805
20141006,1968.39,325078100,4815761,1174935314,409057282,34.815
20141007,1972.91,328234000,3867833,1177791138,410548446,34.857
20141008,1965.25,266180100,3830164,1172092213,406524245,34.684
20141010,1940.92,342823100,4426277,1157291259,400763129,34.629
20141013,1927.21,308917700,4026420,1149472751,399587708,34.763
20141014,1929.25,335506200,4173406,1151248477,399874796,34.734
20141015,1925.91,310341900,4086447,1149637323,399583836,34.757
20141016,1918.83,313610700,4714661,1144980112,397346429,34.703
20141017,1900.66,362077800,4649540,1134184890,392031885,34.565
20141020,1930.06,344669200,3613516,1152487600,398997407,34.621
20141021,1915.28,405921200,4370561,1143668374,395275386,34.562
20141022,1936.97,399095300,4413393,1156193304,399550984,34.557
20141023,1931.65,372833400,4410224,1153611569,398964910,34.584
20141024,1925.69,419427800,5303285,1150626216,399155628,34.69
20141027,1931.97,408839900,4067186,1154738007,400629975,34.694
20141028,1925.68,414616200,3836237,1150732700,399283111,34.698
20141029,1961.17,396614500,5453658,1172687222,408469355,34.832
20141030,1958.93,311048800,5001948,1171918049,410450801,35.024
20141031,1964.43,349405200,5484310,1176141815,414284255,35.224
20141103,1952.97,344497400,4531277,1169555834,411665160,35.198
20141104,1935.19,391712900,4971536,1158786117,407783077,35.191
20141105,1931.43,332276800,4070610,1155979437,405646832,35.091
20141106,1936.48,360571000,4810114,1159251242,407580899,35.159
20141107,1939.87,255424200,3698464,1160795853,406986503,35.061
20141110,1958.23,313262000,4569691,1172205579,412884065,35.223
20141111,1963,311396200,4487341,1175336193,412229169,35.073
20141112,1967.27,348499100,4453554,1177450841,412583333,35.04
20141113,1960.51,332594800,3955187,1173224354,410388756,34.98
20141114,1945.14,314797000,5229761,1189568574,407454877,34.252
20141117,1943.63,277521300,4295322,1188565644,407254878,34.264
20141118,1967.01,251273300,4162331,1203501311,412297026,34.258
20141119,1966.87,279559100,4862233,1204123337,413007359,34.299
20141120,1958.04,339217100,4897218,1199473654,411078256,34.272
20141121,1964.84,345924100,4312377,1203532466,412182726,34.248
20141124,1978.54,325447900,5522179,1212361924,415786204,34.296
20141125,1980.21,283188300,6179890,1212030108,413661312,34.13
20141126,1980.84,253287600,4149141,1213171829,415752188,34.27
20141127,1982.09,295509400,5571154,1216647112,420213440,34.539
20141128,1980.78,340696100,4301527,1216291668,422108801,34.705
20141201,1965.22,333977200,4702647,1206702110,419494288,34.764
20141202,1965.83,317911900,3878547,1206539932,418385861,34.677
20141203,1969.91,271111600,3300716,1209520923,419448265,34.679
20141204,1986.61,244390400,3548271,1219207715,422946944,34.69
20141205,1986.62,305547700,3434291,1219300665,423764989,34.755
20141208,1978.95,295138700,3174101,1214710820,423438680,34.859
20141209,1970.95,541161900,3920050,1210256689,424089332,35.041
20141210,1945.56,367889800,3921968,1194648226,417615756,34.957
20141211,1916.59,343634500,4483230,1176794065,410693649,34.899
20141212,1921.71,363470100,3800864,1179768455,411127464,34.848
20141215,1920.36,294421200,3750325,1179328568,410084653,34.773
20141216,1904.13,369417000,4372157,1169418313,407014133,34.805
20141217,1900.16,307268900,4126755,1166393654,404423522,34.673
20141218,1897.5,337298300,5321982,1180060070,404963855,34.317
20141219,1929.98,291791800,4492734,1200654704,412929451,34.392
20141222,1943.12,324534500,4210382,1209233265,415977084,34.4
20141223,1939.02,300797200,3699646,1206722355,414767110,34.371
20141224,1946.61,283866000,3040951,1211672361,416639542,34.385
20141226,1948.16,297006100,3406229,1212496532,416463268,34.348
20141229,1927.86,265809200,3436899,1199530880,409947549,34.176
20141230,1915.59,256436600,3695016,1192252867,406343573,34.082
20150102,1926.44,258775800,3696028,1198010248,407537051,34.018
20150105,1915.75,313442600,4700135,1191526455,406928406,34.152
20150106,1882.45,303687900,4755440,1171167157,399739105,34.132
20150107,1883.83,280509900,3762677,1171990821,400521710,34.174
20150108,1904.65,262207100,4395567,1185170312,406662810,34.313
20150109,1924.7,308780500,4406668,1197321954,409928980,34.237
20150112,1920.95,311915000,3581795,1195196342,409106461,34.229
20150113,1917.14,338989400,4873083,1193106587,410456971,34.402
20150114,1913.66,297516700,4526792,1190978917,409906080,34.418
20150115,1914.14,266544100,3892782,1191087315,409297155,34.363
20150116,1888.13,298732500,4008277,1174782572,403329296,34.332
20150119,1902.62,281120100,3583090,1183896613,406943820,34.373
20150120,1918.31,280894700,3636919,1193690149,411090078,34.439
20150121,1921.23,300843400,4401215,1196688635,416305753,34.788
20150122,1920.82,343131800,4597898,1196156121,415235177,34.714
20150123,1936.09,367702000,4644549,1205486406,418551704,34.721
20150126,1935.68,330607200,3969674,1204518131,417896752,34.694
20150127,1952.4,466961600,4619118,1214526540,420879567,34.654
20150128,1961.58,400930100,5333256,1220210452,419989303,34.419
20150129,1951.02,391034300,5334660,1214462590,417475175,34.375
20150130,1949.26,441477300,5889622,1213492316,416278300,34.304
20150202,1952.68,364831000,4375859,1215563731,416920950,34.299
20150203,1951.96,369978000,4659075,1214680337,416284526,34.271
20150204,1962.79,348031600,5028816,1221801023,418706603,34.27
20150205,1952.84,395652600,4334613,1215349284,415367633,34.177
20150206,1955.52,309817700,5949733,1217108796,416627368,34.231
20150209,1947,310181500,4326855,1212134056,415036502,34.24
20150210,1935.86,329202600,4136831,1205357397,412405325,34.214
20150211,1945.7,307454200,4227731,1210590445,412922744,34.109
20150212,1941.63,334824900,4319339,1208275844,411695159,34.073
20150213,1957.5,351080400,4073754,1218291649,416080409,34.153
20150216,1958.23,350943500,3690780,1218670142,416534119,34.179
20150217,1961.45,304531400,3510746,1220463775,417072104,34.173
20150223,1968.39,347580500,4142517,1224574990,417756846,34.114
20150224,1976.12,309543600,4262649,1229471283,418869263,34.069
20150225,1990.47,369497700,5017453,1238838904,422081418,34.071
20150226,1993.08,385656400,5153504,1240227987,421638035,33.997
20150227,1985.8,424547600,5675034,1235242829,418716654,33.898
20150302,1996.81,373365500,5785659,1242157728,422619013,34.023
20150303,2001.38,444865000,5438365,1245663369,424922785,34.112
20150304,1998.29,374540300,4724947,1244053793,425235243,34.181
20150305,1998.38,373682500,4055523,1243683404,424577323,34.139
20150306,2012.94,393346500,4809474,1253062506,428328756,34.183
20150309,1992.82,296746500,4048388,1240328478,422925586,34.098
20150310,1984.77,433405300,4786369,1235314121,421400140,34.113
20150311,1980.83,399532300,5887013,1233596861,423571459,34.336
20150312,1970.59,384041300,6400259,1227699040,421000225,34.292
20150313,1985.79,326706900,4350272,1237140385,424297231,34.297
20150316,1987.33,319163400,4646945,1237802459,425425884,34.369
20150317,2029.91,356554000,5386342,1263927338,434358464,34.366
20150318,2028.45,362009100,5388525,1263191048,435436348,34.471
20150319,2037.89,468284400,5799016,1269130014,436062775,34.359
20150320,2037.24,351731900,5195223,1268219950,434973925,34.298
20150323,2036.59,314897400,4686339,1267982784,435529830,34.348
20150324,2041.37,328833600,4664615,1270912537,435694681,34.282
20150325,2042.81,423409000,5109071,1272663590,435401719,34.212
20150326,2022.56,342260600,5154957,1260042046,430294611,34.149
20150327,2019.8,448964100,5110738,1258779522,429109490,34.089
20150330,2030.04,439556000,4465390,1264850793,430003236,33.996
20150331,2041.03,555933100,5367292,1272317323,433054234,34.037
20150401,2028.45,542801200,5386245,1265134363,429628925,33.959
20150402,2029.07,655863500,6006832,1265451082,429686554,33.955
20150403,2045.42,498635700,4527545,1275569668,432347863,33.894
20150406,2046.43,460493000,4769017,1276962029,433375560,33.938
20150407,2047.03,436232500,4861154,1278076420,433373161,33.908
20150408,2059.26,552684400,6518067,1286164640,436459915,33.935
20150409,2058.87,529861600,6045590,1285499571,435499940,33.878
20150410,2087.76,658383000,6414643,1303644135,442261804,33.925
20150413,2098.92,561806400,7020312,1310679792,444124392,33.885
20150414,2111.72,648846200,8051715,1318448528,447615191,33.95
20150415,2119.96,451397400,7378687,1322955333,446416780,33.744
20150416,2139.9,476419600,7320104,1335363966,451723299,33.828
20150417,2143.5,464626700,6344547,1338322786,452601396,33.819
20150420,2146.71,509037000,7095217,1340100490,452860540,33.793
20150421,2144.79,561780900,6925598,1338614031,452373086,33.794
20150422,2143.89,769386700,8537488,1338086372,454002804,33.929
20150423,2173.41,521587300,8225130,1356487315,460132984,33.921
20150424,2159.8,508419900,8265327,1346807973,457524978,33.971
20150427,2157.54,392339300,6196420,1345398327,455879965,33.884
20150428,2147.67,415054600,6144217,1339024328,452356993,33.783
20150429,2142.63,458065300,6700508,1336120381,452310234,33.853
20150430,2127.17,509129500,6171206,1327284545,450878237,33.97
20150504,2132.23,355620400,4729117,1330971660,453031331,34.038
20150506,2104.58,428091800,5673932,1313221989,447001486,34.039
20150507,2091,423246400,5464314,1304188947,444294402,34.067
20150508,2085.52,309504500,4760652,1300179698,440723694,33.897
20150511,2097.38,329704100,5040356,1307246124,441302625,33.758
20150512,2096.77,391923900,5016008,1305255568,441358575,33.814
20150513,2114.16,377032400,5001953,1315899887,443540522,33.706
20150514,2120.33,430832500,5117207,1320368108,445055068,33.707
20150515,2106.5,491705700,6152414,1311860888,441562440,33.659
20150518,2113.72,445154700,5853343,1316383346,442780247,33.636
20150519,2120.85,418479800,5758116,1320658615,444264862,33.64
20150520,2139.54,452114000,6080979,1332753718,449304106,33.712
20150521,2122.81,398146300,5683597,1322590771,445012172,33.647
20150522,2146.1,444585000,6084899,1336758600,450503388,33.701
20150526,2143.5,381383100,6664711,1335922314,449594413,33.654
20150527,2107.5,439029100,8038776,1313307991,439817291,33.489
20150528,2110.89,416116200,6847486,1315524158,440166539,33.459
20150529,2114.8,456143000,7898247,1318606947,441621821,33.492
20150601,2102.37,426927800,5897427,1310109641,438007487,33.433
20150602,2078.64,520056400,7029219,1294288904,432763573,33.436
20150603,2063.16,541167100,6612353,1285026881,429817294,33.448
20150604,2072.86,400364000,7425341,1291801430,433598632,33.565
20150605,2068.1,394291100,6196818,1288676222,432669439,33.575
20150608,2065.19,393563500,5600602,1285935551,430852500,33.505
20150609,2064.03,421880800,5606086,1284380957,428754782,33.382
20150610,2051.32,427360800,6260203,1276549989,426305080,33.395
20150611,2056.61,457020400,7628902,1279618526,426764832,33.351
20150612,2052.17,388258300,6152211,1277287528,426113944,33.361
20150615,2042.32,313945900,4968901,1271122016,425055087,33.439
20150616,2028.72,381408200,6360420,1262980145,421623631,33.383
20150617,2034.86,354723000,5112641,1267459896,422820152,33.36
20150618,2041.88,390973000,5324238,1271691513,422780515,33.246
20150619,2046.96,400329100,5649938,1274578489,422400817,33.14
20150622,2055.16,266962400,4320380,1279769868,424602484,33.178
20150623,2081.2,329799300,5293353,1296185989,430670393,33.226
20150624,2085.53,400753800,5340099,1299458967,431893066,33.236
20150625,2085.06,575912100,5935775,1298501594,428484019,32.998
20150626,2090.26,492773900,6345469,1301822077,426933316,32.795
20150629,2060.49,503807100,6207217,1284489136,422538657,32.895
20150630,2074.2,392413400,5653578,1293129967,423841200,32.776
20150701,2097.89,471565600,5887524,1307385643,427479011,32.697
20150702,2107.33,565339200,7123089,1313180646,427962593,32.59
20150703,2104.41,419549300,5993989,1310771039,425422305,32.456
20150706,2053.93,474042500,6359279,1279274183,414583912,32.408
20150707,2040.29,502809400,8282446,1270619129,414572686,32.628
20150708,2016.21,453118100,7561889,1256567111,409223570,32.567
20150709,2027.81,408457700,7076332,1263596381,411570467,32.571
20150710,2031.17,381307000,6694045,1266003543,410953999,32.461
20150713,2061.52,426286800,6234781,1284730942,415542887,32.345
20150714,2059.23,503078400,6807343,1282991294,412580997,32.158
20150715,2072.91,619128800,7571105,1291539233,414593977,32.101
20150716,2087.89,697930200,7511196,1300883330,418303521,32.155
20150717,2076.79,819227100,8471374,1295334485,417748529,32.25
20150720,2073.31,870679700,6032626,1293193523,415423073,32.124
20150721,2083.62,727407100,6566886,1299896412,417637653,32.129
20150722,2064.73,1160824400,6842551,1288606919,413723495,32.106
20150723,2065.07,739793400,6236606,1289026392,413351983,32.067
20150724,2045.96,611868600,6152505,1277379658,409489149,32.057
20150728,2039.1,498527000,6616941,1273289346,410742635,32.258
20150729,2037.62,520572600,6702194,1272961246,413013817,32.445
20150730,2019.03,509318300,6809942,1262118199,408367775,32.356
20150731,2030.16,448192300,6285953,1268862612,409304321,32.258
20150803,2008.49,358746000,5118527,1255710752,404460643,32.21
20150804,2027.99,388790200,5020051,1267664208,408045701,32.189
20150805,2029.76,319211700,5064870,1268581539,406423207,32.038
20150806,2013.29,340506900,5884336,1257563011,400182443,31.822
20150807,2010.23,334578000,4744990,1256006486,400677647,31.901
20150810,2003.17,308327400,4491920,1252313277,400740532,32
20150811,1986.65,366407500,5080634,1242034736,399194351,32.14
20150812,1975.47,524252100,6860221,1235286893,398395849,32.251
20150813,1983.46,376591100,5178550,1239674654,396908045,32.017
20150817,1968.52,561574300,4622504,1228555722,392645030,31.96
20150818,1956.26,472766400,5607258,1221559996,393605190,32.222
20150819,1939.38,506786300,7253388,1211657714,394182307,32.532
20150820,1914.55,397527100,5157649,1196321599,389835741,32.586
20150821,1876.07,512313900,6834430,1172659638,381902029,32.567
20150824,1829.81,415178000,6235256,1143177407,370477213,32.408
20150825,1846.63,451586800,6679761,1153956825,371987852,32.236
20150826,1894.09,453386600,6849270,1182380356,376856157,31.873
20150827,1908,482660700,6719363,1191319289,378830962,31.799
20150828,1937.67,446751400,6519469,1209654494,383977266,31.743
20150831,1941.49,350942700,6024472,1212680898,384937944,31.743
20150901,1914.23,324479100,4831116,1196137315,380226185,31.788
20150902,1915.22,342022000,5014263,1196968638,380885078,31.821
20150903,1915.53,297283000,4624097,1198605654,383077541,31.96
20150904,1886.04,361089900,4688499,1180704916,379837330,32.17
20150907,1883.22,288156900,3785321,1179516488,378257236,32.069
20150908,1878.68,391891100,4759166,1176912600,379230217,32.222
20150909,1934.2,516171300,5303536,1210916528,389074565,32.131
20150910,1962.11,460344700,5498232,1227341573,392004001,31.939
20150911,1941.37,503010400,4679790,1215172342,386935181,31.842
20150914,1931.46,362914600,4136992,1209580982,386680100,31.968
20150915,1937.56,390824200,4067672,1214290196,387228192,31.889
20150916,1975.45,584757700,5959319,1238163363,396136071,31.994
20150917,1976.49,510173300,5676960,1238718462,398285192,32.153
20150918,1995.95,523798200,6807801,1250560937,400891058,32.057
20150921,1964.68,376423100,3858231,1230985524,393262932,31.947
20150922,1982.06,696371700,4534814,1242197297,397006455,31.96
20150923,1944.64,856989300,5433915,1218891581,390003430,31.997
20150924,1947.1,921264900,5080728,1220294717,389571434,31.924
20150925,1942.85,796574300,4311736,1217368815,388180963,31.887
20150930,1962.81,546992400,5655560,1230579424,394508084,32.059
20151001,1979.32,678977800,5229855,1240669928,397095799,32.007
20151002,1969.68,1030976500,5277113,1236240729,394964507,31.949
20151005,1978.25,545633800,4651117,1241237367,395651715,31.876
20151006,1990.65,661635500,5633449,1249178502,400104510,32.029
20151007,2005.84,761719700,6195452,1259986163,407410178,32.334
20151008,2019.53,700992800,6259807,1268109506,411226698,32.428
20151012,2021.63,635085200,6219312,1269227363,411168098,32.395
20151013,2019.05,604995700,5193984,1267759092,410606161,32.388
20151014,2009.55,644802600,5031596,1262498317,409546579,32.439
20151015,2033.27,498901000,4655277,1277356778,414463496,32.447
20151016,2030.26,550798400,5350547,1275140481,413842511,32.455
20151019,2030.27,726843300,4283441,1275173624,414052629,32.47
20151020,2039.36,958059600,4787760,1280746439,415165289,32.416
20151021,2042.98,668945000,5438630,1287677503,415849146,32.295
20151022,2023,695813800,5951986,1275462393,412671362,32.355
20151023,2040.4,648998700,5384800,1286286064,416475769,32.378
20151026,2048.08,459949500,4343327,1291107718,418190417,32.39
20151027,2044.65,449155400,4095908,1288864110,417341838,32.381
20151028,2042.51,402200900,5094460,1288005914,417397236,32.406
20151029,2034.16,481349200,6261445,1284194609,417441617,32.506
20151030,2029.47,380671200,6187956,1284928132,422088592,32.849
20151102,2035.24,366381600,4771552,1288909458,424498770,32.935
20151103,2048.4,591736800,5797181,1296486161,426007360,32.859
20151104,2052.77,545085600,4953164,1299093722,426039711,32.795
20151105,2049.41,349079000,4024587,1296940923,425536823,32.811
20151106,2041.07,465030300,4590162,1293197659,423395878,32.74
20151109,2025.7,435389300,6058317,1283538895,421658689,32.851
20151110,1996.59,417457900,5734869,1265046203,415765530,32.866
20151111,1997.27,286567400,3874411,1266240860,416190281,32.868
20151112,1993.36,389444800,3492604,1263875640,414754218,32.816
20151113,1973.29,342313200,4261918,1251364867,410476078,32.802
20151116,1943.02,433426900,5358919,1232730118,404297388,32.797
20151117,1963.58,417559000,4510065,1245962998,407854546,32.734
20151118,1962.88,541860300,4611918,1245925943,408424311,32.781
20151119,1988.91,422517100,5130496,1263302131,414099872,32.779
20151120,1989.86,413655500,4032700,1263182530,413130852,32.706
20151123,2003.7,383231200,4481648,1271487516,413916465,32.554
20151124,2016.29,417004900,4362320,1279475820,416622730,32.562
20151125,2009.42,391646800,4256142,1274840957,414739340,32.533
20151126,2030.68,454457000,4428687,1288215418,419647402,32.576
20151127,2028.99,481950700,4005775,1286995052,418993246,32.556
20151130,1991.97,452865600,6538489,1263656186,409950864,32.442
20151201,2023.93,573342000,4902801,1284539542,418146435,32.552
20151202,2009.29,631315400,4415989,1275060982,414292982,32.492
20151203,1994.07,365870100,3515393,1265264412,410052004,32.408
20151204,1974.4,379466100,3297514,1253193062,405893835,32.389
20151207,1963.67,382132500,3396772,1245865766,403144600,32.359
20151208,1949.04,406175700,3632715,1234740686,400868707,32.466
20151209,1948.24,378094800,3690506,1234234604,400710773,32.466
20151210,1952.07,377848900,4699412,1236360404,402589033,32.562
20151211,1948.62,380713300,4126570,1234143722,402169630,32.587
20151214,1927.82,439741100,4272255,1221052368,398484035,32.634
20151215,1932.97,434738100,3643731,1224352614,399141411,32.6
20151216,1969.4,475097700,4306030,1247470364,406833266,32.613
20151217,1977.96,379574400,3923863,1253042882,407941279,32.556
20151218,1975.32,677729200,4218016,1251129346,405500269,32.411
20151221,1981.19,539596300,3594694,1254807195,406564880,32.401
20151222,1992.56,577235900,4181139,1261894716,409653342,32.463
20151223,1999.22,502366900,4345762,1266100583,411065235,32.467
20151224,1990.65,504620200,3617394,1260855414,409279099,32.46
20151228,1964.06,396643300,3840599,1245487966,403333464,32.384
20151229,1966.31,401427800,3798204,1245674313,400967893,32.189
20151230,1961.31,304462500,3706627,1242832089,400350854,32.213
20160104,1918.76,359018200,3966273,1215384387,390479303,32.128
20160105,1930.53,446548800,4197593,1222621740,392685933,32.118
20160106,1925.43,594612800,6274716,1219296930,389710140,31.962
20160107,1904.33,393042000,5003024,1205546062,384889485,31.927
20160108,1917.62,430204400,5205453,1213738733,387430697,31.92
20160111,1894.84,328768300,4509489,1199940483,382981776,31.917
20160112,1890.86,295135800,3917468,1196604297,381989930,31.923
20160113,1916.28,265221400,3943112,1212573969,386413258,31.867
20160114,1900.01,310978800,4387096,1202051363,382620574,31.831
20160115,1878.87,312359700,4578794,1188669435,378375135,31.832
20160118,1878.45,276937400,4119703,1188342443,377272180,31.748
20160119,1889.64,335321400,4536458,1196846006,380512447,31.793
20160120,1845.45,407298700,5339553,1168847406,370954714,31.737
20160121,1840.53,433741800,4792984,1165653994,369342654,31.685
20160122,1879.43,408460000,4399145,1190177921,377032702,31.679
20160125,1893.43,315303600,4049947,1199185333,379226520,31.624
20160126,1871.69,298824600,4470665,1185447563,374673525,31.606
20160127,1897.87,348905000,5065420,1202100437,380849636,31.682
20160128,1906.94,354305700,6242581,1207459165,380840352,31.541
20160129,1912.06,386555400,6483654,1207457690,382676509,31.693
20160201,1924.82,440317300,5160758,1215560971,385449522,31.71
20160202,1906.6,412273100,4639398,1203571836,380697943,31.631
20160203,1890.67,408594700,4815439,1193846682,377566082,31.626
20160204,1916.26,365805300,5253765,1210371424,383439322,31.679
20160205,1917.79,305766600,4791924,1212176289,384620611,31.73
20160211,1861.54,386428200,4770142,1176622962,373666611,31.758
20160212,1835.28,470499700,6338971,1160328510,371065245,31.979
20160215,1862.2,284595200,4500530,1177463738,358132580,30.416
20160216,1888.3,388318400,4267907,1193523037,381340317,31.951
20160217,1883.94,344628500,5188345,1191552737,383338323,32.171
20160218,1908.84,332576100,4785964,1206990296,386972158,32.061
20160219,1916.24,312197900,3880809,1211528782,387956459,32.022
20160222,1916.36,267858900,3486295,1211715539,387138527,31.95
20160223,1914.22,326810600,3982343,1210413880,387662039,32.027
20160224,1912.53,281600500,3556541,1209058668,386961975,32.005
20160225,1918.57,305789900,4179857,1213111446,387960561,31.981
20160226,1920.16,280216800,4644805,1215116614,387525451,31.892
20160229,1916.66,275051500,4615416,1213244564,387147702,31.91
20160302,1947.42,323352300,5178066,1232705587,394429636,31.997
20160303,1958.17,420984300,4981597,1240008234,397746626,32.076
20160304,1955.63,316418000,4605781,1238204596,396863835,32.052
20160307,1957.87,344612700,4687644,1239615544,397756044,32.087
20160308,1946.12,358684900,4893203,1232017083,394281146,32.003
20160309,1952.95,355392200,4280888,1235545056,394774921,31.951
20160310,1969.33,352325400,5162483,1246487835,400159332,32.103
20160311,1971.41,303418500,4207111,1248055842,401757413,32.191
20160314,1972.27,357078200,4218503,1248793363,402922565,32.265
20160315,1969.97,264582900,3813225,1247136108,402226995,32.252
20160316,1974.9,294460700,4124127,1250641744,403807125,32.288
20160317,1987.99,291577500,5094460,1258766313,407277515,32.355
20160318,1992.12,385847500,4776064,1261477235,408835973,32.409
20160321,1989.76,323260200,4043689,1260543529,408705503,32.423
20160322,1996.81,383752300,4492776,1265131035,410467885,32.445
20160323,1995.12,367551300,4019678,1264002062,410384295,32.467
20160324,1985.97,341173000,3822814,1258472322,409069593,32.505
20160325,1983.81,463422000,3806595,1256783617,408336273,32.491
20160328,1982.54,410468300,3406776,1256238512,408916568,32.551
20160329,1994.91,385453500,4044429,1264203668,412088805,32.597
20160330,2002.14,368305100,4619553,1269244086,413780651,32.601
20160331,1995.85,335073900,5203138,1265001896,412441884,32.604
20160401,1973.57,392258100,5156264,1250637258,406302603,32.488
20160404,1978.97,363317200,4262832,1254254153,407800538,32.513
20160405,1962.74,368164800,4026409,1243245434,402561246,32.38
20160406,1971.32,358031900,4569306,1248789221,405692249,32.487
20160407,1973.89,434061800,4631482,1249999633,405873966,32.47
20160408,1972.05,400616200,4388854,1249066943,404807347,32.409
20160411,1970.37,379537300,3863260,1248256434,405391577,32.477
20160412,1981.32,387318700,3944190,1255329129,407971224,32.499
20160414,2015.93,473519500,6406407,1276575530,416376654,32.617
20160415,2014.71,317709600,4523020,1276212676,415916135,32.59
20160418,2009.1,339248200,4304947,1273435355,416137909,32.678
20160419,2011.36,401236400,4465586,1274155091,415126520,32.581
20160420,2005.83,423964100,4653338,1270781210,414434817,32.613
20160421,2022.1,392096100,4783030,1280902761,417790874,32.617
20160422,2015.49,480470600,4215697,1276836008,416326906,32.606
20160425,2014.55,397674800,4423939,1276352744,416507218,32.633
20160426,2019.63,509281500,5281100,1278883150,418116497,32.694
20160427,2015.4,412802900,5398188,1276057089,418198191,32.773
20160428,2000.93,341142700,5460706,1266323307,413261283,32.635
20160429,1994.15,401063000,5334757,1261953136,411219681,32.586
20160502,1978.15,328194600,3879203,1248655660,409102846,32.763
20160503,1986.41,310492400,3813503,1253911676,410692065,32.753
20160504,1976.71,352695700,5056070,1248353738,410336502,32.87
20160509,1967.81,342189300,5303038,1243495067,409446652,32.927
20160510,1982.5,369085300,4857462,1252479087,411685506,32.87
20160511,1980.1,398532000,4451794,1251635369,411259549,32.858
20160512,1977.49,462882300,4144195,1249546729,409373758,32.762
20160513,1966.99,509123300,4545160,1242517730,405702062,32.652
20160516,1967.91,526717500,4872477,1242835129,405631157,32.638
20160517,1968.06,597582700,5521943,1243839736,406585609,32.688
20160518,1956.73,696273000,6697755,1236578880,404580581,32.718
20160519,1946.78,505920400,5307636,1230162314,403968961,32.839
20160520,1947.67,388051500,4455609,1230691700,402734280,32.724
20160523,1955.25,399513500,4062458,1235645260,404802232,32.76
20160524,1937.68,517076000,5005498,1224978780,401374690,32.766
20160525,1960.51,656874300,5456224,1240305865,407870806,32.885
20160526,1957.06,558263700,5103802,1238082336,407380841,32.904
20160527,1969.17,523531300,4911231,1246219400,409514131,32.861
20160530,1967.13,550502900,4664445,1244653363,409163862,32.874
20160531,1983.4,657045100,8612420,1255356335,412462077,32.856
20160601,1982.72,502290300,5383974,1255999302,413864806,32.951
20160602,1985.11,474228100,5400504,1257911512,416290838,33.094
20160603,1985.84,540858600,5497341,1258220250,416098294,33.07
20160607,2011.63,481348400,5541394,1274446268,421719447,33.09
20160608,2027.08,497934800,5845815,1283948013,425481140,33.139
20160609,2024.17,599680900,7955010,1282125842,426271831,33.247
20160610,2017.63,404303000,4777125,1278075774,423632948,33.146
20160613,1979.06,443001800,4679938,1253317434,414745160,33.092
20160614,1972.03,439936500,5009885,1249481895,414454883,33.17
20160615,1968.83,376769000,4694853,1247663848,415191207,33.277
20160616,1951.99,438794400,4452385,1237245630,413061755,33.386
20160617,1953.4,485269100,4488888,1238327356,413149455,33.364
20160620,1981.12,391345300,4045044,1255559309,418267995,33.313
20160621,1982.7,557437200,4514571,1256919869,419057739,33.34
20160622,1992.58,407434800,4136231,1263208700,421531025,33.37
20160623,1986.71,455389700,4220797,1259087310,420355483,33.386
20160624,1925.24,750546000,8724510,1221280862,409367065,33.519
20160627,1926.85,394266200,5175625,1222271046,409164053,33.476
20160628,1936.22,373459400,4452632,1227810137,409485699,33.351
20160629,1956.36,451186000,4865379,1240335079,412803795,33.282
20160630,1970.35,349862500,5326567,1250198142,416935782,33.35
20160701,1987.32,448128400,4325444,1261236964,421933911,33.454
20160704,1995.3,468611300,4150962,1266629651,424180827,33.489
20160705,1989.85,405487000,3951492,1263270454,422870740,33.474
20160706,1953.12,457438700,4764743,1239376225,413072144,33.329
20160707,1974.08,378755100,3936372,1252748245,417919332,33.36
20160708,1963.1,356526500,4315295,1245831577,416140808,33.403
20160711,1988.54,337763600,4384854,1262792040,422196379,33.434
20160712,1991.23,432650300,4485332,1263991200,422014095,33.387
20160713,2005.55,357643000,4743547,1273883223,426419285,33.474
20160714,2008.77,340227200,4318864,1276284573,428083157,33.541
20160715,2017.26,477808100,4640271,1285347839,431356466,33.56
20160718,2021.11,380091500,3569171,1287818135,432408294,33.577
20160719,2016.89,380797800,3766201,1285044648,431940091,33.613
20160720,2015.46,316335500,3541334,1284410624,431775163,33.617
20160721,2012.22,391049100,3921399,1282299382,431422715,33.644
20160722,2010.34,320954000,3866947,1280788529,430292342,33.596
20160725,2012.32,350230700,4053086,1281905616,431747880,33.68
20160726,2027.34,338607100,4072566,1291738101,435371868,33.704
20160727,2025.05,411661000,4493918,1289921314,435135117,33.733
20160728,2021.1,350881400,4343065,1287721677,433623263,33.674
20160729,2016.19,366385200,5028662,1283158114,434200824,33.838
20160801,2029.61,369588100,4822082,1291814814,439299932,34.006
20160802,2019.03,409940300,4314085,1284954079,435978470,33.929
20160803,1994.79,485853000,4387076,1269643958,429986965,33.867
20160804,2000.03,326514000,3648387,1273523592,431133819,33.854
20160805,2017.94,289293200,4168007,1285888530,436929563,33.979
20160808,2031.12,270484600,4169817,1293946098,439913979,33.998
20160809,2043.78,436716800,4172627,1301778454,442551026,33.996
20160810,2044.64,331091900,4638219,1302129885,441759738,33.926
20160811,2048.8,346081900,4490356,1304638117,443000179,33.956
20160812,2050.47,376489300,4667631,1305975257,442707391,33.899
20160816,2047.76,374872900,4503851,1304494576,443247609,33.978
20160817,2043.75,391714600,4406925,1301963105,442998620,34.025
20160818,2055.47,353080500,4764864,1310197227,447871348,34.184
20160819,2056.24,392318800,5005350,1311350305,449940707,34.311
20160822,2042.16,343502600,4101258,1302637823,447877344,34.382
20160823,2049.93,360414300,4470552,1307730331,450159245,34.423
20160824,2043.76,285183100,4144213,1303342577,447469167,34.332
20160825,2042.92,277432000,4198774,1302439448,446591431,34.289
20160826,2037.5,288184500,4011867,1298673905,444383768,34.218
20160829,2032.35,316969400,3843485,1295847423,445928327,34.412
20160830,2039.74,378563600,3817975,1300619797,447575407,34.412
20160831,2034.65,400952800,5485909,1296942351,446324297,34.414
20160901,2032.72,300506200,4373706,1294938068,443798588,34.272
20160902,2038.31,342631200,3937152,1298805435,445095811,34.27
20160905,2060.08,572966800,4127936,1312321591,450424978,34.323
20160906,2066.53,462549600,4096682,1317208172,454143822,34.478
20160907,2061.88,687157400,5053397,1313591171,452720349,34.464
20160908,2063.73,656653200,5643674,1315372676,454506423,34.553
20160909,2037.87,392682800,4373805,1298073357,447268288,34.456
20160912,1991.48,422882200,4815792,1267336204,434038429,34.248
20160913,1999.36,437424700,5146692,1273899302,438196817,34.398
20160919,2015.78,434438000,4961594,1284707657,442898671,34.475
20160920,2025.71,362345100,4186376,1291619685,445569050,34.497
20160921,2035.99,525096600,4132886,1298121409,448002399,34.512
20160922,2049.7,447589300,4259943,1307437444,451815140,34.557
20160923,2054.07,494112600,4536562,1308797963,450118990,34.392
20160926,2047.11,359615700,3691390,1304055998,448384564,34.384
20160927,2062.82,664040800,4712693,1313691311,451427177,34.363
20160928,2053.06,546450200,4045607,1307468513,449102789,34.349
20160929,2068.72,416168700,4543938,1318000053,453114151,34.379
20160930,2043.63,326386600,5739237,1301803837,448715138,34.469
20161004,2054.86,318854200,5019206,1309647620,452570072,34.557
20161005,2053,292345100,4329764,1308641459,452350389,34.566
20161006,2065.3,337709400,5358434,1317306738,456738913,34.672
20161007,2053.8,422446700,5403372,1309944963,454820706,34.721
20161010,2056.82,314895900,4666619,1309006187,454253262,34.702
20161011,2031.93,343215900,5340941,1291827780,444663954,34.421
20161012,2033.73,297373100,4832127,1293160804,443671141,34.309
20161014,2022.66,458904100,4189365,1286279151,443015607,34.442
20161017,2027.61,333402300,3750746,1289531338,445785413,34.57
20161018,2040.43,305931400,3906403,1297652128,448740287,34.581
20161019,2040.94,321940500,4097667,1298795666,449997724,34.647
20161020,2040.6,276001000,3954964,1299023980,450548821,34.684
20161021,2033,260354600,3489846,1294145303,448278357,34.639
20161024,2047.74,252041100,3588032,1303635039,452128610,34.682
20161025,2037.17,299101600,4966044,1296930773,450462676,34.733
20161026,2013.89,392402400,4750668,1282232415,445404035,34.737
20161027,2024.12,298690800,4901198,1288971635,447436585,34.713
20161028,2019.42,270531400,4245553,1286551479,448452735,34.857
20161031,2008.19,400664800,4365768,1279754773,448163607,35.019
20161101,2007.39,321774600,4462621,1278978193,449323835,35.131
20161102,1978.94,333529500,4404094,1260996821,444248098,35.23
20161103,1983.8,272728400,3780779,1263454855,442870984,35.052
20161104,1982.02,227776300,3112409,1262607502,442533298,35.049
20161107,1997.58,210333500,3131548,1272373470,445307631,34.998
20161108,2003.38,239579200,3238824,1276013950,446456210,34.988
20161109,1958.38,709043300,7431309,1247481566,436991324,35.03
20161110,2002.6,433884800,7012811,1284724724,446396342,34.746
20161111,1984.43,386856300,6718928,1272531403,439129435,34.508
20161114,1974.4,352116800,5099798,1265674765,434634984,34.34
20161115,1967.53,375663400,5095586,1261206252,432858556,34.321
20161116,1979.65,306499900,4655273,1269224972,434836615,34.26
20161117,1980.55,272172400,3539361,1270111146,435208881,34.265
20161118,1974.58,306956500,4742246,1269989910,436853855,34.398
20161121,1966.05,223512900,3501442,1264620460,436219296,34.494
20161122,1983.47,231368200,3941979,1276043793,442488638,34.677
20161123,1987.95,308200100,4690250,1277393597,445092764,34.844
20161124,1971.26,235443500,3547734,1267210569,443032934,34.961
20161125,1974.46,201938400,2914479,1268948460,443052331,34.915
20161128,1978.13,213578900,3085101,1273002694,445370027,34.986
20161129,1978.39,214565700,4413543,1272851862,445718972,35.017
20161130,1983.48,233085800,5558990,1277304961,449923851,35.224
20161201,1983.75,217875900,4061246,1277144302,449836388,35.222
20161202,1970.61,243181400,3727862,1269074669,447330846,35.249
20161205,1963.36,237190400,3071609,1264882579,446264251,35.281
20161206,1989.86,214649200,3794720,1282306755,452519060,35.289
20161207,1991.89,204410300,3659555,1283622932,454081177,35.375
20161208,2031.07,239428900,4956345,1307883233,463544754,35.442
20161209,2024.69,225657100,3813856,1304217187,461603934,35.393
20161212,2027.24,289804100,3691816,1305031707,459931251,35.243
20161213,2035.98,383364000,4220712,1310751171,461170931,35.184
20161214,2036.87,384033100,3392827,1313641230,463274392,35.266
20161215,2036.65,300190100,3290968,1313287751,461457143,35.138
20161216,2042.24,289708300,3944176,1317717852,464834452,35.276
20161219,2038.39,249870200,2976699,1315584420,464162738,35.282
20161220,2041.94,314221200,3174668,1317982199,465379796,35.31
20161221,2037.96,284570100,3384379,1315475440,464088768,35.279
20161222,2035.73,275096300,3256420,1313850178,463656156,35.29
20161223,2035.9,310882100,3200601,1313648968,462083453,35.176
20161226,2037.75,366636200,3036259,1315023861,462835643,35.196
20161227,2042.17,384033100,3095681,1318586364,464413475,35.221
20161228,2024.49,356590000,3051025,1306848288,459388272,35.152
20161229,2026.46,264521800,3009199,1308440374,460632479,35.205
20170102,2026.16,229874900,2616791,1308042051,461306526,35.267
20170103,2043.97,268127300,3725113,1319218839,466038322,35.327
20170104,2045.64,371488100,4098879,1320293636,466811309,35.357
20170105,2041.95,541343500,4479782,1317577589,464041744,35.219
20170106,2049.12,455350700,3511655,1322374578,466959865,35.312
20170109,2048.78,398291100,3878372,1322945087,469394533,35.481
20170110,2045.12,512663400,3869789,1320784087,469679950,35.561
20170111,2075.17,335531700,4534399,1340531933,478564291,35.7
20170112,2087.14,555841900,4727251,1347878921,481714107,35.739
20170113,2076.79,518284300,4727082,1340353348,476520561,35.552
20170116,2064.17,683931700,4769155,1331939879,473099471,35.52
20170117,2071.87,601435000,4215228,1336913330,475478386,35.565
20170118,2070.54,530133400,4054751,1338084297,475310134,35.522
20170119,2072.79,415668900,4136854,1339900119,477232549,35.617
20170120,2065.61,392647100,4082436,1335497553,474853934,35.556
20170123,2065.99,444862500,3774412,1336676441,477038341,35.688
20170124,2065.76,312411100,3789739,1336601476,477541001,35.728
20170125,2066.94,311770800,6567595,1338421915,481120975,35.947
20170126,2083.59,257921500,4425645,1349672535,486133630,36.019
20170131,2067.57,288275400,4596318,1338409357,480561694,35.905
20170201,2080.48,452528400,4532425,1346350614,482288628,35.822
20170202,2071.01,825477400,5707493,1340777645,481008777,35.875
20170203,2073.16,392584000,4913325,1341966582,481880134,35.909
20170206,2077.66,315315400,3900502,1345054595,482980914,35.908
20170207,2075.21,271809000,4170985,1343105536,481306710,35.835
20170208,2065.08,266722400,4467660,1336445528,478546552,35.807
20170209,2065.88,236008900,4269100,1337008144,478362302,35.779
20170210,2075.08,314676300,4885928,1342535858,479682502,35.73
20170213,2078.65,289684900,3988194,1344539475,479552990,35.667
20170214,2074.57,332365900,4462092,1341796937,477285111,35.571
20170215,2083.86,338044700,4735314,1347225063,478483297,35.516
20170216,2081.84,330466900,4331134,1346223990,479620443,35.627
20170217,2080.58,301517400,4782724,1345089249,479690216,35.662
20170220,2084.39,297203300,3320494,1348154670,482498547,35.79
20170221,2102.93,292539400,3976164,1359938502,486374740,35.764
20170222,2106.61,312219200,4246790,1362373770,488222596,35.836
20170223,2107.63,430850900,4592956,1362846570,487981112,35.806
20170224,2094.12,385394900,5176797,1353364623,482503294,35.652
20170227,2085.52,343702200,4170046,1347849638,479420768,35.569
20170228,2091.64,399821800,5051497,1351894956,481719540,35.633
20170302,2102.65,434713200,6172419,1360136704,488953578,35.949
20170306,2081.36,431445200,4655902,1346355445,485686781,36.074
20170307,2094.05,277830400,3962686,1354747806,487714135,36
20170308,2095.41,381441600,4517061,1355519188,488803561,36.06
20170309,2091.06,408229000,5110475,1352384164,488070770,36.09
20170310,2097.35,500860800,5570688,1356493259,489630652,36.095
20170313,2117.59,382129400,4657806,1369779491,496407751,36.24
20170314,2133.78,365074800,5287891,1380724236,501574742,36.327
20170315,2133,374699700,4974871,1380664798,501805004,36.345
20170316,2150.08,402424400,5163958,1391689013,505774420,36.342
20170317,2164.58,302788100,4979594,1401543225,509477527,36.351
20170320,2157.01,264946600,4117273,1396118874,506919564,36.309
20170321,2178.38,303940500,5620094,1410500369,513924408,36.436
20170322,2168.3,394425700,5586037,1404264981,511495884,36.424
20170323,2172.72,358607900,5152408,1406409944,510568236,36.303
20170324,2168.95,358673400,5127078,1403733238,509595718,36.303
20170327,2155.66,395862500,5291302,1395348806,506043036,36.266
20170328,2163.31,393970300,5076567,1401036286,507713749,36.238
20170329,2166.98,626792900,5356115,1403913277,509331413,36.279
20170330,2164.64,643563700,4574158,1403835585,509419748,36.288
20170331,2160.23,441640300,4479971,1400961585,507012190,36.19
20170403,2167.51,398513800,4066025,1405883015,508876839,36.196
20170404,2161.1,522093200,4619289,1402046554,507651657,36.208
20170405,2160.85,571691300,4910757,1402168630,507768888,36.213
20170406,2152.75,510164300,4204110,1396629200,505105845,36.166
20170407,2151.73,408456700,4143350,1395556937,503706391,36.094
20170410,2133.32,512916700,4050058,1384038381,500957320,36.195
20170411,2123.85,489309100,4209403,1378255108,497805720,36.119
20170412,2128.91,427358300,3970631,1381534908,499317248,36.142
20170413,2148.61,357582900,4396072,1394108754,504597668,36.195
20170414,2134.88,383688300,3408417,1385279447,501222004,36.182
20170417,2145.76,259303700,3750130,1392064303,502309530,36.084
20170418,2148.46,291399400,3971074,1393614544,502290321,36.042
20170419,2138.4,344221000,4892976,1386926683,498900117,35.972
20170420,2149.15,268315900,5132501,1393644196,500770604,35.932
20170421,2165.04,281540300,4837703,1401852010,505699391,36.074
20170424,2173.74,374713900,4402840,1407333069,509598094,36.21
20170425,2196.85,275897100,5106631,1422832247,517499703,36.371
20170426,2207.84,397525800,5509194,1430107693,520156126,36.372
20170427,2209.46,386106900,6551273,1432679121,522904110,36.498
20170428,2205.44,268642400,5842675,1430873638,523485350,36.585
20170502,2219.67,295139600,4826500,1441151796,528924498,36.702
20170504,2241.24,261918600,4790759,1454577899,534118753,36.72
20170508,2292.76,281761300,6795938,1487320271,548018149,36.846
20170510,2270.12,422888200,9383778,1476220933,540904747,36.641
20170511,2296.37,463460000,7895478,1495130967,547401689,36.612
20170512,2286.02,335337800,6493662,1503064885,545882467,36.318
20170515,2290.65,251594100,4648512,1506318520,547199885,36.327
20170516,2295.33,368138000,6542753,1509851051,549265650,36.379
20170517,2293.08,394821400,5709041,1508979342,548965987,36.38
20170518,2286.82,378315000,5914401,1504833396,547334675,36.372
20170519,2288.48,421133900,5928741,1505298600,544865432,36.197
20170522,2304.03,340061100,5827433,1515797523,549638832,36.261
20170523,2311.74,341085100,5626903,1497923583,551011233,36.785
20170524,2317.34,409559600,5671778,1501367989,553523400,36.868
20170525,2342.93,369280400,6263938,1516672032,559275026,36.875
20170526,2355.3,312902100,6152560,1524825782,562659775,36.9
20170529,2352.97,316177800,5628670,1523018713,561576617,36.873
20170530,2343.68,508844000,5623193,1516704036,557121241,36.732
20170531,2347.38,555939200,8244271,1519224319,556984093,36.662
20170601,2344.61,336690600,5389573,1517531128,555813425,36.626
20170602,2371.72,399499200,6157841,1535433298,564212427,36.746
20170605,2368.62,326411700,5196274,1533778730,564026532,36.774
20170607,2360.14,376207600,6272489,1528313192,560573610,36.679
20170608,2363.57,417080000,8406803,1530882224,561521246,36.68
20170609,2381.69,520558400,7227366,1542997368,567987274,36.811
20170612,2357.87,327233600,5782163,1527605656,562116511,36.797
20170613,2374.7,322081800,5665179,1538262978,564387812,36.69
20170614,2372.64,392997900,6795164,1537387890,564534337,36.72
20170615,2361.65,334886200,5882836,1530333177,562671560,36.768
20170616,2361.83,329179400,5965449,1530672371,563462579,36.811
20170619,2370.9,290944700,5421942,1536693704,567242044,36.913
20170620,2369.23,360733800,7143556,1536241745,571095774,37.175
20170621,2357.53,360344800,6466059,1528474847,566792936,37.082
20170622,2370.37,299232000,6829006,1536651532,570695514,37.139
20170623,2378.6,256259100,5863390,1541919022,571409596,37.058
20170626,2388.66,325674200,5213753,1548384049,574330792,37.092
20170627,2391.95,358034200,6473501,1550600184,574790127,37.069
20170628,2382.56,361176700,6018052,1543678169,571936351,37.05
20170629,2395.66,445131600,5519870,1552287490,574517534,37.011
20170630,2391.79,343529700,5100038,1549261008,572384571,36.946
20170703,2394.48,310991700,4782703,1551236137,574228752,37.017
20170704,2380.52,411776200,4899735,1541800096,570186915,36.982
20170705,2388.35,333721000,4786069,1546865701,572378841,37.002
20170706,2387.81,301472800,4804355,1546895514,573420611,37.069
20170707,2379.87,314370000,5489141,1540538453,570901936,37.059
20170710,2382.1,296262300,4924609,1549196906,575164350,37.127
20170711,2396,284462100,4942133,1558253116,579596115,37.195
20170712,2391.77,268926300,5352346,1555980342,580948330,37.336
20170713,2409.49,289260800,6169865,1568027438,586840465,37.425
20170714,2414.63,258765900,5288841,1571230354,589238515,37.502
20170717,2425.1,254205300,4928676,1578499325,591623213,37.48
20170718,2426.04,260661600,4801381,1578631568,591371652,37.461
20170719,2429.94,270965200,5100348,1581150486,591412148,37.404
20170720,2441.84,251916500,5452698,1589860931,594904567,37.419
20170721,2450.06,250131900,5207298,1592877224,597962362,37.54
20170724,2451.53,233407900,4637011,1593346329,597832546,37.521
20170725,2439.9,275199900,5406742,1585492893,593427935,37.429
20170726,2434.51,336108900,6474044,1581850204,592007584,37.425
20170727,2443.24,426497500,5397118,1587487990,593429426,37.382
20170728,2400.99,318651900,7019671,1559499858,580502549,37.224
20170731,2402.71,277570200,5646474,1560654852,581713545,37.274
20170801,2422.96,264036200,5605202,1573327445,585475525,37.213
20170802,2427.63,261569700,5346438,1574478572,587341069,37.304
20170803,2386.85,303575400,6500832,1547313042,576683243,37.27
20170804,2395.45,273565600,5084021,1552978143,578435379,37.247
20170807,2398.75,244123900,4428447,1555176613,579666532,37.273
20170808,2394.73,252853800,4623603,1553061230,579406026,37.307
20170809,2368.39,234073300,4693572,1535593315,571389144,37.21
20170810,2359.47,283873100,6293548,1529764543,568914044,37.19
20170811,2319.71,318581000,6322990,1503626801,557024441,37.045
20170814,2334.22,214025300,4657450,1515575561,561879688,37.074
20170816,2348.26,270520900,6169012,1525670168,567190026,37.176
20170817,2361.67,255766100,4696031,1534652870,571291684,37.226
20170818,2358.37,201479300,4395553,1532778210,570296729,37.207
20170821,2355,207225400,3860617,1530386008,569862768,37.237
20170822,2365.33,251864000,4036930,1536995836,572025166,37.217
20170823,2366.4,228615800,4072478,1538226997,573463080,37.281
20170824,2375.84,295530800,4743851,1543913764,575046234,37.246
20170825,2378.51,341960500,4664554,1544754034,574769338,37.208
20170828,2370.3,226868600,4035800,1538875605,570772065,37.09
20170829,2364.74,223089500,4427621,1535858093,569615081,37.088
20170830,2372.29,305636500,4652673,1540964342,571722758,37.102
20170831,2363.19,265050200,5351567,1535629495,568722734,37.035
20170901,2357.69,280059600,4811929,1532592218,568365445,37.085
20170904,2329.65,248494800,4422729,1514396696,561912855,37.105
20170905,2326.62,320428000,4951325,1512278525,561094185,37.103
20170906,2319.82,252681700,5336840,1508357064,559796799,37.113
20170907,2346.19,277036400,4697149,1525680811,567091241,37.17
20170908,2343.72,214592700,4588619,1524638755,568638004,37.297
20170911,2359.08,243612700,4928978,1535384685,573543887,37.355
20170912,2365.47,333573600,5000743,1539474472,574196078,37.298
20170913,2360.18,318871900,6032999,1536059857,573228257,37.318
20170914,2377.66,314262500,6750768,1546781590,577573756,37.34
20170915,2386.07,298738800,6430144,1552342857,578996031,37.298
20170918,2418.21,273477900,5218019,1573692545,590240383,37.507
20170919,2416.05,254585800,5357247,1572876462,589111673,37.454
20170920,2412.2,303285600,5630703,1570621056,589390586,37.526
20170921,2406.5,335339300,5730119,1567070760,590328161,37.671
20170922,2388.71,333616800,6124475,1555336612,588175483,37.817
20170925,2380.4,339345600,4855652,1550628202,588568366,37.957
20170926,2374.32,319124800,5853154,1545785411,581799251,37.638
20170927,2372.57,202618900,4598482,1544304910,580176911,37.569
20170928,2373.14,194772300,4712785,1544474429,580284405,37.572
20170929,2394.47,184191400,4667349,1558243982,584595850,37.516
20171010,2433.81,221744900,7507847,1583765606,597314850,37.715
20171011,2458.16,201771300,6086393,1600875567,606084142,37.86
20171012,2474.76,256211000,6281852,1610914160,608983936,37.804
20171013,2473.62,234800600,6823930,1610209162,607304616,37.716
20171016,2480.05,224414600,6175084,1613827897,607278645,37.63
20171017,2484.37,199049300,5322692,1616936986,608768035,37.649
20171018,2482.91,244245300,5826518,1616101959,609036301,37.686
20171019,2473.06,236625100,6891246,1608466684,603298522,37.508
20171020,2489.54,313210900,5648569,1619603667,608067529,37.544
20171023,2490.05,274201000,4759871,1620087219,609926110,37.648
20171024,2490.49,232007000,4624483,1620755283,609375669,37.598
20171025,2492.5,599434800,5088790,1621564444,609671156,37.598
20171026,2480.63,646882900,7143282,1613241151,604691887,37.483
20171027,2496.63,511225800,6342961,1624402401,609744190,37.537
20171030,2501.93,342006000,7020594,1626538442,612934701,37.683
20171031,2523.43,313787800,7694499,1642285252,620549156,37.786
20171101,2556.47,361796400,7567835,1664901461,631118683,37.907
20171102,2546.36,527727500,6255076,1658388201,629372075,37.951
20171103,2557.97,292766700,5515019,1663024032,630144513,37.891
20171106,2549.41,221187300,5433361,1657218530,627498655,37.865
20171107,2545.44,253921500,5665741,1654339823,625858276,37.831
20171108,2552.4,277039200,5716549,1658856803,627686532,37.839
20171109,2550.57,293539500,6931784,1657645911,626222575,37.778
20171110,2542.95,291525400,5517622,1652577270,623916224,37.754
20171113,2530.35,266530800,6175703,1644648379,621431298,37.785
20171114,2526.64,287771600,5999101,1640671062,618786920,37.715
20171115,2518.25,398215000,7283457,1634963776,615033642,37.618
20171116,2534.79,302931300,5633181,1645491389,619173268,37.628
20171117,2533.99,362192300,6649668,1644529849,619032223,37.642
20171120,2527.67,404259900,5868465,1640426169,616564803,37.586
20171121,2530.7,484887300,7019796,1642523340,617875862,37.617
20171122,2540.51,485670600,7600111,1649978496,622653014,37.737
20171123,2537.15,391292200,5174188,1647721422,620056248,37.631
20171124,2544.33,297938400,4477300,1652408594,621473238,37.61
20171127,2507.81,284887300,6257121,1627300681,608620220,37.401
20171128,2514.19,348243100,6518925,1631775248,611415237,37.469
20171129,2512.9,301208900,5277563,1630844154,610117577,37.411
20171130,2476.37,339022400,9397571,1607169301,599469045,37.3
20171201,2475.41,288567700,5740174,1606563651,598167329,37.233
20171204,2501.67,323846600,6056436,1622966082,605051397,37.281
20171205,2510.12,395429900,5926806,1627839540,605880239,37.22
20171206,2474.37,507624000,6651308,1605164242,596702041,37.174
20171207,2461.98,404853500,6307570,1598885756,595696624,37.257
20171208,2464,406381500,5484859,1602767069,599471682,37.402
20171211,2471.49,240137800,4613094,1607943365,599223142,37.266
20171212,2461,281191200,5292539,1601445482,597217893,37.292
20171213,2480.55,254953300,5121323,1613324381,599713873,37.173
20171214,2469.48,317786600,8276523,1606804196,598212772,37.23
20171215,2482.07,340758800,6047301,1614080829,599385999,37.135
20171218,2481.88,322765300,4408039,1614248576,601161533,37.241
20171219,2478.53,308390500,5239923,1612412731,601933616,37.331
20171220,2472.37,236176100,4748794,1607733542,598924935,37.253
20171221,2429.83,247330400,5351502,1579690639,587018314,37.16
20171222,2440.54,230412700,4801820,1587459773,590663236,37.208
20171226,2427.34,224640600,5641602,1578386110,586379053,37.151
20171227,2436.67,194850100,4845393,1584816761,588351535,37.124
20171228,2467.49,220336300,4274352,1605820912,597233668,37.192
20180102,2479.65,262205400,4786386,1613508197,599092787,37.13
20180103,2486.35,331094600,6019622,1617634318,601440285,37.18
20180104,2466.46,333836300,6896287,1604916140,596966587,37.196
20180105,2497.52,308769600,6317518,1624970533,605733414,37.277
20180108,2513.28,311429300,6404885,1634777681,609852332,37.305
20180109,2510.23,374322700,7345518,1632067011,606322859,37.151
20180110,2499.75,444022000,8577963,1624057752,599581818,36.919
20180111,2487.91,444340100,7789310,1616665408,597111749,36.935
20180112,2496.42,438775500,8772175,1621717049,598054779,36.878
20180115,2503.73,404550800,6118634,1626574288,599540007,36.859
20180116,2521.74,341606600,6913692,1639188170,605727582,36.953
20180117,2515.43,336712500,6325747,1634771859,604087152,36.952
20180118,2515.81,333112000,6447655,1635724489,604852910,36.978
20180119,2520.26,351845000,6263000,1637786603,605370719,36.963
20180122,2502.11,342994000,6385331,1626287541,599334190,36.853
20180123,2536.6,370007800,6838404,1648667380,607346427,36.839
20180124,2538,371087200,6764738,1649315305,607916121,36.859
20180125,2562.23,514605000,7867501,1665284071,614287056,36.888
20180126,2574.76,400648700,7673559,1673359184,616360274,36.834
20180129,2598.19,437474700,7908139,1688814426,621856872,36.822
20180130,2567.74,397038600,7877966,1668674846,613126330,36.743
20180131,2566.46,403051300,10842647,1668579804,613288032,36.755
20180201,2568.54,595147200,8053098,1670143715,612557859,36.677
20180202,2525.39,481817700,8260733,1641386346,600003525,36.555
20180205,2491.75,442349800,8096051,1620158999,594414077,36.689
20180206,2453.31,582836900,9566550,1595275242,584224093,36.622
20180207,2396.56,460075000,8369362,1558072991,570209023,36.597
20180208,2407.62,362415700,7275110,1563754336,572706941,36.624
20180209,2363.77,489112000,8524086,1567308139,568638589,36.281
20180212,2385.38,352288300,6631083,1581810884,575894010,36.407
20180213,2395.19,423415700,7333093,1589989718,582491153,36.635
20180214,2421.83,305739300,5970263,1607999333,589995114,36.691
20180219,2442.82,322137400,5843436,1621617424,593896777,36.624
20180220,2415.12,421485500,5146648,1603559124,586806613,36.594
20180221,2429.65,432275400,6074260,1612751528,589498260,36.552
20180222,2414.28,349492700,4982023,1602148941,584482531,36.481
20180223,2451.52,300578300,5387096,1626053757,592524073,36.439
20180226,2457.65,321259900,5606026,1630210236,593918531,36.432
20180227,2456.14,271231700,5674164,1629406360,594080864,36.46
20180228,2427.36,367556900,7168378,1611555217,588313671,36.506
20180302,2402.16,320397200,6077888,1593948106,579932940,36.383
20180305,2375.06,312254100,5785012,1575913633,572998716,36.36
20180306,2411.41,400110600,6598571,1600329703,583264915,36.447
20180307,2401.82,412971900,8956678,1594937954,584806416,36.666
20180308,2433.08,394848800,9053040,1614933614,591328621,36.616
20180309,2459.45,437265000,8573691,1633438701,597956731,36.607
20180312,2484.12,391303800,6570618,1649789283,603841536,36.601
20180313,2494.49,350203300,7828709,1657712133,610719572,36.841
20180314,2486.08,360865600,6379749,1652629050,608707416,36.833
20180315,2492.38,344009500,6065884,1656176341,608690323,36.753
20180316,2493.97,377766100,6566428,1656858023,608720554,36.739
20180319,2475.03,477219200,5994568,1644237393,604090321,36.74
20180320,2485.52,291495600,5384113,1650420084,606641830,36.757
20180321,2484.97,399073600,5925541,1650337890,606286958,36.737
20180322,2496.02,482138400,7178799,1658523132,610429484,36.806
20180323,2416.76,457952800,7931474,1606035961,589951588,36.733
20180326,2437.08,306904000,5928635,1620507612,594474456,36.684
20180327,2452.06,332128600,6305554,1631743152,596866160,36.578
20180328,2419.29,501307000,7761054,1610067602,588310709,36.54
20180329,2436.37,333359400,7256777,1621052950,590745001,36.442
20180330,2445.85,395329300,6434444,1627646951,592099436,36.378
20180402,2444.16,390319300,6841687,1626392940,590945573,36.335
20180403,2442.43,497140700,7950088,1625310856,589193144,36.251
20180404,2408.06,551703700,8092053,1602618532,580467475,36.22
20180405,2437.52,591042700,7566951,1622983873,590320924,36.373
20180406,2429.58,454309300,7301080,1617425107,586836621,36.282
20180409,2444.08,334424800,6607392,1626997763,589722836,36.246
20180410,2450.74,356390200,7520110,1631061462,590180463,36.184
20180411,2444.22,355187800,7468123,1626689363,588848496,36.199
20180412,2442.71,441568700,8152884,1626103067,590241003,36.298
20180413,2455.07,395886200,6923900,1636609096,593710554,36.277
20180416,2457.49,347173800,6220737,1638625626,594880072,36.304
20180417,2453.77,394700500,6360648,1636624621,593607729,36.27
20180418,2479.98,647285500,8204323,1655299464,603123673,36.436
20180419,2486.1,727030500,10118365,1660195914,608107893,36.629
20180420,2476.33,531718600,7841558,1653175539,602267035,36.431
20180423,2474.11,701423400,9372647,1651720966,603221309,36.521
20180424,2464.14,524280400,8300865,1644743511,598257084,36.374
20180425,2448.81,466095600,7527931,1634741766,594320928,36.356
20180426,2475.64,520917200,7921705,1653073967,602209814,36.43
20180427,2492.4,464957900,8299222,1664373651,606901254,36.464
20180430,2515.38,746291800,9460289,1680104341,612343596,36.447
20180502,2505.61,807588600,11712287,1673457322,611089499,36.517
20180503,2487.25,614102400,7866074,1661556510,607349790,36.553
20180504,2461.38,612024100,10816535,1645196661,605653536,36.813
20180508,2449.81,714734300,9630702,1638340178,605448634,36.955
20180509,2443.98,593365900,9069419,1633304236,599644783,36.714
20180510,2464.16,490004900,8870446,1646413173,604576434,36.721
20180511,2477.71,599900700,7588728,1655512771,606214535,36.618
20180514,2476.11,650707500,9563127,1654107231,603114927,36.462
20180515,2458.54,712619900,9446302,1641597149,596111956,36.313
20180516,2459.82,691813300,9817111,1642766226,599128280,36.471
20180517,2448.45,596771700,8190532,1634548231,595138906,36.41
20180518,2460.65,431376600,6463038,1643541494,597684286,36.366
20180521,2465.57,588088100,6298421,1646798799,599436418,36.4
20180523,2471.91,752675500,9262008,1651604786,605583855,36.666
20180524,2466.01,638125900,6766220,1647251127,603168746,36.617
20180525,2460.8,653592100,9078584,1645067822,606374394,36.86
20180528,2478.96,708362300,9841222,1656584844,606359320,36.603
20180529,2457.25,571836800,8532893,1641963442,600317184,36.561
20180530,2409.03,575922400,8999465,1609052659,585101408,36.363
20180531,2423.01,816930100,13252142,1619387832,591048407,36.498
20180601,2438.96,603023300,8767489,1630337823,595755288,36.542
20180604,2447.76,438929300,7770704,1636442670,596358813,36.442
20180605,2453.76,501363800,7344810,1640471133,598110877,36.46
20180607,2470.58,474146800,8060721,1650987317,600817222,36.391
20180608,2451.58,530159800,7672721,1638226631,595995720,36.381
20180611,2470.15,427946700,7025547,1649425579,599225728,36.329
20180612,2468.83,613166200,9615203,1648939548,597993132,36.265
20180614,2423.48,533448300,9754343,1619121450,587401693,36.279
20180615,2404.04,502361800,9089895,1605379381,581011828,36.192
20180618,2376.24,564818800,8593501,1586801749,574766774,36.222
20180619,2340.11,606304600,7994621,1562923311,568815097,36.394
20180620,2363.91,456004000,6986902,1578520494,572749159,36.284
20180621,2337.83,438264300,6784646,1561394173,567531495,36.348
20180622,2357.22,537263700,6604291,1574319861,572139952,36.342
20180625,2357.88,415079800,5683866,1574954888,571183642,36.267
20180626,2350.92,470914700,6536279,1570771913,570371427,36.312
20180627,2342.03,526625400,7007325,1565467895,570771687,36.46
20180628,2314.24,414370800,5775389,1546538948,561974163,36.338
20180629,2326.13,396663000,6309713,1554717340,564307563,36.296
20180702,2271.54,393265500,5990017,1518812068,551931064,36.34
20180703,2272.76,366027800,6002085,1519169825,552717480,36.383
20180704,2265.46,315103300,4880994,1514392988,550906881,36.378
20180705,2257.55,346883700,5166569,1509639742,550548458,36.469
20180706,2272.87,344433100,6358357,1519066700,550942111,36.268
20180709,2285.8,352638900,5796356,1527555840,555352705,36.356
20180710,2294.16,339918900,5038809,1533821001,558198218,36.393
20180711,2280.62,422988800,5700944,1524675252,555191557,36.414
20180712,2285.06,364407800,6157666,1527075840,553781560,36.264
20180713,2310.9,291562600,6500717,1543892668,563291541,36.485
20180716,2301.99,297122300,4968950,1538124414,561306982,36.493
20180717,2297.92,379033600,4897898,1535441962,560162712,36.482
20180718,2290.11,402771700,5032249,1531112600,560980125,36.639
20180719,2282.29,464516200,5431161,1526048347,560235997,36.712
20180720,2289.19,353236000,4910685,1531651201,562004831,36.693
20180723,2269.31,334290900,5549481,1517777198,556923306,36.693
20180724,2280.2,436133000,5831914,1525094802,558212833,36.602
20180725,2273.03,309319800,6142619,1520152854,557300837,36.661
20180726,2289.06,303334100,6357106,1530914784,561352998,36.668
20180727,2294.99,262143800,5091586,1535382663,563010887,36.669
20180730,2293.51,206497600,4552317,1534963942,562796028,36.665
20180731,2295.26,223927400,4878429,1536034531,562066394,36.592
20180801,2307.07,219034900,4832858,1544459955,564411906,36.544
20180802,2270.2,352056500,5042803,1519901926,554228666,36.465
20180803,2287.68,270494000,4312568,1531545566,557634840,36.41
20180806,2286.5,244548700,4607350,1529611887,557318912,36.435
20180807,2300.16,230339600,4748559,1538743025,561037315,36.461
20180808,2301.45,299691400,5518133,1540110624,561801687,36.478
20180809,2303.71,244882900,5985859,1541180723,561702712,36.446
20180810,2282.79,286161000,6186206,1526683423,553282416,36.241
20180813,2248.45,335380500,5950055,1503939154,546916741,36.366
20180814,2258.91,255216000,4872038,1510814983,548833689,36.327
20180816,2240.8,312519300,6021648,1497924104,542771069,36.235
20180817,2247.05,238377500,4645284,1502273894,543546779,36.182
20180820,2247.88,271600300,4418976,1502923724,543297270,36.149
20180821,2270.06,294337200,5182953,1518199753,549585416,36.2
20180822,2273.33,269270900,5425019,1521284194,552816616,36.339
20180823,2282.6,338386200,5238289,1527487741,555299068,36.354
20180824,2293.21,347291500,5136917,1534269102,557397257,36.33
20180827,2299.3,307044900,5766323,1538348010,560292576,36.422
20180828,2303.12,276889000,5503107,1540990368,561558082,36.441
20180829,2309.03,268214600,4807772,1545071113,562921371,36.433
20180830,2307.35,286926300,5252383,1544327570,563723387,36.503
20180831,2322.88,255908800,5525835,1554873151,568400817,36.556
20180903,2307.03,230513200,4096555,1543779721,562520114,36.438
20180904,2315.72,277014000,4551220,1549614964,564607139,36.435
20180905,2291.77,358187100,5390488,1533312914,556706705,36.307
20180906,2287.61,387510600,5679574,1529906807,554325668,36.233
20180907,2281.58,357560500,6263720,1525066818,549104462,36.005
20180910,2288.66,312612700,5599499,1529962355,551072676,36.019
20180911,2283.2,368210900,6188337,1525866108,548206955,35.928
20180912,2282.92,336830200,6445490,1525237665,546520202,35.832
20180913,2286.23,301308600,6598920,1526997038,545635530,35.733
20180914,2318.25,292236000,5839237,1549484911,556274488,35.901
20180917,2303.01,343167000,5079753,1538974310,551474204,35.834
20180918,2308.98,309235400,5794170,1544113849,553540234,35.848
20180919,2308.46,350949100,6382677,1544270949,556111354,36.011
20180920,2323.45,289085500,6468799,1554805559,561709163,36.127
20180921,2339.17,321703900,8286570,1565411084,565826856,36.146
20180927,2355.43,279230400,7299705,1576072563,569964760,36.164
20180928,2343.07,317870200,7215237,1567600410,565885008,36.099
20181001,2338.88,278310200,5541730,1565088147,565879932,36.156
20181002,2309.57,287868200,6394764,1545687250,558042182,36.103
20181004,2274.49,309502200,7606334,1522077632,547950770,36
20181005,2267.52,282139100,6398398,1516687626,546783295,36.051
20181008,2253.83,214644400,4478791,1507728175,544471598,36.112
20181010,2228.61,365683900,8836407,1491298711,541966193,36.342
20181011,2129.67,411919100,8335698,1425862544,518324730,36.352
20181012,2161.85,292573600,6085083,1447954874,526544430,36.365
20181015,2145.12,259176000,4708940,1436393187,522485265,36.375
20181016,2145.12,222512400,3936707,1436739590,521710100,36.312
20181017,2167.51,275159700,5284969,1451605026,528114743,36.381
20181018,2148.31,321762500,4229126,1438938481,523577301,36.386
20181019,2156.26,351771000,4875051,1444034123,524437744,36.318
20181022,2161.71,308740300,3910411,1447338908,526139031,36.352
20181023,2106.1,373468300,6995701,1410671810,514192281,36.45
20181024,2097.58,399734200,6490106,1404498959,512177814,36.467
20181025,2063.3,376014900,7607756,1381218885,501927621,36.339
20181026,2027.15,449197700,6688109,1357749078,496359045,36.557
20181029,1996.05,427304800,6359734,1337548193,492406460,36.814
20181030,2014.69,441585000,7022060,1350728242,495780325,36.705
20181031,2029.69,373027900,6347335,1361478010,499804613,36.71
20181101,2024.46,343813900,5965853,1357721489,497282512,36.626
20181102,2096,371978900,6798069,1405334524,514929081,36.641
20181105,2076.92,361302400,4917286,1392607296,509543730,36.589
20181106,2089.62,315816000,5143563,1400793160,511911754,36.544
20181107,2078.69,485225000,6452003,1394112654,511036160,36.657
20181108,2092.63,328034600,5987514,1403264489,513650680,36.604
20181109,2086.09,298072400,5260639,1399495753,513042908,36.659
20181112,2080.44,295528800,5542962,1396015015,515005042,36.891
20181113,2071.23,383421000,5865351,1389821571,510595383,36.738
20181114,2068.05,339046400,5561968,1387531773,508365546,36.638
20181115,2088.06,351042600,4828619,1400644704,512208582,36.569
20181116,2092.4,301604800,4837651,1403214070,511776401,36.472
20181119,2100.56,273198100,4703756,1407580891,511174960,36.316
20181120,2082.58,281685400,5043725,1394320913,504257718,36.165
20181121,2076.55,267903600,5151648,1389907927,500535319,36.012
20181122,2069.95,242498600,4152745,1385804544,500563658,36.121
20181123,2057.48,227202200,3774227,1377477157,498135744,36.163
20181126,2083.02,237710900,4482314,1394139024,502954515,36.076
20181127,2099.42,239211300,4554649,1405263074,507772826,36.134
20181128,2108.22,300075800,4793983,1410935094,509846915,36.135
20181129,2114.1,307230100,5304158,1414953064,511215603,36.13
20181130,2096.86,427354600,7316750,1403482458,505419137,36.012
20181203,2131.93,436588300,5571246,1427528843,515286008,36.096
20181204,2114.35,507517900,5539552,1414637237,509392148,36.009
20181205,2101.31,492716300,4802792,1405505402,505106663,35.938
20181206,2068.69,537409600,5606457,1383505179,496731748,35.904
20181207,2075.76,371590500,4318800,1389034610,498682308,35.901
20181210,2053.79,344164000,4697529,1373936929,492057968,35.814
20181211,2052.97,273932700,5020321,1373342570,491200927,35.767
20181212,2082.57,457126800,5613049,1371559154,497662139,36.284
20181213,2095.55,379818900,7941965,1379759768,499171626,36.178
20181214,2069.38,448237500,5784241,1362231208,491613342,36.089
20181217,2071.09,444522400,4764477,1363331838,492213478,36.104
20181218,2062.11,429530000,5241610,1358110563,489755136,36.062
20181219,2078.84,418796700,5124894,1368928571,493287806,36.035
20181220,2060.12,421064800,5483090,1356169266,488273991,36.004
20181221,2061.49,311388800,5492537,1357352795,488245684,35.97
20181224,2055.01,285275000,3843849,1352900456,487057953,36.001
20181226,2028.01,321499300,5424078,1336757289,480812531,35.969
20181227,2028.44,398021300,5351003,1335555862,478674610,35.841
20181228,2041.04,352677700,4120695,1343971858,481483359,35.825
20190102,2010,326367700,4295871,1323645397,475313802,35.909
20190103,1993.7,427976000,5358519,1312758913,470870343,35.869
20190104,2010.25,408990800,5490147,1323719373,473416672,35.764
20190107,2037.1,440191400,5301385,1342381871,482171506,35.919
20190108,2025.27,397831200,4826641,1333996221,477868299,35.822
20190109,2064.71,386247700,5532688,1360852002,490429481,36.038
20190110,2063.28,382877100,5434257,1359857820,490547081,36.073
20190111,2075.57,380061000,4592460,1368311381,494172738,36.116
20190114,2064.52,432890500,4941021,1360565231,490147125,36.025
20190115,2097.18,439488600,5236963,1382450778,500572007,36.209
20190116,2106.1,500078100,5352467,1388695520,504128441,36.302
20190117,2107.06,475884700,5857766,1389975887,507258718,36.494
20190118,2124.28,456737700,5356125,1401233933,510537787,36.435
20190121,2124.61,398034900,5320635,1401780024,511309709,36.476
20190122,2117.77,419441300,4897406,1397318462,508663696,36.403
20190123,2127.78,408600000,5170561,1403936954,510064358,36.331
20190124,2145.03,413652200,6035836,1415738358,516824984,36.506
20190125,2177.73,410001900,7065652,1437842917,527875119,36.713
20190128,2177.3,371618500,6060559,1437491623,528137240,36.74
20190129,2183.36,552586600,6504582,1441345149,531235513,36.857
20190130,2206.2,480390400,6875692,1456059990,538369957,36.974
20190131,2204.85,545247900,7762306,1455505296,537803021,36.95
20190201,2203.46,479378500,6873999,1454699811,538557238,37.022
20190207,2203.42,427842700,6339360,1454323219,537831628,36.982
20190208,2177.05,391029000,5728529,1436388009,528243894,36.776
20190211,2180.73,406059800,5327610,1438816002,529099669,36.773
20190212,2190.47,429940400,5929463,1446167643,533257397,36.874
20190213,2201.48,421989600,5585494,1453501271,535906923,36.87
20190214,2225.85,573362000,6426022,1469357631,543428726,36.984
20190215,2196.09,400591500,5097630,1449296807,533557681,36.815
20190218,2210.89,314370900,4668186,1458936951,536835782,36.796
20190219,2205.63,389093800,4534559,1455230607,534501374,36.73
20190220,2229.76,374342300,5948416,1471936800,542346186,36.846
20190221,2228.66,382510900,5480909,1471404503,543090019,36.91
20190222,2230.5,409310800,4645184,1472581253,543805254,36.929
20190225,2232.56,339233700,4689860,1473911027,544278349,36.927
20190226,2226.6,331962300,5024237,1469933630,541932080,36.868
20190227,2234.79,301513100,4914612,1475176574,543264665,36.827
20190228,2195.44,510022100,8307295,1448767024,533053841,36.794
20190304,2190.66,373166000,6405237,1445642000,530565043,36.701
20190305,2179.23,313145800,4980940,1437785626,526144271,36.594
20190306,2175.6,328943100,4828088,1435423977,525541805,36.612
20190307,2165.79,292578400,4858918,1429496102,525053473,36.73
20190308,2137.44,313314900,4497331,1410568350,516910480,36.646
20190311,2138.1,272103400,4077476,1410561695,516611142,36.624
20190312,2157.18,355282900,4222805,1424679601,522445231,36.671
20190313,2148.41,285600800,4088450,1419083070,519412859,36.602
20190314,2155.68,341009600,5882524,1423787458,520847080,36.582
20190315,2176.11,387135800,6821323,1437037921,526603809,36.645
20190318,2179.49,257951200,4093226,1439426928,526726066,36.593
20190319,2177.62,319702500,3867859,1438506503,526905725,36.629
20190320,2177.1,317606600,4175741,1438253703,527629979,36.685
20190321,2184.88,342747100,6229925,1445055041,535463630,37.055
20190322,2186.95,333617500,6881722,1446842700,538362633,37.209
20190325,2144.86,307071200,4136472,1418438627,527150661,37.164
20190326,2148.8,301253500,4248900,1421123429,527461915,37.116
20190327,2145.62,363169400,4490155,1419130932,527070332,37.14
20190328,2128.1,288036200,4403905,1409454256,522936061,37.102
20190329,2140.67,364618600,5248941,1417246091,525065536,37.048
20190401,2168.28,263312700,4365111,1435481137,532401733,37.089
20190402,2177.18,257453000,4247457,1441635795,535619588,37.154
20190403,2203.27,358644900,5466968,1458945251,543190937,37.232
20190404,2206.53,431013200,4857554,1461266734,545031241,37.299
20190405,2209.61,517153000,4215786,1463238721,546107401,37.322
20190408,2210.6,347910200,4660047,1464185952,546086004,37.296
20190409,2213.56,414809200,4904129,1466472415,546826389,37.289
20190410,2224.39,399694600,5135093,1473098587,548497119,37.234
20190411,2224.44,402016300,6022086,1473103446,547561315,37.171
20190412,2233.45,449634200,6098417,1479300935,550025268,37.181
20190415,2242.88,404160000,6668128,1485758717,552714778,37.201
20190416,2248.63,569056200,7083490,1489660939,554725622,37.238
20190417,2245.89,452474800,5586183,1488430885,554528579,37.256
20190418,2213.77,573343300,6501103,1467185238,545766254,37.198
20190419,2216.15,525263600,4965672,1468420930,545055701,37.118
20190422,2216.65,493984400,4639971,1468803477,544853183,37.095
20190423,2220.51,481177600,4922937,1471093768,545913742,37.109
20190424,2201.03,575099900,6342430,1459265699,542198564,37.156
20190425,2190.5,441137200,5610697,1452279955,540973828,37.25
20190426,2179.31,570172100,5346145,1445304534,538439345,37.254
20190429,2216.43,380823200,4985905,1469579229,548903712,37.351
20190430,2203.59,381413600,5697107,1461526970,546439058,37.388
20190502,2212.75,369059300,5026634,1467462907,548595928,37.384
20190503,2196.32,617877700,5297907,1456663139,544557966,37.384
20190507,2176.99,484097400,5467056,1443681621,540119625,37.413
20190508,2168.01,456333700,5170590,1437428069,537310576,37.38
20190509,2102.01,743506500,8236437,1393596819,519213553,37.257
20190510,2108.04,714766000,6407849,1397898972,521334415,37.294
20190513,2079.01,505750900,4601110,1378695079,515244316,37.372
20190514,2081.84,696195100,5865911,1379906843,514225442,37.265
20190515,2092.78,577794500,5052873,1386708606,515844121,37.199
20190516,2067.69,745164300,6042439,1369732050,508095626,37.095
20190517,2055.8,537380400,5378895,1361632447,504681624,37.064
20190520,2055.71,640195300,4889671,1361781952,507631409,37.277
20190521,2061.25,526858500,5272368,1366112085,511167970,37.418
20190522,2064.86,509974300,4637965,1368593282,511956343,37.407
20190523,2059.59,509268800,4819255,1365939860,512123390,37.492
20190524,2045.31,480647700,4581385,1356099663,506996431,37.386
20190527,2044.21,351616300,3506626,1355615535,507151406,37.411
20190528,2048.83,494478500,8080272,1358437864,506060295,37.253
20190529,2023.32,380893900,4686652,1345376066,500341282,37.19
20190530,2038.8,461850000,4978843,1356387792,505658238,37.28
20190531,2041.74,439181700,5039081,1358693516,505530429,37.207
20190603,2067.85,387145900,4640456,1376865465,514796260,37.389
20190604,2066.97,435991700,4841760,1376101515,513057924,37.283
20190605,2069.11,380156900,4506227,1377885042,513938343,37.299
20190607,2072.33,368392000,4347351,1380064127,514759291,37.3
20190610,2099.49,457640800,4214043,1398084996,522424961,37.367
20190611,2111.81,550740400,4276695,1406104186,524192846,37.28
20190612,2108.75,693507700,4661009,1404084076,522763831,37.232
20190613,2103.15,553393400,5998223,1400059108,518326813,37.022
20190614,2095.41,473370300,4716415,1395025949,517556735,37.1
20190617,2090.73,561550000,4255706,1391569061,516172170,37.093
20190618,2098.71,600964400,4579592,1397358727,519254060,37.16
20190619,2124.78,862980400,4984533,1414680218,527062299,37.257
20190620,2131.29,1007158900,3994784,1419450953,528543920,37.236
20190621,2125.62,692027900,5226303,1415602955,527680509,37.276
20190624,2126.33,669639900,4054920,1416221253,527641127,37.257
20190625,2121.64,642999200,4249731,1413099198,527397182,37.322
20190626,2121.85,736851500,4455865,1413592489,528269218,37.371
20190627,2134.32,644900200,5122462,1421656475,532663981,37.468
20190628,2130.62,537274600,4282404,1419520754,533234411,37.564
20190701,2129.74,412291100,4730192,1419133354,532915559,37.552
20190702,2122.02,460830000,4107541,1413906577,530544823,37.523
20190703,2096.02,522709100,4615984,1396737259,523517315,37.481
20190704,2108.73,446932800,4542737,1405237689,528435281,37.605
20190705,2110.59,459391300,4025814,1405984668,527297184,37.504
20190708,2064.17,515950100,4349730,1375390948,516407373,37.546
20190709,2052.03,440122100,4439841,1367889452,516505657,37.759
20190710,2058.78,355677600,3938556,1372819300,520090740,37.885
20190711,2080.58,376675200,5057466,1387530388,526388630,37.937
20190712,2086.66,403935200,3775268,1391297124,528058027,37.954
20190715,2082.48,463519800,3740179,1388670529,528521886,38.06
20190716,2091.87,682802800,5284192,1394462439,530760670,38.062
20190717,2072.92,761626200,4643511,1381856024,525907179,38.058
20190718,2066.55,446644200,3939883,1377591720,524920162,38.104
20190719,2094.36,394904400,4198431,1396345455,532439610,38.131
20190722,2093.34,332629600,3206206,1395686188,533013768,38.19
20190723,2101.45,648123900,4601029,1401179456,536148503,38.264
20190724,2082.3,851392600,4233306,1387937020,530185033,38.2
20190725,2074.48,598634400,5207429,1383500621,531959418,38.45
20190726,2066.26,589074000,5138752,1378062581,530491711,38.495
20190729,2029.48,608670800,4681216,1353730489,522461134,38.594
20190730,2038.68,547029500,3877489,1359687443,525262836,38.631
20190731,2024.55,589386200,5532912,1349751512,519249334,38.47
20190801,2017.34,461743300,4443149,1344605608,517371639,38.478
20190802,1998.13,438538000,5338221,1331726021,511881592,38.437
20190805,1946.98,639603800,6599770,1298224309,501908067,38.661
20190806,1917.5,739588000,7179083,1278708146,494227709,38.651
20190807,1909.71,760777400,5373398,1273695154,491620260,38.598
20190808,1920.61,777165700,6769546,1280853902,491573009,38.379
20190809,1937.75,654344200,5051265,1292314442,495926691,38.375
20190812,1942.29,427140700,3997754,1295503767,497082656,38.37
20190813,1925.83,660040600,4340208,1284457198,491732463,38.283
20190814,1938.37,699585000,5076486,1293001857,495828023,38.347
20190816,1927.17,421682000,4274269,1286042560,494455879,38.448
20190819,1939.9,481022200,3771542,1294140224,495457525,38.285
20190820,1960.25,463604600,4130252,1308076037,501777153,38.36
20190821,1964.65,391567800,3821800,1310906717,501907232,38.287
20190822,1951.01,435564500,4095130,1301909074,497791133,38.235
20190823,1948.3,381086800,3498464,1299891726,497176243,38.248
20190826,1916.31,324853100,3751275,1278910759,490028962,38.316
20190827,1924.6,427042100,5037419,1284739456,492948011,38.369
20190828,1941.09,284344200,3288745,1295572074,496084390,38.291
20190829,1933.41,285103000,3709595,1290373159,493230869,38.224
20190830,1967.79,317733200,4371488,1313598665,502927492,38.286
20190902,1969.19,262154200,2924232,1314134426,502500024,38.238
20190903,1965.69,342077000,3916057,1311680052,500124736,38.129
20190904,1988.53,348722000,4133684,1326785678,506065622,38.142
20190905,2004.75,488067400,5556532,1338476908,513072368,38.333
20190906,2009.13,384440900,3667155,1341565100,515546992,38.429
20190909,2019.55,511821000,4401821,1348800308,520152197,38.564
20190910,2032.08,504390600,4458784,1356956833,522472137,38.503
20190911,2049.2,429075300,5997521,1368161367,525651022,38.42
20190916,2062.22,493516000,5676634,1376560744,526836529,38.272
20190917,2062.33,507995100,4572240,1376689373,525915151,38.201
20190918,2070.73,613147900,4849403,1382698755,529513621,38.296
20190919,2080.35,493037900,4796838,1390937570,534569148,38.432
20190920,2091.52,589919800,5401656,1398474982,537319561,38.422
20190923,2091.7,420948400,4095773,1398458459,538032654,38.473
20190924,2101.04,535771000,4406729,1404448759,540386359,38.477
20190925,2073.39,651551700,5181991,1386072582,533733809,38.507
20190926,2074.52,430577300,4656831,1387334939,534859559,38.553
20190927,2049.93,285943300,3489260,1370704841,527482205,38.483
20190930,2063.05,327625000,3709169,1379383990,531546144,38.535
20191001,2072.42,389336100,3869998,1385453397,532203555,38.414
20191002,2031.91,414460300,3933921,1358586985,521095905,38.356
20191004,2020.69,402940800,3963264,1351390761,519340545,38.43
20191007,2021.73,322184500,3412076,1351980509,519258334,38.407
20191008,2046.25,437517300,4256283,1368408579,526338228,38.464
20191010,2028.15,445846400,5612446,1356703391,521595211,38.446
20191011,2044.61,381147000,3790613,1367727114,526796247,38.516
20191014,2067.4,511215900,4579415,1382961057,532546519,38.508
20191015,2068.17,464533700,4138985,1383418737,532443814,38.488
20191016,2082.83,524545100,4463659,1393413065,536453708,38.499
20191017,2077.94,314177100,3484053,1390071922,534802099,38.473
20191018,2060.69,516687800,5429306,1378751961,529226201,38.384
20191021,2064.84,606108700,3598365,1381669312,530891961,38.424
20191022,2088.86,504063300,4811062,1398014600,538225245,38.499
20191023,2080.62,429453200,5110883,1392517281,536088867,38.498
20191024,2085.66,367717300,5208814,1396059213,537407496,38.495
20191025,2087.89,348686100,4429328,1397792838,537629106,38.463
20191028,2093.6,269233700,3853804,1401486783,538748917,38.441
20191029,2092.69,357662300,4067889,1400636742,537990922,38.41
20191030,2080.27,415551700,5051507,1395052465,534862296,38.34
20191031,2083.48,461322600,5777340,1397134900,535407818,38.322
20191101,2100.2,418314100,4599472,1408824195,541081964,38.407
20191104,2130.24,476256600,5636693,1429190862,549064604,38.418
20191105,2142.64,400643600,5181344,1437952192,553669275,38.504
20191106,2144.15,410084700,5680104,1439014571,554206430,38.513
20191107,2144.29,425662800,5134908,1439008869,553806726,38.485
20191108,2137.23,574127000,5969290,1433704068,550368236,38.388
20191111,2124.09,617265600,5346845,1425038219,546020514,38.316
20191112,2140.92,610428600,5743924,1436296710,551809030,38.419
20191113,2122.45,664365600,5376790,1425460703,547721629,38.424
20191114,2139.23,521109800,6080226,1435960435,551989090,38.44
20191115,2162.18,556246000,5694837,1451470352,558545047,38.481
20191118,2160.69,489233000,4450920,1450349809,558066480,38.478
20191119,2153.24,826885300,5605578,1446140184,556633721,38.491
20191120,2125.32,581056000,5583376,1427359929,548086038,38.399
20191121,2096.6,579554900,5437430,1407600551,539596499,38.334
20191122,2101.96,519852000,4310267,1411508256,542274075,38.418
20191125,2123.5,397676300,4288509,1426007087,546589278,38.33
20191126,2121.35,532600500,7636050,1424956839,545095760,38.253
20191127,2127.85,367796100,4318299,1429134191,546989750,38.274
20191128,2118.6,335227000,4483257,1422661068,543220024,38.183
20191129,2087.96,433260900,5100926,1401938202,533900564,38.083
20191202,2091.92,385343900,4515836,1404938499,534742570,38.062
20191203,2084.07,450039600,4709539,1399615358,531742377,37.992
20191204,2068.89,347002800,5085778,1389618756,527632857,37.97
20191205,2060.74,472188000,4625010,1384402800,526072629,38
20191206,2081.85,440188400,4215044,1398777600,532634275,38.079
20191209,2088.65,393126900,3982512,1403184169,536072935,38.204
20191210,2098,500064200,4172974,1409366037,537911392,38.167
20191211,2105.62,668731100,4837220,1414435814,539648171,38.153
20191212,2137.35,584636800,8339490,1436302524,550312756,38.315
20191213,2170.25,540027100,6253215,1458776009,561000868,38.457
20191216,2168.15,377053500,4561208,1457529847,560261494,38.439
20191217,2195.68,599534400,6380891,1476694264,570620568,38.642
20191218,2194.76,591106000,5519070,1476402879,570533365,38.643
20191219,2196.56,643143800,5262211,1476809948,569612920,38.57
20191220,2204.18,646682800,5020842,1481266968,570549167,38.518
20191223,2203.71,502034300,4734276,1480981911,569050556,38.424
20191224,2190.08,569967800,4756454,1472110435,564330926,38.335
20191226,2197.93,571309300,4795109,1477949501,565576653,38.268
20191227,2204.21,490167700,5429665,1480287931,566812996,38.291
20191230,2197.67,416403400,4113597,1475909366,563098603,38.153
20200103,2176.46,631562700,5763662,1462298972,558992434,38.227
20200106,2155.07,592670700,5156540,1448385085,556050542,38.391
20200107,2175.54,568235600,5143511,1462298814,561739850,38.415
20200108,2151.31,913830600,8750722,1446631314,560562196,38.749
20200109,2186.45,592603600,7261591,1470805019,571036626,38.825
20200110,2206.39,594536900,6459299,1484063381,576444931,38.842
20200113,2229.26,488288700,6214780,1499967181,582666734,38.845
20200114,2238.88,835899200,7294227,1506534496,585980782,38.896
20200115,2230.98,746156300,5946351,1501047629,581688355,38.752
20200116,2248.05,808331700,6204474,1513149909,589237791,38.941
20200117,2250.57,580816300,5444383,1515299754,591294238,39.022
20200120,2262.64,545491200,5950403,1524384084,596968572,39.161
20200121,2239.69,770319800,5569550,1508408628,589467843,39.079
20200122,2267.25,608509900,6365617,1526798959,597314887,39.122
20200123,2246.13,509608900,6790103,1512629062,589112380,38.946
20200128,2176.72,808878800,8818232,1466083103,570466188,38.911
20200129,2185.28,692300700,6589949,1472171522,574063006,38.994
20200130,2148,602838300,7105203,1446505817,562867078,38.912
20200131,2119.01,710507800,7226687,1427047755,555365113,38.917
20200203,2118.88,836699500,8068704,1427133302,556356754,38.984
20200204,2157.9,624641600,7791178,1454235584,567817285,39.046
20200205,2165.63,574395900,7736275,1460243895,572321382,39.194
20200206,2227.94,695216200,8334737,1501460506,587651660,39.139
20200207,2211.95,800342300,8813174,1491013321,583154617,39.111
20200210,2201.07,609566400,5471061,1483846707,578693942,39
20200211,2223.12,526211300,6611195,1498338522,583931388,38.972
20200212,2238.38,632462700,6892197,1508346242,587947594,38.98
20200213,2232.96,638666300,8121197,1505295817,587985363,39.061
20200214,2243.59,597224000,6379565,1511254623,593396084,39.265
20200217,2242.17,458247800,5639200,1510109679,592116996,39.21
20200218,2208.88,470424900,6411451,1487436221,581341402,39.083
20200219,2210.34,591155300,7107033,1488454959,582676206,39.146
20200220,2195.5,709563600,7677672,1478574048,579957764,39.224
20200224,2079.04,948620500,9315474,1400516368,549676511,39.248
20200225,2103.61,1565588300,8952278,1417275415,555388101,39.187
20200226,2076.77,810937900,8060327,1398569206,545043411,38.972
20200227,2054.89,562775300,7241174,1383776361,538941240,38.947
20200228,1987.01,671551500,9927960,1337716963,520256009,38.891
20200302,2002.51,528103400,7811002,1348109552,523978198,38.868
20200303,2014.15,615692600,8687846,1356176460,526516331,38.824
20200304,2059.33,606287000,7829192,1386938608,539915853,38.929
20200305,2085.26,675205300,7954349,1404684362,545327316,38.822
20200306,2040.22,865588100,7233537,1373917955,532218283,38.737
20200309,1954.77,666868300,8796943,1316427699,507486893,38.55
20200310,1962.93,638564300,9133693,1321480461,509156775,38.529
20200311,1908.27,679716200,8598096,1284895601,493904285,38.439
20200312,1834.33,850344600,11309953,1235351152,475816001,38.517
20200313,1771.44,1035277600,13376937,1193686837,462466390,38.743
20200316,1714.86,682003500,8593833,1155216111,447422518,38.731
20200317,1672.44,649779100,9709076,1126202984,433696588,38.51
20200318,1591.2,728007800,9576387,1071788837,413522376,38.582
20200319,1457.64,977674500,11932492,982169749,382763626,38.971
20200320,1566.15,817021400,10632970,1054892888,409195225,38.79
20200323,1482.46,647528300,9645271,998450498,384988649,38.559
20200324,1609.97,679288400,10481447,1083695461,420001700,38.756
20200325,1704.76,872808800,12612287,1147712135,443216954,38.617
20200326,1686.24,992473700,12374197,1135741554,435494933,38.345
20200327,1717.73,1077526500,12851932,1156581472,443548854,38.35
20200330,1717.12,767776700,9081049,1155630477,440188495,38.091
20200331,1754.64,1037488100,13905369,1179728723,445578690,37.77
20200401,1685.46,1243590700,12110507,1133944054,426648812,37.625
20200402,1724.86,766313400,10152244,1159987256,436754366,37.652
20200403,1725.44,1000086500,10153714,1160743273,436491231,37.604
20200406,1791.88,1219388500,10957483,1205000552,452809513,37.578
20200407,1823.6,951738500,11628935,1226518732,460374428,37.535
20200408,1807.14,907493900,11126542,1215858624,454711053,37.398
20200409,1836.21,920570600,10517358,1235327684,461016132,37.319
20200410,1860.7,992548300,12009988,1251445975,464780852,37.14
20200413,1825.76,1017751500,9516704,1228226158,455782745,37.109
20200414,1857.08,886766200,9995854,1248940314,462828377,37.058
20200416,1857.07,878338000,10710793,1248881506,461829041,36.979
20200417,1914.53,1667459500,14127722,1287911931,478467717,37.151
20200420,1898.36,1087463300,11915932,1276932686,471672462,36.938
20200421,1879.38,1174293700,13863164,1263694526,465833111,36.863
20200422,1896.15,820359900,9428672,1274786181,470598960,36.916
20200423,1914.73,683719700,9124271,1287024851,473989857,36.828
20200424,1889.01,933917200,9647344,1271159367,467887678,36.808
20200427,1922.77,735662900,8171668,1293318257,476112782,36.813
20200428,1934.09,1173476000,10375078,1300504429,478219905,36.772
20200429,1947.56,1984181600,10525128,1309179248,480976693,36.739
20200504,1895.37,1146855400,10261902,1274213042,466485438,36.61
20200506,1928.76,1082526800,8550700,1296556106,473942630,36.554
20200507,1928.61,775657900,7383335,1296095633,472589449,36.463
20200508,1945.82,784772600,7941567,1307404236,476100985,36.416
20200511,1935.4,591282900,7752760,1300769234,473207678,36.379
20200512,1922.17,799930000,9681896,1291568130,469705633,36.367
20200513,1940.42,618783600,9012307,1303464008,473604554,36.334
20200514,1924.96,760646300,9469021,1292884145,468701385,36.252
20200515,1927.28,866357200,9723312,1294619578,468654911,36.2
20200518,1937.11,761695900,9394306,1301926005,471862047,36.243
20200519,1980.61,773414600,11918300,1331835812,484961102,36.413
20200520,1989.64,699446900,8248632,1337699454,486343053,36.357
20200521,1998.31,601199300,8636997,1343561078,488000728,36.321
20200522,1970.13,847467200,9509771,1324302793,479728060,36.225
20200525,1994.6,641458900,7960324,1340826177,485183257,36.185
20200526,2029.78,1017804000,12545313,1363735034,492539642,36.117
20200527,2031.2,1178847600,12635098,1364678863,492527909,36.091
20200528,2028.54,1172134300,14479213,1363293486,495163105,36.321
20200529,2029.6,1086214500,14084590,1363450451,494336172,36.256
20200601,2065.08,997348400,9839657,1387477879,503172031,36.265
20200602,2087.19,1000332100,10232916,1402057228,507981888,36.231
20200603,2147,1152001300,16998832,1442871666,527146532,36.535
20200604,2151.18,1393307800,16034002,1446260120,528081715,36.514
20200605,2181.87,854591400,12778905,1466769477,535042856,36.478
20200608,2184.29,854035200,13145519,1468714984,534848732,36.416
20200609,2188.92,817085400,14689860,1472051666,535653677,36.388
20200610,2195.69,706294000,12888183,1476712868,536726288,36.346
20200611,2176.78,827381400,16987057,1464392590,529787867,36.178
20200612,2132.3,689896700,14960780,1434087758,515833627,35.969
20200615,2030.82,1072277700,18242464,1366175254,490903563,35.933
20200616,2138.05,973638900,13837056,1437701364,516333206,35.914
20200617,2141.05,927515700,15458440,1440025502,517300417,35.923
20200619,2141.32,1079452600,12300498,1441080603,519419170,36.044
20200622,2126.73,789371900,10098315,1430718937,515260727,36.014
20200623,2131.24,917567400,13496081,1433435233,515293650,35.948
20200624,2161.51,913896100,13324797,1453951201,525059654,36.113
20200625,2112.37,1017720600,10692627,1420866478,511699036,36.013
20200626,2134.65,761043600,9821159,1436168481,519382800,36.164
20200629,2093.48,643155800,9025867,1408463552,509072743,36.144
20200630,2108.33,708604800,11699082,1418860741,513177020,36.168
20200701,2106.7,1116220800,10232631,1417280238,513445959,36.228
20200702,2135.37,1091965100,10745168,1445664482,520167384,35.981
20200703,2152.41,770054700,8649543,1456812255,524535972,36.006
20200706,2187.93,666902000,11656294,1480948171,533876565,36.05
20200707,2164.17,847434300,14858393,1465179698,526033968,35.902
20200708,2158.88,677810100,11567569,1460994855,523047597,35.801
20200709,2167.9,619368200,12029949,1467208749,524542187,35.751
20200710,2150.25,886987400,12048058,1455781561,521110488,35.796
20200713,2186.06,650230800,10462265,1479593286,529305903,35.774
20200714,2183.61,810952100,11633360,1477856002,529073121,35.8
20200715,2201.88,830266100,13641396,1490240355,534712716,35.881
20200716,2183.76,784637000,11304254,1478307593,528763014,35.768
20200717,2201.19,569297000,10191102,1490180654,532902895,35.761
20200720,2198.2,686819300,12025004,1488358384,531209440,35.691
20200721,2228.83,918483100,15759332,1509515194,539424804,35.735
20200722,2228.66,856218100,15651892,1509717833,536531474,35.539
20200723,2216.19,934542300,16328982,1501425782,533436747,35.529
20200724,2200.44,1001024900,17156946,1490986232,531016077,35.615
20200727,2217.86,928624500,14256877,1502710706,536937439,35.731
20200728,2256.99,866725700,17516981,1530086534,552244046,36.092
20200729,2263.16,899494100,15500571,1536196696,556395556,36.219
20200730,2267.01,713039400,13550209,1539287193,558277319,36.269
20200731,2249.37,739688700,13002293,1526798728,552634105,36.196
20200803,2251.04,648462400,13612906,1528025691,551690453,36.105
20200804,2279.97,722906300,15287235,1548269502,557779734,36.026
20200805,2311.86,841298500,17883091,1569777969,561934007,35.797
20200806,2342.61,797147000,17831685,1590672221,571399628,35.922
20200807,2351.67,812594600,17585764,1598022872,572421163,35.821
20200810,2386.38,784617400,19511321,1621675151,579174548,35.715
20200811,2418.67,843437900,19680402,1643244636,587022636,35.723
20200812,2432.35,763734700,16680055,1652303925,590035505,35.71
20200813,2437.53,907218700,18250022,1656293275,590108990,35.628
20200814,2407.49,968124500,16595686,1636857790,582632496,35.595
20200818,2348.24,909750100,17572479,1596724897,572993619,35.886
20200819,2360.54,637965000,12367503,1604983685,572590535,35.676
20200820,2274.22,903743600,17101785,1546235567,550191283,35.583
20200821,2304.59,865735500,14111672,1566780399,558925500,35.674
20200824,2329.83,649276900,11654192,1583436465,564014772,35.62
20200825,2366.73,771584800,13567979,1608120253,571199129,35.52
20200826,2369.32,956477600,14435847,1610120509,572794506,35.575
20200827,2344.45,913917000,15184934,1593246017,567901343,35.644
20200828,2353.8,1297312400,15539938,1599550089,568373052,35.533
20200831,2326.17,1647817500,19494383,1581099787,556275173,35.183
20200901,2349.55,1085245100,16664315,1596297723,560132678,35.089
20200902,2364.37,1429273300,15793103,1605940739,562543920,35.029
20200903,2395.9,981546000,17420976,1627702404,572403834,35.166
20200904,2368.25,1351039300,19692978,1609097990,563943286,35.047
20200907,2384.22,1197385400,17183375,1620531148,566969739,34.987
20200908,2401.91,979357200,17297863,1633223140,575022855,35.208
20200909,2375.81,946247400,15502530,1615470589,569538584,35.255
20200910,2396.48,1064574000,15782939,1630210829,575806011,35.321
20200911,2396.69,882880300,12068892,1630532301,575533685,35.297
20200914,2427.91,963082600,12021767,1652166907,585276888,35.425
20200915,2443.58,849968900,11840594,1662644697,589647912,35.464
20200916,2435.92,772938400,11855356,1657263235,587892485,35.474
20200917,2406.17,853740300,14235035,1636916706,579630548,35.41
20200918,2412.4,756516800,13965196,1640898100,580072325,35.351
20200921,2389.39,1041993100,14215076,1625769303,576392789,35.454
20200922,2332.59,1051028200,17896725,1587733596,564835719,35.575
20200923,2333.24,735041500,13562935,1587924103,566959379,35.704
20200924,2272.7,714881400,12469005,1547321103,555561730,35.905
20200925,2278.79,697961500,10181604,1551915294,557440742,35.92
20200928,2308.08,605977200,8971171,1571128314,562573350,35.807
20200929,2327.89,646218100,9487146,1584465079,566081179,35.727
20201005,2358,763618100,10682774,1604627372,573647160,35.75
20201006,2365.9,861754600,11131424,1609944298,575901255,35.772
20201007,2386.94,737994300,8971100,1624292282,581520064,35.801
20201008,2391.96,961726100,12530442,1628133500,582755039,35.793
20201012,2403.73,843574300,10693282,1636302269,585650528,35.791
20201013,2403.15,724920300,10203177,1636705770,588082008,35.931
20201014,2380.48,901176700,11018495,1621936204,583644991,35.984
20201015,2361.21,1165501300,13029475,1617478082,579354979,35.818
20201016,2341.53,920205400,11141460,1604041752,575093158,35.853
20201019,2346.74,931645000,10490729,1607299316,576810096,35.887
20201020,2358.41,874293300,11833547,1616230745,581581992,35.984
20201021,2370.86,812837000,9864097,1624489277,582916372,35.883
20201022,2355.05,815612100,9774988,1614311509,579760881,35.914
20201023,2360.81,890384600,10724121,1618108162,581408206,35.931
20201026,2343.91,822267700,11654273,1607185398,579158787,36.036
20201027,2330.84,666941800,11269186,1598388910,576021265,36.038
20201028,2345.26,705770200,8941027,1607471156,577173374,35.906
20201029,2326.67,509768100,10357788,1594058109,570661652,35.799
20201030,2267.15,795585200,11782117,1553004436,554221781,35.687
20201102,2300.16,678501100,8514452,1575793150,562169197,35.675
20201103,2343.31,887445400,10874229,1605475497,573034062,35.692
20201104,2357.32,986786300,14835038,1614836760,574894302,35.601
20201105,2413.79,702037400,12578752,1653392888,590384711,35.707
20201106,2416.5,825568500,12579332,1655495907,592475828,35.788
20201109,2447.2,1354862700,14847225,1676944569,598447122,35.687
20201110,2452.83,1464168000,17981336,1681030953,599677988,35.673
20201111,2485.87,1272038600,18307325,1703946067,609639260,35.778
20201112,2475.62,1278691900,16420009,1698329618,608038556,35.802
20201113,2493.87,1072383400,17043855,1710439788,615548048,35.988
20201116,2543.03,1239135100,19088399,1744282188,631612872,36.21
20201117,2539.15,1267494700,17795513,1742186196,630305132,36.179
20201118,2545.64,923504300,13554047,1746416815,629636211,36.053
20201120,2553.5,1129500800,12266185,1752065080,630218757,35.97
20201123,2602.59,1649443100,15763526,1786992048,647683896,36.244
20201124,2617.76,1364506400,16886574,1797825355,652286126,36.282
20201125,2601.54,1410104800,21795847,1786075295,646252611,36.183
20201126,2625.91,1387435200,12714565,1803103425,654850377,36.318
20201127,2633.45,1196041600,12641691,1808171429,654865798,36.217
20201130,2591.34,1311831300,21231831,1779635400,639580414,35.939
20201201,2634.25,1151129200,15947293,1809494578,651602273,36.01
20201202,2675.9,1076203600,17506705,1838364843,665275658,36.188
20201203,2696.22,817065900,15605053,1852628728,673689710,36.364
20201204,2731.45,1778896500,19875836,1877444703,682812351,36.369
20201207,2745.44,1499265100,17933011,1888221382,687397723,36.405
20201208,2700.93,1415239900,17157198,1857599327,676177721,36.401
20201209,2755.47,1252304500,17007606,1894556865,691763745,36.513
20201210,2746.46,1227651000,20630646,1889374447,685627736,36.289
20201211,2770.06,1215239000,18329100,1906299605,691705687,36.285
20201214,2762.2,1113630900,17012253,1901627365,690788384,36.326
20201215,2756.82,1093522700,15537969,1897677117,689379785,36.328
20201216,2771.79,1166637800,13649676,1907811219,691748705,36.259
20201217,2770.43,1015484000,16275328,1906419280,689368035,36.16
20201218,2772.18,1059143700,19166224,1907350242,686898886,36.013
20201221,2778.65,1139513600,18972230,1911737301,687433427,35.959
20201222,2733.68,1260761700,19881377,1881809988,677759238,36.016
20201223,2759.82,1121346800,20281217,1901461519,688891317,36.23
20201228,2808.6,1006249600,24197780,1938374378,708748813,36.564
20201229,2820.51,1046839000,19299049,1944111086,707257630,36.379
20201230,2873.47,1074033400,17928854,1980543162,723067360,36.509
20210104,2944.45,1026510400,25011393,2028846032,742736870,36.609
20210105,2990.57,1519911700,26548380,2059743508,752691960,36.543
20210106,2968.21,1793418500,29909396,2044102754,744600690,36.427
20210107,3031.68,1524654500,27182807,2086578562,759918583,36.419
20210108,3152.18,1297903300,40909490,2170537648,800240068,36.868
20210111,3148.45,1712525800,44433772,2171629412,805128230,37.075
20210112,3125.95,1390617800,31407397,2155702540,797907136,37.014
20210113,3148.29,1578042100,24725590,2169378970,802038448,36.971
20210114,3149.93,1233182900,24122956,2170678334,802243494,36.958
20210115,3085.9,1331079300,23162291,2127886649,785423888,36.911
20210118,3013.93,1472048500,23186884,2077227073,766285950,36.89
20210119,3092.66,1353312400,24190452,2131564250,786814705,36.913
20210120,3114.55,1192695200,24628056,2146526770,791238063,36.861
20210121,3160.84,1360065400,25279964,2179020943,802895388,36.847
20210122,3140.63,1111222900,24305355,2165993243,796763228,36.785
20210125,3208.99,1093652700,21172002,2212081519,816987059,36.933
20210126,3140.31,873023700,21874953,2165657737,793909720,36.659
20210127,3122.56,924582300,20147107,2152860460,787353955,36.572
20210128,3069.05,1310454700,23007882,2115667110,772214890,36.5
20210129,2976.21,995071200,24350307,2051302353,749463821,36.536
20210201,3056.53,969262000,20724667,2104888955,766210307,36.401
20210202,3096.81,887313600,19143871,2134009403,778051107,36.46
20210203,3129.68,901788700,22427782,2158359679,786138487,36.423
20210204,3087.55,1460945700,20648472,2130412929,773381566,36.302
20210205,3120.63,1193486700,19789811,2154425469,783137184,36.35
20210208,3091.24,1277207100,19312219,2132984549,775013578,36.335
20210209,3084.67,2145388400,18389342,2129174908,773160505,36.313
20210210,3100.58,2152916500,18333691,2140181514,776600433,36.287
20210215,3147,1604653400,16944151,2172563782,793096318,36.505
20210216,3163.25,1944395600,17171320,2184114152,798103397,36.541
20210217,3133.73,1784126500,16846120,2162973198,787236733,36.396
20210218,3086.66,1860566700,18141179,2130240936,773637016,36.317
20210219,3107.62,3455504500,19720469,2145756604,780574338,36.378
20210222,3079.75,1831955900,18224657,2126152211,772821137,36.348
20210223,3070.09,2357758900,17661157,2118916098,770885416,36.381
20210224,2994.98,1560930500,21519850,2067821072,757824288,36.648
20210225,3099.69,1280086200,17213950,2139066413,786500953,36.768
20210226,3012.95,1361310100,21504876,2079822287,760088779,36.546
20210302,3043.87,1749871000,18852145,2100892200,770082338,36.655
20210303,3082.99,2236687800,14714276,2127504522,779501273,36.639
20210304,3043.49,1278951800,17149583,2100388462,767254216,36.529
20210305,3026.26,1187225700,16767185,2089548989,763040566,36.517
20210308,2996.11,1928301600,15786853,2069285179,758098237,36.636
20210309,2976.12,1534217900,18419498,2056078963,753579797,36.651
20210310,2958.12,905646600,13586638,2043540146,749560747,36.68
20210311,3013.7,1349204300,16024119,2081131560,764586673,36.739
20210312,3054.39,1669085100,13112978,2108739012,773105961,36.662
20210315,3045.71,1161784400,12580943,2103490190,769640122,36.589
20210316,3067.17,1123921800,12930136,2118221348,774365688,36.557
20210318,3066.01,1232596100,15133171,2131746122,774966726,36.354
20210319,3039.53,1068468200,16337600,2113198643,765995601,36.248
20210322,3035.46,915739400,13348889,2111019309,765397435,36.257
20210323,3004.74,1331209500,16167128,2090378385,758148365,36.268
20210324,2996.35,978431300,13400024,2088782705,754725157,36.132
20210325,3008.33,940353500,13434687,2097224019,756666137,36.079
20210326,3041.01,1036383000,15837825,2119963830,763531800,36.016
20210329,3036.04,1288846400,16736098,2116791654,761889490,35.993
20210330,3070,1023074500,14149217,2139668811,770853673,36.027
20210331,3061.42,1146989200,14537437,2133373184,766514249,35.93
20210401,3087.4,922680300,14035773,2151569269,776220157,36.077
20210402,3112.8,792704500,13442350,2169819699,785849934,36.217
20210405,3120.83,1084791600,13010540,2175988045,788979256,36.258
20210406,3127.08,1279017400,13676601,2180839058,792407745,36.335
20210407,3137.41,1984773800,14490176,2187857006,793305466,36.259
20210408,3143.26,1357293200,17080031,2190897559,791811097,36.141
20210409,3131.88,1823162200,15093694,2183407708,787544826,36.07
20210412,3135.59,1048782900,13288261,2186336552,790233123,36.144
20210413,3169.08,1741348000,16363773,2209344454,796013688,36.029
20210414,3182.38,1776265300,15552014,2219837253,831149281,37.442
20210415,3194.33,1312991900,17671286,2227893249,801881420,35.993
20210416,3198.62,985278100,15542110,2230863451,801583548,35.932
20210419,3198.84,1060619200,15378168,2231246758,799451810,35.83
20210420,3220.7,1296160000,14508206,2246496867,804898192,35.829
20210421,3171.66,1767090500,16916024,2212715486,789233905,35.668
20210422,3177.52,1752691600,14862861,2217699634,790497378,35.645
20210423,3186.1,2253793000,15653205,2223584747,793027605,35.664
20210426,3217.53,1298330400,15753767,2244296748,799812097,35.638
20210427,3215.42,1534230400,17177221,2242791906,799927768,35.667
20210428,3181.47,1412620900,18379828,2219525997,791516726,35.662
20210429,3174.07,1222430200,19126666,2214470771,789360293,35.646
20210430,3147.86,1359455100,19207526,2196644814,782999335,35.645
20210503,3127.2,1041199100,16975830,2183279571,781792570,35.808
20210504,3147.37,1283829800,15962437,2197169422,787978202,35.863
20210506,3178.74,1239403300,16626445,2218596989,794096306,35.793
20210507,3197.2,989680100,15206303,2231754453,795895966,35.662
20210510,3249.3,1011267100,17187181,2267392610,807467145,35.612
20210511,3209.43,1096717700,21883489,2250813286,793266641,35.244
20210512,3161.66,1424059100,22458066,2217704460,777692663,35.067
20210513,3122.11,1095948000,21059803,2187284901,764569071,34.955
20210514,3153.32,836404000,14493543,2209898270,772499221,34.956
20210517,3134.52,771305600,14552523,2197146071,768251680,34.966
20210518,3173.05,786143400,13898610,2223050434,775778910,34.897
20210520,3162.28,774252200,13719656,2215262489,772408597,34.868
20210521,3156.42,797262200,14789457,2211878674,773012179,34.948
20210524,3144.3,587968200,11604047,2203296528,769753937,34.936
20210525,3171.32,612976900,11728027,2222161158,775885661,34.916
20210526,3168.43,1269999000,13173015,2220195702,773985211,34.861
20210528,3188.73,966367900,13533299,2229262136,775029194,34.766
20210531,3203.92,1123524800,14017446,2240204442,779415060,34.792
20210601,3221.87,1472570700,15270803,2252414412,783262142,34.774
20210602,3224.23,1495671300,17740841,2253801397,782571434,34.722
20210603,3247.43,1584799000,16890461,2271047146,791361170,34.846
20210604,3240.08,1392319500,16051031,2266301575,788658981,34.799
20210607,3252.12,1733348100,19023221,2274803756,789405826,34.702
20210609,3216.18,1964923200,17164709,2250239308,780209507,34.672
20210610,3224.64,1896766300,19170539,2255706784,782805383,34.703
20210611,3249.32,1645508700,17956256,2272865086,788856604,34.708
20210614,3252.13,1664527100,15262485,2274655820,788339750,34.658
20210615,3258.63,1734497200,14838275,2279093890,790792108,34.698
20210616,3278.68,2345810900,16297981,2293095237,796985889,34.756
20210617,3264.96,1848671000,14672132,2283628537,792237692,34.692
20210618,3267.93,1627658100,17492731,2285587402,790963539,34.607
20210621,3240.79,1508634400,17291259,2266650211,783588520,34.57
20210622,3263.88,1666696700,15512033,2283310827,789293976,34.568
20210623,3276.19,1069174700,17865268,2292900832,793666859,34.614
20210624,3286.1,1301271200,21426510,2300141383,798440991,34.713
20210628,3301.89,1428764400,13796055,2311642031,801846665,34.687
20210629,3286.68,1213046600,15509502,2300482291,796954653,34.643
20210630,3296.68,1610375500,15646662,2307579219,799472323,34.645
20210701,3282.06,1159231400,16075974,2297428890,794001776,34.56
20210702,3281.78,1019998100,15437887,2296886523,793153597,34.532
20210705,3293.21,850406100,14529926,2305240405,795236331,34.497
20210706,3305.21,1029465200,14686383,2314417370,800302535,34.579
20210707,3285.34,1147641000,14507060,2300642186,795731254,34.587
20210708,3252.68,1516034400,16870624,2277841604,787717014,34.582
20210712,3246.47,1135042800,11280079,2273494421,783717343,34.472
20210713,3271.38,1150101000,13494445,2290584923,790085034,34.493
20210714,3264.81,908953900,12993100,2286388813,787720290,34.453
20210715,3286.22,1172430500,13683900,2301050678,793275475,34.474
20210716,3276.91,1066507000,14781318,2304505795,789863950,34.275
20210719,3244.04,1095559200,12855281,2281788153,780652114,34.212
20210720,3232.7,979670100,15292372,2273800450,777751420,34.205
20210721,3215.91,990326900,14864747,2262423630,772202688,34.132
20210722,3250.21,712983400,13039249,2286455397,782570268,34.226
20210723,3254.42,805048200,13209383,2288976880,782251171,34.175
20210726,3224.95,826066600,12212490,2268644077,775594534,34.188
20210727,3232.53,991938900,12348469,2273599243,776385803,34.148
20210728,3236.86,868602600,11979296,2276373997,777803247,34.169
20210729,3242.65,694823100,10491306,2280494339,777853819,34.109
20210730,3202.32,687861000,12808243,2252545492,768046021,34.097
20210802,3223.04,561003400,10237986,2267461203,773484268,34.112
20210803,3237.14,653512900,12491381,2278025799,781538896,34.308
20210804,3280.38,632241700,12357119,2308134805,792816620,34.349
20210805,3276.13,680941000,11877709,2305637212,790669594,34.293
20210806,3270.36,941361300,15455403,2334628994,787494921,33.731
20210809,3260.42,707654200,15732538,2329309985,790285692,33.928
20210810,3243.19,730349200,21657925,2339206516,780822179,33.38
20210811,3220.62,618092800,19193401,2322607459,771005515,33.196
20210812,3208.38,643282500,20403905,2313093348,763629447,33.013
20210813,3171.29,696468100,20201969,2285376012,749559695,32.798
20210817,3143.09,690842300,22241588,2265401557,742314682,32.767
20210818,3158.93,622791600,16752626,2276820395,744555984,32.702
20210819,3097.83,655629000,17170843,2235216708,731321878,32.718
20210820,3060.51,672088400,16450579,2209662899,724443522,32.785
20210823,3090.21,570979900,13424032,2230738569,728900821,32.675
20210824,3138.3,586535100,14946073,2266706992,744021383,32.824
20210825,3146.81,624688400,13365595,2272311235,745703776,32.817
20210826,3128.53,727719000,13335287,2259280094,739300708,32.723
20210827,3133.9,520668700,11039934,2262422712,736402854,32.549
20210830,3144.19,602858300,11758710,2269580866,737943318,32.515
20210831,3199.27,661221100,15863630,2309062613,753817809,32.646
20210901,3207.02,746705200,13537907,2317655772,754935324,32.573
20210902,3175.85,757859600,15378375,2297103342,748653880,32.591
20210903,3201.06,641510000,13110992,2315800431,755816971,32.637
20210906,3203.33,726190100,12313477,2318348874,758701188,32.726
20210907,3187.42,760159700,11943337,2306637033,752772705,32.635
20210908,3162.99,859889300,17302711,2290248707,748274691,32.672
20210909,3114.7,927368500,17787104,2256111112,736509306,32.645
20210910,3125.76,723085300,13566490,2262866817,738816095,32.65
20210913,3127.86,732269500,13505433,2264159333,740168059,32.691
20210914,3148.83,713227200,15787292,2280258289,744351378,32.643
20210915,3153.4,616557000,12162693,2284157741,745453057,32.636
20210916,3130.09,612873400,12259518,2267220040,738995925,32.595
20210917,3140.51,589244000,14937657,2284484861,742922216,32.52
20210923,3127.58,623841300,14009138,2275325270,743483377,32.676
20210924,3125.24,753222400,12558236,2273591460,743335835,32.694
20210927,3133.64,883229300,12266966,2279894818,745987749,32.72
20210928,3097.92,894913100,14658731,2254315886,737695047,32.724
20210929,3060.27,821557900,15137007,2226722697,725129739,32.565
20210930,3068.82,885818700,14942853,2231957338,727244705,32.583
20211001,3019.18,855481900,12944006,2195489102,716160766,32.62
20211005,2962.17,840557000,15315537,2153672546,703835187,32.681
20211006,2908.31,901721900,15668592,2114932681,694341872,32.83
20211007,2959.46,595381700,11906736,2151410767,703663840,32.707
20211008,2956.3,668946700,12634091,2150115811,703425776,32.716
20211012,2916.38,660180900,12767649,2120560982,689856375,32.532
20211013,2944.41,752132400,12294514,2141374217,694197720,32.418
20211014,2988.64,617170000,12064564,2172764571,702941371,32.352
20211015,3015.06,857797800,12540973,2192125725,709239568,32.354
20211018,3006.68,926369400,10649948,2186010002,707669673,32.373
20211019,3029.04,845703500,10112026,2202301797,713568809,32.401
20211020,3013.13,680326800,11178213,2191094043,711646236,32.479
20211021,3007.33,887369700,10572398,2185679891,710110414,32.489
20211022,3006.16,695272900,9047262,2184542201,710348834,32.517
20211025,3020.54,791795900,10489293,2194484567,713170484,32.498
20211026,3049.08,564559800,9512681,2215757780,719630386,32.478
20211027,3025.49,607875300,10220672,2198753266,712801631,32.418
20211028,3009.55,617256700,12367618,2188063339,711543969,32.519
20211029,2970.68,545833700,11035682,2159375927,700694939,32.449
20211101,2978.94,475382100,9410799,2166070210,703293679,32.469
20211102,3013.49,525853000,9662968,2191376531,712437465,32.511
20211103,2975.71,658648300,12438267,2189540503,703188737,32.116
20211104,2983.22,772023900,14658519,2195428830,707181781,32.212
20211105,2969.27,688027900,12669722,2185189386,704117469,32.222
20211108,2960.2,560205300,10388089,2178020380,703515501,32.301
20211109,2962.46,708773400,9684977,2180787959,704554532,32.307
20211110,2930.17,570931700,9663221,2157022730,697187854,32.322
20211111,2924.92,572859000,13468395,2153082343,704122538,32.703
20211112,2968.8,665733100,12472956,2185439468,712758031,32.614
20211115,2999.52,639395600,11402053,2207950545,719879381,32.604
20211116,2997.21,579646300,11101212,2208638226,720353280,32.615
20211117,2962.42,541489500,10661680,2183852304,712807500,32.64
20211118,2947.38,541652800,10119317,2173103105,709635853,32.655
20211119,2971.02,657093700,11002168,2192237375,715719551,32.648
20211122,3013.25,530959100,12945532,2225325425,734548156,33.009
20211123,2997.33,524233400,10830503,2213806548,731334661,33.035
20211124,2994.29,556640400,10963458,2210804289,729791327,33.01
20211125,2980.27,595969600,9401090,2199950623,724508982,32.933
20211126,2936.44,595597600,11901297,2167444597,712988356,32.895
20211129,2909.32,844400400,13092783,2148359053,707700076,32.941
20211130,2839.01,983556300,19852270,2095821072,691119759,32.976
20211201,2899.72,563927100,12534484,2143338152,712349454,33.236
20211202,2945.27,534461600,11918441,2176914270,725336703,33.319
20211203,2968.33,486749000,10344372,2192835466,728300147,33.213
20211206,2973.25,479907900,9657402,2197379064,731061017,33.27
20211207,2991.72,541370000,10215647,2211216991,736970453,33.329
20211208,3001.8,488246100,11115220,2218153437,743489931,33.518
20211209,3029.57,513445700,12614031,2238777012,750788778,33.536
20211210,3010.23,451599400,8434890,2225643250,743702080,33.415
20211213,3001.66,375828300,8629448,2219441357,742144706,33.438
20211214,2987.95,581569900,9856789,2209778034,738963415,33.441
20211215,2989.39,432874400,8253059,2210896375,739771616,33.46
20211216,3006.41,402825100,8524314,2223256396,743220757,33.429
20211217,3017.73,451824100,11650002,2231055479,744975013,33.391
20211220,2963,377584500,8621305,2191456184,730792863,33.347
20211221,2975.03,410979600,9108501,2200896110,735997820,33.441
20211222,2984.48,461755300,8835649,2208300471,740983904,33.554
20211223,2998.17,483838900,9319626,2218653457,745652894,33.608
20211224,3012.43,537548200,8583472,2230019406,749900124,33.628
20211227,2999.55,475363000,8280394,2221527069,749488445,33.738
20211228,3020.24,607046100,12096893,2237623537,754576218,33.722
20211229,2993.29,545831800,10908667,2215462632,744068900,33.585
20211230,2977.65,461038200,8727458,2203366546,738884848,33.534
20220103,2988.77,435825800,8193887,2211373367,741521686,33.532
20220104,2989.24,621549300,9991473,2212087920,742229674,33.553
20220105,2953.97,787346100,15428422,2186715367,734692940,33.598
20220106,2920.53,786045000,13297135,2162437324,728818569,33.704
20220107,2954.89,546172400,10582421,2187560534,738684668,33.768
20220110,2926.72,477399900,10397827,2166763875,732674990,33.814
20220111,2927.38,566171800,10646541,2168032047,737424182,34.014
20220112,2972.48,519500900,10895354,2200967250,747855206,33.978
20220113,2962.09,604870600,11458978,2193799600,744725333,33.947
20220114,2921.92,532668200,10799738,2164996763,735530000,33.974
20220117,2890.1,593260700,10396512,2141590251,729367191,34.057
20220118,2864.24,554040900,10040965,2121897006,724946701,34.165
20220119,2842.28,463829400,9649066,2105223650,719089566,34.157
20220120,2862.68,395669100,8872018,2119405878,721451354,34.04
20220121,2834.29,532753300,10718107,2098926813,714072823,34.021
20220124,2792,473993100,9304491,2068283398,705083138,34.09
20220125,2720.39,639958700,11700945,2016270364,688874372,34.166
20220126,2709.24,472650600,8978726,2007683222,686580873,34.198
20220127,2614.49,487726700,20548835,2056788549,669561511,32.554
20220128,2663.34,434186900,13753057,2094859102,685665931,32.731
20220203,2707.82,435709900,12472536,2129673299,693119902,32.546
20220204,2750.26,536148700,11393256,2162189762,702996763,32.513
20220207,2745.06,417838400,11291947,2157575112,694998040,32.212
20220208,2746.47,560534100,11785877,2158494534,695108105,32.203
20220209,2768.85,539123900,10337571,2176095838,704865745,32.391
20220210,2771.93,509611200,12776154,2179937247,712940294,32.705
20220211,2747.71,480520300,10992603,2161381267,708852362,32.796
20220214,2704.48,616343400,11579386,2126853150,698121441,32.824
20220215,2676.54,589039100,9435833,2104887624,693505352,32.947
20220216,2729.68,422366400,8389883,2146197286,705494083,32.872
20220217,2744.09,611421500,11812904,2157575548,710317580,32.922
20220218,2744.52,513521100,8508342,2157425759,706338957,32.74
20220221,2743.8,495301100,7896733,2156626849,704665927,32.674
20220222,2706.79,648400500,10590490,2127945076,695270810,32.673
20220223,2719.53,537841000,9138533,2137367310,695141812,32.523
20220224,2648.8,926399600,13586138,2082126695,677118095,32.521
20220225,2676.76,664347300,12221012,2103963329,682424681,32.435
20220228,2699.18,613470200,12894247,2120187754,687316198,32.418
20220302,2703.52,527950300,10996672,2123032520,684033272,32.22
20220303,2747.08,614514800,10592861,2156827002,695653016,32.254
20220304,2713.43,765675700,12427423,2132467179,683990238,32.075
20220307,2651.31,571562200,12089299,2083197353,665833446,31.962
20220308,2622.4,540370200,11679452,2060695940,658346958,31.948
20220310,2680.32,613810400,13694703,2105097714,672810613,31.961
20220311,2661.28,797034200,12363206,2090547969,665319694,31.825
20220314,2645.65,636324400,12037826,2078071441,663616015,31.934
20220315,2621.53,604181600,9583002,2059389990,657031489,31.904
20220316,2659.23,736353500,9310850,2088519368,666021427,31.89
20220317,2694.51,546079000,11900904,2116541927,677692696,32.019
20220318,2707.02,644017400,11442603,2125657537,678379567,31.914
20220321,2686.05,502401700,8693849,2109394247,672140159,31.864
20220322,2710,489441700,9367506,2127002890,677901087,31.871
20220323,2735.05,883375900,11838671,2146408436,684039465,31.869
20220324,2729.66,960897700,13177858,2142618011,682559602,31.856
20220325,2729.98,602771000,10824995,2143377809,679649761,31.709
20220328,2729.56,768042500,9801744,2143333164,679911298,31.722
20220329,2741.07,732159200,10020299,2152615774,683337301,31.745
20220330,2746.74,840134300,11099514,2156901356,683646000,31.696
20220331,2757.65,1030288700,9729367,2164962824,684600783,31.622
20220401,2739.85,1305564000,10689584,2151279538,680007821,31.609
20220404,2757.9,1022970500,9744917,2164964282,682927708,31.545
20220405,2759.2,1605993600,9933180,2165864596,684324591,31.596
20220406,2735.03,1321644900,11014544,2147029119,674957936,31.437
20220407,2695.86,999275900,12291042,2116922779,665679643,31.446
20220408,2700.39,948355100,10296234,2119201356,666800079,31.465
20220411,2693.1,742601500,8831630,2113756558,665422506,31.481
20220412,2666.76,870969500,9853720,2092582277,662935673,31.68
20220413,2716.49,733240900,9645445,2131314721,669448313,31.41
20220414,2716.71,665351000,11419812,2130735885,665193656,31.219
20220415,2696.06,693717600,9570267,2114429291,658162744,31.127
20220418,2693.21,1024914900,9050332,2112795552,658725342,31.178
20220419,2718.89,1257385300,9779975,2133070296,664834085,31.168
20220420,2718.69,1736282600,12283912,2132905875,665396409,31.197
20220421,2728.21,1002973300,11482591,2140416801,667708105,31.195
20220422,2704.71,1239909900,12120588,2122781766,661969775,31.184
20220425,2657.13,1018005300,11698115,2085607419,649678358,31.151
20220426,2668.31,889941800,10807853,2093885341,651281932,31.104
20220427,2639.06,1072367400,12558710,2070445708,641299973,30.974
20220428,2667.49,899168700,12463396,2097782080,648220387,30.9
20220429,2695.05,975253100,12664752,2119864985,658942999,31.084
20220502,2687.45,873722700,9075648,2114441740,657304637,31.086
20220503,2680.46,883402900,9199338,2109346131,656688730,31.132
20220504,2677.57,1181019900,9903933,2107550083,658584053,31.249
20220506,2644.51,1333935800,10595418,2081320428,648568009,31.161
20220509,2610.81,892652700,9289660,2055162929,642360892,31.256
20220510,2596.56,841463300,10842463,2043673173,638435614,31.24
20220511,2592.27,679509700,8608259,2040258394,637777799,31.26
20220512,2550.08,900330700,12167915,2007195727,627926554,31.284
20220513,2604.24,788539100,10342060,2049292684,642084069,31.332
20220516,2596.58,780198900,8528536,2043528753,639944745,31.316
20220517,2620.44,873519400,9658877,2062679874,647293719,31.381
20220518,2625.98,870268200,10047167,2067575122,650025563,31.439
20220519,2592.34,677595100,9883989,2041376481,640437603,31.373
20220520,2639.29,755652900,9634339,2077558136,650975229,31.334
20220523,2647.38,644204800,7815203,2083210177,651867859,31.292
20220524,2605.87,851235700,8703525,2050778685,640033539,31.209
20220525,2617.22,712611400,8353418,2059889816,642346432,31.184
20220526,2612.45,595849200,8613523,2056303508,639234169,31.087
20220527,2638.05,590813700,8028158,2076115881,646655633,31.147
20220530,2669.66,469797600,7473951,2101290667,655757028,31.207
20220531,2685.9,671679000,13970895,2113784329,659628624,31.206
20220602,2658.99,525259100,7860485,2092789271,652131924,31.161
20220603,2670.65,562469800,7566757,2101703362,654376356,31.136
20220607,2626.34,524710300,8948923,2067165431,642615864,31.087
20220608,2626.15,576389700,7964335,2066742737,642768087,31.101
20220609,2625.44,814882800,10857975,2066451297,642466671,31.09
20220610,2595.87,724089800,8285964,2043213222,632405650,30.952
20220613,2504.51,660309200,10335873,1972203678,611276749,30.995
20220614,2492.97,671756800,9992819,1962993357,608340569,30.99
20220615,2447.38,714143400,9936928,1926857817,597644951,31.017
20220616,2451.41,584041200,9588186,1931070978,598624985,31
20220617,2440.93,634896700,11201571,1921148560,592341925,30.833
20220620,2391.03,592701800,9092289,1881482848,581207935,30.891
20220621,2408.93,479678300,7440755,1894965517,583003354,30.766
20220622,2342.81,532138900,8690134,1843888862,568499564,30.832
20220623,2314.32,749660600,10212365,1821183820,563127863,30.921
20220624,2366.6,654445500,8469155,1862320800,574693590,30.859
20220627,2401.92,510587300,7656358,1890525945,582026368,30.786
20220628,2422.09,564985500,7193433,1906214561,590998297,31.004
20220629,2377.99,422127300,7965810,1871275786,578059646,30.891
20220630,2332.64,515396400,8923480,1835493487,563943646,30.724
20220701,2305.42,530345900,8687669,1814290028,558020781,30.757
20220704,2300.34,467959500,7339364,1810669975,558938692,30.869
20220705,2341.78,323904500,6890579,1842519185,567233786,30.786
20220706,2292.01,410732000,8919471,1804225454,555567683,30.793
20220707,2334.27,340172900,7652635,1837885178,566725314,30.836
20220708,2350.61,411424800,7008117,1850893574,571364116,30.87
20220711,2340.27,377108000,6301233,1843259953,568423486,30.838
20220712,2317.76,379308200,6369257,1824994120,562322013,30.812
20220713,2328.61,308806000,5998501,1832979142,563884785,30.763
20220714,2322.32,349137900,6539856,1829593432,562832255,30.763
20220715,2330.98,319675100,7383211,1837255296,569648159,31.005
20220718,2375.25,324357000,7104661,1873107660,584814574,31.222
20220719,2370.97,339377600,6556190,1869397060,582131087,31.14
20220720,2386.85,333329000,7434803,1881643043,585787727,31.132
20220721,2409.16,295624100,6309070,1899062118,593572408,31.256
20220722,2393.14,381596700,6973850,1886496918,588458633,31.193
20220725,2403.69,323090600,5959859,1894263511,589178876,31.103
20220726,2412.96,415671400,6240741,1901214430,591602491,31.117
20220727,2415.53,333587600,7049802,1903522364,592077086,31.104
20220728,2435.27,491073200,9196434,1919419877,595861912,31.044
20220729,2451.5,499369200,10256338,1931903737,598111231,30.96
20220801,2452.25,487160200,7509597,1932452046,597177164,30.903
20220802,2439.62,549923500,7266264,1922819214,595694365,30.98
20220803,2461.45,475302300,6751538,1939571960,599250260,30.896
20220804,2473.11,399964600,7506315,1948549233,601880502,30.889
20220805,2490.8,409776200,7561092,1962992758,605885419,30.865
20220808,2493.1,418234200,7613758,1964010918,604057541,30.756
20220809,2503.46,454363800,8940803,1971839855,604884760,30.676
20220810,2480.88,479467400,9029482,1953610456,596889269,30.553
20220811,2523.78,505245800,9710839,1986815489,606310986,30.517
20220812,2527.94,445546600,8028576,1990518588,608263968,30.558
20220816,2533.52,398335300,8064107,1995548135,611110987,30.624
20220817,2516.47,418052900,7153680,1982238266,607919692,30.668
20220818,2508.05,381627600,7105984,1976095948,607233849,30.729
20220819,2492.69,459834900,7138647,1963842895,604384807,30.776
20220822,2462.5,422552200,6108018,1940547399,596910627,30.76
20220823,2435.34,471166400,7560708,1919622194,589587278,30.714
20220824,2447.45,423502100,8119783,1928432688,591072919,30.65
20220825,2477.26,426229500,7286329,1951737898,597619109,30.62
20220826,2481.03,520091000,8628665,1955296364,598822625,30.626
20220829,2426.89,448746200,7891467,1913225190,585273001,30.591
20220830,2450.93,336555400,6826615,1932045596,590815802,30.58
20220831,2472.05,436246600,9562592,1948130001,597833791,30.688
20220901,2415.61,580021200,8452317,1904334718,583918461,30.663
20220902,2409.41,391598600,7214619,1899054383,579891520,30.536
20220905,2403.68,354737900,6277833,1893408648,578949518,30.577
20220906,2410.02,294224100,5476236,1898174386,579555623,30.532
20220907,2376.46,378200200,7530889,1872365971,570532496,30.471
20220908,2384.28,423620800,9208735,1879133852,571727840,30.425
20220913,2449.54,367102500,9165153,1930515175,590293705,30.577
20220914,2411.42,461507500,7625505,1900212543,579432489,30.493
20220915,2401.83,424110900,7432763,1892386625,574697212,30.369
20220916,2382.78,440798600,8690463,1877514132,571469323,30.438
20220919,2355.66,403937400,6885918,1856704766,568774464,30.634
20220920,2367.85,419340200,7013236,1865526657,569304550,30.517
20220921,2347.21,378165400,6269073,1849097413,563672827,30.484
20220922,2332.31,446820200,7413267,1837164890,558050436,30.376
20220923,2290,446460500,7416795,1804499960,552321162,30.608
20220926,2220.94,621995300,9461817,1750077524,537800357,30.73
20220927,2223.86,487939500,8005556,1752262101,537703417,30.686
20220928,2169.29,596136300,9208349,1709335980,525045146,30.716
20220929,2170.93,508500800,7240707,1710780971,524446971,30.655
20220930,2155.49,950269600,7923750,1698450563,522359985,30.755
20221004,2209.38,421003100,7500281,1741825455,537199666,30.841
20221005,2215.22,855790100,9509079,1747613734,541216436,30.969
20221006,2237.86,643015700,6850065,1765200352,544685463,30.857
20221007,2232.84,428682900,7831443,1761987171,544399846,30.897
20221011,2192.07,859508900,7867859,1729423095,535246233,30.949
20221012,2202.47,658347500,7409130,1737572148,539648077,31.058
20221013,2162.87,792452400,7169779,1707061504,532919309,31.219
20221014,2212.55,513523900,7161818,1745972217,544932183,31.211
20221017,2219.71,498780600,6526810,1752293076,545917204,31.154
20221018,2249.95,580891600,7249919,1775708706,552577168,31.119
20221019,2237.44,895161300,7738879,1765921333,548446432,31.057
20221020,2218.09,1108102600,8325030,1751305188,543598304,31.04
20221021,2213.12,637486400,6228174,1747594294,543991478,31.128
20221024,2236.16,444820400,6846985,1765515578,549408861,31.119
20221025,2235.07,456770000,7030016,1765049718,550024960,31.162
20221026,2249.56,563441500,7492742,1776494531,556086895,31.302
20221027,2288.78,587872000,8435336,1806510988,564490655,31.248
20221028,2268.4,427245300,8289370,1789451214,556083484,31.076
20221031,2293.61,401399500,8679296,1810255609,565834313,31.257
20221101,2335.22,597205900,9476615,1842767623,574229975,31.161
20221102,2336.87,450634500,9568100,1844237342,574492062,31.151
20221103,2329.17,550428300,9273251,1838688384,570384559,31.021
20221104,2348.43,436430300,7927339,1853798828,574800415,31.007
20221107,2371.79,392508600,8059881,1872576585,582396923,31.101
20221108,2399.04,500087900,8601453,1894800321,590414923,31.16
20221109,2424.41,680722000,9342671,1915468947,596990432,31.167
20221110,2402.23,899127400,9344425,1897654097,588292394,31.001
20221111,2483.16,758247800,13917647,1960950353,610180054,31.117
20221114,2474.65,731166000,11216385,1954401825,606981743,31.057
20221115,2480.33,617401000,9308852,1959323045,607541597,31.008
20221116,2477.45,657833900,9880428,1959009891,607933699,31.033
20221117,2442.9,914519100,8556988,1931710185,597082057,30.91
20221118,2444.48,589585900,7444437,1932865881,598764963,30.978
20221121,2419.5,544528800,7049427,1912994305,593906979,31.046
20221122,2405.27,539169300,7253675,1901129947,588385895,30.949
20221123,2418.01,474789300,7477108,1911397949,592561389,31.001
20221124,2441.33,481184800,6849558,1929930653,598401461,31.006
20221125,2437.86,438394200,6347578,1926846987,598676554,31.07
20221128,2408.27,350496800,6462501,1903723176,588659089,30.921
20221129,2433.39,550174600,6533346,1923006248,594592650,30.92
20221130,2472.53,594127300,12469429,1953840810,606690991,31.051
20221201,2479.84,491383400,8850099,1959622743,608390836,31.046
20221202,2434.33,468847300,7328393,1924204751,594991211,30.921
20221205,2419.32,385586100,7717406,1911915923,591965060,30.962
20221206,2393.16,368635700,6477022,1891336961,584760111,30.918
20221207,2382.81,332586700,6080662,1882795765,580609325,30.838
20221208,2371.08,351939400,7552996,1873438918,579708181,30.944
20221209,2389.04,315674200,7220197,1888379556,586586913,31.063
20221212,2373.02,499224600,5822259,1875700661,583124747,31.088
20221213,2372.4,447565300,6659361,1874838728,582501069,31.069
20221214,2399.25,409799400,5724107,1895655041,589225529,31.083
20221215,2360.97,375386400,6134217,1865842784,579371171,31.051
20221216,2360.02,414172000,7206180,1865107455,579038406,31.046
20221219,2352.17,323987400,5018051,1859031541,577363701,31.057
20221220,2333.29,358771000,5335838,1844296008,572451974,31.039
20221221,2328.95,329724400,5102489,1840550909,569781031,30.957
20221222,2356.73,553052900,9460858,1863411614,577217436,30.976
20221223,2313.69,366988500,5935798,1829395536,566973834,30.992
20221226,2317.14,427844600,5205750,1831727640,566818422,30.944
20221227,2332.79,448498700,7126994,1844141209,570053609,30.912
20221228,2280.45,405893500,7566892,1801877943,554975340,30.8
20221229,2236.4,361194400,6036542,1767235221,543693674,30.765
20230102,2225.67,346344700,5200137,1759241800,542408233,30.832
20230103,2218.68,410245300,6149082,1753771077,543573104,30.995
20230104,2255.98,412841100,6487597,1783808766,557241570,31.239
20230105,2264.65,430977000,7521178,1791816776,562435195,31.389
20230106,2289.97,398606500,6764112,1811418923,570185107,31.477
20230109,2350.19,342095500,7028980,1858632833,585548096,31.504
20230110,2351.31,359914100,6702908,1859599299,585789597,31.501
20230111,2359.53,369010900,6297145,1865737441,586759836,31.449
20230112,2365.1,580433300,7837776,1870238983,587886627,31.434
20230113,2386.09,862230100,6976741,1886570607,594108343,31.491
20230116,2399.86,517762200,6532806,1897375182,599127895,31.577
20230117,2379.39,536811100,6314017,1881433259,595313979,31.642
20230118,2368.32,537392900,5498577,1872694002,591456327,31.583
20230119,2380.34,370098900,5448179,1882551677,596679205,31.695
20230120,2395.26,302506800,5025541,1895790659,600485144,31.675
20230125,2428.57,550087000,6665406,1922275331,612139884,31.845
20230126,2468.65,486831000,8206398,1953918426,621749795,31.821
20230127,2484.02,509288000,9092446,1966558579,627230637,31.895
20230130,2450.47,475410000,9220413,1940151030,617153647,31.81
20230131,2425.08,617195000,10394784,1918934215,603910388,31.471
20230201,2449.8,666296000,8596020,1938780673,612032995,31.568
20230202,2468.88,693116000,9121677,1953996214,618077077,31.631
20230203,2480.4,496860000,8027060,1963172031,622067724,31.687
20230206,2438.19,566819000,7671311,1929318578,607414705,31.483
20230207,2451.71,451159000,7594011,1939610903,610818641,31.492
20230208,2483.64,415677400,8001678,1965482080,621814697,31.637
20230209,2481.52,610694400,8986377,1963858471,620236939,31.583
20230210,2469.73,662365600,8402619,1954699937,618875214,31.661
20230213,2452.7,486398600,7371041,1942812752,616475178,31.731
20230214,2465.64,349432100,6738874,1953249936,619353209,31.709
20230215,2427.9,387066700,8758718,1923761984,609136656,31.664
20230216,2475.48,388027100,9170363,1961021978,620523857,31.643
20230217,2451.21,514047400,8364504,1941744158,614117419,31.627
20230220,2455.12,390012500,7535474,1944743467,615145395,31.631
20230221,2458.96,494660900,7333623,1943888914,614121869,31.592
20230222,2417.68,427481900,8386250,1911701229,603505735,31.569
20230223,2439.09,400991600,7451977,1928501536,610226968,31.643
20230224,2423.61,369900400,6991100,1915633306,604997866,31.582
20230227,2402.64,357218100,6598230,1898711781,599122267,31.554
20230228,2412.85,529789800,9274200,1906496015,600499601,31.498
20230302,2427.85,428342200,9660274,1918505110,603954863,31.48
20230303,2432.07,371881800,7845380,1921472037,603116453,31.388
20230306,2462.62,418813800,9781226,1945884267,612941233,31.499
20230307,2463.35,450481400,10732466,1945941992,610756433,31.386
20230308,2431.91,438358900,9967055,1922025069,602817007,31.364
20230309,2419.09,476374600,10357639,1911583468,598510327,31.31
20230310,2394.59,413411000,7875520,1892450859,592290750,31.298
20230313,2410.6,380739600,7702302,1904640758,596944291,31.342
20230314,2348.97,485075500,7794604,1856250945,582364357,31.373
20230315,2379.72,443751300,7591756,1880140744,588951377,31.325
20230316,2377.91,320194100,7865787,1878507613,587121631,31.255
20230317,2395.69,364175600,8617060,1893380949,594861504,31.418
20230320,2379.2,346033900,6072911,1879711532,588548062,31.311
20230321,2388.35,355194600,7269040,1886502692,589733091,31.261
20230322,2416.96,501412200,7890323,1908726635,597527275,31.305
20230323,2424.48,567703700,10367437,1914529716,601684366,31.427
20230324,2414.96,470659200,9248184,1907314610,598979450,31.404
20230327,2409.22,472847200,8534650,1902810299,595578086,31.3
20230328,2434.94,524016100,8812618,1923151536,602793990,31.344
20230329,2443.92,497218500,8829889,1930378482,603638036,31.27
20230330,2453.16,629052000,10846640,1937575538,605408912,31.246
20230331,2476.86,722612200,12903370,1957926358,614107029,31.365
20230403,2472.34,811723700,11300346,1954443677,611265272,31.276
20230404,2480.51,832555300,13496867,1960644519,612371375,31.233
20230405,2495.21,632719900,9811877,1972182474,616173426,31.243
20230406,2459.23,751378100,11332653,1943849429,604109143,31.078
20230407,2490.41,586992800,11250171,1969009467,616963968,31.334
20230410,2512.08,717648100,13539855,1986876447,624261565,31.419
20230411,2547.86,768175600,14050595,2014288066,632207444,31.386
20230412,2550.64,900749500,14426259,2016495718,634491040,31.465
20230413,2561.66,841719200,11996436,2024512511,635191445,31.375
20230414,2571.49,892445600,13088201,2032335488,635898662,31.289
20230417,2575.91,775752400,12793678,2036226926,635372573,31.203
20230418,2571.09,896932400,14106396,2032968742,636818009,31.325
20230419,2575.08,956994400,12750865,2036483236,636045362,31.233
20230420,2563.11,951423100,12415524,2026470351,634037443,31.288
20230421,2544.4,970398000,12614673,2012374092,632544272,31.433
20230424,2523.5,927191300,11589467,1996621732,627609371,31.434
20230425,2489.02,886421800,13681150,1967147727,618963525,31.465
20230426,2484.83,1089215500,12397514,1964553908,618963030,31.507
20230427,2495.81,733499900,11142115,1974101090,622630576,31.54
20230428,2501.53,777535100,14024831,1979839469,626727327,31.655
20230502,2524.39,701398500,9942387,1997496493,631317342,31.605
20230503,2501.4,889609400,9865861,1979410345,626352538,31.643
20230504,2500.94,810178200,10020006,1978572080,624984150,31.588
20230508,2513.21,655536100,9213044,1989045053,630960329,31.722
20230509,2510.06,751646900,9351367,1986578324,629030904,31.664
20230510,2496.51,635635000,8906697,1976264333,624945805,31.623
20230511,2491,648134400,9002407,1971727645,623310266,31.612
20230512,2475.42,798230000,8589238,1959471273,619724555,31.627
20230515,2479.35,484564000,6920284,1962067054,622787878,31.741
20230516,2480.24,628743800,8086956,1963631010,624303806,31.793
20230517,2494.66,564411600,7218306,1975030171,626591701,31.726
20230518,2515.4,572764600,7782864,1992171060,634218071,31.836
20230519,2537.79,570097400,9199949,2010735983,645110974,32.083
20230522,2557.08,593620000,8214575,2025540377,647687937,31.976
20230523,2567.55,576045400,7443353,2033435646,648739314,31.904
20230524,2567.45,1072440000,7900596,2032739545,647814464,31.869
20230525,2554.69,917553500,9416539,2022841850,646956359,31.983
20230526,2558.81,634759100,9401899,2027393064,653393779,32.228
20230530,2585.52,641646600,11066254,2048101559,662751836,32.359
20230531,2577.12,686186800,15135111,2039961430,656876484,32.2
20230601,2569.17,675233400,9168502,2034185276,654722108,32.186
20230602,2601.36,569619500,9383535,2059938046,664480362,32.257
20230605,2615.41,545879700,8566307,2070761232,665921355,32.158
20230607,2615.6,537616700,10152915,2070757365,663968683,32.064
20230608,2610.85,581325200,11473710,2067265952,662856619,32.064
20230609,2641.16,583219000,11128065,2091571203,672403500,32.148
20230612,2629.35,557056400,9365137,2082259638,667065229,32.036
20230613,2637.95,694320500,11153307,2092104301,671442944,32.094
20230614,2619.08,654404500,13100475,2077106422,668123490,32.166
20230615,2608.54,582437300,11513807,2068930296,665676189,32.175
20230616,2625.79,673673000,12620602,2083070963,669363476,32.133
20230619,2609.5,719549000,11096633,2069459013,664145297,32.093
20230620,2604.91,722540800,10880372,2066709393,662524834,32.057
20230621,2582.63,659798500,10654263,2049490171,656061202,32.011
20230622,2593.7,613221400,8937920,2058310974,659397073,32.036
20230623,2570.1,528307400,8548517,2039950788,655029853,32.11
20230626,2582.2,481750500,8437663,2050227832,659751795,32.179
20230627,2581.39,538509200,8592192,2049390123,659721191,32.191
20230628,2564.19,488768000,8814329,2036006512,656417550,32.24
20230629,2550.02,604508600,8824942,2024884368,652858874,32.242
20230630,2564.28,510933800,8209121,2035090950,654241494,32.148
20230703,2602.47,618006200,8973590,2065043586,664389644,32.173
20230704,2593.31,674410600,9160796,2057900765,661689721,32.154
20230705,2579,601088700,10257664,2046820451,656613401,32.08
20230706,2556.29,531900300,10291029,2028715708,650924922,32.086
20230707,2526.71,613265000,10367353,2005107083,641132861,31.975
20230710,2520.7,561821200,9698696,2000075615,639281883,31.963
20230711,2562.49,594134900,10596471,2033589694,651887779,32.056
20230712,2574.72,696924200,13229938,2043134139,656634773,32.139
20230713,2591.23,585660800,13258010,2056144810,659630482,32.081
20230714,2628.3,569815100,14285300,2085155475,671861441,32.221
20230717,2619,550570000,11732182,2077680980,669066189,32.203
20230718,2607.62,493202200,12003817,2068793756,663844252,32.088
20230719,2608.24,440073900,11231686,2069336034,662748573,32.027
20230720,2600.23,372364700,9473224,2063004507,659728329,31.979
20230721,2609.76,501872000,12258800,2069758933,659263312,31.852
20230724,2628.53,529363300,19050421,2083819625,661363749,31.738
20230725,2636.46,723471500,19204605,2090016052,660320765,31.594
20230726,2592.36,834106500,36348206,2054936941,653070338,31.781
20230727,2603.81,594162700,24076449,2064695783,663505715,32.136
20230728,2608.32,503267300,16807324,2068133763,661193814,31.971
20230731,2632.58,454242600,15688014,2085912205,660212475,31.651
20230801,2667.07,493643200,15851941,2113135323,670591699,31.734
20230802,2616.47,704673800,16001904,2073668620,657491781,31.707
20230803,2605.39,789416300,14921529,2064281827,652122315,31.591
20230804,2602.8,645750200,10971353,2061747668,650375879,31.545
20230807,2580.71,504070800,11894471,2044894112,649553494,31.765
20230808,2573.98,638418700,12435382,2039632194,644877819,31.617
20230809,2605.12,467526700,10326262,2064557283,652416710,31.601
20230810,2601.56,568155100,11349005,2061336432,649001484,31.485
20230811,2591.26,675390000,10513466,2053371191,645942217,31.458
20230814,2570.87,624377600,9995329,2037188540,641174557,31.474
20230816,2525.64,685135600,12025529,2001820771,633495178,31.646
20230817,2519.85,735132700,10727642,1997270646,631845467,31.635
20230818,2504.5,557784600,10776836,1985148457,628741104,31.672
20230821,2508.8,399458700,8524818,1988814382,629690902,31.662
20230822,2515.74,471808600,9270272,1994100741,631154212,31.651
20230823,2505.5,547169700,8577994,1986575329,631066805,31.767
20230824,2537.68,441140200,10099466,2012082433,639946720,31.805
20230825,2519.14,577383900,8302851,1997701491,632746255,31.674
20230828,2543.41,483587600,8221906,2015825900,634729627,31.487
20230829,2552.16,441365900,8275017,2022518944,636759862,31.484
20230830,2561.22,364003000,7765445,2029672345,639246687,31.495
20230831,2556.27,473168800,11334961,2025220695,638861836,31.545
20230901,2563.71,493367300,10029746,2033321986,650450524,31.99
20230904,2584.55,342072500,8699609,2050034096,655381631,31.969
20230905,2582.18,384579000,7590069,2048141825,653698072,31.917
20230906,2563.34,422126100,7626693,2033216059,649164054,31.928
20230907,2548.26,377270500,8325827,2021630331,648753026,32.091
20230908,2547.68,396289100,7718993,2020844444,646235894,31.979
20230911,2556.88,411070400,8340733,2027845902,648810101,31.995
20230912,2536.58,359409800,8927207,2012514265,645689401,32.084
20230913,2534.7,417576000,9270999,2011458185,648198570,32.225
20230914,2572.89,412509100,9577503,2041171664,656555057,32.166
20230915,2601.28,441729800,11995227,2063455243,663396306,32.15
20230918,2574.72,416289500,8772091,2042003996,652879539,31.972
20230919,2559.21,462342100,7827325,2030125918,649750774,32.005
20230920,2559.74,414667800,7571716,2030281560,649114245,31.972
20230921,2514.97,394676200,7803097,1995558491,639239225,32.033
20230922,2508.13,433184400,7063028,1988872133,637316473,32.044
20230925,2495.76,438614600,7459545,1979048155,637139346,32.194
20230926,2462.97,427476200,7060837,1953462573,628270508,32.162
20230927,2465.07,366240800,6761281,1955817975,627510442,32.084
20231004,2405.69,424858700,10244656,1909055584,614759649,32.202
20231005,2403.6,451722400,9141361,1912222092,613954705,32.107
20231006,2408.73,289391500,6522751,1916147548,613631786,32.024
20231010,2402.58,416004100,9505946,1912039051,615339546,32.182
20231011,2450.08,446948700,9140843,1949663797,625237015,32.069
20231012,2479.82,515451700,8929118,1973336799,633365304,32.096
20231013,2456.15,582883700,7164460,1955250761,628142713,32.126
20231016,2436.24,788356000,8393100,1939007777,622919696,32.126
20231017,2460.17,509375200,7711250,1958109580,632529868,32.303
20231018,2462.6,911545900,8897571,1960050711,637065498,32.503
20231019,2415.8,756946700,9054474,1923750596,626197661,32.551
20231020,2375,521208100,9295958,1892280648,618680257,32.695
20231023,2357.02,395930200,7117567,1877779360,613420054,32.667
20231024,2383.51,444165000,7949284,1898106190,617760424,32.546
20231025,2363.17,440806700,7832203,1882419020,614331043,32.635
20231026,2299.08,531072800,9251519,1832032727,598057648,32.644
20231027,2302.81,514876000,8009948,1834541641,599075515,32.655
20231030,2310.55,444842300,6954633,1840684679,599023164,32.543
20231031,2277.99,394982300,8233073,1815424104,592866398,32.657
20231101,2301.56,358157300,6739278,1835317636,602552074,32.831
20231102,2343.12,377461500,7679305,1868116867,612749860,32.8
20231103,2368.34,578661900,8040958,1887967827,617813662,32.724
20231106,2502.37,528584800,15225480,1991919718,643361591,32.299
20231107,2443.96,457675500,12086570,1947075247,633040792,32.512
20231108,2421.62,467217000,7667332,1929362640,625680056,32.429
20231109,2427.08,395031000,7288448,1933622736,628624500,32.51
20231110,2409.66,312468000,5825602,1923177297,627333314,32.62
20231113,2403.76,307123000,5934172,1918619319,626465670,32.652
20231114,2433.25,306963700,6382101,1942197248,632095879,32.545
20231115,2486.67,419843300,9328219,1984033041,646173449,32.569
20231116,2488.18,407440800,6806414,1985488314,648095747,32.642
20231117,2469.85,388973800,8129523,1974347791,644007210,32.619
20231120,2491.2,323806300,6586445,1990537959,647389603,32.523
20231121,2510.42,345054700,7713377,2005723542,651387841,32.476
20231122,2511.7,439485500,7755316,2006109850,651680989,32.485
20231123,2514.96,360873800,6577868,2009135900,651718863,32.438
20231124,2496.63,359382700,6537961,1995161446,646218945,32.389
20231127,2495.66,364743700,8376476,1994294785,645379100,32.361
20231128,2521.76,443089700,8753424,2017729236,653526598,32.389
20231129,2519.81,579271100,9428200,2015729696,651692263,32.33
20231130,2535.29,664284000,11992488,2027777361,654868053,32.295
20231201,2505.01,516596200,8837750,2004297453,648106549,32.336
20231204,2514.95,498860800,8772367,2012605764,650477880,32.32
20231205,2494.28,427066800,8300522,1995841255,643102017,32.222
20231206,2495.38,390989400,7685320,1996748972,644457054,32.275
20231207,2492.07,446877300,8127636,1993881027,642418814,32.22
20231208,2517.85,431796600,7916793,2014785075,650468965,32.285
20231211,2525.36,435003600,8260508,2021014752,653190982,32.32
20231212,2535.27,378033600,7732530,2029469553,657143279,32.38
20231213,2510.66,377934400,7513617,2010099879,651946384,32.434
20231214,2544.18,530123500,12960671,2036471107,660626483,32.44
20231215,2563.56,465313600,12873295,2052134144,667366651,32.521
20231218,2566.86,384828400,10181568,2053934297,664717631,32.363
20231219,2568.55,392497400,8418111,2054764999,665413378,32.384
20231220,2614.3,570423400,11202543,2091168204,678402583,32.441
20231221,2600.02,578334800,9467809,2080482828,677581313,32.568
20231222,2599.51,465967200,8848288,2082855845,679289749,32.613
20231226,2602.59,440428100,9582766,2085608165,683058310,32.751
20231227,2613.5,349733400,10359764,2093997127,687639448,32.839
20231228,2655.28,460086000,9418929,2126372516,698393150,32.844
20240102,2669.81,409871700,9628190,2147223895,702915249,32.736
20240103,2607.31,463131600,10121578,2096573474,683911401,32.62
20240104,2587.02,770176200,8992274,2081862660,679636191,32.646
20240105,2578.08,522289900,8384473,2075148803,678401039,32.692
20240108,2567.82,320144000,6763632,2067290656,676789169,32.738
20240109,2561.24,791214300,8896714,2061575746,672146205,32.604
20240110,2541.98,570021100,8795835,2045533566,664627501,32.492
20240111,2540.27,788422600,13669890,2043896295,666185291,32.594
20240112,2525.05,790177200,8368766,2047248114,666707315,32.566
20240115,2525.99,802102000,8182707,2047779701,669074839,32.673
20240116,2497.59,659578600,8828509,2024555061,659018725,32.551
20240117,2435.9,965595400,11281598,1975074608,642985826,32.555
20240118,2440.04,571507500,8300178,1978349881,646250693,32.666
20240119,2472.74,518806900,9174537,2005853267,661065496,32.957
20240122,2464.35,388045600,8419916,1999139798,661450918,33.087
20240123,2478.61,472284200,8029400,2010744286,666163473,33.13
20240124,2469.69,395463700,7446527,2003932327,663026745,33.086
20240125,2470.34,357233500,8124338,2003599595,663531587,33.117
20240126,2478.56,292662400,7144493,2009937343,663705649,33.021
20240129,2500.65,427439600,8958521,2034462573,673665220,33.113
20240130,2498.81,481808900,8734431,2032788176,672915382,33.103
20240131,2497.09,454574400,9000430,2030032669,669315427,32.971
20240201,2542.46,751074600,13462482,2067112302,683076901,33.045
20240202,2615.31,596121100,14368150,2126219526,707412983,33.271
20240205,2591.31,511677800,12476233,2107741573,699456312,33.185
20240206,2576.2,411617600,10386506,2095645931,697958310,33.305
20240207,2609.58,518182300,11491680,2123763208,707765987,33.326
20240208,2620.32,430009400,12493448,2132384708,710439124,33.317
20240213,2649.64,559385300,13294429,2157419255,721157981,33.427
20240214,2620.42,543525000,10107666,2134335215,711739993,33.347
20240215,2613.8,621363100,10691024,2128007410,707151340,33.231
20240216,2648.76,593841800,10221804,2156678844,716136782,33.206
20240219,2680.26,422699000,9820891,2182000860,728508985,33.387
20240220,2657.79,612668200,9999238,2164246684,721661494,33.345
20240221,2653.31,562144300,9150151,2160613141,719051901,33.28
20240222,2664.27,456396800,10278919,2169296821,723260235,33.341
20240223,2667.7,415376200,10282074,2172012828,725551788,33.405
20240226,2647.08,531661400,10950641,2154285533,718325035,33.344
20240227,2625.05,574301700,12634502,2138605309,712731965,33.327
20240228,2652.29,421552600,10266443,2160300899,721532271,33.4
20240229,2642.36,496064500,12975398,2154501763,722353520,33.528
20240304,2674.27,404014300,12680158,2180068722,736963134,33.805
20240305,2649.4,457237200,12207053,2159737908,729248677,33.766
20240306,2641.49,378994000,10533006,2152385363,725665833,33.714
20240307,2647.62,462910800,10871921,2157093122,725841579,33.649
20240308,2680.35,454259900,11479441,2183434414,736024221,33.709
20240311,2659.84,391384800,8856059,2165991240,728189303,33.619
20240312,2681.81,403969300,9731031,2183694627,733272741,33.579
20240313,2693.57,498759800,10957571,2193638399,738835357,33.681
20240314,2718.76,609288000,14142603,2214176884,746739552,33.725
20240315,2666.84,584947700,13235768,2171246911,730038030,33.623
20240318,2685.84,408182500,9523806,2186414425,733785127,33.561
20240319,2656.17,695865600,10702805,2162284635,724902916,33.525
20240320,2690.14,720451800,12739395,2190991693,741531408,33.845
20240321,2754.86,825226900,14013557,2244169944,766430704,34.152
20240322,2748.56,509545300,11532687,2240018471,765381119,34.169
20240325,2737.57,489620200,9979717,2230450710,760336961,34.089
20240326,2757.09,448300900,12188273,2248074960,771380494,34.313
20240327,2755.11,510644000,12461944,2246759369,771274808,34.328
20240328,2745.82,419277900,11925009,2239561710,770970361,34.425
20240329,2746.63,495495600,11190103,2240537708,775958443,34.633
20240401,2747.86,397600500,10066835,2241082878,774811382,34.573
20240402,2753.16,630392900,13116888,2247045532,784137786,34.896
20240403,2706.97,640806300,13257040,2209038427,770366219,34.873
20240404,2742,477952800,11978194,2238039851,784536901,35.055
20240405,2714.21,621030600,11293864,2215451533,776187299,35.035
20240408,2717.65,620652500,10560913,2218358194,777759089,35.06
20240409,2705.16,470183700,10037705,2207593683,773053340,35.018
20240411,2706.96,561333400,12789893,2209845127,777559778,35.186
20240412,2681.82,514575300,11903471,2189191730,770827629,35.211
20240415,2670.43,561950000,10506647,2179146669,766211963,35.161
20240416,2609.63,570212100,12257739,2129095534,748324947,35.148
20240417,2584.18,414348100,9779318,2108636206,739619613,35.076
20240418,2634.7,478786200,10571080,2148591607,751169164,34.961
20240419,2591.86,809473400,14044807,2113960518,736294736,34.83
20240422,2629.44,401892200,11021071,2143157216,741108149,34.58
20240423,2623.02,430275800,9948338,2137640963,739388283,34.589
20240424,2675.75,325739600,10227695,2180629130,757474103,34.736
20240425,2628.62,334062400,8987959,2142440795,741716304,34.62
20240426,2656.33,450520700,10148866,2164477451,752391100,34.761
20240429,2687.44,470546000,10491388,2189691726,757498125,34.594
20240430,2692.06,460083500,11347130,2193843858,761403913,34.706
20240502,2683.65,351087300,9059053,2186876850,757885870,34.656
20240503,2676.63,338612000,7850447,2180854242,755663600,34.65
20240507,2734.36,532203400,11153672,2228259503,777229219,34.881
20240508,2745.05,436315200,10293633,2243933671,780762689,34.794
20240509,2712.14,423810500,11102793,2216794076,769180604,34.698
20240510,2727.63,586133400,11566879,2226624819,773628886,34.744
20240513,2727.21,625277700,13054660,2226373173,774026769,34.766
20240514,2730.34,443295600,9491100,2228236341,773605447,34.718
20240516,2753,521841300,13253186,2246492513,781907699,34.806
20240517,2724.62,575936300,11008339,2223763414,773447553,34.781
20240520,2742.14,582071000,12502253,2237911832,780816860,34.89
20240521,2724.18,560819000,10490361,2223367540,776993680,34.947
20240522,2723.46,484723900,12378510,2223391188,777477411,34.968
20240523,2721.81,428079500,11449262,2222186906,778989329,35.055
20240524,2687.6,501638700,12363445,2193712334,765699018,34.904
20240527,2722.99,556709900,15847768,2222058046,775077592,34.881
20240528,2722.85,440956700,11586996,2221981776,776405608,34.942
20240529,2677.3,438980000,13076460,2184383957,762060994,34.887
20240530,2635.44,372742000,11132063,2150594912,748094715,34.785
20240531,2636.52,613717800,16353907,2151017465,744953395,34.633
20240603,2682.52,782329100,13995552,2188764088,760491052,34.745
20240604,2662.1,773459800,12649033,2171834477,753346546,34.687
20240605,2689.5,881481200,13624988,2194822320,763249435,34.775
20240607,2722.67,783870600,12465270,2221091056,773879836,34.842
20240610,2701.17,506891700,11327687,2203848895,766104283,34.762
20240611,2705.32,558893000,11776520,2206744123,765361032,34.683
20240612,2728.17,511008900,11839576,2224929133,773507285,34.765
20240613,2754.89,700027300,19135858,2247116757,785128847,34.939
20240614,2758.42,644979300,16187046,2250826809,790206529,35.107
20240617,2744.1,593985100,12457646,2237952931,784510027,35.055
20240618,2763.92,561975100,13269478,2254082532,797629615,35.386
20240619,2797.33,646706200,14069564,2280984108,808722911,35.455
20240620,2807.63,758165900,13576970,2289946832,814422292,35.565
20240621,2784.26,631143400,14492985,2270593310,804739732,35.442
20240624,2764.73,594166000,11082706,2257243669,799640584,35.426
20240625,2774.39,714242200,11767748,2265008234,803332422,35.467
20240626,2792.05,535034400,11325143,2279120474,811741874,35.616
20240627,2784.06,397169200,10271109,2273422811,811599921,35.699
20240628,2797.82,610550400,11020138,2283888694,813611083,35.624
20240701,2804.31,459218300,9945337,2289631234,814023589,35.553
20240702,2780.86,538842200,11648477,2270445338,809016080,35.632
20240703,2794.01,340338000,10243957,2281636129,813946046,35.674
20240704,2824.94,393738600,13067110,2307278993,826413277,35.818
20240705,2862.23,378159100,13142275,2338315470,844024359,36.095
20240708,2857.76,425055600,9938577,2335361801,842404368,36.072
20240709,2867.38,456429200,11241864,2339688644,844864302,36.11
20240710,2867.99,472472900,11841459,2340811915,845694555,36.128
20240711,2891.35,462216900,14649701,2363627179,851695841,36.033
20240712,2857,408178300,14085703,2329431205,832308867,35.73
20240715,2860.92,424457900,12165673,2334446313,837590192,35.88
20240716,2866.09,677904800,12660326,2338465519,841882752,36.002
20240717,2843.29,549094100,13923509,2320318935,832413077,35.875
20240718,2824.35,658374600,15548196,2304940337,826706079,35.867
20240719,2795.46,426208000,9585235,2280949590,813867845,35.681
20240722,2763.51,463878300,10499644,2255636584,805066199,35.691
20240723,2774.29,423403200,11526842,2265131154,810828776,35.796
20240724,2758.71,469221300,11053910,2251624859,802378896,35.636
20240725,2710.65,440318300,13673709,2212260229,784101241,35.443
20240726,2731.9,516467600,12971732,2228963595,790685263,35.473
20240729,2765.53,456515700,10963603,2257406067,800196181,35.448
20240730,2738.19,392868100,10199651,2235428827,791906550,35.425
20240731,2770.69,557090100,12197992,2262832341,806684641,35.649
20240801,2777.68,480834000,10904975,2268412040,806140918,35.538
20240802,2676.19,531785100,13102123,2189768948,772335983,35.27
20240805,2441.55,763777800,18781701,1997745883,700188109,35.049
20240806,2522.15,567266400,15535849,2063686211,720107777,34.894
20240807,2568.41,476990700,13081660,2102251051,736730354,35.045
20240808,2556.73,495299000,11463675,2092077568,729613042,34.875
20240809,2588.43,475012100,9721687,2118139216,740634183,34.966
20240812,2618.3,293083800,7601222,2142430302,748973445,34.959
20240813,2621.5,378532200,8965946,2145433740,754133576,35.151
20240814,2644.5,328748100,8867077,2164754883,761761790,35.189
20240816,2697.23,385851900,11192930,2208881288,783628255,35.476
20240819,2674.36,395636800,9262568,2189820559,774863407,35.385
20240820,2696.63,484188400,8954163,2206940382,782771258,35.469
20240821,2701.13,417329600,9378558,2210561176,779360021,35.256
20240822,2707.67,441756200,8946317,2215412799,780168672,35.215
20240823,2701.69,330591800,8285768,2210797299,777115886,35.151
20240826,2698.01,333687900,9087411,2206549659,771188724,34.95
20240827,2689.25,264056900,8050720,2199479584,766313838,34.841
20240828,2689.83,280773900,10567478,2200592607,768263718,34.912
20240829,2662.28,288835600,11464720,2178258767,754940476,34.658
20240902,2681,266992600,8669963,2192680031,758199310,34.579
20240903,2664.63,303460400,8978417,2178330436,748873991,34.378
20240904,2580.8,455469300,11370290,2109693405,721796526,34.213
20240905,2575.5,379002700,10189751,2103967318,719479219,34.196
20240906,2544.28,374782200,8685310,2079144168,713350156,34.31
20240909,2535.93,270231000,7454381,2071956885,707179481,34.131
20240910,2523.43,347650200,8421867,2061808623,702316930,34.063
20240911,2513.37,302560700,9623016,2051977998,692109538,33.729
20240912,2572.09,340478900,11282357,2099101130,708696779,33.762
20240919,2580.8,385081300,12871059,2106110322,701845641,33.324
20240920,2593.37,495964100,14276593,2116582293,704615415,33.29
20240923,2602.01,339140000,9526459,2122839425,705760757,33.246
20240924,2631.68,355097000,10338361,2146552075,711513373,33.147
20240925,2596.32,454471700,11671497,2118800294,700759234,33.073
20240926,2671.57,324889000,11602406,2179114311,726289999,33.33
20240927,2649.78,413004100,11987018,2162827764,723298420,33.442
20240930,2593.27,358915800,10806867,2115975531,701397060,33.148
20241002,2561.69,351004400,9607877,2091253055,693899113,33.181
20241004,2569.71,414328600,10016557,2097299170,695724348,33.172
20241007,2610.38,343671100,10378944,2129898509,708081432,33.245
20241008,2594.36,318240000,9168276,2116186428,699601687,33.06
20241010,2599.16,618560000,13867594,2118769902,700530195,33.063
20241011,2596.91,491276200,9548436,2116899470,700972975,33.113
20241014,2623.29,401705700,8525414,2138449590,711327466,33.264
20241015,2633.45,438292800,10054356,2147319523,715038541,33.299
20241016,2610.36,437552800,10053097,2129276601,707144873,33.211
20241017,2609.3,331265200,9953645,2127416627,706756422,33.221
20241018,2593.82,265201100,8274854,2115279710,701492832,33.163
20241021,2604.92,240675000,7757214,2124505397,703511395,33.114
20241022,2570.7,343318200,8958061,2096600928,694328164,33.117
20241023,2599.62,352421200,9430155,2120697376,705108564,33.249
20241024,2581.03,343098200,9733937,2104042768,694305574,32.999
20241025,2583.27,462898400,10286877,2105651493,695852897,33.047
20241028,2612.43,333736000,9133006,2129841276,701722029,32.947
20241029,2617.8,363290100,9341171,2134424480,703149197,32.943
20241030,2593.79,487359000,9067046,2114675138,699157890,33.062
20241031,2556.15,406613000,10980673,2083807734,684635348,32.855
20241101,2542.36,319848800,7944318,2072677283,681835496,32.896
20241104,2588.97,373943500,8064749,2110215065,693189120,32.849
20241105,2576.88,310875300,7716008,2100113789,688034700,32.762
20241106,2563.51,548506100,11791888,2089044037,687409636,32.905
20241107,2564.63,465146200,10809704,2089840469,688509068,32.946
20241108,2561.15,448734500,9921212,2087229090,686726199,32.901
20241111,2531.66,572196800,11290168,2062998744,675630021,32.75
20241112,2482.57,735812800,12848018,2022644867,659776499,32.619
20241113,2417.08,619176300,11208360,1970663209,641692658,32.562
20241114,2418.86,639990000,13017388,1972611776,637527717,32.319
20241115,2416.86,623327200,12365759,1973513510,647587192,32.814
20241118,2469.07,443925900,10621301,2017377527,664865938,32.957
20241119,2471.95,410856100,9085861,2019146279,663481661,32.86
20241120,2482.29,408789700,7820085,2033134230,664392769,32.678
20241121,2480.63,451118500,8356409,2032824143,666432761,32.784
20241122,2501.24,543517800,8017171,2048900260,671961498,32.796
20241125,2534.34,564692400,13495228,2075112932,680476036,32.792
20241126,2520.36,441708800,8709923,2064372966,678617589,32.873
20241127,2503.06,414339100,8586049,2049072450,669969415,32.696
20241128,2504.67,342571100,7572753,2050357986,665431115,32.454
20241129,2455.91,384278000,9106482,2011421419,652562382,32.443
20241202,2454.48,328109500,7591740,2009713878,651261414,32.406
20241203,2500.1,324137700,9145173,2046261046,663677894,32.434
20241204,2464,670284300,13296925,2016934530,653696732,32.41
20241205,2441.85,519351600,9720716,1999305298,647128045,32.368
20241206,2428.16,630408600,10726880,1988510021,643968257,32.384
20241209,2360.58,591644400,10004535,1933161935,629485853,32.562
20241210,2417.84,598770300,9303804,1979769347,641514575,32.404
20241211,2442.51,617716500,7745861,1999754742,647445635,32.376
20241212,2482.12,664187200,12259144,2032250619,658732871,32.414
20241213,2494.46,577737400,8849455,2042115884,660584317,32.348
20241216,2488.97,526708200,8466422,2037825063,658041136,32.291
20241217,2456.81,559039700,9284836,2010343833,648531615,32.26
20241218,2484.43,441677800,8338566,2033135713,657778894,32.353
20241219,2435.93,504467100,8443750,1993417138,642769448,32.245
20241220,2404.15,617782400,9347348,1967064817,633353455,32.198
20241223,2442.01,428166800,7375540,1998047401,642324518,32.148
20241224,2440.52,386777900,6740790,1997825854,644002908,32.235
20241226,2429.67,322800100,6410407,1989005161,640417438,32.198
20241227,2404.77,311291300,6339607,1966956733,636318261,32.35
20241230,2399.49,303963000,5315451,1963328801,632473687,32.214
20250102,2398.94,350691900,6958649,1963454272,633244362,32.252
20250103,2441.92,407536400,8230070,1998126925,645870196,32.324
20250106,2488.64,302761000,8142308,2036394312,662762784,32.546
20250107,2492.1,407692900,9405964,2038522933,660337563,32.393
20250108,2521.05,362908900,10391058,2062626682,669070105,32.438
20250109,2521.9,404290400,11524454,2063837693,671433787,32.533
20250110,2515.78,377586700,9691008,2058638842,669881415,32.54
20250113,2489.56,578565400,9049053,2036397075,659506750,32.386
20250114,2497.4,414487600,8199245,2042488522,659565430,32.292
20250115,2496.81,538534300,9176244,2041769171,660552323,32.352
20250116,2527.49,451062600,9432261,2065809158,670634194,32.464
20250117,2523.55,445884900,10011840,2062320504,668818468,32.43
20250120,2520.05,437546000,8663519,2059663885,665169817,32.295
20250121,2518.03,572011300,9323574,2058259490,667397649,32.425
20250122,2547.06,583737400,11074515,2081713985,676093378,32.478
20250123,2515.49,609742100,9907821,2056088892,667635162,32.471
20250124,2536.8,602014700,10179284,2073049460,672151281,32.423
20250131,2517.37,454403400,13759431,2057132279,662540000,32.207
20250203,2453.95,522848000,11649963,2005228762,644291176,32.131
20250204,2481.69,479377300,11000938,2028588345,653570201,32.218
20250205,2509.27,437344200,9949595,2056473641,660852414,32.135
20250206,2536.75,479697200,11863048,2078576668,668186775,32.146
20250207,2521.92,419872100,10240141,2066649816,663758617,32.118
20250210,2521.27,393563700,10582466,2067049976,666469360,32.243
20250211,2539.05,451093000,11023156,2081311466,670839340,32.232
20250212,2548.39,464894200,13668984,2088883960,671478686,32.145
20250213,2583.17,680341700,17104156,2116865565,676670383,31.966
20250214,2591.05,499364600,13917626,2123295637,680153237,32.033
20250217,2610.42,366340000,11017333,2138576065,684295711,31.998
20250218,2626.81,421993100,12618242,2152414940,689699020,32.043
20250219,2671.52,525798800,14851622,2190321477,704756121,32.176
20250220,2654.06,529303300,14551191,2176898821,699335386,32.125
20250221,2654.58,444704200,11381060,2176175331,697675468,32.06
20250224,2645.27,536354100,10802085,2167788263,692393375,31.94
20250225,2630.29,410284800,10508476,2155255659,687244089,31.887
20250226,2641.09,386762600,11218720,2163540431,688868282,31.84
20250227,2621.75,513909800,10802121,2147708335,682219062,31.765
20250228,2532.78,588571500,15637225,2074378682,656520875,31.649
20250304,2528.92,484081400,13115384,2071277909,656666614,31.703
20250305,2558.13,569412200,13021642,2094580712,660972912,31.556
20250306,2576.16,609615700,11319665,2105642394,666769361,31.666
20250307,2563.48,567191400,12155165,2095892197,662970133,31.632
20250310,2570.39,435694800,9881354,2101439969,663017984,31.551
20250311,2537.6,399016200,10917541,2074862208,654466946,31.543
20250312,2574.82,401644600,12284769,2105091421,667057033,31.688
20250313,2573.64,427292000,13112911,2103969036,668286534,31.763
20250314,2566.36,362329400,9941800,2100287748,667307118,31.772
20250317,2610.69,396573900,11995073,2137307330,683844058,31.996
20250318,2612.34,555526600,12034579,2138918441,684101457,31.984
20250319,2628.62,653326900,11841495,2153080834,691023373,32.095
20250320,2637.1,455019300,11989258,2160968151,699142558,32.353
20250321,2643.13,497529200,14188128,2166240031,704897068,32.54
20250324,2632.07,372431600,6924064,2156710254,701107941,32.508
20250325,2615.81,439279400,8305060,2143539657,696446300,32.49
20250326,2643.94,507916100,7655330,2166757904,705262130,32.549
20250327,2607.15,403313600,7676249,2137689098,697064361,32.608
20250328,2557.98,513561500,7150422,2097055968,681486228,32.497
20250331,2481.12,391592800,8236353,2033508108,658879975,32.401
20250401,2521.39,453393600,6939450,2066091544,670827187,32.468
20250402,2505.86,515599700,7316125,2053517298,667825683,32.521
20250403,2486.7,480057200,8267471,2037334829,658973366,32.345
20250404,2465.42,695074900,10742834,2019896587,646832117,32.023
20250407,2328.2,619500700,10505493,1907591513,607358614,31.839
20250408,2334.23,557018100,9122474,1912870142,608422304,31.807
20250409,2293.7,699641600,9560333,1880172677,597623138,31.786
20250410,2445.06,670388100,11055426,2002786361,637371326,31.824
20250411,2432.72,369702800,7687103,1991847800,630122759,31.635
20250414,2455.89,488618400,6687794,2011102253,635909847,31.62
20250415,2477.41,560339500,6510809,2027996670,641302721,31.622
20250416,2447.43,613173900,6725688,2004854313,633437889,31.595
20250417,2470.41,601738700,6606299,2023188316,637990914,31.534
20250418,2483.42,450985100,5649647,2033957407,642209759,31.574
20250421,2488.42,428977100,5239733,2038270655,644949148,31.642
20250422,2486.64,416680100,6182471,2036867826,643124485,31.574
20250423,2525.56,538116100,7764180,2068411538,652694140,31.555
20250424,2522.33,327935400,7272322,2066148877,652010412,31.557
20250425,2546.3,403527700,8760600,2085721221,657957479,31.546
20250428,2548.86,454102200,7803355,2087208356,657521539,31.502
20250429,2565.42,547081500,9215174,2100881633,661885133,31.505
20250430,2556.61,487488800,8435602,2094129065,661641288,31.595
20250502,2559.79,585492300,8327449,2095822346,661496096,31.563
20250507,2573.8,546755100,8935449,2106864658,666879532,31.653
20250508,2579.48,471635800,10270131,2111359746,667203129,31.601
20250509,2577.27,485550300,8034853,2110382907,667782722,31.643
20250512,2607.33,409749400,8527540,2135960504,680260858,31.848
20250513,2608.42,422459800,8746089,2139365846,680352427,31.802
20250514,2640.57,390503800,8893192,2165384001,689280303,31.832
20250515,2621.36,339578800,7254025,2150748687,684282699,31.816
20250516,2626.87,359706500,8025032,2154435500,686396305,31.86
20250519,2603.42,313296000,6752438,2134853767,678402341,31.777
20250520,2601.8,456989400,7661430,2133507447,679927293,31.869
20250521,2625.58,371527400,7441129,2151605514,684077617,31.794
20250522,2593.67,358064300,8965468,2126011919,674498677,31.726
20250523,2592.09,434024100,8659674,2124299598,675231495,31.786
20250526,2644.4,380173100,8342810,2166285732,687767154,31.749
20250527,2637.22,318285700,7908808,2160239944,685876501,31.75
20250528,2670.15,405473900,11238814,2188074979,696881728,31.849
20250529,2720.64,448340900,10895570,2229208578,709084623,31.809
20250530,2697.67,525661000,14803606,2210646191,701837142,31.748
20250602,2698.97,323603800,8062944,2211661470,701736617,31.729
20250604,2770.84,489937500,12106350,2270569998,724379902,31.903
20250605,2812.05,556013400,13293000,2302942060,738478321,32.067
20250609,2855.77,537617200,14030331,2337790729,752173686,32.175
20250610,2871.85,508184700,14289818,2350164580,755782623,32.159
20250611,2907.04,393929500,12475003,2378921385,765126657,32.163
20250612,2920.03,713705700,17344656,2389048717,765681184,32.05
20250613,2894.62,931657600,17462764,2369323120,759789937,32.068
20250616,2946.66,726351800,14401114,2410638878,771717242,32.013
20250617,2950.3,939594100,17915935,2414138075,774419396,32.079
20250618,2972.19,576548000,14668323,2432540490,782200726,32.156
20250619,2977.74,433310500,13786566,2436368787,781629868,32.082
20250620,3021.84,484864700,17974844,2471814407,794277591,32.133
20250623,3014.47,625650900,17879770,2465283336,791420637,32.103
20250624,3103.64,579200600,19107340,2538235151,818905828,32.263
20250625,3108.25,644761400,19662628,2543092930,827913433,32.555
20250626,3079.56,460611800,17030574,2519593952,817020703,32.427
20250627,3055.94,381633900,13970283,2500663765,810575119,32.414
20250630,3071.7,464162900,13333814,2512091649,812621654,32.348
20250701,3089.65,576016800,15184804,2527488234,816446966,32.303
20250702,3075.06,696798500,14829870,2516192194,813176051,32.318
20250703,3116.27,539120200,14883214,2551106276,827394200,32.433
20250704,3054.28,520763400,13571164,2501091815,811709518,32.454
20250707,3059.47,359404600,10204543,2504046206,811181371,32.395
20250708,3114.95,745793100,13491405,2548966093,828914372,32.52
20250709,3133.74,642960900,12654910,2563422971,828614467,32.325
20250710,3183.23,596571600,14124821,2603739245,841285159,32.311
20250711,3175.77,465292100,13342066,2598982928,841965067,32.396
20250714,3202.03,444035800,11565586,2620057063,851724026,32.508
20250715,3215.28,419651700,12238772,2631087507,855479008,32.514
20250716,3186.38,531498700,11328776,2608342484,849332499,32.562
20250717,3192.29,424787600,15365406,2613900036,848418858,32.458
20250718,3188.07,393449300,11939230,2610008447,846758774,32.443
20250721,3210.81,343910800,10662279,2632829589,855924158,32.51
20250722,3169.94,378485900,11604659,2599056210,842998180,32.435
20250723,3183.77,664826100,12201365,2610788646,847399158,32.458
20250724,3190.45,425499900,12993187,2615776094,847601796,32.403
20250725,3196.05,389290700,9822238,2621558326,849737801,32.413
20250728,3209.52,502719600,13872945,2634028945,856471484,32.516
20250729,3230.57,373203200,12769213,2651327887,861785571,32.504
20250730,3254.47,338073700,12968500,2671786676,871931207,32.635
20250731,3245.44,540323800,16455572,2662743381,869351160,32.649
20250801,3119.41,507776200,15281249,2563576815,833562992,32.516
20250804,3147.75,293453700,9724691,2587242951,842113110,32.549
20250805,3198,273439600,10950201,2627767157,854554482,32.52
20250806,3198.14,327358000,11128301,2627785497,852261681,32.433
20250807,3227.68,327047000,11201368,2652059094,862288077,32.514
20250808,3210.01,341443200,11401117,2640295717,859194757,32.542
20250811,3206.77,304968400,10338941,2637340170,859219604,32.579
20250812,3189.91,373217000,10165450,2623723769,857598089,32.686
20250813,3224.37,320069800,10352060,2652083637,869092864,32.77
20250814,3225.66,441467900,10002173,2652623804,867416190,32.7
20250818,3177.28,326132800,8941932,2612867378,850636790,32.556
20250819,3151.56,285290700,8624170,2592063275,845988161,32.638
20250820,3130.09,335285000,11773562,2574971562,841212720,32.669
20250821,3141.74,276915500,10893275,2584834309,841063030,32.538
20250822,3168.73,236797100,8337524,2606520881,849166131,32.579
20250825,3209.86,220165000,8091673,2639930147,859553597,32.56
20250826,3179.36,325353200,12954910,2614613563,850320355,32.522
20250827,3187.16,281721000,8851872,2621003592,852140657,32.512
20250828,3196.32,312188200,9875760,2627849619,854977719,32.535
20250829,3186.01,245132500,8969308,2619011117,852434474,32.548
20250901,3142.93,260138500,8003231,2583440143,837724282,32.427
20250902,3172.35,310678100,8676468,2608214267,848665806,32.538
20250903,3184.42,335816400,8811869,2618478733,853661286,32.601
20250904,3200.83,286255900,7977947,2631602508,856542013,32.548
20250905,3205.12,323844700,10942042,2636841421,858077073,32.542
20250908,3219.59,372299900,8217818,2648880278,862472034,32.56
20250909,3260.05,439945500,10628641,2682471396,877096464,32.697
20250910,3314.53,564706800,13703545,2726778752,898476842,32.95
20250911,3344.2,435588800,14947009,2750487884,906987188,32.976
20250912,3395.54,448857500,13932277,2792432471,927692905,33.222
20250915,3407.31,378854200,12792738,2802795682,932845812,33.283
20250916,3449.62,406214300,14058945,2838180011,953525245,33.596
20250917,3413.4,326609900,11611597,2808274006,940366344,33.486
20250918,3461.3,391177100,12409117,2848188126,959477529,33.687
20250919,3445.24,348844700,15111283,2834490036,955159880,33.698
20250922,3468.65,287867200,11996187,2855488315,967370386,33.878
20250923,3486.19,358335400,12152383,2869842571,974945489,33.972
20250924,3472.14,287145400,11806998,2858429846,973355283,34.052
20250925,3471.11,293075000,12640781,2857634253,974125564,34.089
20250926,3386.05,399149800,12606212,2787520692,946006733,33.937
20250929,3431.21,416480000,10008859,2824950734,961732107,34.044
20250930,3424.6,526401500,11157443,2817769969,959357884,34.047
20251001,3455.83,493641200,12344643,2845543747,973210302,34.201
20251002,3549.21,402107200,19456117,2922226398,1008225098,34.502
20251010,3610.6,407410800,19600845,2974646442,1041505731,35.013
20251013,3584.55,408033100,14270856,2952828805,1027901018,34.811
20251014,3561.81,734084900,18926398,2933878249,1016688519,34.653
20251015,3657.28,543606700,13879932,3011908107,1045228727,34.703
20251016,3748.37,495790800,17664818,3086315776,1075176374,34.837
20251017,3748.89,420769800,17268693,3086895729,1078131197,34.926
20251020,3814.69,410146800,14190573,3141020446,1098460158,34.971
20251021,3823.84,526854300,19373491,3150160277,1097931040,34.853
20251022,3883.68,597216000,15451169,3197177009,1110910959,34.747
20251023,3845.56,423588500,16255706,3164799755,1097301217,34.672
20251024,3941.59,426896600,17800794,3242987678,1125705020,34.712
20251027,4042.83,516998500,20122806,3325893588,1159306567,34.857
20251028,4010.41,408224700,19719873,3298578951,1140921546,34.588
20251029,4081.15,466898400,22033182,3357610184,1166398994,34.739
20251030,4086.89,566538300,24198287,3364689798,1179102416,35.043
20251031,4107.5,408275200,22950425,3383447874,1190795523,35.195
20251103,4221.87,472676300,22728715,3477046106,1234122020,35.493
20251104,4121.74,423542600,20785687,3392104995,1192902192,35.167
20251105,4004.42,594162800,29186234,3294411883,1156681912,35.11
20251106,4026.45,423420800,21483949,3311622923,1162723848,35.11
20251107,3953.76,377049700,18794296,3252007791,1141009955,35.086
20251110,4073.24,339514000,16685676,3349850859,1178272782,35.174
20251111,4106.39,377554000,20118819,3378037315,1193757622,35.339
20251112,4150.39,334584500,15670659,3413518795,1204549419,35.288
20251113,4170.63,424188600,17517048,3430213937,1206274587,35.166
20251114,4011.57,399992400,17968602,3298648292,1147499929,34.787
20251117,4089.25,344096600,14352977,3363116830,1179704585,35.078
20251118,3953.62,319659600,14077478,3251067248,1136300404,34.952
20251119,3929.51,338241500,14586911,3230586001,1127393987,34.898
20251120,4004.85,360281700,15143579,3293299591,1151976391,34.979
20251121,3853.26,319324100,14166906,3168593846,1099883325,34.712
20251124,3846.06,373120100,21411253,3169272356,1094960543,34.549
20251125,3857.78,279294000,13275808,3180590413,1106197550,34.78
20251126,3960.87,295327000,15777743,3265922270,1135110578,34.756
20251127,3986.91,257854900,13008961,3286294871,1150916241,35.022
20251128,3926.59,241922800,11927326,3235761043,1127965337,34.859
20251201,3920.37,296914700,11805573,3232050936,1130239146,34.97
20251202,3994.93,319034900,12439175,3293510639,1158083879,35.163
20251203,4036.3,290896500,13375748,3326804887,1166524229,35.064
20251204,4028.51,352043300,13716193,3321694380,1164343183,35.053
20251205,4100.05,478512600,16308815,3380661222,1187680822,35.132
20251208,4154.85,395582900,15207839,3424712364,1205555261,35.202
20251209,4143.55,400643400,13328759,3415203835,1197565749,35.066
20251210,4135,317901000,12625782,3408198245,1199153182,35.184
20251211,4110.62,539843400,20308403,3389085401,1189273235,35.091
20251212,4167.16,426616300,16545775,3435670898,1204302153,35.053
20251215,4090.59,346844600,15438300,3373508124,1175272205,34.838
20251216,3999.13,373989500,16525588,3298788270,1148088196,34.803
20251217,4056.41,360955500,12968280,3348121947,1175226173,35.101
20251218,3994.51,581445400,13077588,3297132527,1162867456,35.269
20251219,4020.55,442664500,16470368,3318795643,1165809310,35.127
20251222,4105.93,315627100,13013702,3389012795,1199434657,35.392
20251223,4117.32,385848300,13460734,3398648765,1204435082,35.439
20251224,4108.62,363613800,12114977,3391545827,1204893000,35.526
20251226,4129.68,510161700,16273592,3409552386,1224221348,35.906
20251229,4220.56,502394000,14535158,3483297659,1258606970,36.133
20251230,4214.17,408198000,13213491,3477839535,1261287080,36.266
20260102,4309.63,406339200,17521809,3558736495,1305137096,36.674
20260105,4457.52,513869700,22783803,3683501015,1363186851,37.008
20260106,4525.48,498391300,25518237,3738188652,1384492056,37.036
20260107,4551.06,553654000,29139900,3759722549,1399297444,37.218
20260108,4552.37,440086000,27476982,3759062722,1396688703,37.155
20260109,4586.32,399220000,23478838,3790229810,1402954159,37.015
20260112,4624.79,394752900,23073768,3822227586,1410035667,36.89
20260113,4692.64,429151100,25240608,3877443682,1420581146,36.637
20260114,4723.1,550416500,24217478,3903166781,1433838444,36.735
20260115,4797.55,545175200,23826144,3966237189,1450546697,36.572
20260116,4840.74,720905800,26948188,4004879774,1485684634,37.097
20260119,4904.66,570841000,25214738,4056832202,1496577585,36.89
20260120,4885.75,667709200,27148847,4038612917,1479306242,36.629
20260121,4909.93,600101500,30093032,4061917379,1498193972,36.884
20260122,4952.53,568624100,32919611,4095874148,1512147705,36.919
20260123,4990.07,612601800,30017138,4125555097,1520520148,36.856
20260126,4949.59,446903100,22842957,4093032391,1503758780,36.739
20260127,5084.85,476155600,28496381,4203734778,1563409181,37.191
20260128,5170.81,593108800,30856467,4276044578,1594130017,37.28
20260129,5221.25,699659400,35870201,4315677778,1604615618,37.181
20260130,5224.36,862540600,35493399,4318647136,1615529836,37.408
20260202,4949.67,572544400,32090618,4091111654,1519916052,37.152
20260203,5288.08,672610200,30015962,4372100336,1639251950,37.493
20260204,5371.1,789920300,30433498,4438841137,1655555424,37.297
20260205,5163.57,911910100,32385641,4264766371,1575374165,36.939
20260206,5089.14,745763900,29912342,4203477721,1556898592,37.038
20260209,5298.04,617657800,26454139,4374057800,1626698586,37.19
20260210,5301.69,712267000,23275929,4376615585,1625085691,37.131
20260211,5354.49,753767400,25625897,4421255293,1642757412,37.156
20260212,5522.27,750614600,32322625,4560825989,1708783808,37.467
20260213,5507.01,1290658600,30820999,4553532159,1708591116,37.522
20260219,5677.25,1185838200,28945961,4696588120,1760465489,37.484
20260220,5808.53,1749302700,33119679,4803601346,1802869024,37.532
20260223,5846.09,1477788900,32044129,4820058734,1813970725,37.634
20260224,5969.64,1602004800,31372731,4922736641,1862375782,37.832
20260225,6083.86,1415254900,35284563,5016888867,1893159880,37.736
20260226,6307.27,1409623200,38930015,5199961589,1981241480,38.101
20260227,6244.13,1166058000,54939339,5146373108,1943247788,37.76
20260303,5791.91,1227193100,52800573,4769433446,1781398143,37.35
20260304,5093.54,1637606000,62882735,4194946819,1576479304,37.58
20260305,5583.9,1660710400,45308990,4604357689,1732053360,37.618
20260306,5584.87,1223019700,31402462,4605057308,1718964612,37.328
20260309,5251.87,1026237700,33163873,4331264222,1601176094,36.968
20260310,5532.59,923209900,28713303,4567316826,1711080848,37.464
20260311,5609.95,1050946300,26619234,4633384476,1735442073,37.455
20260312,5583.25,801306200,23698184,4608099993,1713816320,37.191
20260313,5487.24,907655500,23719676,4530330571,1681950345,37.126
20260316,5549.85,1073859800,21760270,4583556928,1717436505,37.47
20260317,5640.48,1135071000,22303804,4657727422,1745370687,37.473
20260318,5925.03,1143771700,26851759,4892835712,1851065232,37.832
20260319,5763.22,1184170100,22994678,4757685123,1792763982,37.681
20260320,5781.2,1490805200,34025854,4768189155,1786283274,37.463
20260323,5405.75,1125619600,27243225,4459320432,1664004768,37.315
20260324,5553.92,1170518000,24932388,4580524887,1709863838,37.329
20260325,5642.21,763223600,24642072,4651600138,1727978516,37.148
20260326,5460.46,925092600,25615327,4499612828,1657883868,36.845
20260327,5438.87,900080900,23659342,4482729458,1646098735,36.721
20260330,5277.3,727391100,20827490,4347926049,1589930111,36.568
20260331,5052.46,1163312400,29837663,4159085895,1508707532,36.275
20260401,5478.7,958953300,28902428,4512166156,1653506156,36.646
20260402,5234.05,1428159600,33290078,4308380471,1570522528,36.453
20260403,5377.3,1185178400,22234607,4427756587,1623212243,36.66
20260406,5450.33,1110507400,21761182,4489659931,1654612101,36.854
20260407,5494.78,990449100,23719394,4526464918,1677299611,37.055
20260408,5872.34,932610500,36306961,4836941534,1808544006,37.39
20260409,5778.01,1026733000,33473404,4759726732,1771942501,37.228
20260410,5858.87,1002353600,23746055,4825746498,1821370035,37.743
20260413,5808.62,1083211400,21456576,4781539435,1787867837,37.391
20260414,5967.75,889490600,27128584,4894528507,1844429595,37.683
20260415,6091.39,923846200,31615609,4995512345,1884811463,37.73
20260416,6226.05,925694600,27046823,5106020840,1929190802,37.783
20260417,6191.92,689739700,24619562,5076379138,1910382354,37.633
20260420,6219.09,692878500,23576476,5097490312,1920216302,37.67
20260421,6388.47,792021700,31105972,5236207010,1974770826,37.714
20260422,6417.93,900140300,31029075,5260014101,1977137662,37.588
20260423,6475.81,1042392100,40604235,5308398011,2004353601,37.758
20260424,6475.63,878200700,30202933,5305337787,1991504620,37.538
20260427,6615.03,842664000,33410304,5421554159,2053418786,37.875
20260428,6641.02,1139472200,37622679,5443059491,2058415710,37.817
20260429,6690.9,717859500,31453311,5485580895,2074660241,37.82
20260430,6598.87,685459300,35808594,5407467825,2042670620,37.775
20260504,6936.99,873008700,42696033,5685804113,2174828652,38.25
20260506,7384.56,995691700,60000375,6057599952,2360034786,38.96
20260507,7490.05,767462300,51112463,6138256451,2391449619,38.96
20260508,7498,523090800,40792656,6143249543,2389465690,38.896
20260511,7822.24,731278800,51843449,6410880165,2525538932,39.395
20260512,7643.15,1021136100,67114560,6261455441,2460546643,39.297
20260513,7844.01,738739300,50464007,6423360481,2538179959,39.515
20260514,7981.41,849941500,51696927,6536711923,2584847836,39.544
20260515,7493.18,885626700,59548489,6134715796,2405947703,39.219
20260518,7516.04,566617500,44609164,6156484428,2427629782,39.432
20260519,7271.66,533508800,37960990,5956875323,2342843993,39.33
20260520,7208.95,492494100,40401033,5903882554,2328156269,39.434
20260521,7815.59,621081700,43187054,6396239934,2531351053,39.576
20260522,7847.71,435533100,31229425,6421467816,2526661810,39.347
20260526,8047.51,519551100,40802699,6580529391,2595999225,39.45
20260527,8228.7,619450600,56832099,6727882017,2687140978,39.94
20260528,8185.29,668950900,53241794,6691609257,2671768991,39.927
20260529,8476.15,735126800,80332511,6933143272,2773572920,40.005
20260601,8788.38,636175300,74330045,7204509361,2900942525,40.266
20260602,8801.49,632553500,69109666,7215300730,2918793763,40.453
20260604,8639.41,437895900,47638553,7073751550,2851012347,40.304
20260605,8160.59,463197400,48519528,6685559130,2673857307,39.995
20260608,7484.41,452204200,48338891,6132411531,2444477453,39.862
20260609,8096.93,448536700,46715419,6625921097,2671595572,40.32
20260610,7730.82,460876800,39944843,6324686063,2524925347,39.922
20260611,7763.95,478729600,46400773,6352556164,2535182184,39.908
20260612,8123.62,493405600,52257644,6649271030,2662474459,40.042
20260615,8545.98,516647800,39992232,6992867782,2805213835,40.115
20260616,8726.6,586336900,40568508,7142513389,2878193321,40.297
20260617,8864.24,571194200,35846048,7253100054,2935244252,40.469
20260618,9063.84,510940100,50780257,7413247265,3035045263,40.941
20260619,9052.42,517247600,67255170,7398874683,3035496883,41.026
20260622,9114.55,381081300,41909520,7449592793,3080167294,41.347
20260623,8203.84,488741800,61428586,6706835470,2749065196,40.989
20260624,8471.02,418169000,55499071,6927816046,2845342323,41.071
20260625,8930.3,456880200,51973680,7310414589,3038647136,41.566
20260626,8411.21,518473000,53997506,6885382218,2847074422,41.35
20260629,8394.65,371222800,42684474,6864567783,2793998726,40.702
20260630,8476.48,449823600,42099366,6929540848,2832027529,40.869
20260701,8303.41,468193400,39998686,6785431956,2752767459,40.569
20260702,7648.09,505157300,49900911,6251410554,2500181887,39.994
20260703,8088.34,465820800,45492055,6617011063,2675185409,40.429
20260706,8051.33,448691400,32002818,6591595226,2663198519,40.403
20260707,7656.31,516365800,40717403,6266412201,2518653667,40.193
20260708,7246.79,501071000,42465431,5931056231,2382532467,40.17
20260709,7291.91,582790700,39556658,5964859974,2409464860,40.394
20260710,7475.94,453242100,31576971,6118604296,2463957958,40.27
20260713,6806.93,474084800,40143820,5572485080,2212751651,39.709
20260714,6856.83,491599300,46697967,5616749704,2248991422,40.041
20260715,7284.41,397853700,34488296,5961100249,2437163721,40.884
20260716,6820.6,424279800,29820663,5576917785,2249481154,40.336
20260720,6516.27,345824600,29690576,5331388996,2153633147,40.395
20260721,6747.95,391091600,24810735,5525145834,2245368213,40.639
20260722,6797.7,373810100,28574069,5568155813,2262432786,40.632
20260723,7096.89,397345800,26856061,5814274125,2356713572,40.533
20260724,6690.62,397654900,30991959,5479519589,2200986671,40.168
20260727,6755.75,275717600,24294696,5533628393,2227796413,40.259
20260728,6023.66,331261000,36073927,4933296613,1960954618,39.749
20260729,5663.24,457384800,49217357,4669101404,1840429417,39.417
20260730,5593.56,378859400,38320902,4611484788,1809634302,39.242
20260731,6595.45,434445200,49567651,5445193658,2196151976,40.332
20260803,6257.45,272959300,26334640,5164875741,2060090950,39.887
20260804,6358.95,312996900,28210782,5244933979,2080341164,39.664
20260805,6598.26,338499600,25657754,5442571759,2162463922,39.732
20260806,6296.38,284501000,26452137,5191831799,2034834429,39.193
20260807,6258.77,299376500,24730513,5159998610,2012960307,39.011
20260810,6299.66,293734200,19012123,5194281618,2014739264,38.788
20260811,6345.53,333481400,21960668,5239010332,2040568609,38.95
20260812,6579.04,360651200,27099499,5430469998,2132793356,39.275
20260813,6813.34,418947300,34833076,5619052226,2221114136,39.528
20260814,6977.94,332941600,27196790,5757722808,2282674081,39.645
20260818,6869.83,402682400,29905562,5664789726,2251849025,39.752
20260819,6471.17,305840300,23117061,5333959216,2096319718,39.301
20260820,6852.58,304467800,28214478,5652605255,2251046449,39.823
20260821,6912.95,408037400,28897810,5712979437,2297071544,40.208
20260824,6696.96,267732600,26164058,5525391581,2193067824,39.691
20260825,6742.74,286782300,24091208,5567394846,2203904648,39.586
20260826,6808.21,329362400,22919345,5621162410,2224835143,39.58
20260827,6912.37,268465400,22943592,5702233068,2257948079,39.598
20260828,6788.88,292615400,21637450,5596620932,2204005594,39.381
20260831,6820.02,364253800,27542000,5620144799,2216503389,39.439
20260901,6835.8,273599900,19203446,5635936064,2227888615,39.53
20260902,6562.72,324053400,18776771,5413162293,2136708521,39.472
20260903,6579.48,433473200,22165010,5425641785,2138332949,39.412
