일자,KOSDAQ지수,거래량,거래대금,시가총액,외국인_시가총액,외국인_비중
20001106,804.6,246734500,1382794,43005978,3130003,7.278
20001107,796.3,276220390,1405710,42532097,3104687,7.3
20001108,793.1,238408720,1323757,42337065,3095404,7.311
20001109,801.1,211885590,1227867,42768996,3058563,7.151
20001110,808.3,246805700,1422359,43129668,3120817,7.236
20001113,780.7,243222160,1270622,41721197,2989668,7.166
20001114,800.9,287888330,1551583,42818222,3132551,7.316
20001115,816.4,368410560,2107867,43656046,3167894,7.256
20001116,808.6,293792140,1573882,43328338,3146905,7.263
20001117,806.8,285665060,1491474,43284696,3129270,7.23
20001120,801.7,281172570,1487848,43052845,3093175,7.185
20001121,787,312741940,1655678,42377221,3007337,7.097
20001122,771.3,299858260,1434966,41557218,2948857,7.096
20001123,728.3,289960770,1295095,39409804,2803187,7.113
20001124,735,263934680,1181529,39757051,2791300,7.021
20001127,759.4,276681390,1207459,41040993,2853147,6.952
20001128,725,270718820,1229277,39310257,2681176,6.821
20001129,684.5,261752750,1116260,37172464,2486368,6.689
20001130,672.6,308268010,1269736,36508433,2458440,6.734
20001201,678.1,341135010,1387942,36763955,2495802,6.789
20001204,663.8,327319150,1318426,36080714,2415754,6.695
20001205,669.6,334474280,1356947,36425568,2438889,6.696
20001206,675.4,402425620,1723231,36723700,2510138,6.835
20001207,677.2,299579250,1250417,36929553,2541184,6.881
20001208,684.1,310016320,1267689,37294872,2538866,6.808
20001211,711.1,289224200,1280895,38715571,2680369,6.923
20001212,697.7,304826500,1334196,38135598,2640167,6.923
20001213,707.5,293979740,1313410,38460107,2701446,7.024
20001214,708.5,307579020,1169413,38552041,2700196,7.004
20001215,679.4,270882670,1147411,37131333,2571210,6.925
20001218,665.7,222526540,952074,36537281,2479806,6.787
20001219,634,283782870,1101972,34564714,2356321,6.817
20001220,589.8,235713160,819106,32251395,2192936,6.8
20001221,560.6,218150930,722210,30793666,2114453,6.867
20001222,526.7,203476600,669997,29041843,1975456,6.802
20001226,525.8,180588170,550913,29015847,1974492,6.805
20010102,557,201214950,689003,30514604,2088687,6.845
20010103,569,284994090,1010438,31284996,2133916,6.821
20010104,615.1,233125180,948946,33685023,2347437,6.969
20010105,625.2,367229620,1391124,34178121,2465678,7.214
20010108,650,358615170,1439983,35502843,2578436,7.263
20010109,678.2,457143510,1799807,37034212,2665813,7.198
20010110,639.6,697320760,3008605,35022432,2562923,7.318
20010111,675.1,477200660,1985095,37142528,2712172,7.302
20010112,713.6,502828980,2126559,39188069,2957665,7.547
20010115,765.2,518930210,2271901,41933816,3239571,7.725
20010116,777.1,630292520,3479285,42645791,3357833,7.874
20010117,750.1,572086330,3271507,41344561,3201745,7.744
20010118,745.6,504646740,2833367,41376644,3212390,7.764
20010119,772.1,535853440,3005126,42790518,3448625,8.059
20010122,833.2,483998310,2583840,46081313,3753279,8.145
20010126,800.4,499793070,3080399,44290036,3696379,8.346
20010129,813.8,500964110,2791895,45152315,3663672,8.114
20010130,827.6,605491100,3346822,45943089,3702877,8.06
20010131,843.6,718875400,4026436,46746517,3816118,8.163
20010201,827,555464730,3689042,45953644,3763642,8.19
20010202,826.6,458178910,2801819,45914329,3747590,8.162
20010205,779.7,441361450,2326405,43453659,3495303,8.044
20010206,797.2,494424330,2655060,44131395,3592198,8.14
20010207,778,426885170,2523916,43100058,3506386,8.135
20010208,798,401548340,2347372,44193574,3577978,8.096
20010209,807.3,393409540,2301225,44710558,3585306,8.019
20010212,831.1,469615730,2696641,46017155,3665290,7.965
20010213,840.8,560315600,3297786,46597819,3661363,7.857
20010214,853.1,548166160,2958769,47275421,3664291,7.751
20010215,873.8,640430180,3941778,48374825,3782184,7.818
20010216,863.2,622219560,4002701,47825505,3912034,8.18
20010219,872.9,537446390,2956379,48345900,3880099,8.026
20010220,876.5,644275430,3304725,48514880,3845985,7.927
20010221,852.5,609052510,2677563,47249098,3713108,7.859
20010222,801.8,530446370,2658342,44564471,3488521,7.828
20010223,805.7,423758150,2035925,44814102,3499171,7.808
20010226,812.5,391375510,1897212,45247472,3517096,7.773
20010227,781.2,437820910,2038874,43456544,3408271,7.843
20010228,767.6,325449110,1540929,42735042,3327830,7.787
20010302,719.9,329388990,1528884,40154258,3111822,7.75
20010305,743.2,391885550,1935978,41453452,3214761,7.755
20010306,735.2,413298460,2281937,40848349,3181341,7.788
20010307,753.5,346684330,1814985,41846628,3277100,7.831
20010308,780,428494590,2323609,43272865,3346964,7.735
20010309,765.6,341008360,1821930,42497199,3281668,7.722
20010312,723.3,301671250,1584427,40276088,3114688,7.733
20010313,685.7,364983650,1812531,38219189,2956588,7.736
20010314,720.4,350617800,1775318,40084215,3102469,7.74
20010315,712.4,395765650,1913510,39651265,3017624,7.61
20010316,713.8,322962090,1622284,39730618,3052062,7.682
20010319,713.3,332842380,1587529,39688880,3024710,7.621
20010320,713.5,358662340,1707211,39691627,3031796,7.638
20010321,712.7,310873270,1586878,39641098,3042546,7.675
20010322,706.4,295679040,1470276,39308956,3004911,7.644
20010323,706.1,366473980,1471262,39294414,3013144,7.668
20010326,727.7,335055030,1450233,40448037,3115108,7.702
20010327,718.6,343509150,1481897,39955997,3146932,7.876
20010328,705.8,379189070,1545768,39281819,3124439,7.954
20010329,691.4,320115420,1183295,38569637,3047592,7.902
20010330,684.3,292828210,1183959,38192137,3015348,7.895
20010402,682.9,257970880,1303124,38368013,3016468,7.862
20010403,662.4,289320090,1179900,37237171,3018391,8.106
20010404,643.4,255877990,1026145,36241330,2957945,8.162
20010406,665.1,256744690,1197776,37449989,3092657,8.258
20010409,648.1,254175130,915764,36615733,3048090,8.325
20010410,645.6,291047780,1044076,36568638,2985005,8.163
20010411,671.8,342756560,1267694,38039748,3128949,8.225
20010412,683.2,344186080,1522480,38665370,3183976,8.235
20010413,686.2,368322830,1331305,38805966,3168323,8.165
20010416,680.7,304226650,1175113,38517594,3115161,8.088
20010417,683.1,308798270,1205629,38696559,3125025,8.076
20010418,721.9,446716930,1945576,40833921,3317021,8.123
20010419,749,447303840,2194992,42298121,3538078,8.365
20010420,735,420636780,2365476,41558187,3507918,8.441
20010423,758.8,442670500,2558904,42857509,3634042,8.479
20010424,757.2,445258460,2924215,42753893,3657563,8.555
20010425,769.7,421348810,2369096,43425130,3739071,8.61
20010426,763.4,423546670,2502640,43135898,3727961,8.642
20010427,753.2,304871460,1536566,42610618,3654741,8.577
20010430,789.7,366695240,1923785,44588279,3861079,8.659
20010502,810,484219140,2572072,45831145,3991356,8.709
20010503,799.9,418623390,2938267,45332674,3937142,8.685
20010504,804.8,438510580,2922220,45584550,3914907,8.588
20010507,828.4,489939870,3295818,46867782,3974898,8.481
20010508,822.7,506283010,3282912,46613923,3935875,8.444
20010509,795.9,444126720,2954995,45174130,3815262,8.446
20010510,814.1,408821720,2610050,46308430,3896750,8.415
20010511,817.2,452013660,2660978,46505347,3950049,8.494
20010514,829.3,472437400,2503319,47170108,4038284,8.561
20010515,814.8,504176580,2621985,46398422,3948180,8.509
20010516,801.2,425951530,2345678,45662590,3892320,8.524
20010517,833.2,517707840,2754696,47527082,4085161,8.595
20010518,830.3,402633500,2417252,47382045,4164457,8.789
20010521,838.1,429940740,2244037,47874805,4156248,8.681
20010522,837.8,510071640,2616586,48140142,4131444,8.582
20010523,828.6,469338830,2178217,47714375,4089419,8.571
20010524,830.1,465523710,2108497,47939536,4059584,8.468
20010525,834.3,523850070,2198223,48284202,4073764,8.437
20010528,832.2,456140160,1984996,48225990,4046297,8.39
20010529,838.1,516495170,2459093,48839097,4106963,8.409
20010531,813.5,435280900,1910710,47440973,3949735,8.326
20010601,801.1,432339940,1993079,46754485,3880617,8.3
20010604,803.7,355923160,1650240,46890172,3865093,8.243
20010605,789.2,413555720,1955318,46080295,3814515,8.278
20010607,781.4,409805060,1639051,45653978,3765925,8.249
20010608,807.7,420716190,2285878,47130300,3920576,8.319
20010611,795.2,344469510,1667472,46505346,3849549,8.278
20010612,801.2,408851170,1968394,46936959,3864828,8.234
20010613,816.8,406849450,1800545,47797420,3992733,8.353
20010614,821.3,402752920,1702855,48160608,4040863,8.39
20010615,824.9,381490640,1635679,48353277,4027470,8.329
20010618,817.6,356549950,1528310,47933997,3956437,8.254
20010619,809.3,388534510,1717577,47371162,3896332,8.225
20010620,788.3,340116470,1672020,46147740,3826458,8.292
20010621,788.2,291690150,1450882,46312695,3817266,8.242
20010622,786,334728950,1521757,46196392,3816902,8.262
20010625,776.8,300024330,1337615,45701788,3793535,8.301
20010626,745.3,314326980,1335453,44006549,3652082,8.299
20010627,746,290094640,1479276,44038501,3635148,8.254
20010628,747.2,281816760,1267479,44157645,3648370,8.262
20010629,768.7,293918080,1400405,45359918,3784613,8.344
20010702,775.6,289290770,1248990,45727019,3839574,8.397
20010703,776.5,304579720,1340119,45840430,3845935,8.39
20010704,774.9,306541700,1235520,45735837,3827791,8.369
20010705,767.2,320103170,1243533,45323298,3762691,8.302
20010706,740.8,289794160,1192944,43832915,3634285,8.291
20010709,701.2,286823980,1164755,41566279,3481350,8.375
20010710,706.7,302152810,1161796,42107434,3471912,8.245
20010711,680.7,349991370,1387485,40617865,3414935,8.407
20010712,721.6,369384850,1572177,42981342,3636451,8.461
20010713,695.8,406618340,1703255,41495124,3536639,8.523
20010716,701.7,292652810,1139026,41822855,3590280,8.584
20010718,680.3,300426130,1105865,40635175,3493648,8.598
20010719,683.8,285140870,1254096,40834368,3558672,8.715
20010720,670.8,267930110,1240927,40209788,3473820,8.639
20010723,641.4,261556580,1051064,38545044,3335489,8.653
20010724,645.3,337276320,1437229,38843090,3328769,8.57
20010725,641,371681120,1340311,38583689,3308653,8.575
20010726,652.4,353658080,1261927,39345132,3350361,8.515
20010727,674.6,352359240,1206460,40631950,3452844,8.498
20010730,669.8,322369660,1071692,40363180,3442221,8.528
20010731,680.9,387344320,1299042,41244967,3485022,8.45
20010801,704.4,442717640,1780919,42606403,3607166,8.466
20010802,707.2,413576240,1470693,42957229,3653199,8.504
20010803,705.8,357430390,1274985,42921124,3654786,8.515
20010806,718,309392630,1235816,43746204,3769958,8.618
20010807,714.9,366721110,1327050,43674949,3753248,8.594
20010808,707.7,343331010,1256333,43274476,3715234,8.585
20010809,689.2,310222680,1109385,42296929,3607916,8.53
20010810,692.1,292055680,1038186,42472313,3596488,8.468
20010813,689.7,312639760,1161092,42329977,3589036,8.479
20010814,697.6,318766650,1236907,42413566,3639251,8.58
20010816,690.4,241923440,928824,41958690,3617278,8.621
20010817,691.4,271226960,1035752,42035772,3623053,8.619
20010820,679.7,260959270,857817,41361216,3574371,8.642
20010821,682.2,244955190,871810,41585209,3575373,8.598
20010822,686.6,259623530,957004,41879434,3626324,8.659
20010823,679.4,240078750,983935,41495333,3605988,8.69
20010824,677.8,246238780,915620,41400883,3595367,8.684
20010827,681.3,234324500,961201,41675085,3637018,8.727
20010828,674.4,221673690,863552,41446623,3577478,8.632
20010829,653.2,215602620,928204,40223810,3470001,8.627
20010830,648.3,207373600,800947,39929366,3448159,8.636
20010831,618.4,211865430,769692,38162940,3341153,8.755
20010903,615.2,198976020,795888,37984785,3322619,8.747
20010904,627.4,258750340,928624,38833410,3262675,8.402
20010905,617.6,224568710,730265,38294281,3213882,8.393
20010906,627.6,242201150,951193,38943089,3240231,8.32
20010907,631.4,256720840,1108590,39195927,3259169,8.315
20010910,626.2,224383260,1001865,38929059,3194660,8.206
20010911,618,252319850,1074046,38395924,3111533,8.104
20010912,546.4,126096450,758717,34131192,2710797,7.942
20010913,541.9,387581780,1380981,34187686,2693518,7.879
20010914,502.1,350140660,1123419,31864900,2512700,7.885
20010917,460.5,211287130,626870,29370248,2353223,8.012
20010918,494.8,353795000,1208856,31480813,2547436,8.092
20010919,504.6,369764400,1341030,32107221,2596368,8.087
20010920,493.6,307209390,963550,31482764,2606397,8.279
20010921,489.7,293234480,1034254,31168152,2606825,8.364
20010924,500,307641090,1100232,31819486,2787793,8.761
20010925,486.2,354769560,1084388,30942337,2710748,8.761
20010926,489.1,277649700,858881,31112707,2717911,8.736
20010927,496.5,335800810,994366,31623356,2756782,8.718
20010928,516.4,358726170,1268245,32829693,2882417,8.78
20011004,550.8,318951270,1093093,34987172,3084659,8.817
20011005,540.7,371010330,1304124,34368191,3037919,8.839
20011008,535.5,306435200,1072921,34014211,3027776,8.902
20011009,560.2,417352030,1495268,35593488,3163593,8.888
20011010,564.5,492093000,1567585,35845284,3212243,8.961
20011011,583.9,488814790,1600276,37219376,3379924,9.081
20011012,590.2,549540410,1982324,37692492,3481788,9.237
20011015,595.7,413970440,1424428,38009554,3499218,9.206
20011016,608.2,451588630,1928317,38820011,3547614,9.139
20011017,619.1,441203230,1938693,39576300,3629693,9.171
20011018,612.8,440059310,1929685,39249290,3603600,9.181
20011019,620.6,368415620,1478830,39764127,3644195,9.165
20011022,633.6,418895790,1556794,40614768,3707174,9.128
20011023,629.9,570265250,1916702,40458926,3727405,9.213
20011024,640.9,479752360,2004488,41130685,3909093,9.504
20011025,636.6,371329000,1553987,43643824,3924432,8.992
20011026,641,348187670,1353066,44251394,4011392,9.065
20011029,640.6,344294040,1429970,44629708,4037177,9.046
20011030,617.1,372601920,1646780,43259337,3892687,8.998
20011031,625.5,360554540,1381943,43708005,3938839,9.012
20011101,636.4,444295750,1776885,44497090,3978111,8.94
20011102,639.3,465400960,1726301,44500461,4000993,8.991
20011105,653.6,413910620,1558812,45524166,4059897,8.918
20011106,659.7,495641560,1873902,45901533,4123554,8.983
20011107,656.6,403172020,1525590,45786134,4118307,8.995
20011108,666.1,370471810,1477805,46470501,4196309,9.03
20011109,671.9,401057810,1417955,46713076,4266441,9.133
20011112,683.9,429733260,1578291,47437990,4318738,9.104
20011113,680.1,468980340,1732800,47208661,4295352,9.099
20011114,692,507033730,1906493,47986721,4379318,9.126
20011115,683.3,552186050,1936724,47744310,4394505,9.204
20011116,685,424966410,1420841,47877971,4421990,9.236
20011119,691.5,426824780,1761028,48273279,4491019,9.303
20011120,686.8,456265550,1759848,48000449,4529518,9.436
20011121,690.3,443177910,1582674,48090125,4619117,9.605
20011122,696.6,443688270,1525600,48551684,4673178,9.625
20011123,706.2,430412630,1767541,49220122,4784659,9.721
20011126,722.8,416664850,1794071,50202784,4965791,9.891
20011127,722.8,466659230,2044546,50090897,5038618,10.059
20011128,679.9,384087060,1608687,47169077,4710606,9.987
20011129,689.9,316586460,1392033,48053890,4744863,9.874
20011130,705.2,355549390,1447467,49072365,4867130,9.918
20011203,710.3,295782550,1274072,49671288,4919168,9.903
20011204,707.6,367285390,1512146,49644352,4884335,9.839
20011205,720.4,404428560,1758620,50401714,5048375,10.016
20011206,718.9,452242510,1966943,50315379,5094598,10.125
20011207,728.2,429981720,1991103,50929539,5139168,10.091
20011210,727,415925710,1976403,50861764,5107264,10.041
20011211,723.8,420972740,1866500,50709183,5047253,9.953
20011212,747.9,443975510,2123752,52345639,5337819,10.197
20011213,753,455605130,2085661,52966656,5446002,10.282
20011214,739.4,359614260,1557346,52098166,5291115,10.156
20011217,715.1,363211780,1475396,50445646,5063400,10.037
20011218,693.5,416065830,1570391,49694147,4961668,9.984
20011219,675.9,394399340,1428989,48410992,4837640,9.993
20011220,698.4,335556890,1212500,50237946,5108224,10.168
20011221,684.3,331802730,1166198,49224602,5028355,10.215
20011224,684.3,259195090,948620,49174667,5067290,10.305
20011226,685.4,268120480,987276,49319522,5073475,10.287
20011227,694.3,266291690,955101,49793094,5119391,10.281
20011228,722.1,287027900,1200968,51818055,5374730,10.372
20020102,744.7,247722760,999310,53418177,5578769,10.444
20020103,744.9,347167470,1363558,53440547,5637455,10.549
20020104,754.5,350110490,1615303,54226263,5739579,10.584
20020107,760.9,308664580,1329655,54709286,5831128,10.658
20020108,753.5,333292470,1478821,54278066,5810870,10.706
20020109,761.5,375061160,1520577,55229603,5877170,10.641
20020110,763.3,397707360,1669859,56061971,5856059,10.446
20020111,750.2,362847930,1417771,55176227,5818198,10.545
20020114,751.1,337059990,1223841,55250877,5832588,10.557
20020115,731.9,344250410,1291326,54224185,5704977,10.521
20020116,729.1,354250540,1468670,54008266,5712448,10.577
20020117,722.9,338091810,1318622,53804818,5614707,10.435
20020118,720.2,312220680,1260192,53598442,5611237,10.469
20020121,729.9,259710350,1014650,54344818,5730580,10.545
20020122,739.3,300212860,1272653,55124146,5876750,10.661
20020123,750.3,304045640,1362636,55941580,6031681,10.782
20020124,750.1,384394550,1694362,56042467,6031274,10.762
20020125,764.7,385486500,1798612,57190290,6243353,10.917
20020128,799.9,462551840,2335367,59896493,6537254,10.914
20020129,790.9,409055450,1995467,59334153,6388036,10.766
20020130,762,349277170,1652320,57437426,6093871,10.61
20020131,773.6,417015000,1743232,58484472,6157692,10.529
20020201,759.8,403729740,1635264,57438077,6040330,10.516
20020204,742.8,340405770,1263464,56033629,5918188,10.562
20020205,743.5,344581070,1260162,56574169,5913637,10.453
20020206,747.4,335914220,1388967,56768199,5964458,10.507
20020207,724.5,312545070,1239997,55263276,5828186,10.546
20020208,728.8,246572370,1027063,55504340,5817380,10.481
20020214,751.9,239485120,1002104,57125048,6065217,10.617
20020215,753,281018790,1161663,57388575,6096825,10.624
20020218,760.5,261862900,1178207,57849335,6209039,10.733
20020219,758.5,288326080,1368665,57767169,6215149,10.759
20020220,756.7,291468610,1269208,57581944,6205139,10.776
20020221,763,327723230,1483829,58382239,6236518,10.682
20020222,770.6,347545440,1548773,58925172,6335191,10.751
20020225,771.1,307879340,1371127,58971073,6334085,10.741
20020226,770,340626510,1457446,58967600,6316453,10.712
20020227,775.4,336799880,1539459,59457390,6370020,10.714
20020228,787.1,329002590,1750093,60482476,6573204,10.868
20020304,830.4,433237000,2441038,63770915,7078297,11.1
20020305,836.2,492056030,2808224,64269424,7159747,11.14
20020306,841.4,478969710,2353415,64715235,7095732,10.965
20020307,837.3,520809860,2611525,64491712,7073672,10.968
20020308,840.9,408989970,1931044,64834211,7101024,10.953
20020311,865.4,465373100,2468308,66724269,7359588,11.03
20020312,866,490686820,2524997,66764825,7393543,11.074
20020313,869.6,488991490,2372251,67019642,7453131,11.121
20020314,874.9,402672240,1951873,67399099,7441883,11.042
20020315,893.5,496626220,2647290,68826557,7697220,11.184
20020318,917.8,549242520,3139076,70697377,7908994,11.187
20020319,925.8,489197500,2798006,71296717,7922454,11.112
20020320,916.6,566588080,2953134,70642563,7764070,10.991
20020321,918.4,473878260,2448158,70739366,7696878,10.881
20020322,943,558029930,3083918,72715738,8079365,11.111
20020325,936.3,505130080,3032121,72271664,7934232,10.978
20020326,925.6,478312750,2558501,71503563,7820010,10.937
20020327,931,488316580,2730178,71948656,7772646,10.803
20020328,918.5,484442910,2903279,71062690,7686182,10.816
20020329,927.3,437524430,2428320,71834722,7883441,10.974
20020401,877,455726680,2416130,68016173,7429054,10.922
20020402,884.2,431880260,2274968,68801860,7465799,10.851
20020403,878.7,439691800,2324662,68470082,7362116,10.752
20020404,882,459858270,2159536,68779057,7408366,10.771
20020408,879.9,385751550,1839785,68611140,7410282,10.8
20020409,862.1,397132230,1937579,67285744,7284451,10.826
20020410,835.4,503034090,1985122,65265946,7126617,10.919
20020411,846.1,429859180,1702037,66278596,7139787,10.772
20020412,842.4,388903400,1636345,66031381,7073109,10.712
20020415,858.2,365916670,1657594,67286943,7217125,10.726
20020416,865.1,376471180,1841946,67806096,7225076,10.655
20020417,874.3,416425390,2133530,68515415,7356936,10.738
20020418,876.8,367257620,1858505,68754286,7457845,10.847
20020419,858.8,366260710,1632736,67391961,7273620,10.793
20020422,824.5,347474090,1668917,64763385,7006568,10.819
20020423,810.2,300854820,1521809,63748564,6872473,10.781
20020424,794.8,313843930,1437183,62563232,6777086,10.832
20020425,757.3,282882000,1234654,59703411,6515523,10.913
20020426,767.8,255697160,1251648,60519226,6510750,10.758
20020429,737,261130030,1111127,58159346,6247931,10.743
20020430,733.4,263060990,1168480,57880180,6184312,10.685
20020502,763.1,275249290,1229839,60150834,6422595,10.677
20020503,764.8,304661660,1250825,60261844,6434283,10.677
20020506,755,260787600,1108913,59582219,6294267,10.564
20020507,748.2,297103760,1288979,59266771,6121768,10.329
20020508,767.8,311275130,1492396,60776942,6341950,10.435
20020509,780.2,302291520,1449292,61769606,6538054,10.585
20020510,769.9,300680010,1256751,61008925,6468074,10.602
20020513,766.3,281885970,1113975,60706645,6372460,10.497
20020514,766.6,364812100,1389051,60689438,6357151,10.475
20020515,783.4,377128540,1525849,61959862,6558102,10.584
20020516,779.9,325284810,1339494,61789704,6530348,10.569
20020517,794.7,343948400,1498423,62956295,6663429,10.584
20020520,793.5,424249470,1679348,62865101,6650591,10.579
20020521,766.5,402361680,1626307,60845017,6405680,10.528
20020522,774.2,358313020,1601833,61452081,6457609,10.508
20020523,755.3,450992150,1576753,60064744,6309964,10.505
20020524,755.7,342654890,1417240,60090925,6351254,10.569
20020527,743.9,322214640,1244271,59150149,6279316,10.616
20020528,740.7,335266050,1147913,58959816,6269745,10.634
20020529,724.7,303681620,1031757,57739751,6164828,10.677
20020530,703.8,286619600,1073202,56209354,5994474,10.665
20020531,697.8,266763960,1198241,55737108,5979256,10.728
20020603,698,255496600,958254,55740519,6012293,10.786
20020604,698.8,270543920,962272,55899855,6059975,10.841
20020605,710.5,247162230,975220,56798087,6175971,10.874
20020607,697.2,214930450,825966,55737515,6089174,10.925
20020610,712.5,210961170,787672,56918619,6241884,10.966
20020611,713.6,236883000,829659,57025258,6280622,11.014
20020612,724,243570230,870070,57814018,6390158,11.053
20020614,715.5,209138210,829238,57205665,6247761,10.922
20020617,704.6,188596540,736636,56307058,6086098,10.809
20020618,701.8,230419540,999692,56244067,6029968,10.721
20020619,662.6,238282250,838079,53154359,5704564,10.732
20020620,657.7,193067390,718979,52798422,5645598,10.693
20020621,658.1,198181770,650166,52882921,5697030,10.773
20020624,639.1,208446090,684816,51377050,5584904,10.87
20020625,618.8,206764830,700363,49973421,5470033,10.946
20020626,566.3,185517220,605330,45841757,5032466,10.978
20020627,572.3,252069760,763493,46312218,5085778,10.982
20020628,608.5,268651430,848203,49145510,5400422,10.989
20020702,610.5,242243150,735598,49281102,5417135,10.992
20020703,621.5,264367160,888968,50186185,5463138,10.886
20020704,637.1,294443360,1032673,51391044,5653327,11.001
20020705,649.8,366129420,1135048,52414747,5770179,11.009
20020708,652.9,369032980,1241813,52639532,5840570,11.095
20020709,669.1,361837200,1247531,53934027,5977743,11.083
20020710,674.5,435771280,1410245,54367400,6011629,11.057
20020711,656.2,452565820,1376525,52933701,5818320,10.992
20020712,668.2,367470120,1118994,53862921,5916029,10.983
20020715,657.4,403420960,1153493,53006915,5800232,10.942
20020716,642.2,336821730,1007871,51970617,5656207,10.883
20020718,644.7,289145920,928052,51976439,5687371,10.942
20020719,631.4,294512510,819745,51000455,5640289,11.059
20020722,592.8,289908030,782257,47980595,5304693,11.056
20020723,616.1,328541260,1012194,49866261,5509502,11.049
20020724,595.4,276934480,844649,48213014,5326261,11.047
20020725,602.3,266177910,839348,48735115,5372574,11.024
20020726,583.3,281557610,784706,47255139,5148979,10.896
20020729,575.4,238659850,759851,46608657,4987645,10.701
20020730,591.6,287636140,916732,47941781,5121058,10.682
20020731,586.2,236019490,709917,47501322,5068030,10.669
20020801,584.2,257641940,772813,47346283,5060372,10.688
20020802,576,204399470,645338,46696258,4936068,10.571
20020805,552.4,188324630,576685,44821325,4644458,10.362
20020806,544.3,263502350,811883,44185047,4536727,10.268
20020807,553.4,313949960,925884,44909367,4602049,10.247
20020808,564.7,247440710,724924,45914943,4733556,10.309
20020809,562.3,312007120,835480,45720013,4724221,10.333
20020812,566.9,277093590,731033,46081000,4729641,10.264
20020813,579.1,349207070,923093,47065685,4833417,10.27
20020814,579.4,356880770,1074281,47090254,4846145,10.291
20020816,582,327701090,1040178,47308834,4893026,10.343
20020819,583.4,275110510,870293,47359144,4912334,10.373
20020820,591.5,320702820,1039625,48009920,4972923,10.358
20020821,595.4,290528110,906619,48327875,5011600,10.37
20020822,600.1,350043420,1167310,48782997,5055651,10.364
20020823,598.5,314522880,1132818,48665250,5053942,10.385
20020826,594,225152190,774861,48296445,5003832,10.361
20020827,591.8,254990180,827608,48147586,4982635,10.349
20020828,586.5,280885230,897563,47725368,4967827,10.409
20020829,584.4,249000520,757875,47550774,4940717,10.39
20020830,591.1,275833510,871196,48093563,5035607,10.47
20020902,595.4,261552490,766259,48436569,5092848,10.514
20020903,590.1,274927220,840292,48023321,5044088,10.503
20020904,581,274237840,776613,47300523,4959733,10.486
20020905,580.6,280690550,813171,47317064,4936335,10.432
20020906,562.2,258449340,748325,45867274,4731395,10.315
20020909,536.6,281935350,793124,43827768,4523426,10.321
20020910,542.4,272852130,728385,44278323,4586879,10.359
20020911,549,287047590,741570,44786721,4670983,10.429
20020912,552.7,265061420,670899,45058367,4713437,10.461
20020913,542.8,210924500,595735,44252654,4595713,10.385
20020916,534.5,210511460,551412,43501911,4487105,10.315
20020917,552.2,238327280,684014,44969056,4664367,10.372
20020918,537.8,207966400,581999,43814678,4555047,10.396
20020919,536.8,165335630,500155,43733742,4523426,10.343
20020923,518.3,187506290,474135,42250445,4356748,10.312
20020924,504.1,242488390,619738,41121207,4191301,10.193
20020925,487.9,231045590,611447,39795975,4013015,10.084
20020926,486.3,219992290,574931,39696212,4008918,10.099
20020927,485.2,195470390,471794,39602674,4036734,10.193
20020930,467.1,181450990,401507,38159626,3895633,10.209
20021001,475.3,193588100,454242,38475555,4002940,10.404
20021002,475.1,206133320,499942,38580744,4010930,10.396
20021004,480.2,163525350,409544,38978602,4104084,10.529
20021007,468,161279420,377919,38005414,4011214,10.554
20021008,470.8,221221040,531085,38231493,4006123,10.479
20021009,458.3,226177880,548671,37233296,3849941,10.34
20021010,437.4,208823900,546938,35578023,3616510,10.165
20021011,436.7,220483790,632519,35520236,3584332,10.091
20021014,458.5,256203540,705742,37274962,3782149,10.147
20021015,473.7,350676580,1007642,38506333,3943723,10.242
20021016,474.8,295838000,853593,38631097,3999068,10.352
20021017,484.3,323507210,937730,39416380,4074437,10.337
20021018,502.1,404151590,1164094,40846778,4208849,10.304
20021021,486.6,269337420,837177,39617654,4063502,10.257
20021022,476.4,279862230,971322,38689528,3912468,10.112
20021023,487.5,302796360,849439,39608765,3997287,10.092
20021024,479.2,294284020,802581,38917403,3891496,9.999
20021025,478.6,258696430,663682,38876244,3886107,9.996
20021028,493.7,311250990,819767,40083665,4029221,10.052
20021029,492,293334330,826868,40259137,4044579,10.046
20021030,482.8,293576240,792930,39571267,3953833,9.992
20021031,480.5,270693400,778981,39378085,3933543,9.989
20021101,476.4,263373830,697537,39033002,3885927,9.955
20021104,481.8,238627760,627311,39450076,3937595,9.981
20021105,480.1,312923080,858754,39796583,3963392,9.959
20021106,489.5,319430640,953912,40599189,4092982,10.081
20021107,486.6,302318010,992475,40435133,4078589,10.087
20021108,483.9,263221160,936837,40326063,4080214,10.118
20021111,474.6,246691530,828453,39581947,4008070,10.126
20021112,471.6,271272970,788153,39337471,3977042,10.11
20021113,470.3,322688710,845824,39200691,4002324,10.21
20021114,470.5,278625060,777825,39162236,4030515,10.292
20021115,480.1,276172060,862475,39969393,4135420,10.346
20021118,477.8,274474280,803402,39851334,4108594,10.31
20021119,478.9,273213380,750487,39970394,4108931,10.28
20021120,480.1,270215980,947528,40134589,4110968,10.243
20021121,480.7,254932400,896085,40168203,4135234,10.295
20021122,484.6,289007380,967906,40515770,4225822,10.43
20021125,491.5,252188410,772223,41090933,4316302,10.504
20021126,493.2,284146470,869626,41221839,4322093,10.485
20021127,503.8,342430710,979937,42055108,4409845,10.486
20021128,510.6,349550360,1051732,42599833,4497020,10.556
20021129,519,319550680,962813,43310752,4599298,10.619
20021202,529.5,319129430,1051085,44170648,4682526,10.601
20021203,537.8,393445480,1180707,44862120,4756936,10.603
20021204,517.3,381173860,1008937,43217647,4549333,10.527
20021205,528.7,400403300,1104011,44187637,4638645,10.498
20021206,532.5,459741640,1186382,44537154,4674208,10.495
20021209,529.8,499345430,1183498,44301454,4594609,10.371
20021210,525.7,478252790,1069021,44068802,4561740,10.351
20021211,526,502217350,1277674,44085759,4593930,10.42
20021212,533.8,406578830,1136336,44727811,4705539,10.52
20021213,535.4,373133590,1074829,45040803,4750978,10.548
20021216,522.5,345943950,1010006,43991000,4611503,10.483
20021217,527.2,436830000,1122830,44389306,4626280,10.422
20021218,524.3,373615740,1005500,44114354,4583772,10.391
20021220,517.6,346701240,863120,43553806,4530724,10.403
20021223,491.4,346353570,925312,41453557,4312245,10.403
20021224,480.3,327713920,846455,40572466,4248530,10.471
20021226,473.2,272467720,716137,39979221,4168012,10.425
20021227,462.8,263612000,620998,38972624,4097333,10.513
20021230,443.6,248074200,650111,37403132,3933053,10.515
20030102,466,246620080,684941,39305269,4144941,10.546
20030103,483.4,341822250,960880,40783554,4338062,10.637
20030106,487.3,322699590,1002422,41189782,4368112,10.605
20030107,476.8,378405170,1182896,40448131,4277455,10.575
20030108,481.6,357180460,1112976,40876057,4335795,10.607
20030109,480.6,366941440,1151932,40830664,4317896,10.575
20030110,470,508436200,1649121,39850808,4221136,10.592
20030113,485.5,354641300,1135587,41174259,4343545,10.549
20030114,488.5,407480020,1358151,41397659,4384808,10.592
20030115,488.1,385126210,1108313,42109193,4407696,10.467
20030116,485.5,352520180,1016932,41810204,4384618,10.487
20030117,478.5,379470130,978381,41137512,4378405,10.643
20030120,473.3,320474400,730854,40619874,4296354,10.577
20030121,467.5,385449340,883625,40144001,4221906,10.517
20030122,455.5,376479330,857080,39126997,4135635,10.57
20030123,457.8,336223120,873983,39306010,4145744,10.547
20030124,442.6,390088480,911347,38104785,4019664,10.549
20030127,434,290213640,682846,37335186,3953350,10.589
20030128,437.5,311571750,773819,37662450,4005180,10.634
20030129,425.2,301064410,770398,36665289,3816313,10.409
20030130,433.9,251792480,594642,37397889,3894153,10.413
20030203,441,278084840,651935,37996069,3934638,10.355
20030204,443.2,300696600,734544,38200433,3951560,10.344
20030205,441,299054160,691027,38053272,3919082,10.299
20030206,435.4,307636020,763040,37555179,3873841,10.315
20030207,427.7,286805790,705462,36956355,3779514,10.227
20030210,422.6,263571690,666666,36562067,3731817,10.207
20030211,421.5,451275180,1015629,36744369,3744050,10.189
20030212,424.3,340088200,784721,36982997,3788558,10.244
20030213,422.2,357582190,781423,36740124,3758651,10.23
20030214,423.8,406118740,800480,36919034,3772936,10.219
20030217,441.2,383063220,963263,38404015,3880080,10.103
20030218,439.2,437982680,1024590,38215462,3843008,10.056
20030219,436.6,465938320,1028093,37995841,3820544,10.055
20030220,437.9,414717270,878189,38167474,3825691,10.023
20030221,435,367641540,796733,37928564,3792745,10
20030224,438.8,343032340,843619,38245148,3809225,9.96
20030225,424.3,346435520,792971,36993661,3661601,9.898
20030226,425.8,317183850,699992,37124122,3686349,9.93
20030227,428.2,349402350,648086,37321978,3727626,9.988
20030228,417.8,324171620,624376,36451770,3594598,9.861
20030303,420.6,293008760,569693,36675922,3595339,9.803
20030304,409.8,286190630,557788,35746532,3490937,9.766
20030305,393.6,311534610,586834,34330333,3352669,9.766
20030306,381.9,281991470,523052,33310778,3229105,9.694
20030307,366.9,302569680,595754,32020449,3112852,9.721
20030310,362,286621740,494832,31599838,3077949,9.74
20030311,354.3,304557700,530474,30927490,3039505,9.828
20030312,368.3,342415420,657594,32138198,3201772,9.963
20030313,360.7,313197260,576713,31482514,3159029,10.034
20030314,370.1,272306070,674368,32297493,3226446,9.99
20030317,346.4,293266210,545610,30248893,3009484,9.949
20030318,365,328142460,706781,32016739,3187670,9.956
20030319,367.7,305973010,795355,32271554,3213164,9.957
20030320,391.4,415533490,1094668,34337227,3425318,9.976
20030321,401,396471150,993326,35087148,3520737,10.034
20030324,395.4,388152730,931159,34602139,3471557,10.033
20030325,379.7,401248620,923849,33250728,3333453,10.025
20030326,386.3,436745370,963812,33829590,3387204,10.013
20030327,384.9,354581520,738981,33704640,3385356,10.044
20030328,392.8,452116590,968922,34394765,3460397,10.061
20030331,377.7,366891830,809393,33087978,3227198,9.753
20030401,382.5,332750700,718648,33502044,3242550,9.679
20030402,387.7,427016990,920718,33943215,3286118,9.681
20030403,387.7,457249890,1110017,33944026,3276613,9.653
20030404,394.1,400562910,964305,34508089,3356766,9.727
20030407,411.2,427544150,1117991,35962419,3498141,9.727
20030408,411.9,410778350,1059944,36013163,3508345,9.742
20030409,404.9,431130650,1150109,35399977,3430230,9.69
20030410,408.1,392953140,985869,35688683,3439960,9.639
20030411,410.8,408331150,1012066,35954195,3476657,9.67
20030414,419.7,421644940,1017180,36890629,3561434,9.654
20030415,429.6,487347160,1291354,37760329,3651799,9.671
20030416,442.2,541159280,1444559,38856706,3794023,9.764
20030417,439.4,452530540,1204567,38614018,3798013,9.836
20030418,448.3,469740160,1412609,39415480,3883433,9.853
20030421,454.6,459361680,1189336,39951766,3942122,9.867
20030422,444.4,465091010,1104737,39102936,3806963,9.736
20030423,439.5,531107790,1347244,38684526,3768033,9.74
20030424,430.5,493027530,1189376,37936709,3724074,9.817
20030425,408.9,470821420,1230141,36070262,3550037,9.842
20030428,408.5,426039130,1074510,36035852,3549982,9.851
20030429,430.5,494610500,1407802,37965502,3828498,10.084
20030430,428,397736840,1264619,37736042,3808602,10.093
20030502,432.9,401158540,1336016,38167192,3865322,10.127
20030506,432.6,389576660,1316312,38157764,3826132,10.027
20030507,436.3,437231460,1223914,38488481,3855497,10.017
20030509,437.7,369986350,1015907,38545631,3827085,9.929
20030512,449.6,472686660,1512439,39592880,4005286,10.116
20030513,440.5,519619280,1587757,38806789,3967097,10.223
20030514,440.1,408593690,1288504,38765979,4005385,10.332
20030515,441.4,416778910,1333101,38875132,4048248,10.413
20030516,439.8,369552330,1437166,38737372,4075008,10.52
20030519,431.1,334783350,1021439,37994315,3969337,10.447
20030520,439.6,379148510,1468814,38742876,4097342,10.576
20030521,441.7,434391580,1740730,38931057,4017243,10.319
20030522,443.9,457579920,1894852,38490575,3819926,9.924
20030523,456.3,435541890,1568091,39839007,3950214,9.915
20030526,472.4,521623690,1955688,41249408,4155907,10.075
20030527,472.5,663132810,2267645,41290509,4160151,10.075
20030528,470.3,574879560,1996865,41143338,4090419,9.942
20030529,470.9,558202160,1855367,41243025,4120861,9.992
20030530,471.8,549087260,1728852,41403777,4107811,9.921
20030602,476.7,531408700,1601828,41830197,4173239,9.977
20030603,465.9,560158020,1760240,40851129,3871333,9.477
20030604,473.7,442500680,1394192,41552426,3933066,9.465
20030605,472.6,456305680,1487515,41456462,3963519,9.561
20030609,481.9,457396170,1493552,42240048,4069296,9.634
20030610,481.8,577584350,1638415,42229946,4059648,9.613
20030611,482.9,504541650,1679189,42360819,4098785,9.676
20030612,492.6,488790110,1634585,43241505,4293862,9.93
20030613,497.5,598269760,1961705,43644966,4335878,9.934
20030616,500.2,561561900,1694578,43882859,4338167,9.886
20030617,506.3,653985030,1929825,44470543,4381367,9.852
20030618,505.5,613871850,1624704,44394705,4360514,9.822
20030619,508.6,625211090,1708956,44675502,4366691,9.774
20030620,508,558698540,1492559,44676010,4386866,9.819
20030623,493.6,528956860,1275492,43426246,4239211,9.762
20030624,489.4,494776530,1296271,43064290,4221012,9.802
20030625,493.1,494273780,1176759,42359530,4256796,10.049
20030626,490.1,461366220,1140263,42077722,4226203,10.044
20030627,496.8,476050830,1427737,42677760,4393872,10.295
20030630,497.5,374425090,1266850,42731691,4446517,10.406
20030701,501.7,534659740,1426586,43067841,4431458,10.289
20030702,507.4,514056640,1445566,43581206,4506549,10.341
20030703,508.2,630853770,1938389,43684150,4663688,10.676
20030704,515.9,493307400,1455290,44311768,4849000,10.943
20030707,532.1,608302310,2109726,45713550,5064622,11.079
20030708,531,680318180,2138200,45639503,5087158,11.146
20030709,535,559067950,1721005,46010231,5229317,11.366
20030710,527.9,563595940,1745704,45425678,5052150,11.122
20030711,525.5,520731450,1602759,45307360,5050895,11.148
20030714,531.2,501438320,1745019,45823131,5151236,11.242
20030715,520.7,553647200,1760156,44929490,5068520,11.281
20030716,522.2,497267250,1646331,45089196,5088808,11.286
20030718,506,485970670,1422110,43719080,4858865,11.114
20030721,494.9,454054820,1284207,42832584,4809762,11.229
20030722,490.2,487095520,1375781,42458305,4778514,11.255
20030723,487.6,393310070,1266363,42237019,4679541,11.079
20030724,487.7,443575320,1079982,42252611,4641021,10.984
20030725,490.1,383819930,1071690,42628224,4730069,11.096
20030728,503.8,434595890,1347616,43858192,5012649,11.429
20030729,501.2,439400680,1208178,43656435,4973232,11.392
20030730,494.7,407871450,1149029,43120553,4922314,11.415
20030731,493.3,335808350,1012582,43023271,4891824,11.37
20030801,496.6,389003160,1027240,43706854,4932375,11.285
20030804,485.3,303755040,912735,42751006,4768966,11.155
20030805,487.2,357432110,982977,43123254,4839520,11.223
20030806,482.4,346448250,907026,42718307,4809876,11.26
20030807,484.7,371719050,1146124,42947196,4816509,11.215
20030808,481.6,406173550,1088352,42714553,4777640,11.185
20030811,482.8,404441060,1033161,42838205,4830261,11.276
20030812,483.1,435997970,1176756,42854184,4851930,11.322
20030813,488.5,400306740,1323122,43355031,4940631,11.396
20030814,487.6,395411630,1349796,43329525,4982499,11.499
20030818,490.9,440568510,1296995,43745678,5050674,11.546
20030819,491,529481530,1413976,43726529,5038706,11.523
20030820,487.8,459096950,1369314,43482185,5021065,11.547
20030821,492.2,467195570,1295516,43874175,5070780,11.558
20030822,489.4,413098920,1212198,43684788,5051970,11.565
20030825,494,335646850,1060622,44089828,5168038,11.722
20030826,487.9,349312200,985526,43563541,5073880,11.647
20030827,488.3,383774480,1024672,43435211,5049735,11.626
20030828,485.5,340779320,996352,43180368,5041153,11.675
20030829,495.4,366884130,1147324,44048164,5188263,11.779
20030901,505.3,403576570,1222883,44932012,5325858,11.853
20030902,508.7,390926350,1120703,45232556,5371693,11.876
20030903,505.6,418085270,1315661,44973514,5339671,11.873
20030904,501,401154580,1085619,41999221,4763402,11.342
20030905,496.5,407003700,984832,41649328,4752925,11.412
20030908,488.3,364033380,820384,40972031,4650832,11.351
20030909,491.9,373589630,912569,41232451,4670817,11.328
20030915,492.3,288527830,784064,41260716,4768532,11.557
20030916,496.5,361288400,844686,41812223,4772042,11.413
20030917,496.5,380392940,956176,41818379,4722693,11.293
20030918,487.5,386680230,980041,41055324,4589205,11.178
20030919,483.7,425224920,1016554,40722080,4552268,11.179
20030922,460.3,410684750,920994,38929813,4269538,10.967
20030923,463.5,383258700,947378,39226369,4292721,10.943
20030924,467.1,368127610,951860,39537034,4291607,10.855
20030925,456.9,360046860,813752,38678001,4163402,10.764
20030926,451,352949180,848398,38187556,4077150,10.677
20030929,448.5,298710110,683908,37981863,4012297,10.564
20030930,448.6,396912470,854586,38040912,3995105,10.502
20031001,451.9,306339720,739767,38317615,4092682,10.681
20031002,459.2,312624140,926888,38945836,4297881,11.036
20031006,465.3,273840470,819103,39452881,4462708,11.311
20031007,464.1,316373290,841704,39320584,4446671,11.309
20031008,459.6,355051870,898559,38952675,4432839,11.38
20031009,464.4,327643930,766507,39353002,4493173,11.418
20031010,470,298105570,958955,38553584,4299274,11.151
20031013,476.1,318148790,927907,39055110,4393340,11.249
20031014,479.5,395570580,1107317,39375743,4441529,11.28
20031015,481.4,368409040,985140,39525911,4484192,11.345
20031016,481.7,341405330,1054719,39550985,4569386,11.553
20031017,475.5,299900840,865969,39115725,4457307,11.395
20031020,477,319218690,814967,39240921,4485183,11.43
20031021,478,371204960,1139300,39287519,4432837,11.283
20031022,474.2,379868310,1087353,38971230,4285743,10.997
20031023,459,356627210,853182,37721005,4104208,10.88
20031024,459.9,340599030,728894,37883810,4133733,10.912
20031027,463.7,309210250,723434,38181639,4138546,10.839
20031028,468.5,371418710,1044653,38600213,4226691,10.95
20031029,465.4,386876400,939052,38332973,4225849,11.024
20031030,468.4,374085590,912866,38578787,4288152,11.115
20031031,463.8,363476800,858441,38260480,4252273,11.114
20031103,466.4,352705680,773542,38470428,4304203,11.188
20031104,462.3,422253210,1064504,38138064,4255336,11.158
20031105,460,485483360,1150081,37945464,4178832,11.013
20031106,449.6,410238700,950838,37079683,4093184,11.039
20031107,457,404730560,997872,37992867,4207509,11.074
20031110,457.1,433175830,925961,37980229,4216732,11.102
20031111,454.5,416810650,906214,37672886,4127990,10.957
20031112,463.1,381420690,945797,38401763,4261199,11.096
20031113,469.7,426677010,1069372,38954014,4367877,11.213
20031114,469,396557390,868785,39107756,4349050,11.121
20031117,467.9,330675320,872173,39023838,4458685,11.426
20031118,475.1,395892810,948123,39593366,4662029,11.775
20031119,460.9,372426270,959020,38397400,4876258,12.699
20031120,459.7,382437810,769612,38293441,4821858,12.592
20031121,456.7,344213800,712541,38075653,4790305,12.581
20031124,438.1,347250660,702872,36521811,4590750,12.57
20031125,448.2,359236200,694615,37324752,4742965,12.707
20031126,454.9,429934920,863908,38611374,5159374,13.362
20031127,453.5,395179870,783705,38497097,5194601,13.493
20031128,458.4,384145710,719487,38896442,5253863,13.507
20031201,468.5,353470730,915379,39758804,5381952,13.537
20031202,470.8,385895490,956345,40023812,5431300,13.57
20031203,471.7,400285430,907499,40101848,5446424,13.581
20031204,473.7,398540090,903362,40277965,5490225,13.631
20031205,470.8,382308560,926167,40101218,5479930,13.665
20031208,469,416505990,841483,39895266,5460814,13.688
20031209,468.8,466722540,862845,39919443,5429775,13.602
20031210,466.2,426055700,721370,39746282,5411549,13.615
20031211,468.2,397421060,778173,39967907,5386993,13.478
20031212,471.1,460670210,978538,40259214,5403732,13.422
20031215,476,479727140,951697,40646874,5420929,13.337
20031216,467,539162200,951335,39913290,5290466,13.255
20031217,463.4,527711640,1010642,39667407,5299386,13.36
20031218,460.4,446000530,848876,39581132,5262690,13.296
20031219,454.5,455392610,816396,39832597,5689698,14.284
20031222,441.5,433002140,896645,38786723,5635981,14.531
20031223,435.5,489491220,866636,38187360,5558575,14.556
20031224,430.9,435349930,780723,35805227,5142841,14.363
20031226,432.5,408619420,660706,35933823,5144603,14.317
20031229,440.5,358605190,655804,36662421,5271391,14.378
20031230,448.7,323053390,672403,37374778,5361004,14.344
20040102,451.4,288492700,537728,37689021,5416966,14.373
20040105,452.7,325147390,635082,37734775,5446253,14.433
20040106,447.3,353255920,802036,37807618,5417838,14.33
20040107,446.1,353831190,763275,37693125,5400325,14.327
20040108,444.1,361688880,822050,37508428,5369997,14.317
20040109,453,350840470,1006443,38366036,5637735,14.695
20040112,458,349249620,935529,38891723,5768175,14.831
20040113,457,405086310,903267,38900351,5780165,14.859
20040114,458.4,365397120,864594,39062194,5841427,14.954
20040115,450,384204640,861023,38352788,5731829,14.945
20040116,445.4,326665990,719207,37982594,5724373,15.071
20040119,441.5,313378120,685535,37607213,5710505,15.185
20040120,445.7,267687310,604270,37997057,5788044,15.233
20040126,448.25,288020340,751838,38334073,5918558,15.439
20040127,445.04,337428350,803355,38047372,5853864,15.386
20040128,441.46,365251540,879074,37779942,5783947,15.31
20040129,442.15,340344420,897227,37831827,5774702,15.264
20040130,441.45,336087640,789795,37825729,5797907,15.328
20040202,444.51,331917670,804093,38085797,5844017,15.344
20040203,437.81,365589900,935016,37510054,5715142,15.236
20040204,437.45,438035360,934549,37491557,5726239,15.273
20040205,436.87,441713420,1024962,37439522,5735865,15.32
20040206,437.32,407881240,1045890,37599402,5758420,15.315
20040209,439.78,342887660,826581,37763684,5755188,15.24
20040210,438.96,384290310,915409,37694112,5779604,15.333
20040211,440.1,394084000,845557,37791174,5794532,15.333
20040212,437.47,379278280,752681,37569062,5783107,15.393
20040213,442.91,335967900,789906,38103648,5870109,15.406
20040216,446.13,369386920,880888,38377976,5918856,15.423
20040217,444.88,432359220,985379,38278748,5889645,15.386
20040218,448.02,429813260,920720,38556315,5977632,15.504
20040219,445.67,419002780,853766,38352655,5963628,15.549
20040220,443.31,363204910,747616,38158416,5945498,15.581
20040223,443.89,404551290,728285,38211750,5945440,15.559
20040224,433.68,411041610,783761,37346551,5786736,15.495
20040225,428.93,400964470,735746,36955021,5741561,15.537
20040226,424.57,344645200,687168,36040306,5548991,15.397
20040227,428.68,309257890,583243,36382833,5612375,15.426
20040302,430.64,274842000,583950,36581780,5649347,15.443
20040303,434.77,265042720,698776,36932384,5772003,15.629
20040304,437.64,314887860,650082,37160192,5800356,15.609
20040305,440.21,283535590,687467,37387702,5892559,15.761
20040308,439.38,280326280,674920,37202234,5905617,15.874
20040309,438.08,310493850,630301,37096454,5921598,15.963
20040310,433.4,327010880,642877,36685735,5873456,16.01
20040311,435.25,290625790,659547,36807344,5926348,16.101
20040312,420.28,440558430,936898,35478061,5762376,16.242
20040315,425.26,305705000,602788,35909748,5837040,16.255
20040316,423.01,348349000,651492,35713123,5813801,16.279
20040317,431.39,373478000,702026,36413512,5910674,16.232
20040318,435.41,401405000,933466,36741674,6025060,16.398
20040319,435.96,327346000,652639,36718579,6083181,16.567
20040322,429.71,339689000,659406,36253077,5958189,16.435
20040323,428.56,321552000,600278,36182115,5934098,16.401
20040324,428.02,300617000,592173,36140572,5958815,16.488
20040325,421.95,316480000,609558,35635272,5869238,16.47
20040326,426.02,305021000,668293,36606791,6163775,16.838
20040329,432.3,297149000,677008,37141667,6313846,16.999
20040330,431.39,311494000,679218,37090721,6308337,17.008
20040331,434.16,310472000,639005,37331001,6407705,17.165
20040401,439,341725000,749451,37752879,6486739,17.182
20040402,446.85,319386000,804837,38455570,6711996,17.454
20040406,455.37,360206000,982731,39197018,6952660,17.738
20040407,457.68,348690000,921345,39401274,7075858,17.958
20040408,460.53,376889000,1013398,39656277,7115123,17.942
20040409,457.92,348647000,763762,39464346,7104874,18.003
20040412,460.37,368941000,766214,39660450,7150732,18.03
20040413,454.43,391943000,884894,39164263,7090090,18.103
20040414,454.2,369151000,792371,39145842,7103944,18.147
20040416,454.13,308294000,713211,39157334,7151002,18.262
20040419,457.86,316005000,748041,39485949,7290059,18.462
20040420,465.02,352784000,909645,40110486,7486534,18.665
20040421,468.81,445980000,1061451,40438877,7635694,18.882
20040422,475.88,443019000,1275006,41041817,7936644,19.338
20040423,488.13,450399000,1514952,42186280,8216274,19.476
20040426,491.53,439216000,1320381,42422150,8135851,19.178
20040427,488.15,555828000,1279121,42137272,8111761,19.251
20040428,478.7,451156000,1097216,41312617,7971679,19.296
20040429,456.04,411841000,1048177,35905171,7208409,20.076
20040430,453.47,320241000,896441,35715481,7089743,19.851
20040503,452.87,297613000,753825,35672143,7099931,19.903
20040504,458.8,333498000,906339,36155651,7211816,19.947
20040506,437.33,344540000,900203,34457165,6858017,19.903
20040507,436.25,319324000,808289,34419934,6848330,19.896
20040510,407.41,335246000,825114,32152319,6395350,19.891
20040511,401.47,295480000,832704,31684976,6176249,19.493
20040512,417.94,292356000,824924,32990082,6485350,19.658
20040513,415.09,266427000,715739,32753022,6449476,19.691
20040514,404.93,290349000,790073,32058858,6234560,19.447
20040517,375.75,300306000,720086,29801829,5810246,19.496
20040518,382.11,312965000,859834,30327692,5929571,19.552
20040519,397.11,358966000,883281,31524239,6177239,19.595
20040520,385.32,334345000,756776,30572079,6020046,19.691
20040521,393.01,265429000,574332,31252060,6127174,19.606
20040524,400.56,296230000,688605,31852440,6264869,19.668
20040525,393.42,292299000,623497,31289912,6110529,19.529
20040527,397.84,286328000,705745,31693434,6254923,19.736
20040528,401.59,279392000,676625,31992602,6374654,19.925
20040531,400.92,223916000,536931,31949284,6386981,19.991
20040601,405.9,250488000,633679,32378182,6527532,20.16
20040602,407.83,272164000,628115,32604877,6601714,20.248
20040603,394.93,325003000,841230,31563789,6390487,20.246
20040604,397.85,279035000,627501,31867667,6383594,20.032
20040607,404.57,282281000,613517,32406885,6514681,20.103
20040608,402.01,298414000,642292,32302883,6477906,20.054
20040609,400.63,269965000,593385,32195757,6451722,20.039
20040610,400.09,226243000,517160,32167084,6392697,19.873
20040611,387.76,233196000,597522,31179638,6251066,20.049
20040614,375.68,234472000,628512,30210169,6125668,20.277
20040615,379.27,221101000,539782,30500006,6175823,20.249
20040616,376.71,240646000,562894,30302026,6105545,20.149
20040617,375.02,213132000,430073,30173225,6057279,20.075
20040618,370.2,236149000,532460,29906043,6006609,20.085
20040621,369.12,230432000,484813,29814817,5989987,20.091
20040622,366.28,249946000,442256,29599578,5982291,20.211
20040623,361.17,228490000,442795,29196839,5926620,20.299
20040624,366.41,244409000,458487,29621145,6023629,20.336
20040625,371.94,274096000,559481,29828002,6019807,20.182
20040628,372.03,253186000,445147,29847157,6036283,20.224
20040629,376.67,236262000,427186,30036102,6014461,20.024
20040630,385.18,265076000,573403,30729183,6218765,20.237
20040701,383.84,267661000,515194,30625687,6195395,20.229
20040702,376.13,236269000,459392,30032128,6078566,20.24
20040705,376.51,234401000,393260,30062455,6044641,20.107
20040706,375.35,226610000,426958,29982366,6004563,20.027
20040707,372.65,263624000,434088,29775017,5971562,20.056
20040708,366.9,261264000,434234,29337459,5850116,19.941
20040709,370.14,233250000,452689,29612635,5889051,19.887
20040712,368.57,266172000,487691,29497626,5858106,19.86
20040713,368.27,245567000,462306,29487143,5851415,19.844
20040714,361.62,263878000,499570,28944140,5715230,19.746
20040715,357.69,295386000,492305,28627264,5649365,19.734
20040716,358.73,268747000,425764,28735018,5661398,19.702
20040719,360.48,292680000,428236,28896014,5706170,19.747
20040720,354.26,292269000,435171,28634784,5666839,19.79
20040721,358.94,292924000,462641,29028583,5793232,19.957
20040722,351.69,266271000,427381,28494770,5655616,19.848
20040723,350.2,241928000,406145,28429665,5621659,19.774
20040726,344.35,226025000,374726,27973120,5516738,19.722
20040727,341.5,238098000,437486,27780085,5474642,19.707
20040728,340.1,279736000,473693,27665599,5443655,19.677
20040729,328.44,272791000,492859,26744808,5253984,19.645
20040730,331.21,318133000,495169,27102458,5415779,19.983
20040802,325.18,218611000,381670,26606271,5386428,20.245
20040803,325.66,257639000,498521,26646770,5426941,20.366
20040804,324.71,273218000,441093,26586614,5435981,20.446
20040805,333.81,271415000,557667,27347620,5578443,20.398
20040806,331.67,240196000,489271,27189836,5509672,20.264
20040809,333.9,306847000,416382,27376784,5521992,20.17
20040810,338.86,283325000,541585,27782422,5648201,20.33
20040811,337.74,268181000,545335,27669461,5616488,20.299
20040812,343.45,235616000,520422,28141393,5791500,20.58
20040813,346.09,270860000,579372,28552122,5897435,20.655
20040816,346.27,210297000,442398,28458517,5794430,20.361
20040817,345.66,228017000,486141,28414297,5742755,20.211
20040818,346.54,216436000,421123,28489045,5732439,20.122
20040819,351.42,274444000,572735,28885563,5830886,20.186
20040820,350.63,233559000,445681,28823197,5809566,20.156
20040823,352.05,216864000,406549,28955062,5854739,20.22
20040824,354.12,291577000,489024,29132461,5907884,20.279
20040825,356.32,284238000,518979,29374929,5937696,20.213
20040826,358.79,288185000,529742,29666197,6008510,20.254
20040827,357.78,268007000,436391,29649336,6008652,20.266
20040830,353.47,243697000,383010,29290072,5941449,20.285
20040831,355.66,254193000,425125,29479054,5987252,20.31
20040901,365.74,276394000,627487,30320182,6313016,20.821
20040902,369.53,262827000,590076,30640938,6469984,21.115
20040903,367.53,271857000,944204,30488005,6466835,21.211
20040906,368.16,242525000,627926,30538502,6446459,21.109
20040907,366.69,273280000,533566,30440395,6407541,21.049
20040908,365.19,267255000,585252,30324940,6364091,20.986
20040909,366.81,242697000,464286,30474494,6418842,21.063
20040910,370.31,226149000,547410,30769968,6454126,20.975
20040913,374.59,265670000,562904,31166946,6549566,21.014
20040914,371.99,245982000,575253,30966617,6481925,20.932
20040915,372.26,258261000,506813,30999361,6479464,20.902
20040916,371.38,252139000,492427,30934094,6451910,20.857
20040917,371.05,225258000,509089,30906710,6472572,20.942
20040920,372.93,222893000,477957,31064351,6527690,21.013
20040921,372.19,231728000,465585,30990098,6500236,20.975
20040922,364.01,252970000,458642,30306508,6377448,21.043
20040923,359.53,218347000,411139,29918651,6284372,21.005
20040924,362.25,172032000,334653,30134418,6307590,20.932
20040930,362.08,161421000,318102,30118323,6312825,20.96
20041001,365.65,210923000,407055,30629114,6382275,20.837
20041004,371.66,234420000,478666,31130702,6491865,20.854
20041005,373.63,224281000,561666,31295636,6537001,20.888
20041006,372.33,218600000,520117,31190388,6477031,20.766
20041007,370.52,216809000,517188,31049974,6434465,20.723
20041008,369.74,201205000,449266,30979411,6441517,20.793
20041011,373.94,194917000,485170,31341908,6507944,20.764
20041012,369.11,203327000,486026,30945419,6486852,20.962
20041013,372.54,210693000,556994,31230417,6549880,20.973
20041014,369.95,197797000,427870,31036940,6497832,20.936
20041015,369.28,212751000,410880,31000658,6514260,21.013
20041018,368.36,199875000,392243,30927545,6511353,21.054
20041019,370.04,204042000,436501,31066230,6526346,21.008
20041020,362.65,186985000,426484,30443262,6384615,20.972
20041021,358.25,190009000,394746,30045881,6302885,20.978
20041022,359.27,171698000,373093,30162289,6323595,20.965
20041025,353.49,168377000,323370,29677730,6252909,21.069
20041026,353.45,165898000,303561,29684281,6240804,21.024
20041027,350.7,187236000,375882,29433814,6171843,20.969
20041028,355.57,176144000,378307,29839498,6251403,20.95
20041029,357.04,163792000,330066,30117662,6288857,20.881
20041101,359.51,165860000,349946,30323704,6353621,20.953
20041102,360.75,179405000,411098,30430673,6369123,20.93
20041103,362.59,198645000,416455,30589568,6401298,20.926
20041104,361.27,178733000,363339,30476018,6366458,20.89
20041105,362.7,232653000,448562,30594464,6387610,20.878
20041108,360.18,171800000,346677,30382818,6321612,20.807
20041109,360.27,209071000,359193,30392509,6321346,20.799
20041110,361.98,205715000,406755,30547742,6330190,20.722
20041111,362.94,180776000,380208,30644462,6347453,20.713
20041112,368.8,233257000,526003,31139810,6447167,20.704
20041115,372.91,241358000,585580,31508520,6481982,20.572
20041116,370.9,229850000,515612,31387542,6440807,20.52
20041117,375.89,240040000,555257,31629209,6495366,20.536
20041118,372.56,254495000,495462,31367919,6438496,20.526
20041119,372.53,217167000,401150,31425772,6437994,20.486
20041122,369.56,194650000,392293,31183465,6411804,20.562
20041123,373.22,263286000,491452,31487180,6460005,20.516
20041124,374.17,242793000,464756,31577292,6448518,20.421
20041125,373.84,267142000,448999,31588552,6431118,20.359
20041126,369.54,296916000,525057,31257252,6351578,20.32
20041129,370.26,219726000,413046,31315036,6327460,20.206
20041130,373.43,232196000,440232,31580413,6380655,20.204
20041201,376.16,241859000,547171,31790948,6431285,20.23
20041202,379.34,322396000,658962,32043979,6490330,20.254
20041203,378.72,325763000,608051,32003460,6464643,20.2
20041206,378.28,261467000,481221,30380055,4846076,15.952
20041207,376.89,295914000,538775,30273629,4800942,15.858
20041208,375.28,283109000,608943,30181158,4736443,15.693
20041209,375.5,285183000,663082,30202850,4749227,15.724
20041210,372.08,278040000,616928,30043061,4723910,15.724
20041213,372.13,244291000,476651,30058637,4697913,15.629
20041214,372.74,316590000,624666,30219429,4684599,15.502
20041215,379.32,320276000,736467,30745923,4800975,15.615
20041216,380.22,277585000,605994,31010270,4782390,15.422
20041217,381.44,300749000,605909,31128708,4795400,15.405
20041220,382.71,291431000,618510,31220249,4814479,15.421
20041221,380.47,292404000,812272,31182191,4799242,15.391
20041222,380.54,344975000,839315,31192335,4799158,15.386
20041223,376.65,352925000,772134,30869963,4746760,15.377
20041224,375.12,350618000,833017,30750315,4721757,15.355
20041227,374.46,276874000,672543,30701185,4697997,15.302
20041228,370.77,377943000,851468,30436036,4657509,15.303
20041229,372.8,268021000,631480,30508718,4693176,15.383
20041230,380.33,274896000,620338,31149048,4803790,15.422
20050103,390.4,292816000,728265,31933062,4904437,15.358
20050104,393,354521000,973347,32261966,4894917,15.172
20050105,399.68,429850000,1012758,32800245,4938257,15.056
20050106,404.15,574412000,1545519,33164233,5003649,15.087
20050107,408.17,438496000,1387124,33675481,5092723,15.123
20050110,418.71,433906000,1367267,34586541,5219828,15.092
20050111,416.56,460767000,1312633,34418950,5197961,15.102
20050112,414.63,444725000,1180877,34268114,5152855,15.037
20050113,423.06,452466000,1193025,34952880,5191251,14.852
20050114,428.4,505867000,1232331,35399286,5263859,14.87
20050117,446.04,539683000,1597525,36861121,5474036,14.85
20050118,449.02,577901000,1619134,37155554,5449228,14.666
20050119,455.59,626990000,1779608,37821733,5433846,14.367
20050120,450.63,709356000,1847210,37427108,5284541,14.12
20050121,460.62,607820000,1587985,38453429,5314183,13.82
20050124,472.75,603670000,1756332,39471790,5350716,13.556
20050125,467.29,691510000,1931117,39258985,5254924,13.385
20050126,468.49,730328000,2279423,39443173,5325231,13.501
20050127,466.45,663741000,2026837,39278751,5321684,13.549
20050128,468.53,586788000,1789762,39491246,5328041,13.492
20050131,472.95,571869000,1719966,39864141,5326165,13.361
20050201,472.74,552615000,1653253,40219264,5317078,13.22
20050202,466.04,536100000,1562715,39662570,5304985,13.375
20050203,461.78,555166000,1485527,39236001,5348824,13.632
20050204,465.51,478755000,1355662,39932346,5347947,13.393
20050207,481.4,458869000,1317456,41288133,5471274,13.251
20050211,486.88,528645000,1590154,41747003,5502646,13.181
20050214,503.24,607510000,1955245,43146912,5652019,13.099
20050215,508.09,645204000,2144648,43584107,5639700,12.94
20050216,513.25,651145000,2233039,43997580,5661725,12.868
20050217,515.04,628529000,2074286,44166899,5618786,12.722
20050218,510.66,621058000,2023760,43813665,5585067,12.747
20050221,508.61,569026000,1651114,43657721,5599886,12.827
20050222,494.83,569606000,1725545,42490483,5496246,12.935
20050223,490.28,557992000,1589522,42087398,5406495,12.846
20050224,497.61,546924000,1813722,42722651,5539235,12.966
20050225,494.87,532840000,1752590,42501527,5578982,13.127
20050228,498.38,471039000,1514661,42817374,5665554,13.232
20050302,498.55,474608000,1439062,42874051,5724456,13.352
20050303,498.57,480933000,1380323,42872887,5710307,13.319
20050304,501.9,470618000,1453537,43120930,5728650,13.285
20050307,495.32,478829000,1407388,42775466,5662830,13.238
20050308,481.98,464364000,1317508,41653369,5575550,13.386
20050309,481.98,405584000,1145358,41680422,5593420,13.42
20050310,482.67,401213000,1132306,41794454,5668042,13.562
20050311,490.74,454255000,1332526,42596688,5720742,13.43
20050314,493.99,374307000,1183614,42902009,5704719,13.297
20050315,482.02,463776000,1369896,41867943,5561883,13.284
20050316,483.66,465871000,1299017,42023659,5558346,13.227
20050317,471.74,474616000,1418376,40984593,5442273,13.279
20050318,465.48,410218000,1224343,40461373,5384111,13.307
20050321,463.42,391153000,1163373,40278597,5365835,13.322
20050322,460.68,436290000,1401806,40070585,5345731,13.341
20050323,452.91,395576000,1204130,39384852,5253582,13.339
20050324,449.35,372010000,1200736,39072317,5184765,13.27
20050325,456.15,366697000,1108811,39657615,5340629,13.467
20050328,459.81,400023000,1106822,40000999,5411137,13.528
20050329,453.24,366528000,1193509,39430297,5336734,13.535
20050330,455.05,321565000,938351,39584053,5346501,13.507
20050331,455.03,342469000,1106663,39605077,5385139,13.597
20050401,462.23,337090000,1125794,40235450,5478152,13.615
20050404,461.88,292391000,899807,40206526,5462694,13.587
20050406,463.6,349802000,925501,40388091,5496704,13.61
20050407,463.08,396014000,923751,40315094,5507056,13.66
20050408,463.9,469264000,1107538,40478005,5505656,13.602
20050411,462.87,371413000,946914,40387385,5492924,13.601
20050412,460.87,370168000,894169,40214142,5490793,13.654
20050413,460.9,462517000,1152334,40222654,5506513,13.69
20050414,455.55,380231000,871163,39609263,5435798,13.724
20050415,449.08,373574000,846180,39042974,5374462,13.766
20050418,429.73,435732000,930275,37375690,5197364,13.906
20050419,437.73,433769000,930785,38073725,5286637,13.885
20050420,442.2,481985000,1108099,38473922,5365150,13.945
20050421,439.83,439117000,966038,38320212,5364164,13.998
20050422,442.63,518771000,994717,38584201,5402073,14.001
20050425,443.9,452182000,826715,38714119,5451769,14.082
20050426,441.99,518650000,1052719,38590477,5422451,14.051
20050427,436.65,517842000,864426,38128074,5353643,14.041
20050428,431.17,495932000,870198,37655474,5298719,14.072
20050429,424.4,497598000,797699,37099897,5243312,14.133
20050502,426.61,499272000,796255,37292117,5265895,14.121
20050503,423.3,495718000,922362,37005304,5254668,14.2
20050504,429.41,529726000,1016642,37645029,5315731,14.121
20050506,433.29,545024000,1097737,37986004,5372306,14.143
20050509,429.61,532457000,1052079,37718555,5310661,14.08
20050510,430.76,515181000,1057002,37834308,5329012,14.085
20050511,425.59,530125000,1005658,37376210,5252879,14.054
20050512,428.27,580084000,1109961,37564984,5304091,14.12
20050513,431.77,548157000,1231425,37892076,5331768,14.071
20050516,435.02,532506000,1238861,38177486,5357700,14.034
20050517,434.52,674687000,1416573,38163433,5314983,13.927
20050518,436.55,628301000,1271549,38337937,5312135,13.856
20050519,445.61,624895000,1437923,39099302,5413643,13.846
20050520,445.86,639533000,1517700,39148908,5446135,13.911
20050523,450.22,613016000,1374482,39536863,5502740,13.918
20050524,451.94,637738000,1882144,39680904,5573486,14.046
20050525,453.17,644389000,1749708,39753281,5624187,14.148
20050526,456.19,593879000,1880620,40022063,5638822,14.089
20050527,463.22,630037000,1868524,40682953,5739048,14.107
20050530,468.25,563030000,1657754,41190558,5788504,14.053
20050531,471.48,626990000,1860474,41474537,5849119,14.103
20050601,468.81,598621000,1991327,41291609,5779831,13.998
20050602,475.07,571588000,1887772,41856984,5876569,14.04
20050603,480.65,559812000,1949189,42371682,5937246,14.012
20050607,482.66,618008000,1985619,42555006,5919130,13.909
20050608,484.89,755132000,2674920,42822804,5985676,13.978
20050609,488.1,775767000,2875151,43119143,6072668,14.083
20050610,486.58,634059000,2131824,43175543,6065638,14.049
20050613,486.62,605314000,1734467,43194273,6051998,14.011
20050614,479.47,662756000,2086415,42598607,5958296,13.987
20050615,486.46,629806000,1980922,43232043,6030290,13.949
20050616,490.22,562421000,1712742,43632447,6060368,13.89
20050617,491.03,644740000,1807974,43705686,6070319,13.889
20050620,489.2,607253000,1806751,43546962,6046765,13.886
20050621,485.12,690979000,1690119,43191207,5977720,13.84
20050622,489.73,650048000,1895977,43625463,6032812,13.829
20050623,494.92,714805000,1899441,44106777,6091923,13.812
20050624,493.98,654338000,1585090,44296625,6076756,13.718
20050627,491.33,542734000,1391984,44052052,5995152,13.609
20050628,492.84,685211000,1677263,44220893,5997893,13.563
20050629,497.63,682807000,1948872,44657784,6067422,13.586
20050630,503.21,602893000,1866116,45161846,6130174,13.574
20050701,507.51,633839000,1583491,45586216,6182440,13.562
20050704,512.5,654907000,1581592,46040138,6221868,13.514
20050705,513.53,714286000,1932239,46125538,6196036,13.433
20050706,516.41,674685000,1723469,46395549,6238790,13.447
20050707,519.85,648611000,1835776,46722640,6295146,13.473
20050708,518.66,706672000,1829995,46648609,6304195,13.514
20050711,526.1,701749000,1746411,47350130,6407708,13.533
20050712,523.7,668488000,1740751,47215533,6385930,13.525
20050713,521.87,635129000,1561817,47067433,6330950,13.451
20050714,524.37,648932000,1664755,47295378,6340263,13.406
20050715,524.63,686177000,1678442,47446573,6347940,13.379
20050718,527.18,644904000,1905986,47721891,6363904,13.335
20050719,530.63,757623000,2037331,48112278,6380466,13.262
20050720,521.68,936987000,2349676,47322628,6311069,13.336
20050721,520.61,833845000,2104178,47247221,6285136,13.303
20050722,521.51,727524000,1998215,47327981,6319555,13.353
20050725,528.95,647218000,1971762,47960846,6395578,13.335
20050726,532.54,686442000,2220777,48488054,6445444,13.293
20050727,538.6,697490000,2317664,49127109,6510162,13.252
20050728,547.67,872578000,2713055,49946421,6637805,13.29
20050729,546.68,813012000,2966999,50506087,6696070,13.258
20050801,544.83,609406000,1910739,50338151,6650747,13.212
20050802,541.78,820785000,2469435,50202029,6626438,13.2
20050803,532.55,790197000,2381564,49355824,6503704,13.177
20050804,524.63,734965000,2328435,48630856,6560274,13.49
20050805,511.99,626342000,1845279,47564756,6482781,13.629
20050808,507.38,583127000,1498627,47150492,6483525,13.751
20050809,515.54,659096000,1792433,47912693,6594192,13.763
20050810,520.76,674565000,1892727,48410092,6679055,13.797
20050811,524.74,588002000,1519455,48791101,6794662,13.926
20050812,525.64,599171000,1674596,48878587,6850710,14.016
20050816,517.62,539519000,1466405,48132253,6707213,13.935
20050817,513.27,542403000,1399525,47759089,6645244,13.914
20050818,505.06,609052000,1515791,47032973,6533413,13.891
20050819,509.21,529015000,1387968,47462248,6630475,13.97
20050822,518.34,531366000,1284820,48339875,6764513,13.994
20050823,521.38,568879000,1689590,48685925,6842584,14.055
20050824,518.3,500599000,1418396,48381226,6771957,13.997
20050825,517.63,495516000,1391966,48393837,6710363,13.866
20050826,512.17,542731000,1542060,47957413,6642689,13.851
20050829,492.66,522260000,1325804,46133837,6458765,14
20050830,497.96,469816000,1388287,46634101,6541006,14.026
20050831,503.95,462033000,1228402,47250994,6651894,14.078
20050901,512.45,542375000,1459862,48053189,6734687,14.015
20050902,517.08,502149000,1351081,48534643,6740680,13.888
20050905,522.79,530186000,1476927,49071337,6781517,13.82
20050906,524.4,584261000,1538305,49227690,6816875,13.848
20050907,530.53,561946000,1507597,49800615,6913631,13.883
20050908,529.3,583858000,1581612,49704496,6950337,13.983
20050909,532.06,552650000,1339925,49976356,6992200,13.991
20050912,532.11,506888000,1350023,50004432,7002485,14.004
20050913,528.02,501045000,1399360,49643234,7005988,14.113
20050914,529.64,467896000,1237827,49796804,7054055,14.166
20050915,526.45,489853000,1363821,49546115,7073603,14.277
20050916,536.6,446104000,1283835,50511523,7282542,14.418
20050920,543.59,438354000,1391649,51187636,7370057,14.398
20050921,542.68,501889000,1484210,51112977,7321702,14.325
20050922,547.01,545243000,1631470,51537147,7419655,14.397
20050923,543.66,518187000,1528742,51240047,7297086,14.241
20050926,550.4,492501000,1431184,51886474,7353572,14.172
20050927,554.63,520020000,1591957,52300338,7428402,14.203
20050928,562.25,578346000,2067641,53005516,7535974,14.217
20050929,568.08,530859000,1678956,53534112,7641403,14.274
20050930,571.95,519084000,1744252,53966576,7717083,14.3
20051004,588.21,535130000,2050782,55504987,7956417,14.335
20051005,592.14,506766000,2236014,56005738,8001324,14.287
20051006,588.52,572341000,2283441,55666288,7933866,14.253
20051007,590.48,584758000,2102714,55854699,7885636,14.118
20051010,603.85,645069000,2321415,57115619,8069828,14.129
20051011,609.58,751898000,2437189,57882780,8148434,14.077
20051012,606.32,809211000,2599373,57581656,8072674,14.02
20051013,606.12,645835000,2136843,57465736,7975336,13.878
20051014,600.04,683073000,2341067,56987886,7779588,13.651
20051017,587.58,672684000,2522718,55846941,7559652,13.536
20051018,591.77,728832000,2337752,56473604,7702801,13.64
20051019,573.19,721896000,2169260,54734492,7503947,13.71
20051020,574.61,698694000,2203967,54884830,7519080,13.7
20051021,584.42,686371000,2075156,55871865,7735109,13.844
20051024,592.18,610776000,1968122,56627172,7866538,13.892
20051025,593.79,660521000,2213830,56898094,7836838,13.773
20051026,594.58,694062000,2073100,57006048,7815845,13.711
20051027,588.29,638062000,2008801,56446821,7700512,13.642
20051028,580.92,602086000,1914568,55822295,7636354,13.68
20051031,587.46,572477000,1801070,56535916,7698771,13.617
20051101,594.82,643684000,2007910,57255786,7868093,13.742
20051102,606.8,691528000,2317378,58400825,8036296,13.761
20051103,610.37,651978000,2289607,58755893,8108718,13.801
20051104,617.43,653183000,2076163,59473483,8301741,13.959
20051107,622.59,622557000,2145442,59963320,8312665,13.863
20051108,623.75,675817000,2291791,60107345,8234729,13.7
20051109,628.72,684866000,2427838,60338833,8156820,13.518
20051110,636.73,671106000,2492903,61098078,8384019,13.722
20051111,640.4,814952000,2755114,61780819,8426722,13.64
20051114,642.61,754446000,2486671,61967910,8461884,13.655
20051115,643.85,706967000,2340672,62215027,8471035,13.616
20051116,648.13,655223000,2198271,62672391,8521084,13.596
20051117,653.5,685130000,2363033,63205927,8563991,13.549
20051118,661.42,728272000,2541612,64146387,8653441,13.49
20051121,666.04,735562000,2644818,64603783,8677592,13.432
20051122,667.71,714318000,2524513,64880533,8696547,13.404
20051123,682.27,836495000,2908065,66335543,8909244,13.431
20051124,690.87,778870000,3043424,67206094,9021935,13.424
20051125,700.22,724935000,2737052,68201892,9240189,13.548
20051128,704.47,756479000,2946945,68757099,9190330,13.366
20051129,697.05,727479000,2835751,68383184,9060974,13.25
20051130,712.39,768209000,2977101,69909792,9192339,13.149
20051201,727.43,798910000,3173680,71408088,9397044,13.16
20051202,733.87,939412000,3446055,72261245,9491561,13.135
20051205,747.46,812415000,3095226,73616822,9558690,12.984
20051206,747.96,1004358000,3399564,73996028,9613115,12.991
20051207,729.44,971234000,3407671,72195019,9427798,13.059
20051208,725.85,878351000,2913077,71878182,9416389,13.1
20051209,726.14,842466000,3200031,71958016,9532961,13.248
20051212,733.42,779229000,2760114,72800964,9763973,13.412
20051213,738.99,748332000,2871258,73396345,9901937,13.491
20051214,743.41,748927000,2948473,73861097,9896370,13.399
20051215,741.6,866948000,3027765,73652107,9814664,13.326
20051216,716.38,845479000,2693528,71241445,9596482,13.47
20051219,723.37,764065000,2693989,71989424,9696400,13.469
20051220,718.74,814498000,3215148,71672124,9666352,13.487
20051221,722.58,816450000,2976964,72109688,9704738,13.458
20051222,694.25,832155000,2937216,69308945,9419547,13.591
20051223,691.23,794786000,2695616,69279278,9409080,13.581
20051226,698.6,700872000,2284231,69952804,9490366,13.567
20051227,688.23,797108000,2846070,69241007,9316016,13.454
20051228,691.26,585977000,1925472,69356185,9321303,13.44
20051229,701.79,663616000,2437175,70897735,9572731,13.502
20060102,727.07,616448000,2237354,73417895,9892205,13.474
20060103,735.15,788500000,3301987,74260128,9932412,13.375
20060104,740.48,911277000,3741435,74803711,10059053,13.447
20060105,736.66,781440000,2966514,74459342,10059206,13.51
20060106,747.1,748778000,3149288,75741689,10255516,13.54
20060109,753.88,775571000,3312774,76487568,10437556,13.646
20060110,744.71,770384000,3329873,75571410,10202886,13.501
20060111,744.17,661109000,2799340,75640936,10092480,13.343
20060112,742.07,687035000,3043135,75453371,9977371,13.223
20060113,746.34,635067000,2570697,75973027,10104780,13.3
20060116,754.97,649146000,2737133,76929681,10235373,13.305
20060117,739.1,759143000,3048348,75617711,9493684,12.555
20060118,708.08,842808000,3123569,72474702,9674091,13.348
20060119,705.57,730213000,2490028,72235748,9555783,13.229
20060120,665.31,853656000,2811950,68245681,9039009,13.245
20060123,601.33,745638000,2196988,61714226,8434213,13.667
20060124,618.18,798016000,2528843,63466772,8762542,13.807
20060125,641.97,750766000,2602647,65977854,9258762,14.033
20060126,653.52,573108000,1831466,67180898,9398133,13.989
20060127,677.69,617812000,2037908,69732581,9654101,13.844
20060131,690.24,597130000,2112809,71053052,9870954,13.892
20060201,661.19,731363000,2668606,68269272,9502163,13.919
20060202,664.44,641011000,2494014,68491444,9543369,13.934
20060203,641.2,591779000,2008930,66206671,9206664,13.906
20060206,644.93,597650000,1839076,66644614,9243301,13.87
20060207,650.07,690459000,2181520,67185764,9431049,14.037
20060208,643.49,731115000,2145888,66540697,9332792,14.026
20060209,649.75,692945000,2029086,67190500,9430297,14.035
20060210,655.61,683670000,1962697,67823092,9462565,13.952
20060213,653.21,645971000,2218072,67585728,9364115,13.855
20060214,653.35,613908000,2188935,67615435,9327612,13.795
20060215,639.92,648227000,2377839,66219328,9119165,13.771
20060216,645.05,543296000,1960055,66773786,9192765,13.767
20060217,649.75,622198000,2297640,67258405,9300384,13.828
20060220,656.66,562283000,2140814,67977410,9402641,13.832
20060221,661.25,649373000,2162295,68437933,9439006,13.792
20060222,660.85,625042000,2151120,68401584,9410356,13.758
20060223,668.46,648746000,2468199,69217437,9557161,13.807
20060224,672.94,667962000,2273614,69713219,9732168,13.96
20060227,682.33,646127000,2289747,70729999,9952387,14.071
20060228,682.36,717547000,2312619,70710993,9962504,14.089
20060302,679.19,649972000,2106517,70390272,9864841,14.014
20060303,665.05,756938000,2214327,69040509,9670317,14.007
20060306,669.56,592858000,1892779,69514706,9690979,13.941
20060307,658.48,715545000,2189636,68492007,9524010,13.905
20060308,657.08,661470000,2298598,68364168,9474909,13.859
20060309,665.57,790763000,2456068,69285808,9593481,13.846
20060310,668.66,705693000,2216518,69685475,9616171,13.799
20060313,672.32,631385000,2088153,70074386,9673765,13.805
20060314,667.06,568608000,1894268,69548703,9566090,13.755
20060315,663.63,586372000,1925792,69205465,9581249,13.845
20060316,655.73,605094000,1670565,68425071,9535499,13.936
20060317,652.89,533282000,1513916,68144720,9480239,13.912
20060320,655.91,528187000,1500056,68463603,9537945,13.931
20060321,657.99,531694000,1816054,68802707,9583464,13.929
20060322,645.47,546352000,1718165,67529545,9428747,13.962
20060323,645.25,581380000,1788092,67505748,9530434,14.118
20060324,644.57,562610000,1739335,67570776,9658009,14.293
20060327,644.87,505784000,1521863,67669229,9690725,14.321
20060328,637.41,564642000,1554858,66893765,9574959,14.314
20060329,640.05,567879000,1540327,67184897,9621922,14.322
20060330,653.05,596987000,1797114,68546182,9879684,14.413
20060331,665.21,602172000,1921139,69828525,10134479,14.513
20060403,677.28,628822000,1866272,71095444,10391133,14.616
20060404,680.35,601808000,1993865,71473922,10446430,14.616
20060405,688.38,667893000,2212799,72368066,10663567,14.735
20060406,693.77,662606000,2012891,72966906,10882619,14.914
20060407,694.35,603445000,1985594,73034529,10849857,14.856
20060410,695.4,580860000,1892262,73161224,10877914,14.868
20060411,691.96,649503000,2036061,72928447,10743508,14.732
20060412,690.6,623869000,1986673,72738932,10535029,14.483
20060413,697.39,596572000,2002440,73535870,10647873,14.48
20060414,704.57,639425000,2135611,74349162,10770750,14.487
20060417,702.96,655127000,2141259,74211122,10677700,14.388
20060418,702.84,730279000,2200351,74292156,10777040,14.506
20060419,701.85,706776000,2438601,74189714,10879655,14.665
20060420,694.12,635822000,2129378,73024809,10842254,14.847
20060421,701.49,574809000,2125773,73800205,11110936,15.055
20060424,695.7,554420000,1927091,73199991,10981495,15.002
20060425,689.21,540808000,1938706,72493233,10860766,14.982
20060426,693.22,532547000,1919170,72953495,11100003,15.215
20060427,693.37,508879000,1747268,73013233,11132321,15.247
20060428,685.44,490661000,1615732,72343682,10998794,15.204
20060502,687.84,440703000,1560765,72615772,11064258,15.237
20060503,689.89,455443000,1677120,72859179,11162905,15.321
20060504,689.89,435878000,1626851,72847013,11096894,15.233
20060508,691.89,551616000,1949523,73139531,11104529,15.183
20060509,686.12,488781000,1681670,72541568,11028761,15.203
20060510,683.37,437710000,1545346,72300671,10992042,15.203
20060511,689.97,430534000,1557391,72990067,11129925,15.249
20060512,686.01,436930000,1583408,72574034,11033068,15.203
20060515,675.3,449745000,1458711,71453139,10720811,15.004
20060516,662.14,472471000,1645301,70047872,10435457,14.898
20060517,671.24,457530000,1717594,71022859,10637908,14.978
20060518,650.9,517890000,1857250,68746254,10294321,14.974
20060519,658.56,491192000,1695557,69545717,10347712,14.879
20060522,643.7,524142000,1631853,67733317,9908045,14.628
20060523,640.34,508773000,1786069,67444056,9820671,14.561
20060524,636.98,544972000,1720394,67031323,9864532,14.716
20060525,620.2,446963000,1423972,65202253,9670611,14.832
20060526,633.91,420679000,1350287,66605359,9909259,14.878
20060529,638.27,435722000,1516494,67067694,10007970,14.922
20060530,630.5,450826000,1458180,66315869,9906662,14.939
20060601,612.8,430760000,1331961,64444915,9758226,15.142
20060602,612.84,451755000,1296575,64495393,9877647,15.315
20060605,598.71,394372000,1104520,63031715,9734337,15.444
20060607,562.91,462310000,1390439,59307988,9165784,15.455
20060608,559.41,427289000,1332178,59002480,9034365,15.312
20060609,578.71,393130000,1204332,61355648,9479417,15.45
20060612,585.66,348311000,969984,62180712,9627928,15.484
20060613,568.64,361167000,1035678,60431430,9300054,15.389
20060614,577.35,335372000,1002936,61387732,9328192,15.196
20060615,575.68,360579000,1140485,61291641,9206212,15.02
20060616,587.08,406042000,1282570,62555668,9431967,15.078
20060619,578.11,284891000,943442,61692294,9315272,15.1
20060620,564.78,328134000,1010332,60356329,9169303,15.192
20060621,566.31,337907000,986957,60567154,9150988,15.109
20060622,564.23,456606000,1357204,60363061,9085056,15.051
20060623,559.37,340332000,1014401,59913623,8943405,14.927
20060626,560.92,329380000,993428,60134506,8965701,14.909
20060627,566.22,395158000,1369743,60737680,9030742,14.868
20060628,563.61,342504000,1206248,60476350,8998403,14.879
20060629,576.92,367962000,1300120,62107781,9381781,15.106
20060630,590.68,403368000,1370313,63751625,9764354,15.316
20060703,589.22,484946000,1203740,63609393,9616511,15.118
20060704,585.83,477462000,1380431,63324148,9513608,15.024
20060705,575.98,437293000,1257705,62265670,9379802,15.064
20060706,570.07,356283000,1151978,61641760,9261788,15.025
20060707,573.04,392190000,1157992,62310522,9280675,14.894
20060710,576.38,311171000,982833,62667202,9363205,14.941
20060711,574.98,356795000,1132006,62567552,9243016,14.773
20060712,578.24,466733000,1292186,62974757,9398188,14.924
20060713,571.11,449381000,1318567,62249524,9220308,14.812
20060714,559.66,452400000,1297424,57849956,7483254,12.936
20060718,543.97,418668000,1110918,56255863,7274917,12.932
20060719,539.81,448335000,1223826,55887812,7251549,12.975
20060720,553.91,489148000,1174349,57386028,7505787,13.079
20060721,551.63,407103000,991461,57287371,7502300,13.096
20060724,548.68,351186000,883072,56965834,7454345,13.086
20060725,552.34,387960000,1043483,57429116,7524279,13.102
20060726,554.08,436601000,1053578,57534878,7535165,13.097
20060727,555.65,363164000,1097990,57787356,7595794,13.144
20060728,556.69,354311000,962671,57974640,7582045,13.078
20060731,557.66,326275000,932594,58094179,7585462,13.057
20060801,550.21,348306000,984200,57567047,7488617,13.009
20060802,551.44,324219000,1085418,57806959,7482344,12.944
20060803,546.15,351898000,1081314,57311351,7308879,12.753
20060804,549.75,325465000,1081783,57601816,7362575,12.782
20060807,544.84,310705000,1000111,57145509,7262833,12.709
20060808,546.48,364569000,983343,57354543,7279841,12.693
20060809,552.32,406709000,1174771,58082040,7310783,12.587
20060810,555.53,436921000,1258647,58448742,7304782,12.498
20060811,553.17,470685000,1402769,58241333,7299663,12.533
20060814,549.86,391847000,1177243,57869623,7222458,12.481
20060816,548.07,431289000,1328715,60691817,8596341,14.164
20060817,551.81,437440000,1500569,61201970,8635271,14.109
20060818,551.91,403082000,1339968,61284124,8596489,14.027
20060821,550.87,377869000,1309418,61230712,8534302,13.938
20060822,554.09,492187000,1500449,61912281,8626945,13.934
20060823,554.23,429571000,1467243,61983629,8687185,14.015
20060824,551.76,387558000,1217373,61706300,8637814,13.998
20060825,556.41,389188000,1366439,62237373,8705152,13.987
20060828,556.28,367516000,1250062,62250790,8676628,13.938
20060829,560.8,417327000,1509910,62815299,8741145,13.916
20060830,565.1,401926000,1379724,63300574,8768809,13.853
20060831,572.83,428608000,1474077,64169497,8874109,13.829
20060901,577.73,401983000,1423422,64884808,8937992,13.775
20060904,586.77,425462000,1531325,65913106,9155257,13.89
20060905,592.83,503695000,1610542,66597446,9283384,13.94
20060906,592.5,506648000,1577045,66563715,9263664,13.917
20060907,591.64,506512000,1516476,66501972,9214822,13.856
20060908,597.68,491440000,1361900,67335970,9353048,13.89
20060911,591.96,496150000,1278396,66709898,9220564,13.822
20060912,588.64,519478000,1345767,66502374,9197002,13.83
20060913,592.45,527009000,1404419,66937823,9327824,13.935
20060914,600.95,522403000,1492367,67899688,9584928,14.116
20060915,606.22,515112000,1554951,68500304,9609907,14.029
20060918,613.39,579670000,1663274,69310915,9677526,13.962
20060919,614.8,568358000,1794497,69511034,9749003,14.025
20060920,613.13,584191000,1840383,69329318,9678931,13.961
20060921,611.97,633015000,2021050,69142681,9664139,13.977
20060922,599.42,596017000,1664631,67774519,9488733,14
20060925,597.29,538744000,1508472,67558496,9426276,13.953
20060926,591.63,603106000,1779591,67039517,9301740,13.875
20060927,595.46,602627000,1850363,67479661,9406034,13.939
20060928,599.91,577041000,1719016,67978343,9545559,14.042
20060929,600.42,546334000,1524774,68092042,9552492,14.029
20061002,596.99,446866000,1342686,67701032,9508310,14.045
20061004,587.32,454290000,1379619,66666018,9266497,13.9
20061009,539.1,722453000,1985984,61221340,8874285,14.495
20061010,554.7,554571000,1527599,63040854,9057477,14.368
20061011,555.48,524370000,1409791,63143240,9053088,14.337
20061012,568.25,532324000,1467879,64620149,9186263,14.216
20061013,574.22,563302000,1720927,65358004,9194034,14.067
20061016,582.04,565903000,1612085,66245593,9305161,14.046
20061017,577.03,674598000,1989788,65714458,9293491,14.142
20061018,578.25,566872000,1543174,65912834,9309201,14.124
20061019,577.43,641109000,1750575,65829814,9338323,14.186
20061020,582.65,551513000,1621190,66532104,9371565,14.086
20061023,586.79,537708000,1518865,67282905,9476350,14.084
20061024,585.28,644928000,1940830,67429187,9436642,13.995
20061025,587.43,509641000,1616622,67698390,9439005,13.943
20061026,587.27,485307000,1609927,67690494,9499021,14.033
20061027,586.1,507128000,1504033,67654908,9511920,14.059
20061030,580.1,436876000,1320372,67024476,9375999,13.989
20061031,586.1,474954000,1319171,67735454,9519377,14.054
20061101,594.7,517335000,1501428,68819486,9635025,14
20061102,595.4,488084000,1517862,68847788,9651270,14.018
20061103,598.79,506425000,1547768,69339673,9770392,14.091
20061106,600.06,459367000,1394574,69548461,9791763,14.079
20061107,600.69,540968000,1476705,69707342,9771853,14.018
20061108,596.61,542697000,1463321,69280367,9690937,13.988
20061109,602.8,597131000,1545396,70006732,9888119,14.125
20061110,603.96,644142000,1429187,70192128,9865272,14.055
20061113,604.9,602000000,1494978,70268967,9892471,14.078
20061114,608.09,582603000,1674799,70735618,10040601,14.195
20061115,606.54,669566000,1607874,70540637,9983809,14.153
20061116,609.64,700927000,1655630,71240047,10114656,14.198
20061117,610.93,547537000,1473781,71433769,10147259,14.205
20061120,608.24,580209000,1510181,71159188,10130288,14.236
20061121,607.43,611941000,1678058,71177725,10116125,14.212
20061122,614.87,621364000,1659620,72086087,10251400,14.221
20061123,618.08,737688000,2021533,72490224,10335165,14.257
20061124,616.68,657733000,1929885,72425015,10320742,14.25
20061127,615.78,572623000,1615774,72348554,10263380,14.186
20061128,612.93,667203000,2237387,72067604,10132417,14.06
20061129,617.19,671025000,2275821,72516186,10248802,14.133
20061130,622.17,672950000,2157474,73064091,10349230,14.165
20061201,619.76,616396000,2066062,72819555,10377375,14.251
20061204,618.13,553881000,1701537,72594842,10322408,14.219
20061205,619.87,639330000,1942364,72943343,10378439,14.228
20061206,614.99,569788000,2059137,72436532,10414347,14.377
20061207,614.43,629398000,1953650,72374786,10490221,14.494
20061208,608.39,594396000,1770621,71730491,10414497,14.519
20061211,610.03,534339000,1723061,71927289,10460481,14.543
20061212,597.46,593593000,1957817,70464442,10265126,14.568
20061213,598.35,528139000,1746376,70727986,10303906,14.568
20061214,605.89,503923000,1532309,71605304,10423318,14.557
20061215,612.29,516745000,1728903,72424649,10522951,14.53
20061218,616.59,550645000,1726676,72934032,10656644,14.611
20061219,613.43,604735000,1883224,72823800,10587146,14.538
20061220,614.27,639875000,2176029,72941228,10589648,14.518
20061221,608.69,605338000,2001627,72276694,10460527,14.473
20061222,601.6,696021000,2098437,71493643,10329169,14.448
20061226,590.12,629608000,1944818,70270204,10157830,14.455
20061227,592.18,558476000,1634568,70435969,10246655,14.547
20061228,606.15,562478000,1677306,72137432,10556364,14.634
20070102,608.72,475863000,1687472,72459624,10503912,14.496
20070103,602.69,564037000,1751984,71862736,10305594,14.341
20070104,603.94,604705000,1787603,72058159,10409739,14.446
20070105,602.35,684054000,2062510,71897006,10540490,14.661
20070108,597.83,594135000,1664341,71394620,10425340,14.602
20070109,601.95,673791000,2062252,71926669,10486612,14.58
20070110,596.78,557029000,1838245,71345255,10412597,14.595
20070111,600.94,759853000,2085304,71897899,10561526,14.69
20070112,608.01,694261000,1914918,72748327,10583314,14.548
20070115,608.47,701945000,1850023,72823505,10565266,14.508
20070116,605.5,678158000,1831741,72487701,10510656,14.5
20070117,598.17,819793000,1932735,71731344,10452801,14.572
20070118,597.05,639890000,1800782,71627833,10545145,14.722
20070119,583.62,670262000,1754467,70051022,10361949,14.792
20070122,577.12,673480000,1724160,69303867,10174612,14.681
20070123,571.04,635284000,1677239,68600128,10160984,14.812
20070124,580.27,604290000,1587882,69734422,10405664,14.922
20070125,583.58,628412000,1728454,70179549,10493150,14.952
20070126,583.15,569790000,1456060,70179713,10579446,15.075
20070129,582.48,604972000,1499794,70089565,10606248,15.132
20070130,581.04,598900000,1627328,70038501,10515848,15.014
20070131,576.37,610130000,1608268,69495910,10350539,14.894
20070201,582.46,617723000,1757699,70238745,10577176,15.059
20070202,591.72,607996000,1797204,71371267,10743735,15.053
20070205,594.61,534135000,1773437,71722498,10823312,15.091
20070206,596.22,604042000,1727453,71624723,10754198,15.015
20070207,600.56,618588000,1881558,72337400,10904015,15.074
20070208,601.82,600954000,1851189,72469988,10898955,15.039
20070209,601.89,561425000,1858610,72555881,10942653,15.082
20070212,599.19,519357000,1567832,72266748,10916767,15.106
20070213,596.71,599899000,1810039,72036318,10877376,15.1
20070214,602.78,594649000,1872568,72673336,11130483,15.316
20070215,604.17,598103000,1922767,72862774,11275382,15.475
20070216,605.07,533619000,1701544,73003238,11316986,15.502
20070220,607.48,529249000,1593380,73354699,11371844,15.503
20070221,608.16,590640000,1863566,73682782,11412525,15.489
20070222,610.41,624463000,2001920,73967217,11466330,15.502
20070223,610.83,598249000,1829366,74139502,11607459,15.656
20070226,613.01,672874000,1815827,74445013,11802463,15.854
20070227,611.52,687373000,1895577,74286920,11842378,15.941
20070228,600.93,636854000,1835864,73045618,11499497,15.743
20070302,606.99,733980000,1737115,73874295,11524099,15.6
20070305,594.03,720223000,1948109,72357840,11151401,15.411
20070306,601.96,713194000,2139592,73335237,11316907,15.432
20070307,606.19,699802000,2019040,73820009,11464166,15.53
20070308,611.69,656677000,2059001,74504780,11596773,15.565
20070309,613.41,673875000,2051950,74761687,11625435,15.55
20070312,619.62,761159000,2006957,75559791,11838858,15.668
20070313,620.41,849592000,2074944,75812385,11943279,15.754
20070314,613.31,746194000,1854340,74960602,11744458,15.668
20070315,624.7,764826000,2106476,76366870,11999012,15.712
20070316,631.39,770431000,2205414,77318948,12141268,15.703
20070319,643.89,797744000,2225121,78917092,12344372,15.642
20070320,645.37,966395000,2458890,79141776,12410879,15.682
20070321,643.82,800083000,2270696,78924423,12426770,15.745
20070322,645.77,732639000,2180204,79157731,12534429,15.835
20070323,640.89,691705000,2088470,78505504,12406202,15.803
20070326,640.88,663954000,1789561,78510847,12369451,15.755
20070327,641.2,748694000,2039086,78580095,12352615,15.72
20070328,636.82,725190000,2025028,78050359,12377276,15.858
20070329,645.37,697432000,1824019,79132306,12540539,15.848
20070330,648.99,750190000,1981315,79600024,12630066,15.867
20070402,651.78,714041000,1855324,79952368,12718738,15.908
20070403,655.22,722611000,2019167,80462201,12719630,15.808
20070404,660.81,846967000,2186014,81205677,12947252,15.944
20070405,663.98,901934000,2438449,81623399,12954543,15.871
20070406,666,803979000,2168761,82110372,12958362,15.782
20070409,670.54,850007000,2281483,82677372,12998984,15.723
20070410,674.41,861732000,2561913,83188298,13066028,15.707
20070411,676.7,897132000,2580266,83591752,13092244,15.662
20070412,681.19,861551000,2513005,84152827,13093795,15.56
20070413,685.22,893229000,2624534,84690967,13166067,15.546
20070416,697.09,851100000,2589124,86223755,13443292,15.591
20070417,690.16,868563000,2542145,85465860,13520151,15.819
20070418,689.95,840873000,2504389,85466673,13551715,15.856
20070419,682.85,725894000,2261918,84658419,13364419,15.786
20070420,691.56,799679000,2161339,85809654,13560122,15.803
20070423,692.01,784623000,2266506,85929969,13521560,15.736
20070424,691.6,757660000,2269859,85882266,13505881,15.726
20070425,683.66,763101000,2265639,84990605,13311980,15.663
20070426,681.93,656339000,2122191,84852874,13391183,15.782
20070427,675.52,631272000,1979826,84126163,13330930,15.846
20070430,675.88,540757000,1632219,84115800,13366366,15.89
20070502,682.07,566470000,1747849,84913624,13452775,15.843
20070503,686.53,607298000,1857334,85412055,13456887,15.755
20070504,693.44,569874000,1817314,86272627,13583054,15.744
20070507,702.76,574509000,1846756,87506140,13839676,15.816
20070508,698.25,560339000,1878963,86999615,13719393,15.769
20070509,701.5,546718000,1915302,87371070,13785280,15.778
20070510,704.44,606221000,2129447,87767654,13958757,15.904
20070511,707.97,558519000,1835416,88277839,14047858,15.913
20070514,703.83,554175000,1779795,87787245,14037234,15.99
20070515,697.53,603093000,1804726,87067953,13984656,16.062
20070516,701.4,567463000,1640707,87593119,14007861,15.992
20070517,710.67,638613000,1831154,88833981,14180393,15.963
20070518,711.08,590104000,1678021,88993651,14161810,15.913
20070521,709.23,614897000,1664978,88808436,14124476,15.904
20070522,710.86,708719000,2006891,89553040,14280844,15.947
20070523,716.83,611765000,1922355,90464808,14411929,15.931
20070525,719.54,597533000,1721250,90751308,14287175,15.743
20070528,729.16,591099000,1782649,92020188,14468793,15.723
20070529,734.82,654264000,2093830,93283680,14639397,15.693
20070530,735.6,632502000,2174470,93079834,14720343,15.815
20070531,747.87,654453000,2109285,94710681,15224796,16.075
20070601,742.61,600166000,2482066,94243070,15385993,16.326
20070604,745.49,526922000,2146339,94591695,15389468,16.269
20070605,750.08,549916000,2215402,95454202,15478951,16.216
20070607,761.84,585450000,2325386,96977237,15561591,16.047
20070608,760.63,582382000,2358919,96879592,15476100,15.975
20070611,758.69,651740000,2517514,96733750,15284333,15.8
20070612,763.05,647676000,2121109,97285420,15391522,15.821
20070613,765.53,548609000,2210359,97639217,15465968,15.84
20070614,783.02,629668000,2469485,99911330,15993455,16.008
20070615,800.61,745813000,3000081,102187779,16479807,16.127
20070618,818.11,801176000,3234711,104450918,16792165,16.077
20070619,819.97,856554000,3216603,104906128,16730940,15.948
20070620,797.27,811952000,3251626,102161192,16193496,15.851
20070621,810.36,744303000,2762756,103878275,16279375,15.672
20070622,809.58,747582000,3205004,103904497,16238931,15.629
20070625,796.8,653279000,2491310,102265346,15948176,15.595
20070626,780.31,711662000,2653779,100377502,15772746,15.713
20070627,761.03,549731000,2038971,97950068,15429021,15.752
20070628,778.5,490398000,1830196,100343849,15923829,15.869
20070629,778.69,438259000,1844715,100383687,16008594,15.947
20070702,784.61,384106000,1593331,101552400,16174814,15.928
20070703,796.71,512896000,2217005,103106456,16465579,15.969
20070704,804.02,514496000,2275309,104374076,16794127,16.09
20070705,802.87,486093000,2262164,104231448,16791546,16.11
20070706,811.06,456181000,2278449,105508382,17006306,16.118
20070709,813.59,506890000,2369602,105871837,16988224,16.046
20070710,814.85,467290000,2025024,106106948,16891878,15.92
20070711,820.02,474039000,1935147,106741319,16999301,15.926
20070712,828.22,509805000,2431236,107803105,17181107,15.937
20070713,825.4,561699000,2523161,107543267,17065588,15.869
20070716,819.91,502723000,2036300,106844230,16921136,15.837
20070718,818.92,558053000,2213906,106849042,17005469,15.915
20070719,819.32,554743000,2124445,106931731,17020844,15.917
20070720,825.33,546270000,2115949,107884519,17086634,15.838
20070723,818.79,593194000,2131417,107104654,16866446,15.748
20070724,813.47,642435000,2254402,106486068,16735947,15.717
20070725,819.6,589984000,2041080,107376386,16962519,15.797
20070726,817.28,566549000,2059260,107244966,16959403,15.814
20070727,792.06,530053000,1991416,104201870,16381882,15.721
20070730,794.19,450350000,1705693,104706655,16186783,15.459
20070731,811.52,539469000,1916688,107028688,16708565,15.611
20070801,789.46,552660000,1902368,104143295,16254406,15.608
20070802,786.52,598165000,1920453,103819530,16092002,15.5
20070803,798.86,527009000,1660508,105292744,16365619,15.543
20070806,795.85,438554000,1559468,104929197,16354955,15.587
20070807,800.83,575813000,2035608,105679011,16512873,15.625
20070808,807.96,595250000,2104110,106627520,16852318,15.805
20070809,812.69,643659000,2239107,107237304,16931213,15.789
20070810,788.41,670137000,2224198,104036307,16250900,15.62
20070813,786.2,556513000,1739067,103765782,16188877,15.601
20070814,766.92,646124000,2122988,101222004,15801044,15.61
20070816,689.07,774936000,2238919,91051262,14374192,15.787
20070817,673.48,646573000,2151587,89142854,13737556,15.411
20070820,721.59,567357000,1879740,95657722,14712728,15.381
20070821,727.88,577273000,1864859,96540569,14890886,15.424
20070822,741.43,826413000,2539810,98386951,15252425,15.502
20070823,756.27,768211000,2567493,100379670,15734558,15.675
20070824,754.16,682356000,2171948,100246855,15573802,15.535
20070827,760.63,596743000,1933819,101291452,15733069,15.532
20070828,760.43,705554000,2155303,101308317,15795200,15.591
20070829,758.64,607990000,2022946,101186176,15851521,15.666
20070830,765.6,558442000,1879338,102182287,15938405,15.598
20070831,775.13,618557000,1887812,103548093,16201027,15.646
20070903,778.89,596975000,1874008,104227639,16376373,15.712
20070904,775.76,726569000,2334173,103860624,16333463,15.726
20070905,773.54,681436000,2190625,103629327,16359425,15.786
20070906,776.9,542590000,1694780,104025087,16328947,15.697
20070907,775.85,705591000,1986170,103803835,16270165,15.674
20070910,760.72,602755000,1796424,101906201,15911559,15.614
20070911,767.32,703503000,2185510,102772077,16042265,15.61
20070912,757.83,816501000,2270387,101650417,15974083,15.715
20070913,767.39,751047000,2031420,102910261,16260313,15.8
20070914,783.27,735119000,2290948,105194658,16743630,15.917
20070917,784.75,676549000,2171765,104621716,16560579,15.829
20070918,775.45,869140000,2596450,103390785,16527357,15.985
20070919,784.67,862305000,2564780,104627461,17142463,16.384
20070920,781.96,756422000,2367694,104208629,17191442,16.497
20070921,788.41,621138000,2070628,105039516,17413378,16.578
20070927,792.13,533785000,1930943,105563030,17457781,16.538
20070928,794.56,556305000,1999030,106006693,17522406,16.53
20071001,803.12,573161000,2051993,107598412,17648184,16.402
20071002,810.32,657128000,2560084,108616650,18091494,16.656
20071004,814.72,636291000,2467153,109248523,18362801,16.808
20071005,813.51,685673000,2544691,109275823,18434176,16.869
20071008,816.47,651631000,2767472,109778389,18827537,17.15
20071009,812.8,648556000,2564177,109347080,18597900,17.008
20071010,818.26,645108000,2473646,110127233,18735825,17.013
20071011,817.28,694089000,2601422,110129292,18803456,17.074
20071012,806.69,611227000,2204354,108819297,18639948,17.129
20071015,813.93,570828000,2567534,109722565,19097103,17.405
20071016,792.73,621503000,2597566,107093035,18893868,17.642
20071017,780.22,587575000,2248977,105495394,18478510,17.516
20071018,792.2,430642000,1845538,107167968,18873750,17.611
20071019,786.93,497207000,1808285,107399348,18695860,17.408
20071022,768.9,472458000,1944368,104902274,18197311,17.347
20071023,789,502030000,2373843,107741058,18895819,17.538
20071024,781.79,596220000,2535511,106799688,18944925,17.739
20071025,793.7,471684000,2268858,108601154,19662071,18.105
20071026,799.06,485965000,2014496,109385587,19792949,18.095
20071029,807.31,456532000,1920212,110475090,20061733,18.16
20071030,804.99,430798000,1895657,110198563,19938946,18.094
20071031,810.07,539900000,1982184,110790936,20010702,18.062
20071101,809.5,498875000,1833147,110707704,20040931,18.103
20071102,797.66,459146000,1905715,109185323,19608947,17.959
20071105,794.65,411627000,1748193,108785619,19493770,17.919
20071106,800.92,470613000,2092604,109770197,19701348,17.948
20071107,794.08,512764000,2272948,108809659,19709262,18.114
20071108,779.65,497546000,2231319,106887124,19190297,17.954
20071109,779.04,473420000,2113159,106508977,18941814,17.784
20071112,754.73,425546000,1782776,103267342,18195880,17.62
20071113,756.59,465568000,1769785,103628524,18332324,17.69
20071114,764.15,414859000,1634511,104938954,18668473,17.79
20071115,751.27,449015000,1665305,103167838,17992674,17.44
20071116,755.29,379356000,1447715,103848645,18188382,17.514
20071119,750.79,354474000,1307062,103198511,17780149,17.229
20071120,739.47,415649000,1644027,101983159,17399301,17.061
20071121,727.33,436429000,1553087,100327893,17413467,17.357
20071122,722.04,401362000,1482853,99560538,17409097,17.486
20071123,700.68,479946000,1841224,97801155,17035019,17.418
20071126,721.41,422595000,1358067,100729508,17832214,17.703
20071127,725.55,491136000,1883806,101449960,18353223,18.091
20071128,723.54,462007000,1675350,101198036,18319156,18.102
20071129,734.92,481814000,1793623,102826078,18677490,18.164
20071130,741.84,460673000,1788856,103817883,18647865,17.962
20071203,736.93,479389000,1682493,103127786,18181995,17.631
20071204,747.53,542658000,1866576,104630089,18708756,17.881
20071205,749.95,575767000,2401700,105396753,18704794,17.747
20071206,751.57,613975000,2147283,105660151,18643621,17.645
20071207,747.65,624437000,2285850,105328448,18502199,17.566
20071210,739.19,586075000,1626378,104133418,18371727,17.642
20071211,734.33,616513000,1723093,103602769,18263748,17.629
20071212,729.52,640360000,2720881,102960962,18165478,17.643
20071213,733.68,534815000,1605170,103629665,18437937,17.792
20071214,725.53,632387000,1715002,102360805,17869084,17.457
20071217,702.49,480324000,1747291,99212661,17102795,17.239
20071218,709.47,503047000,1642380,100375815,17394950,17.33
20071220,700.69,455592000,1752135,99297533,17261376,17.383
20071221,697.46,430278000,1444218,98903668,17237910,17.429
20071224,698.73,433650000,1517153,99100721,17321216,17.478
20071226,692.02,429922000,1541742,98201166,16939607,17.25
20071227,699.65,436357000,1482102,99124378,17353800,17.507
20071228,704.23,383214000,1279721,99875792,17307136,17.329
20080102,707.12,381238000,1288158,100295699,17421292,17.37
20080103,714,470345000,1695373,101355043,17825299,17.587
20080104,719.25,448163000,1795208,102164958,17979034,17.598
20080107,711.77,436462000,1698072,101129113,17804992,17.606
20080108,709.31,510581000,1597739,100805478,17756479,17.615
20080109,712.71,473763000,1701832,101372567,18062934,17.818
20080110,713.36,470656000,1722940,101602509,18108610,17.823
20080111,699.24,451043000,1663537,99723314,17650378,17.699
20080114,688.59,430806000,1375594,98224230,17440204,17.756
20080115,673.25,467169000,1530679,96115828,16872105,17.554
20080116,651.36,447651000,1428688,93028523,16097321,17.304
20080117,651.91,440366000,1401344,93119554,15871049,17.044
20080118,666.32,477171000,1356073,95292286,16490126,17.305
20080121,651.87,482616000,1426854,93286337,16090572,17.249
20080122,614.8,622762000,1853869,87995770,15241185,17.32
20080123,619.98,493160000,1556165,88796047,15399608,17.343
20080124,638.98,529095000,1525911,91539569,15890183,17.359
20080125,653.78,549676000,1650301,93841296,16347131,17.42
20080128,634.52,519670000,1562834,91084888,15648955,17.181
20080129,632.67,587365000,1802649,90836361,15614763,17.19
20080130,603.11,604322000,1578591,86698064,14583827,16.821
20080131,608.84,469963000,1315429,87561038,14863831,16.975
20080201,612.57,515212000,1236661,88102361,14930487,16.947
20080204,638.38,444355000,1342557,91896588,16086375,17.505
20080205,642.35,443597000,1209669,92509246,16074271,17.376
20080211,629.94,421577000,1052400,90753872,15502643,17.082
20080212,636.29,481673000,1197349,91791950,15592247,16.987
20080213,635.89,576227000,1386614,91727357,15483276,16.88
20080214,649.53,539617000,1412102,93723846,15945576,17.013
20080215,651.57,437420000,1311264,94051749,15972830,16.983
20080218,654.71,504744000,1446525,94512448,15990131,16.919
20080219,660.75,588663000,1682196,95392729,16104371,16.882
20080220,652.76,520212000,1760205,94277039,15901947,16.867
20080221,654.41,547684000,1735970,94764664,16003982,16.888
20080222,653.12,489300000,1481471,94611934,16019812,16.932
20080225,653.83,477933000,1397793,94722229,16117187,17.015
20080226,656.43,541547000,1721135,95101028,16358345,17.201
20080227,655.05,527511000,1533652,94906185,16230162,17.101
20080228,659.28,506247000,1406119,95534549,16247739,17.007
20080229,655.94,468260000,1277453,95074222,15991063,16.82
20080303,644.51,477603000,1265293,93459250,15494033,16.578
20080304,645.39,501558000,1440487,93601003,15452325,16.509
20080305,645.43,497004000,1391986,93686172,15494666,16.539
20080306,652.55,464613000,1314689,94715848,15825728,16.709
20080307,643.75,483148000,1246118,93466461,15505752,16.59
20080310,622.6,493202000,1270311,90423550,14991394,16.579
20080311,627.14,442749000,1190176,91091012,15017648,16.486
20080312,631.29,501584000,1376343,91753538,15165802,16.529
20080313,621.81,505118000,1173684,90373052,15014967,16.614
20080314,617.71,447837000,1126186,89792253,14927808,16.625
20080317,600.68,368371000,985323,87426563,14506776,16.593
20080318,600.1,414503000,1116167,87342837,14314847,16.389
20080319,612.13,418006000,1156203,89105617,14722902,16.523
20080320,609.32,372369000,1018273,88709353,14493978,16.339
20080321,615.93,458124000,1098585,89677507,14699854,16.392
20080324,619.6,382623000,1047811,90207975,14731210,16.33
20080325,628.22,515445000,1429826,91499487,15261310,16.679
20080326,628.38,519279000,1421298,91594711,15305631,16.71
20080327,629.61,491657000,1326015,91782509,15406767,16.786
20080328,636.67,600543000,2508424,91631659,14562423,15.892
20080331,644.45,460506000,1316513,92779748,14823569,15.977
20080401,643.46,500675000,1780968,92629827,14830470,16.01
20080402,647.92,563183000,1849148,93413745,15095889,16.16
20080403,649.26,486400000,1661778,93621477,15030171,16.054
20080404,648.49,501313000,1549900,93591919,14947457,15.971
20080407,654.1,526447000,1614705,94356667,15181077,16.089
20080408,651.83,584152000,1593998,94112005,15110513,16.056
20080410,652.68,494047000,1379383,94231748,15205598,16.136
20080411,651.87,546154000,1600612,94127424,15181147,16.128
20080414,641.03,473106000,1357851,92567867,14950473,16.151
20080415,641.87,476329000,1275027,92812537,14952621,16.111
20080416,641.71,492289000,1356677,92798247,14809820,15.959
20080417,641.6,503829000,1436350,92788809,14801927,15.952
20080418,643.75,558554000,1465201,93128623,14907088,16.007
20080421,650.06,505774000,1328656,91662193,14368878,15.676
20080422,650.58,507986000,1412697,91758983,14443628,15.741
20080423,650.68,527614000,1371857,91812405,14356114,15.636
20080424,648.79,497000000,1270628,91605082,14404279,15.724
20080425,654.7,404826000,1169586,92507007,14649824,15.836
20080428,647.6,418975000,1231579,91554011,14461963,15.796
20080429,644.4,454521000,1313282,91110009,14373586,15.776
20080430,647.02,396642000,1334064,91445497,14425103,15.775
20080502,655.8,409666000,1276334,92798042,14799498,15.948
20080506,652.91,376566000,1185202,92396955,14461662,15.652
20080507,645.62,515046000,1693913,91577395,13907689,15.187
20080508,649.29,396800000,1370911,92111416,13990276,15.188
20080509,653.29,417598000,1314757,92643520,14215896,15.345
20080513,655.44,421392000,1345835,93039059,14225566,15.29
20080514,652.14,457221000,1485551,92597174,14130221,15.26
20080515,653.54,460265000,1385459,92975902,14134629,15.202
20080516,652.56,514368000,1415043,92917743,14172572,15.253
20080519,652.65,485083000,1314402,92968440,14363419,15.45
20080520,650.1,445190000,1376294,92793100,14273786,15.382
20080521,645.48,437844000,1281327,92188027,14167924,15.369
20080522,647.15,400581000,1320731,92418158,14166070,15.328
20080523,649,403859000,1288788,92797073,14297079,15.407
20080526,641.1,379956000,1121049,91877047,14105997,15.353
20080527,644.38,414550000,1252902,92355621,14238758,15.417
20080528,640.96,437712000,1366352,91919952,14102663,15.342
20080529,646.8,444414000,1445998,92681103,14156690,15.275
20080530,652.15,460770000,1378658,93545102,14300744,15.288
20080602,651.11,397089000,1248853,93403173,14191395,15.194
20080603,643.67,588840000,1452297,92428953,13976812,15.122
20080604,645.85,479913000,1401804,92842000,13918531,14.992
20080605,644.09,466107000,1282811,92650797,13803323,14.898
20080609,637,429584000,1241443,91689383,13569231,14.799
20080610,626.01,523705000,1542582,90173489,13277698,14.725
20080611,628.67,553850000,1593610,90574100,13250621,14.63
20080612,624.2,550088000,1527334,89946411,13054791,14.514
20080613,622.15,551383000,1456068,89769583,13163145,14.663
20080616,621.02,516160000,1252382,89635856,13194508,14.72
20080617,612.41,538571000,1307648,88399058,12837682,14.522
20080618,614.83,529763000,1285719,88737525,12874005,14.508
20080619,610.99,479526000,1268104,88370893,12734073,14.41
20080620,609.16,464996000,1161676,88150319,12637135,14.336
20080623,605.71,465777000,1210863,87729807,12474784,14.22
20080624,600.36,508931000,1407010,86986311,12307585,14.149
20080625,601.72,510642000,1185786,87234216,12333816,14.139
20080626,602.74,493613000,1292255,87406734,12435621,14.227
20080627,594.63,525982000,1434498,86478750,12290553,14.212
20080630,590.19,463113000,1248817,85870509,12325117,14.353
20080701,580.77,586164000,1461027,84701459,12129718,14.321
20080702,556.79,640655000,1574699,81300361,11746274,14.448
20080703,546.49,548215000,1351275,79810619,11476589,14.38
20080704,538.3,427074000,1178254,78654425,11016067,14.006
20080707,534.17,430256000,1046008,78090015,10961341,14.037
20080708,515.92,561047000,1352560,75424551,10652908,14.124
20080709,522.29,462829000,1142562,76362050,10976591,14.374
20080710,531.61,507555000,1059609,77819788,11199169,14.391
20080711,542.96,578876000,1200184,79555754,11303030,14.208
20080715,523.02,562183000,1221621,76642798,10574427,13.797
20080716,520.84,558327000,1243874,76331185,10530376,13.796
20080717,527.81,589071000,1239649,77509509,10763118,13.886
20080718,522.53,639935000,1199226,76794053,10583630,13.782
20080721,531.25,518419000,1146545,78100197,10764965,13.784
20080722,529.73,617991000,1242805,77891916,10750464,13.802
20080723,536.23,630609000,1449005,78923209,10848947,13.746
20080724,546.65,641287000,1436879,80477189,11254958,13.985
20080725,543.26,636098000,1327787,80014764,11223476,14.027
20080728,544.05,596697000,1147470,80141239,11071342,13.815
20080729,535.36,715283000,1437201,78879344,10924336,13.849
20080730,538.53,621591000,1281680,79374629,11023472,13.888
20080731,539.44,614923000,1230504,79586569,11115571,13.967
20080801,535.76,450505000,1026104,79340962,11118790,14.014
20080804,526.49,490589000,962721,77983368,10933195,14.02
20080805,519.1,540149000,1088397,76906155,10759951,13.991
20080806,525.75,504817000,1093554,77943473,10975871,14.082
20080807,527.15,552625000,1197951,78143165,11087132,14.188
20080808,525.54,497810000,1078757,77985557,10771338,13.812
20080811,527.12,425082000,901091,78241218,10834642,13.848
20080812,526.46,532827000,1124692,78207321,10928391,13.974
20080813,521.72,509790000,1059138,77537399,10691722,13.789
20080814,522.81,472518000,1044346,77713300,10716270,13.789
20080818,517.04,411263000,976175,76861743,10500058,13.661
20080819,507.81,519293000,1148359,75490171,10233273,13.556
20080820,504.88,489628000,1151135,75199192,10114348,13.45
20080821,495.15,486415000,1105991,73765617,9957084,13.498
20080822,483.47,469034000,1028016,72006988,9801724,13.612
20080825,484.37,379504000,876347,72148533,9991517,13.849
20080826,477.06,402908000,912496,71084861,9817844,13.811
20080827,474.66,445567000,1007979,70702671,9859492,13.945
20080828,470.08,472229000,996050,70077532,9783706,13.961
20080829,470.28,400160000,845255,70126371,9702923,13.836
20080901,439.21,446963000,909896,65508945,9165678,13.991
20080902,418.14,507987000,1062747,62437739,8870841,14.207
20080903,426.37,479960000,1003446,63710151,9190161,14.425
20080904,438.44,497685000,1018977,65522337,9375642,14.309
20080908,459.42,453414000,1069002,68660035,9807967,14.285
20080910,451,376257000,984983,67464539,9137436,13.544
20080912,466.91,421082000,1037843,69948690,9410193,13.453
20080916,429.29,456370000,1132602,64323069,8812598,13.701
20080917,444.93,487447000,995851,66692521,9086432,13.624
20080918,433.76,510169000,1122387,65060875,8790209,13.511
20080919,446.46,542774000,1177525,66990104,9108021,13.596
20080922,441.13,472086000,1063141,66195494,8868620,13.398
20080923,445.72,502260000,1143574,66909992,8920716,13.332
20080924,448.8,511255000,1119626,68377619,9015415,13.185
20080925,451.03,490924000,1243463,68740058,9055286,13.173
20080926,448.34,512693000,1255554,68368942,8964136,13.111
20080929,446.05,497050000,998495,68027998,8979474,13.2
20080930,440.77,566830000,1311919,67264581,8777565,13.049
20081001,440.95,483928000,1367801,67287948,8657869,12.867
20081002,432.1,456244000,1120935,65935914,8360448,12.68
20081006,406.39,455103000,1046177,61982274,7748492,12.501
20081007,401.95,476054000,984848,61342320,7646177,12.465
20081008,371.47,453554000,914976,56669530,7032757,12.41
20081009,369.84,443256000,904722,56439720,6989729,12.384
20081010,350.28,449716000,789168,53471862,6722105,12.571
20081013,368.17,373758000,749660,56199185,7015286,12.483
20081014,396.32,453839000,974327,60552533,7716469,12.743
20081015,390.28,422708000,970519,59646769,7554239,12.665
20081016,354.43,437798000,886868,54228597,6866466,12.662
20081017,352.18,445671000,845670,53996779,6815892,12.623
20081020,353.09,369699000,668858,54138477,6889869,12.726
20081021,350.97,387302000,752715,53825423,6875038,12.773
20081022,335.53,423299000,781868,51478071,6560750,12.745
20081023,308.95,377223000,691839,47397218,6116075,12.904
20081024,276.68,399801000,668100,42513081,5631312,13.246
20081027,261.19,397188000,633653,40168425,5577532,13.885
20081028,272.43,518498000,816215,41904404,5678743,13.552
20081029,265.59,620129000,923357,40849446,5542860,13.569
20081030,296.05,534073000,835707,45542487,6202522,13.619
20081031,308.03,527003000,867813,47431917,6474693,13.65
20081103,325.56,553212000,933034,50168310,6849963,13.654
20081104,335.49,559113000,1094093,51700010,6884538,13.316
20081105,340.85,695482000,1552709,52522649,6752255,12.856
20081106,311.96,571577000,1083696,48079863,6210518,12.917
20081107,325.54,642203000,1289091,50180536,6383886,12.722
20081110,332.17,543039000,1059031,51221467,6545248,12.778
20081111,325.74,501189000,1070853,50231207,6347606,12.637
20081112,323.24,510052000,959265,49863696,6336670,12.708
20081113,311.55,531279000,981139,48057245,6214156,12.931
20081114,317.45,481853000,872288,49007114,6297312,12.85
20081117,314.98,460851000,825350,48636632,6063423,12.467
20081118,305.26,479444000,888826,47162778,5665125,12.012
20081119,297.41,591258000,964919,45942308,5436257,11.833
20081120,273.06,557095000,941525,42176436,4952378,11.742
20081121,290.12,592597000,989084,44832071,5458777,12.176
20081124,284.5,532671000,871675,43971014,5210388,11.85
20081125,287.39,545055000,879582,44448880,5384954,12.115
20081126,295.51,572311000,899692,45708831,5559500,12.163
20081127,304.36,549878000,1112040,47095509,5840005,12.4
20081128,307.48,556454000,1053527,41912814,3443067,8.215
20081201,308.2,532713000,1016681,42044637,3411732,8.115
20081202,299.58,556625000,1076447,40836472,3275608,8.021
20081203,301.44,486546000,947350,41090429,3289401,8.005
20081204,298.92,561808000,1108950,40762655,3303479,8.104
20081205,302.16,515919000,1058637,41269469,3335857,8.083
20081208,316.71,557627000,1107938,43263373,3581632,8.279
20081209,318.25,642410000,1476848,43556872,3610315,8.289
20081210,324.15,573778000,1354937,44391751,3672776,8.274
20081211,328.49,611854000,1249863,44993785,3711694,8.249
20081212,320.07,713395000,1491205,43973992,3595975,8.178
20081215,335.15,684621000,1086393,46050177,3800497,8.253
20081216,337.85,665385000,1305009,46485995,3817342,8.212
20081217,338.83,775402000,1653958,46619744,3826884,8.209
20081218,340.3,758673000,1516435,46832992,3859176,8.24
20081219,342.45,685281000,1227910,47257874,3871609,8.193
20081222,346.04,655335000,1388722,47790180,3878938,8.117
20081223,338.76,717266000,1502792,46782955,3795857,8.114
20081224,333.73,662147000,1224849,46278113,3745942,8.094
20081226,332.26,513210000,1069318,46109455,3721426,8.071
20081229,329.18,523108000,878176,45594944,3706701,8.13
20081230,332.05,617541000,1105025,46124611,3766993,8.167
20090102,339.76,399493000,847038,47215908,3845602,8.145
20090105,342.77,589407000,1229173,47708679,3877715,8.128
20090106,348.41,665034000,1407173,48503197,3950112,8.144
20090107,356.13,641699000,1553772,49674889,4042086,8.137
20090108,356.52,573191000,1402059,49738258,4018359,8.079
20090109,358.48,671572000,1396502,50022863,4032346,8.061
20090112,351.35,714255000,1291610,49102513,3893368,7.929
20090113,355.13,675688000,1298885,49640761,3938546,7.934
20090114,364.63,657098000,1480275,51000326,4097546,8.034
20090115,343.35,659844000,1653071,48016235,3826390,7.969
20090116,354.6,596587000,1310428,49682199,3961855,7.974
20090119,363.13,597104000,1397088,50879205,4085426,8.03
20090120,358.19,666175000,1340876,50302176,4027995,8.008
20090121,352.43,543430000,1161025,49504871,3971134,8.022
20090122,358.58,524741000,1162535,50372209,4038931,8.018
20090123,352.83,502625000,1163223,49691607,3958913,7.967
20090128,361.68,462869000,1115427,50947754,4008372,7.868
20090129,363.98,554106000,1275245,51277198,4040175,7.879
20090130,364.9,522306000,1165132,51474315,4010472,7.791
20090205,373.49,650616000,1638509,52601959,4009039,7.621
20090206,378.79,623137000,1485241,53304168,4015612,7.533
20090209,376.83,620281000,1319010,53024949,3969480,7.486
20090210,380.26,676845000,1400199,53554752,3974628,7.422
20090211,383.41,647817000,1625326,54000532,3955444,7.325
20090212,385.92,665320000,1563439,54359571,3990252,7.34
20090213,395.69,829768000,1861852,55787523,4075736,7.306
20090216,402.87,843015000,2146962,56807215,4113586,7.241
20090217,383.17,978626000,2222956,54115639,3867021,7.146
20090218,390.07,990903000,2165098,55093287,3848101,6.985
20090219,384.67,1024559000,2499823,54353524,3832164,7.05
20090220,367.14,968218000,1959644,51891562,3710611,7.151
20090223,375.57,694721000,1590467,53093884,3765688,7.093
20090224,370.11,645197000,1726168,52489271,3729944,7.106
20090225,362.08,769986000,1633059,51354861,3673131,7.152
20090226,358.65,671722000,1658320,50872670,3680047,7.234
20090227,363.21,502871000,1182220,51523435,3732981,7.245
20090302,349.71,642043000,1114560,49661966,3583536,7.216
20090303,347.76,681308000,1347692,49369894,3563624,7.218
20090304,359.9,622713000,1389575,51108019,3664454,7.17
20090305,362.16,704844000,1702419,51437004,3663938,7.123
20090306,365.18,637856000,1870915,51864966,3688582,7.112
20090309,378.73,645157000,1743693,53775041,3815334,7.095
20090310,377.92,756404000,1920734,53685780,3800817,7.08
20090311,385.69,783250000,1778383,54797555,3876880,7.075
20090312,386.59,810825000,1618187,54940100,3880472,7.063
20090313,389.27,883716000,1700955,55382867,3903249,7.048
20090316,387.77,663939000,1523009,55207365,3879363,7.027
20090317,394.66,654321000,1482226,56253612,3916548,6.962
20090318,398.6,725318000,1820923,56854424,3933460,6.918
20090319,393.94,807123000,1553706,56191393,3840915,6.835
20090320,400.71,694608000,1384989,57189856,3899707,6.819
20090323,409.23,627948000,1489859,58400975,3973967,6.805
20090324,412.39,596406900,1614865,58848163,4017121,6.826
20090325,419.29,682219700,1656515,59813568,4076175,6.815
20090326,427.27,652273500,1989523,60962305,4137232,6.787
20090327,421.24,792309900,2140256,60145856,4089799,6.8
20090330,412.01,602087600,1590976,58813873,3993902,6.791
20090331,421.44,647406800,1735152,60255999,4084047,6.778
20090401,430.97,654447900,1863778,61616801,4193419,6.806
20090403,439.16,672773900,1941185,62789560,4275176,6.809
20090406,447.94,732288500,2329251,64064421,4330903,6.76
20090407,458.57,719623600,2830375,65811029,4445616,6.755
20090408,460.83,794758800,2615646,66163248,4479353,6.77
20090409,481.45,917302100,2948041,69176270,4699088,6.793
20090410,493.26,917536400,3220490,71031181,4809950,6.772
20090413,507.23,923669000,3519650,73080134,4887471,6.688
20090414,508.68,1106005600,4010360,73431761,4836826,6.587
20090415,502.2,1075955000,3946829,72594269,4763557,6.562
20090416,497.52,881776200,3368338,71965974,4712834,6.549
20090417,483.8,901348400,2965994,70277317,4551741,6.477
20090420,491.94,793098600,2263654,71406224,4586715,6.423
20090421,497.19,800309000,2394254,72204522,4676372,6.477
20090422,509.9,935897200,3004641,74053478,4759863,6.428
20090423,514.09,861108800,2948739,74734812,4828610,6.461
20090424,507.5,867520700,2905177,73757892,4756803,6.449
20090427,505.97,770937800,2777897,73553758,4691746,6.379
20090428,479.37,977880600,3160869,69898004,4478710,6.407
20090429,494.47,755655400,2740970,72100568,4635640,6.429
20090430,500.98,668331500,2629956,73246022,4712967,6.434
20090504,507.01,552075500,1983089,74000632,4745030,6.412
20090506,510.02,669879800,2306040,74420913,4724321,6.348
20090507,513.95,727216200,2526655,75024682,4806912,6.407
20090508,517.83,803729200,2540218,75613178,4839095,6.4
20090511,523.91,776552000,2513057,76526395,4841165,6.326
20090512,526.18,929314200,3081633,76956582,4852226,6.305
20090513,535.95,1004448400,3327626,78388919,4955601,6.322
20090514,536.78,990774200,3127816,78510583,4925559,6.274
20090515,543.54,1188167800,3924560,79673469,4971995,6.24
20090518,545.01,1087564800,3057659,79909128,5008140,6.267
20090519,553.77,988766400,3313206,81802481,4952342,6.054
20090520,562.57,1279570400,4221475,83173349,5252552,6.315
20090521,559.15,1199803900,3939038,82995833,5225292,6.296
20090522,554.09,1167341800,3720236,82363456,5253194,6.378
20090525,542.08,1533941100,3608069,80625123,5174096,6.417
20090526,536.54,1113040700,3232492,79887546,5161889,6.461
20090527,524.33,1286860100,3213663,78109644,5075861,6.498
20090528,521.11,1043778300,2726071,77826299,5067427,6.511
20090529,528.8,919809700,2320328,78994503,5200478,6.583
20090601,539.56,757135600,2245576,80622408,5298583,6.572
20090602,538.69,883329900,2651586,80530657,5303930,6.586
20090603,541.25,1044901700,2505527,81175448,5251441,6.469
20090604,528,933099000,2456577,79218889,5099303,6.437
20090605,529.11,1240368600,2381617,79486042,5126953,6.45
20090608,529.11,1018837600,2258041,79456320,5081089,6.395
20090609,517.96,1158813200,2745605,77937520,4971700,6.379
20090610,520.36,1002200500,2343876,78351287,5015332,6.401
20090611,520.6,900435200,2196680,78420210,5048518,6.438
20090612,524.26,823206900,2074449,78994520,5063565,6.41
20090615,519.63,822747000,1847873,78394895,5036623,6.425
20090616,520.93,885047300,1951109,78278715,5041356,6.44
20090617,517.37,964703000,2244182,77773192,5006718,6.438
20090618,513.22,742619000,1895838,77078413,4999101,6.486
20090619,510.27,1060091300,1894529,76657773,4960037,6.47
20090622,513.13,803510700,1647912,77160815,4966958,6.437
20090623,498.03,854026000,1855259,74841881,4796503,6.409
20090624,495,851687400,1852785,74487759,4766249,6.399
20090625,504.03,790735200,1775078,75778936,4856603,6.409
20090626,503.34,929565100,1945847,75728934,4854693,6.411
20090629,491.64,712774000,1607575,74037653,4713892,6.367
20090630,485.15,931848200,2045953,73129992,4659195,6.371
20090701,491.17,716239700,1670845,74079509,4704167,6.35
20090702,496,675560600,1686970,74908584,4761756,6.357
20090703,501.82,700424200,1734708,75857095,4804469,6.334
20090706,505.42,634072700,1909559,76410697,4810929,6.296
20090707,508.76,932688100,2156727,76893810,4858920,6.319
20090708,505.69,724046600,2192369,76527291,4808728,6.284
20090709,502.8,689787000,2146958,76047683,4826858,6.347
20090710,495.27,743650100,2216821,74952668,4726391,6.306
20090713,476.05,744743900,1984248,72196575,4513785,6.252
20090714,476.25,670079400,1811481,72605739,4573398,6.299
20090715,486.67,777153400,1829648,74264602,4682416,6.305
20090716,482.28,733630600,2011323,73075151,4614763,6.315
20090720,493.62,629903000,1811690,74888491,4770135,6.37
20090721,495.91,715821800,2101622,75433514,4805132,6.37
20090722,497.77,812875900,2226978,75775955,4812740,6.351
20090723,497.89,791009800,2126881,75800370,4824599,6.365
20090724,500.02,788892100,1881679,76181722,4882733,6.409
20090727,504.65,722179800,2014651,76874456,4954802,6.445
20090728,504.16,812303900,2284503,76919043,4965236,6.455
20090729,501.57,911395100,2299445,76579482,4942209,6.454
20090730,502.9,814029300,2014134,77410029,4947443,6.391
20090731,504.35,793612500,2026896,77673648,4981216,6.413
20090803,510.56,696388900,2062485,77507689,4942570,6.377
20090804,508.72,706462500,2339725,77189936,4894057,6.34
20090805,508.99,710270300,2166701,77290471,4909282,6.352
20090806,509.26,749698900,2022245,77371551,4898555,6.331
20090807,512.7,773953900,2034262,77925679,4911955,6.303
20090810,516.7,759828200,2127209,78584897,4949173,6.298
20090811,519.52,873231600,2288168,79011033,4989565,6.315
20090812,522.62,804134300,2256943,79536881,5028957,6.323
20090813,531.71,989430200,3195805,80954742,5014082,6.194
20090814,531.12,886908100,2681872,80866827,5017709,6.205
20090817,517.83,758391200,2556521,78819396,4870215,6.179
20090818,511.53,929777300,2697620,77826921,4822130,6.196
20090819,510.2,784841800,2571058,77660312,4796016,6.176
20090820,516.77,837745700,2824730,78739455,4875461,6.192
20090821,512.14,731176400,2531009,78080860,4828035,6.183
20090824,511.36,835946200,2648691,78039952,4844137,6.207
20090825,510.69,848806800,3052139,77987529,4880885,6.259
20090826,516.96,817293800,2715316,79010057,4975495,6.297
20090827,513.6,837413300,2713485,78496755,4926241,6.276
20090828,520.19,794644000,2596710,79787142,5027080,6.301
20090831,514.7,991865700,2787420,79577375,5071949,6.374
20090901,516.27,869972800,2761955,79766539,5068278,6.354
20090902,517.73,811820800,2763676,80015771,5060096,6.324
20090903,516.95,851471500,2609425,79935858,5078124,6.353
20090904,518.82,844007300,2345220,80253698,5151420,6.419
20090907,525.61,744811900,2433681,81307557,5219265,6.419
20090908,526.85,969332400,2925509,81502341,5217127,6.401
20090909,520.2,1193531100,2791586,80536676,5178813,6.43
20090910,525.01,888943200,2184322,81282592,5245956,6.454
20090911,528.26,864259100,2677395,81794924,5327020,6.513
20090914,526.88,881749200,2171037,81607558,5311068,6.508
20090915,531.58,708948200,2569029,82412351,5327555,6.465
20090916,531.56,808242300,2679674,82453176,5323735,6.457
20090917,528.13,833950600,2754636,81919590,5321096,6.496
20090918,531.53,733463000,2470219,82489676,5402544,6.549
20090921,533.1,655396900,2071358,82965606,5444794,6.563
20090922,536.97,755973500,2332717,83652685,5536281,6.618
20090923,528.98,817635700,2509259,82393103,5419830,6.578
20090924,518.77,800038100,2210793,80758825,5327623,6.597
20090925,516.52,721277000,2005717,80667073,5337941,6.617
20090928,511.61,659393200,1719406,79926314,5319408,6.655
20090929,512.2,655851000,1716659,80170853,5388724,6.722
20090930,505.94,658279800,1903849,79222497,5326921,6.724
20091001,502.55,564168000,1621833,78705443,5305822,6.741
20091005,497.83,578222300,1597049,78078954,5244106,6.716
20091006,494.42,593125100,1905287,78368304,5167872,6.594
20091007,491.37,613344000,1985008,78056449,5088376,6.519
20091008,496.96,586635600,1778280,78982346,5168300,6.544
20091009,506.29,553421100,1819601,80521012,5326896,6.616
20091012,510.21,548816900,1487156,81168430,5383430,6.632
20091013,508.37,665080900,1746808,80928724,5369433,6.635
20091014,512.04,594253400,1622341,81675281,5446748,6.669
20091015,510.46,619475900,1660906,81508954,5477616,6.72
20091016,508.26,708876100,1848626,81156621,5495017,6.771
20091019,508.95,546116500,1371957,81308034,5521840,6.791
20091020,509.76,698057000,1861542,81489056,5535121,6.792
20091021,508.62,647371000,1778986,81368384,5527178,6.793
20091022,503.78,664113000,1972554,80617489,5482585,6.801
20091023,503.91,752453400,1707317,80698484,5503625,6.82
20091026,504.77,630437700,1469125,80856078,5572968,6.892
20091027,502.3,712814100,1871503,80698776,5615875,6.959
20091028,488.82,855342700,2258269,78626299,5477737,6.967
20091029,482.34,701877800,1810024,77526088,5380033,6.94
20091030,486.46,683545800,1571933,77904257,5370856,6.894
20091102,479.25,648734100,1520481,76762563,5299915,6.904
20091103,478.76,813123900,1771616,76711396,5333040,6.952
20091104,483.87,802396400,1755338,77561605,5397900,6.96
20091105,479.46,737996400,1689938,76867817,5346832,6.956
20091106,482.7,713590000,1611548,77481633,5359343,6.917
20091109,484.45,705579400,1486805,77823971,5397416,6.935
20091110,482.94,807697100,1861233,77689087,5399333,6.95
20091111,485.62,664520400,1443006,78165711,5481783,7.013
20091113,481.57,681829300,1373328,77580153,5448686,7.023
20091116,475.74,697085900,1487363,77028606,5406385,7.019
20091117,471.95,729163700,1653867,76412767,5436544,7.115
20091118,472.54,737737700,1731875,76509796,5466273,7.145
20091119,475.77,713288600,1581379,77051304,5542242,7.193
20091120,479.43,671897200,1488693,77672773,5604259,7.215
20091123,479.8,814379100,1564542,77752996,5656340,7.275
20091124,475.39,998718500,1783690,77076689,5601641,7.268
20091125,476.56,788922000,1685275,77291487,5627665,7.281
20091126,473.82,710199600,1591009,76886493,5567267,7.241
20091127,451.67,788306100,1718407,73313592,5356251,7.306
20091130,464.32,620612400,1391210,75403861,5525485,7.328
20091201,469.04,790155700,1699961,76519366,5588271,7.303
20091202,475.97,790262200,1738228,77625811,5666324,7.3
20091203,480.52,801456400,1665401,78372125,6037737,7.704
20091204,483.63,701219000,1564552,78889256,6117621,7.755
20091207,487.04,664836800,1578233,79471857,6166902,7.76
20091208,485.94,723514800,1808968,79304674,6117308,7.714
20091209,486.78,686256800,1679649,79394058,6076127,7.653
20091210,489.45,643412500,1685217,79895100,6084534,7.616
20091211,495.21,707836700,1722141,80862825,6146409,7.601
20091214,501.85,676712900,1708430,81983525,6201860,7.565
20091215,503.31,727982700,1838552,82261326,6232536,7.577
20091216,507.01,722146200,1957789,82931561,6297796,7.594
20091217,510.1,688730800,1993794,83444837,6325724,7.581
20091218,513.78,732327700,2201758,84699652,6375815,7.528
20091221,518.09,820254100,2504915,85462090,6374616,7.459
20091222,512.78,827944300,2585378,84985192,6274104,7.383
20091223,508.44,761342700,2299799,84268802,6241503,7.407
20091224,511.19,727867900,2008320,84701814,6239614,7.367
20091228,506.07,755827500,2278724,83887939,6210813,7.404
20091229,505.61,639936100,1931233,83625431,6195059,7.408
20091230,513.57,664205600,2068125,85209556,6280214,7.37
20100104,528.09,666847000,2387383,87697001,6448381,7.353
20100105,533.09,886822800,3232493,88590983,6505247,7.343
20100106,539.12,1133248700,3426692,89687641,6595903,7.354
20100107,535.52,1181961000,3658524,89098348,6536238,7.336
20100108,538.96,893030300,2987424,89696406,6549372,7.302
20100111,540.4,863946800,2974135,89956659,6539795,7.27
20100112,538.11,918103800,2946861,89707528,6499952,7.246
20100113,534.46,926862800,3130489,89350779,6466641,7.237
20100114,542.33,870442700,3362252,90704661,6622213,7.301
20100115,549.97,917476900,3281734,92109379,6751130,7.329
20100118,553.1,877734100,3188549,92648060,6713842,7.247
20100119,549.14,1084350800,3936966,92026616,6562901,7.132
20100120,544.12,1045469700,3638401,91195767,6482797,7.109
20100121,549.03,995465600,3489218,92058359,6527066,7.09
20100122,546.66,980802000,3232602,91765264,6418769,6.995
20100125,534.22,1154354000,3855931,89760272,6315986,7.037
20100126,522.07,1165330800,3305390,87805849,6210260,7.073
20100127,516.43,1062622000,3190747,86992567,6166365,7.088
20100128,517.4,854599400,2597424,87178335,6186869,7.097
20100129,496.57,835808100,2372890,83695570,5960344,7.121
20100201,502,688831200,1889430,84637236,5999091,7.088
20100202,504.69,810046800,2489083,85184971,6072312,7.128
20100203,515.32,881890200,2490480,86990897,6235221,7.168
20100204,516.23,827269900,2556107,87316942,6182869,7.081
20100205,497.37,848964400,2445485,84124051,5959180,7.084
20100208,487.41,812761800,2203919,82451457,5811744,7.049
20100209,491.2,842113400,2101615,83185231,5906502,7.1
20100210,491.28,786592900,2111981,83202886,6030711,7.248
20100211,498.01,731844400,1892404,84359936,6100074,7.231
20100212,503.88,727175700,1876851,85362468,6177314,7.237
20100216,508.95,678138600,1967187,86715387,6223468,7.177
20100217,515.16,862175200,2578033,87766304,6282246,7.158
20100218,513.33,816627700,2295351,87495043,6228498,7.119
20100219,504.39,956699900,2759959,85960020,6083772,7.077
20100222,512.25,794300900,2198611,87334061,6160366,7.054
20100223,513.9,842261300,2311520,87617793,6167329,7.039
20100224,514.04,851266500,2299092,87648504,6183582,7.055
20100225,504.63,924914000,2328785,86080182,6106509,7.094
20100226,507.03,740535500,1678561,86558858,6131178,7.083
20100302,507.96,754645600,1593649,86745258,6161464,7.103
20100303,509.63,883883500,1863620,87035034,6203797,7.128
20100304,507.59,982745200,2168643,86740434,6132186,7.07
20100305,511.28,960563900,2069080,87574030,6156829,7.03
20100308,517.63,907821000,2268139,88675400,6213804,7.007
20100309,518.12,942348800,2603709,88760350,6221653,7.009
20100310,518.67,869393000,2925353,88870491,6197585,6.974
20100311,517.57,948806600,2559294,88679841,6209588,7.002
20100312,519.44,908718200,2463770,88749241,6202025,6.988
20100315,517.75,910437700,2486568,88462794,6207072,7.017
20100316,520.88,1027949800,2406423,88985174,6255548,7.03
20100317,522.98,945653400,2243610,89370390,6303075,7.053
20100318,524.31,949377100,2421731,89680758,6329985,7.058
20100319,527.58,898168500,2477560,90316659,6379872,7.064
20100322,527.07,966236700,2155087,90258247,6412646,7.105
20100323,526.42,951709100,2634748,90186598,6415992,7.114
20100324,519.8,988204900,2802804,89123358,6379084,7.158
20100325,520.24,774613300,1994619,89220090,6434615,7.212
20100326,524.66,670464900,1815990,90117078,6472211,7.182
20100329,518.06,676563500,1820311,88981966,6415805,7.21
20100330,518.05,689164900,2054613,89005851,6420635,7.214
20100331,515.74,688989800,2013578,88614204,6409046,7.233
20100401,519.19,657471800,2099778,89212554,6480523,7.264
20100402,514.95,595482100,1954074,88622265,6473188,7.304
20100405,505.13,672217100,2207224,86940010,6432543,7.399
20100406,506.39,520970600,1593146,87186114,6503191,7.459
20100407,510.9,535898600,1647877,87990656,6534707,7.427
20100408,513.29,555109700,1602981,88423052,6621375,7.488
20100409,512.15,604812200,1718547,88262628,6592319,7.469
20100412,507.67,561844600,1688459,87655835,6561833,7.486
20100413,506.53,577685900,1666210,87495254,6553658,7.49
20100414,509.69,612103800,1661696,88200627,6594299,7.476
20100415,508.61,599121200,1695154,88174636,6622560,7.511
20100416,508.42,580917800,1695955,88242165,6628210,7.511
20100419,502.7,613885700,1479556,87248790,6573526,7.534
20100420,510.5,597582200,1584285,88653889,6718749,7.579
20100421,515.99,579671700,1765511,89591644,6817382,7.609
20100423,516.51,626167200,2056817,89618979,6826464,7.617
20100426,517.68,567073800,1723054,89905175,6839313,7.607
20100427,519.24,521978700,1835416,90131278,6876769,7.63
20100428,517.85,719288500,2128036,89896713,6833407,7.601
20100429,519.21,661026800,2267593,89864130,6826951,7.597
20100430,523.75,750302600,2198210,90669317,6914341,7.626
20100503,519.78,646642100,1821838,89896648,6841165,7.61
20100504,518.99,554829400,1860182,89775741,6866921,7.649
20100506,509.23,589924600,1853144,88160880,6718840,7.621
20100507,499.71,740192700,2210196,86518833,6597768,7.626
20100510,512.16,549094400,1748538,88755343,6722439,7.574
20100511,512.22,635478500,2264772,88766703,6710847,7.56
20100512,512.13,694751900,2592256,88765272,6762407,7.618
20100513,522.54,646218000,2511042,90565879,6929068,7.651
20100514,524.98,670628300,2614351,91030922,6945225,7.63
20100518,504.52,651410000,2567789,87505306,6648851,7.598
20100519,500.45,685831400,2076741,86822529,6637140,7.644
20100520,481.06,567385400,1962230,83522391,6408230,7.672
20100524,476.33,464657600,1634667,82724046,6309709,7.627
20100525,449.96,697832700,2291649,78235137,6029956,7.707
20100526,463,511765000,1862158,80702944,6213083,7.699
20100528,479.03,526987600,1859851,83532934,6387027,7.646
20100531,489.42,437128700,1596755,85367642,6527945,7.647
20100601,488.79,495529800,1785079,85542967,6753473,7.895
20100603,495.74,438091300,1707953,86756662,6828816,7.871
20100604,493.71,480217700,1766569,86430143,6777415,7.841
20100607,483.12,467469700,1664651,84607566,6633469,7.84
20100608,490.34,419011400,1797799,86337660,6767647,7.839
20100609,487,497039200,1927019,85752118,6747482,7.869
20100610,491.63,420641100,1661122,86551118,6825189,7.886
20100611,491.25,490922000,1976412,86562706,6767960,7.819
20100614,492.7,427821600,1565619,86831258,6797465,7.828
20100615,495.08,492892000,1739992,87265846,6847467,7.847
20100617,495.18,448049100,1712176,87342394,6864003,7.859
20100618,495.23,451370300,1408917,87478065,6878120,7.863
20100621,498.36,469373000,1504726,88036483,6934588,7.877
20100622,496.65,426303100,1488830,87745585,6950828,7.922
20100623,494.95,402599100,1271038,87624831,6883018,7.855
20100624,499.14,528827200,1626706,88375638,6947204,7.861
20100625,498.12,475164700,1417932,88269765,6927806,7.848
20100628,498.75,459937900,1317890,88390826,6942994,7.855
20100629,487.54,542929700,1747469,86082253,6540785,7.598
20100630,489.98,530155000,1471522,86580557,6600343,7.623
20100701,489.59,419727000,1366288,86553154,6528462,7.543
20100702,485.69,419558200,1405679,85914089,6431024,7.485
20100705,486.15,418415500,1227091,85993943,6464513,7.517
20100706,487.41,427202300,1230687,86234121,6483339,7.518
20100707,486.41,462305000,1281919,86096181,6472536,7.518
20100708,488.96,459569300,1298780,86551068,6508615,7.52
20100709,492.15,483037700,1491645,87200707,6555090,7.517
20100712,496.7,472940900,1469689,88008156,6619985,7.522
20100713,497.79,587464800,1705574,88488827,6640311,7.504
20100714,499.97,590163400,1769558,88806958,6726182,7.574
20100715,501.73,652055600,1762933,89128988,6786001,7.614
20100716,498.88,592250200,1792542,88773582,6757296,7.612
20100719,498.49,506008300,1455771,88761781,6725858,7.577
20100720,499.72,686750600,1672069,88919399,6762010,7.605
20100721,496.73,721150900,1829711,88610126,6753799,7.622
20100722,484.72,668022000,1874950,86472807,6618379,7.654
20100723,483.69,532189400,1498926,86333938,6604152,7.65
20100726,488.14,499369700,1227118,87142366,6702653,7.692
20100727,487.74,619411200,1438596,87055118,6668473,7.66
20100728,486.75,547807400,1433615,87024342,6688178,7.685
20100729,482.56,605483100,1590587,86303662,6665111,7.723
20100730,481.45,484883100,1247465,86106389,6753501,7.843
20100802,481.98,494935500,1259763,86204078,6765066,7.848
20100803,481.94,575934100,1430752,86199434,6774317,7.859
20100804,479.59,533360500,1331420,85862051,6746821,7.858
20100805,476.47,530784200,1423901,85316551,6658392,7.804
20100806,478.47,545717700,1361696,85980192,6678665,7.768
20100809,483.87,490843500,1348585,86945510,6715643,7.724
20100810,482.16,550154700,1611175,86637123,6681798,7.712
20100811,475.14,605073500,1802084,85405994,6596141,7.723
20100812,470.98,561600900,1604126,84668383,6531668,7.714
20100813,477.17,507417400,1389405,85788677,6611894,7.707
20100816,476.08,498576500,1359190,85480033,6546888,7.659
20100817,477.65,563698800,1691501,85773999,6545097,7.631
20100818,478.33,472166500,1445047,85902713,6584721,7.665
20100819,480.77,519130400,1557155,86380010,6654052,7.703
20100820,480.38,485323800,1431516,86533379,6657875,7.694
20100823,477.14,487377000,1588726,86036575,6612979,7.686
20100824,474.97,539583800,1671334,85725351,6578673,7.674
20100825,467.81,485915000,1543108,84485168,6520947,7.718
20100826,464.53,550899900,1624398,83904153,6496427,7.743
20100827,461.52,485481700,1423728,83329741,6436567,7.724
20100830,466.09,530688700,1282943,84170389,6487645,7.708
20100831,464.71,517376500,1304530,83687491,6475865,7.738
20100901,469.75,563584700,1473202,84587461,6554755,7.749
20100902,473,535729600,1412260,85246952,6601587,7.744
20100903,478.3,597862400,1516943,86213235,6725919,7.801
20100906,482.82,512953900,1532586,87151840,6793229,7.795
20100907,480.2,701076500,1622266,86682245,6754706,7.792
20100908,478.6,573593000,1473275,86403460,6744828,7.806
20100909,481.86,543554700,1591274,86991437,6842095,7.865
20100910,484.48,480413300,1579449,87763202,6891334,7.852
20100913,483.49,480843800,1422149,87581066,6888422,7.865
20100914,481.79,526554200,1609424,87346831,6921058,7.924
20100915,481.28,523471400,1637277,87293342,6936785,7.947
20100916,480.62,515720100,1373868,87175786,6924928,7.944
20100917,483.25,588164600,1573805,87485583,6898346,7.885
20100920,483.83,404799600,1137775,87624794,6930874,7.91
20100924,485.15,382396900,1131544,87885001,6979538,7.942
20100927,486.29,406173200,1378531,88574779,7087065,8.001
20100928,487.74,524944200,1553918,88894650,7122399,8.012
20100929,489.61,463677900,1593879,89230235,7108214,7.966
20100930,492.75,473685800,1542639,89869283,7195817,8.007
20101001,495.06,485371400,1499405,90338774,7215440,7.987
20101004,493.78,497656300,1470566,90001177,7217138,8.019
20101005,493.55,436793300,1384304,89983785,7213482,8.016
20101006,497.33,474648900,1579444,90662122,7292545,8.044
20101007,496.14,493945900,1619523,90138199,7201098,7.989
20101008,497.08,410377400,1448106,90337007,7189423,7.958
20101011,496.8,414397100,1388159,90331189,7190586,7.96
20101012,494.08,466183500,1489409,89851025,7155799,7.964
20101014,504.59,437611300,1722153,91742389,7290043,7.946
20101015,509.59,429333200,1838034,93297401,7536030,8.077
20101018,516.19,491268800,2191127,94485055,7609153,8.053
20101019,514.59,467678600,2020192,94297786,7588079,8.047
20101020,520.21,453855600,1945300,95333863,7668380,8.044
20101021,522.66,516696600,2148302,95824763,7709252,8.045
20101022,523.12,524775100,2019238,96073262,7746932,8.064
20101025,525.86,475824600,1829079,96560218,7772492,8.049
20101026,526.64,551209600,2031808,96770063,7814533,8.075
20101027,528.59,581690500,2186327,97114728,7914491,8.15
20101028,527.36,545055200,2022182,96903183,7938731,8.192
20101029,526.45,463715300,1879399,96777525,7953991,8.219
20101101,527.98,488158600,1896539,97415990,8131952,8.348
20101102,523.93,532082100,2002626,96650528,8089505,8.37
20101104,531.53,577287100,2292541,98225213,8319544,8.47
20101105,528.66,564229500,2079933,98006277,8315067,8.484
20101108,528.47,547055000,1654098,97977051,8326883,8.499
20101109,526.93,469015600,1745902,97686533,8282299,8.478
20101110,528.27,488879900,1678793,97980105,8360232,8.533
20101111,524.05,564852000,1712211,97206219,8306418,8.545
20101112,509.35,664227500,2165902,94635935,8090263,8.549
20101115,504.83,549436100,1473071,93800802,8092212,8.627
20101116,503.04,562475400,1457802,93514981,8105906,8.668
20101117,505.74,626272500,1382697,94048448,8151003,8.667
20101118,514.13,526655400,1342534,95611024,8272218,8.652
20101122,515.98,549396700,1551472,95867292,8343850,8.704
20101123,511.58,609741500,1654392,95047584,8261044,8.691
20101124,505.32,723157500,1968578,93839091,8191655,8.729
20101125,508.28,655551800,1686283,94423802,8243881,8.731
20101126,493.56,810666200,2012493,91915608,8044638,8.752
20101129,494.33,687328800,1559623,92134602,8099330,8.791
20101130,498.39,702738400,1577506,92683400,8193924,8.841
20101201,502.48,686455500,1435549,93519013,8218021,8.788
20101202,505.94,707048500,1602604,94155441,8314289,8.83
20101203,502.13,670588600,1559976,93489060,8236890,8.811
20101206,502.54,582444800,1319559,93571148,8266796,8.835
20101207,504.49,682945100,1419386,93953071,8320361,8.856
20101208,502.8,706509800,1478659,93663631,8326570,8.89
20101209,506.45,633722800,1366961,94342914,8401488,8.905
20101210,509.2,727486900,1467233,94856778,8486191,8.946
20101213,513.41,691965500,1556949,95680154,8574101,8.961
20101214,515,736197500,1629387,96029941,8658356,9.016
20101215,514.69,634092700,1563056,96036998,8667048,9.025
20101216,511.71,628374700,1665469,95543627,8669137,9.073
20101217,510.74,579906000,1491633,95361683,8752551,9.178
20101220,497.95,576493000,1757977,93075650,8540751,9.176
20101221,506.67,523898600,1511108,94705922,8664702,9.149
20101222,505.01,574028600,1520324,94660405,8654501,9.143
20101223,502.39,572012800,1628991,94190252,8625372,9.157
20101224,499.63,478902300,1394313,93732194,8555872,9.128
20101227,496.68,553896600,1345964,93262247,8459583,9.071
20101228,494.95,557801800,1638751,92961218,8458805,9.099
20101229,502.31,526723800,1298326,94248061,8576152,9.1
20101230,510.69,623419800,1858113,95832413,8765170,9.146
20110103,518.05,579760100,1768813,97256923,8873296,9.124
20110104,521.35,726928000,2320358,97751663,8928310,9.134
20110105,523.81,640425700,2299813,98737072,9066400,9.182
20110106,527.64,793902100,3222691,99475898,9235292,9.284
20110107,530.84,657451200,2437374,100087700,9341424,9.333
20110110,533.98,616780600,2131267,100755157,9411525,9.341
20110111,533.67,740297400,2515686,100769779,9426096,9.354
20110112,535.43,810531800,2543205,101203031,9506998,9.394
20110113,534.27,725845100,2401537,101032861,9495793,9.399
20110114,535.2,636342600,2394443,101361890,9601474,9.472
20110117,533.01,630064500,2118599,100975439,9614620,9.522
20110118,529.02,688243100,2038265,100225047,9491559,9.47
20110119,532.97,653265200,2022999,100982207,9589827,9.497
20110120,533.36,686527900,2080266,101093229,9575459,9.472
20110121,525.75,640457200,2171314,99884944,9448397,9.459
20110124,527.09,673832300,2125397,100464506,9503600,9.46
20110125,522.96,770408200,2280616,99691456,9457656,9.487
20110126,524.71,595738900,1913182,100280382,9525645,9.499
20110127,528.63,591515400,1963726,101015049,9658025,9.561
20110128,527.46,613704800,2220041,100938502,10801237,10.701
20110131,521.38,514371200,1962815,102115767,10647787,10.427
20110201,524.5,538229600,1845537,102532783,10726352,10.461
20110207,531.09,492869200,1704267,103911830,10902519,10.492
20110208,531.47,585207200,1991735,104016403,10861538,10.442
20110209,525.74,724717000,2137147,103023549,10671169,10.358
20110210,522.7,728030400,1977690,102333624,10596731,10.355
20110211,517.73,836472800,2279260,101384650,10530173,10.386
20110214,520.35,651099100,1969896,101927724,10589859,10.39
20110215,520.88,725092900,2209792,102066417,10629323,10.414
20110216,520.08,874040100,2646019,101904024,10588021,10.39
20110217,511.08,861784800,2483003,100139172,10469947,10.455
20110218,518.55,697827800,1869416,101668580,10584221,10.411
20110221,520.59,666151900,1971735,102051174,10587553,10.375
20110222,512.06,665724400,2007589,100389688,10391611,10.351
20110223,507.16,732876500,2177692,99478684,10325235,10.379
20110224,501.11,729024700,2095812,98309807,10284804,10.462
20110225,509.33,605754000,1827063,99927115,10493400,10.501
20110228,504.46,530997700,1810007,98999245,10488385,10.594
20110302,503.46,537094400,1743529,98837998,10467782,10.591
20110303,510.94,513121600,1791419,100377025,10612997,10.573
20110304,518.79,589615100,1976787,101998603,10840474,10.628
20110307,518.77,519986900,1703777,101984054,10787225,10.577
20110308,524.99,583905800,1866341,103199943,10960841,10.621
20110309,522.7,687306000,2123074,102787667,10811312,10.518
20110310,522.17,683495500,2106799,102697078,10801460,10.518
20110311,518.55,645272700,1916924,102067352,10698328,10.482
20110314,502.98,743730100,2337253,99022498,10450094,10.553
20110315,489.44,914174400,2912999,96411523,10201952,10.582
20110316,492.36,669088300,2323229,96978722,10272155,10.592
20110317,487.81,549147200,2138048,96095902,10199915,10.614
20110318,494.79,552138700,1920455,97518483,10334325,10.597
20110321,506.53,613042600,1866266,99845035,10515928,10.532
20110322,507.8,745757300,2166540,100895528,10572191,10.478
20110323,510.17,716265300,2093295,101366294,10648083,10.505
20110324,513.7,585703000,2114098,102058821,10635768,10.421
20110325,514.57,727362800,2150117,102119490,10583026,10.363
20110328,512.74,601583100,1999734,101747508,10517590,10.337
20110329,514.19,619359300,2161465,102013031,10510751,10.303
20110330,520.21,701580400,2325374,102841013,10678614,10.384
20110331,525.42,616878600,2041240,103913015,10836297,10.428
20110401,532.06,656332600,2283701,105228909,10995443,10.449
20110404,534.9,625805400,2018117,105835315,11040133,10.431
20110405,537.66,654432900,2175514,106138352,11103006,10.461
20110406,533.98,743375900,2586643,105387016,10976290,10.415
20110407,534.97,734842900,2299951,105571038,11044126,10.461
20110408,534.2,667604100,2303904,105439282,11049435,10.479
20110411,533.11,568786000,2033307,105317457,10982572,10.428
20110412,525.11,633494400,2045156,103784464,10763174,10.371
20110413,528.7,508656800,1822052,104469000,10889596,10.424
20110414,531.47,665393100,1949332,104977163,10970262,10.45
20110415,534.58,625530100,2146445,105602850,11020515,10.436
20110418,528.52,581949700,2352471,104460837,10874525,10.41
20110419,526.62,561751900,2091493,104341585,10978209,10.521
20110420,532.25,629079600,2188945,105492631,11134926,10.555
20110421,529.58,613354400,2309449,104960268,11135539,10.609
20110422,525.26,582738900,1959270,104132060,11003037,10.566
20110425,528.6,484362300,1690296,104737641,11082065,10.581
20110426,521.68,628752400,2146717,103820147,11011198,10.606
20110427,518.39,604760900,2142246,103290773,10984187,10.634
20110428,514.67,502573600,1976866,102714175,10850558,10.564
20110429,511,373385500,1664596,101988794,10779506,10.569
20110502,516.76,343886100,1491152,103551444,10937140,10.562
20110503,512.51,372184400,1490507,102675005,10743276,10.463
20110504,510.53,317545000,1289444,102233311,10673906,10.441
20110506,506.42,325515400,1220817,101403645,10600695,10.454
20110509,504.37,288633100,1149067,100985155,10498377,10.396
20110511,505.18,386536700,1338261,101233821,10588291,10.459
20110512,504.46,356274800,1237174,101059466,10573107,10.462
20110513,507.28,343196800,1351230,101625999,10643787,10.473
20110516,506.07,321045500,1098637,101417074,10680691,10.531
20110517,501.72,384626500,1258659,100575661,10612981,10.552
20110518,498.94,388847000,1345271,100055867,10579920,10.574
20110519,487.03,395946100,1469868,97651673,10370617,10.62
20110520,486.24,331609400,1345655,98572672,10389521,10.54
20110523,472.94,295873400,1172563,95907099,10105964,10.537
20110524,474.32,317537500,1047992,96193972,10207875,10.612
20110525,471.23,360000700,1176164,95672271,10149228,10.608
20110526,479.96,376722500,1270042,97458525,10345737,10.616
20110527,483.22,352685400,1227505,98152564,10500759,10.698
20110530,480.52,303328800,1048168,97615804,10429270,10.684
20110531,484.54,359052400,1276487,98490477,10615298,10.778
20110601,483.23,322333500,1157012,98229413,10569541,10.76
20110602,477.83,339860700,1146140,97224654,10439413,10.737
20110603,476.1,328042400,1103251,96776710,10359186,10.704
20110607,472.8,309690900,1046203,96128365,10322586,10.738
20110608,469.15,336664000,1064909,95431775,10329030,10.823
20110609,473.47,323039600,1021230,96302275,10380875,10.779
20110610,466.91,334425500,1120477,94965701,10208728,10.75
20110613,458.15,361161900,1125378,93379804,10089439,10.805
20110614,462.29,357500200,1088902,94371311,10220175,10.83
20110615,464.83,343282600,1106629,94902532,10296727,10.85
20110616,460.54,303187900,991024,94034355,10177365,10.823
20110617,459.33,362908400,1329967,93841429,10180208,10.848
20110620,457.23,317327400,1158872,93404040,10172237,10.891
20110621,459.57,326649700,1058580,93894592,10231592,10.897
20110622,463.77,375340900,1226068,94783386,10295670,10.862
20110623,464.62,375764000,1132904,94949555,10272511,10.819
20110624,473.66,379600000,1494097,96899874,10503646,10.84
20110627,475.43,350494800,1484654,97271445,10478066,10.772
20110628,474.65,427539500,1774021,97134340,10550231,10.861
20110629,476.57,380694900,1500529,97554613,10665722,10.933
20110630,479.55,361027800,1404379,98204250,10700809,10.896
20110701,484.11,382026700,1485489,99134680,10757230,10.851
20110704,489.3,397046400,1638901,100189509,10864509,10.844
20110705,492.37,396461400,1646039,100836265,10914190,10.824
20110706,492.94,389037400,1563185,101023987,10899553,10.789
20110707,495.52,414404100,1735803,101531268,10936967,10.772
20110708,496.82,408716500,1893639,101884156,10943634,10.741
20110711,498.37,415933200,1771925,102131812,10911368,10.684
20110712,490.63,518273900,2250638,100588086,10752758,10.69
20110713,494.97,458794800,2026905,101355768,10878925,10.733
20110714,497.18,373027600,1604066,101811697,10865808,10.672
20110715,507,433529800,1997122,103770366,11015873,10.616
20110718,517.93,476994400,2254412,106006148,11221515,10.586
20110719,524.48,532612700,2721510,107129254,11360933,10.605
20110720,526.61,537137100,2640573,107608279,11361100,10.558
20110721,524.54,491628300,2290266,107301736,11259149,10.493
20110722,531.24,484603800,2284815,108660461,11432668,10.521
20110725,529.9,468851800,2117119,108414657,11480614,10.59
20110726,535.85,505772400,2511415,109614861,11594326,10.577
20110727,538.12,513998500,2645686,110087956,11535209,10.478
20110728,538.54,590529900,2626899,110227063,11516628,10.448
20110729,536.05,485611500,2511253,109789439,11453766,10.432
20110801,544.39,404097300,1997800,111689593,11683406,10.461
20110802,538.06,506775200,2403122,110364796,11492636,10.413
20110803,531.91,426814200,2330190,109283938,11411703,10.442
20110804,522.07,488620600,2591946,107338704,11269299,10.499
20110805,495.55,541132200,2967046,102449219,10821794,10.563
20110808,462.69,606047300,3174117,95790633,10191216,10.639
20110809,432.88,625021500,2742995,89668437,9597591,10.703
20110810,453.55,526574900,2463283,93976958,9945339,10.583
20110811,469.24,545836900,2572013,97229302,10341373,10.636
20110812,474.15,565087800,2996656,98249935,10304218,10.488
20110816,496.23,478300100,2468752,102844556,10636221,10.342
20110817,506.44,564132500,3152513,105049159,10744492,10.228
20110818,507.8,669630300,3540276,105297786,10752038,10.211
20110819,474.65,674147500,3474591,98444608,9958825,10.116
20110822,465.9,482936700,2553240,96287682,9717130,10.092
20110823,479.75,533777600,2585108,99151812,10055410,10.141
20110824,474.29,522572000,2466322,98052690,9896156,10.093
20110825,471.5,445842300,2169668,97501094,9837701,10.09
20110826,473.31,442776300,1830747,97904474,9805799,10.016
20110829,483.27,453878000,1979911,100028430,9990122,9.987
20110830,488.49,550969300,2451130,101106602,10069095,9.959
20110831,493.44,485012600,2265073,102155774,10133424,9.92
20110901,490.22,612092300,2633914,101493431,10052961,9.905
20110902,494.47,613494500,2441544,102378293,10125383,9.89
20110905,480.43,601665400,2161087,99476021,9777321,9.829
20110906,465.35,644758100,2822937,96345844,9498436,9.859
20110907,479.17,426291000,1933692,98987117,9709895,9.809
20110908,475.3,479729600,2099507,98185070,9673840,9.853
20110909,470.94,428849500,1666622,97341641,9490680,9.75
20110914,452.3,409223200,1760555,93493907,9099921,9.733
20110915,454.95,484773900,1864698,94064588,9160210,9.738
20110916,467.84,484098100,1983945,96728042,9429553,9.749
20110919,462.84,474361600,2085376,95691619,9252015,9.669
20110920,470.11,471037900,2249379,97198361,9438309,9.71
20110921,477.51,491812400,2543301,98701600,9642365,9.769
20110922,471.41,512104200,2368511,97460303,9464221,9.711
20110923,446.51,553223500,2420774,92336807,9034144,9.784
20110926,409.55,670865700,2604653,84806742,8343285,9.838
20110927,433.41,547157700,2092014,89788164,8884667,9.895
20110928,434.2,521088000,2147376,89932894,8963423,9.967
20110929,443.26,486868300,1969976,91834338,9122929,9.934
20110930,449.66,466616100,1953068,93200437,9190186,9.861
20111004,436.13,443489700,1921060,90409647,8946844,9.896
20111005,421.18,480136100,2079126,87370250,8608586,9.853
20111006,431.18,499209800,2118629,89421218,8887837,9.939
20111007,442.64,492873100,2116260,91718145,9078564,9.898
20111010,453.91,506457800,2206443,94030945,9242153,9.829
20111011,459.06,681997700,2744124,95122636,9306867,9.784
20111012,467.65,618488300,3079861,96975317,9473900,9.769
20111013,473.56,620294300,2880425,98245875,9481746,9.651
20111014,473.89,554833600,3350976,98328892,9271745,9.429
20111017,485.38,593604500,3130217,100723249,9374173,9.307
20111018,483.43,633757300,3807408,100300998,9449937,9.422
20111019,488.17,648993700,3949453,101322207,9566787,9.442
20111020,469.98,707641100,4019984,97529390,9150997,9.383
20111021,481.22,538775400,3496398,99964893,9261135,9.264
20111024,493.03,570368100,3503945,102445050,9531359,9.304
20111025,492.69,659556400,3785302,102539247,9517009,9.281
20111026,497.51,532293900,3271741,103416140,9588439,9.272
20111027,497.04,604992700,3388689,103370018,9538089,9.227
20111028,490.59,556402300,3288773,102024396,9334359,9.149
20111031,490.69,508103900,2648687,102012796,9276315,9.093
20111101,492.36,511856600,2773996,102110400,9182076,8.992
20111102,493.49,526151200,2810513,102382051,9201537,8.987
20111103,487.91,489926800,2537029,101225120,9052963,8.943
20111104,502.8,562633100,2589312,104300940,9358988,8.973
20111107,509.77,540583800,2801937,105759648,9496503,8.979
20111108,507.11,604734000,3353970,105361896,9451927,8.971
20111109,509.41,563667500,3150539,105824181,9447108,8.927
20111110,488.77,611607400,3182406,101651201,8939775,8.795
20111111,500.08,580517300,3154282,104157943,9096153,8.733
20111114,510.09,562075600,2901093,106325934,9240279,8.691
20111115,508.33,575859300,2875685,105972364,9150247,8.635
20111116,497.58,595042500,3309107,103711563,8969473,8.648
20111117,506.54,580654400,2692649,105581418,9112642,8.631
20111118,503.09,573618000,2831063,104894576,9000920,8.581
20111121,498.36,621189400,2615313,103908887,8985298,8.647
20111122,505.69,615143100,2815564,105431799,9103980,8.635
20111123,490.49,616802400,3051282,102627393,8749539,8.526
20111124,489.48,562022000,2543948,102619793,8720209,8.498
20111125,479.55,563898600,2743764,100609666,8566414,8.515
20111128,486.36,429695900,2186129,101936884,8733362,8.567
20111129,492.73,505592000,2340578,103284919,8814124,8.534
20111130,492.81,534766100,2599618,103429989,8803638,8.512
20111201,496.33,685324200,3455029,104289871,8858767,8.494
20111202,498.33,506764600,2913974,104734193,8893276,8.491
20111205,505.82,506541100,2546258,106584806,9003126,8.447
20111206,502.59,614227400,3431291,105887508,8883124,8.389
20111207,505.68,532732600,3224779,106518398,8883011,8.339
20111208,508.65,565097700,3247542,107146386,8929877,8.334
20111209,507.6,555607600,3125872,106945562,8866871,8.291
20111212,515.22,587315800,3078506,108563787,8968698,8.261
20111213,511.3,710372300,4223850,107625817,8787023,8.164
20111214,508.38,597698800,3584125,107060834,8749499,8.172
20111215,497.76,627612100,3811385,104834287,8551293,8.157
20111216,504.58,567405400,3358825,106254861,8658118,8.148
20111219,477.61,820928700,4174907,100615548,8195685,8.146
20111220,489.61,502914100,2798575,103130851,8330072,8.077
20111221,500.64,622215800,3421036,105502607,8480437,8.038
20111222,501.54,594161500,2940852,105768450,8489615,8.027
20111223,502.36,629760900,2883890,106013814,8473989,7.993
20111226,501.37,537090600,2352495,105887033,8442923,7.974
20111227,491.64,691457400,3098289,103865070,8290628,7.982
20111228,495.22,475702200,2234889,104758626,8312697,7.935
20111229,500.18,488729900,2416855,105993581,8366624,7.894
20120102,506.79,433447300,2561959,107358105,8422476,7.845
20120103,513.83,590985000,3725275,108854355,8530936,7.837
20120104,516.3,652087400,3669529,109393243,8515430,7.784
20120105,521.96,654304700,3530695,110600312,8588806,7.766
20120106,518.94,626018000,3311264,109996964,8479272,7.709
20120109,520.28,617371400,3230579,110293207,8529942,7.734
20120110,525.74,570047700,2963263,111480539,8594749,7.71
20120111,518.58,642145600,3189553,110022388,8495217,7.721
20120112,520.34,604512200,2574748,110412303,8534661,7.73
20120113,523.13,508474200,2348273,111015985,8600567,7.747
20120116,519.85,476006400,2313072,110305183,8536260,7.739
20120117,519.58,570042900,2664347,110259490,8536748,7.742
20120118,513.2,623840200,2698815,108875701,8502859,7.81
20120119,515.7,549315100,2648619,109400647,8615306,7.875
20120120,512.17,562878800,2793127,108943180,8589450,7.884
20120125,511.47,472378100,2403388,108810161,8611558,7.914
20120126,516.45,503494100,2258881,109920004,8699120,7.914
20120127,515.81,539396900,2255172,109791872,8667975,7.895
20120130,510.33,538780200,2241027,108628465,8580645,7.899
20120131,513.99,689348700,2572639,109418280,8667024,7.921
20120201,519.25,636587600,2477304,110315635,8718659,7.903
20120202,522.08,750594800,3162358,110927273,8768748,7.905
20120203,522.59,699621300,2894353,111099659,8733292,7.861
20120206,517.1,695000400,3376860,109919250,8532706,7.763
20120207,519.07,670480800,3195744,110310474,8532612,7.735
20120208,520.95,730124200,3662132,110711801,8580975,7.751
20120209,524.27,767493600,3553295,111507930,8655207,7.762
20120210,528.67,762552100,3135754,112457775,8782817,7.81
20120213,533.19,790562900,2908809,113453748,8836237,7.788
20120214,535.36,790836800,3077669,114015807,8846725,7.759
20120215,537.86,910751800,3858843,114589481,8884300,7.753
20120216,535.3,728177000,3010359,114001465,8889374,7.798
20120217,540.14,754466300,3021439,114976073,8988527,7.818
20120220,540.33,882731000,2915835,115056172,9002265,7.824
20120221,543.06,885800000,3075097,115746783,9069719,7.836
20120222,544.2,966816600,2862593,115990466,9083589,7.831
20120223,541.13,877298100,2645300,115726617,9037673,7.81
20120227,538.34,677976600,2296032,114930474,9001384,7.832
20120228,540.35,774487300,2469448,115362660,9018252,7.817
20120229,542.3,749244400,2483694,115815313,9056046,7.819
20120302,543.97,677961700,2055731,116321317,9101758,7.825
20120305,539.74,625845100,2064483,115469294,9049466,7.837
20120306,533.62,909279300,2547809,114161974,8991814,7.876
20120307,532.48,829314100,2133250,113982524,8999059,7.895
20120308,535.76,789561200,2353552,114708720,9059169,7.898
20120309,539.55,888858300,2357950,115506841,9157964,7.929
20120313,538.46,762059500,2285689,115297866,9188040,7.969
20120314,538.86,856066000,2500968,115431526,9190206,7.962
20120315,538.31,819849000,2432473,115554758,9199482,7.961
20120316,539.78,760812800,2355611,115788720,9210700,7.955
20120319,539.83,810187200,2124055,115797999,9177757,7.926
20120320,535.55,787359100,2279957,114901416,9081468,7.904
20120321,533.93,714870200,2369020,114590433,9060246,7.907
20120322,527.9,701619600,2266741,113291309,8954537,7.904
20120323,527.47,635629000,2055739,113235729,8925316,7.882
20120326,523.39,663657300,2126740,112307993,8858532,7.888
20120327,521.74,692070200,2190543,111993750,8892845,7.94
20120328,519.56,645886900,1992522,111652106,8826135,7.905
20120329,514.21,797953200,2352433,110505763,8764806,7.932
20120330,519.56,665251600,2214954,111661802,8862814,7.937
20120402,521.8,540387700,1791573,112177501,8881353,7.917
20120403,515.83,680494400,2250794,110922551,8793686,7.928
20120404,502.97,675647900,2233321,108206677,8581677,7.931
20120405,503.34,643228600,2002803,108291131,8597129,7.939
20120406,503.41,639573700,1865081,108300279,8623004,7.962
20120409,486.8,599285700,1820223,104710952,8376453,8
20120410,484.77,652338000,2083610,104355351,8330376,7.983
20120412,485.71,542658700,1593926,104642007,8345672,7.975
20120413,499.46,499130500,1844828,107640551,8567983,7.96
20120416,501.09,500615800,1723088,108018073,8543364,7.909
20120417,500.38,539354200,2451203,107882783,8551932,7.927
20120418,503.63,518476600,1944455,108581735,8581600,7.903
20120419,501.92,524289400,1953060,108187874,8447848,7.808
20120420,497.56,606658900,1785411,107266784,8433269,7.862
20120423,495.02,559978700,1874407,106712263,8362838,7.837
20120424,487.62,558516400,2231582,105119147,8212142,7.812
20120425,483.48,534997400,1841859,104250329,8136649,7.805
20120426,476.62,586790400,1988248,102755347,8074241,7.858
20120427,479.08,502909600,1836183,103271502,8078464,7.823
20120430,478.89,560141800,1897434,103233289,8038707,7.787
20120502,485.54,436051700,1649908,104711350,8174064,7.806
20120503,487.44,496714600,1642670,105116127,8184331,7.786
20120504,490.53,445517400,1795753,105985122,8281704,7.814
20120507,487.01,372323600,1393522,105226993,8237689,7.828
20120508,494.6,501097900,1779919,106888087,8369626,7.83
20120509,491.56,468202300,1727257,106259611,8379295,7.886
20120510,494.27,490193200,1698354,106692818,8382991,7.857
20120514,488.53,500484000,1949833,105445383,8507428,8.068
20120515,480.5,530418700,1911363,103714247,8297176,8
20120516,465.01,484218400,1644842,100359465,7964340,7.936
20120517,468.13,438315700,1441294,101012954,8112624,8.031
20120518,448.68,457459600,1507065,96841158,7837960,8.094
20120521,448.89,387670600,1285908,96878439,7828778,8.081
20120522,461.45,433498200,1551577,99612163,8058295,8.09
20120523,455.9,440094200,1382708,97992378,7925773,8.088
20120524,455.72,456652100,1375188,96380322,7477743,7.759
20120525,462.4,454064400,1547901,97697968,7559815,7.738
20120529,470.02,409575700,1380017,99116578,7698518,7.767
20120530,469.62,517874600,1611285,99052794,7667472,7.741
20120531,471.94,544645200,1559864,99446147,7757858,7.801
20120601,472.13,493192600,1433179,99501312,7708433,7.747
20120604,450.84,549328600,1602084,94992569,7393627,7.783
20120607,466.18,591555200,1770245,98360203,7639892,7.767
20120608,461.99,575408700,1784999,97586385,7542393,7.729
20120611,469.59,582243500,1599733,99210260,7625445,7.686
20120612,471.97,585138400,1753758,99696344,7691889,7.715
20120613,470.96,638670100,1778462,99436268,7680284,7.724
20120614,472.03,586076800,1718067,100194446,7667514,7.653
20120615,467.75,603251200,1793430,99344258,7636619,7.687
20120618,475.26,533563900,1575257,100977890,7731970,7.657
20120619,478.36,765871100,2156585,101659341,7829917,7.702
20120620,484.55,584304000,1799544,102979695,7965289,7.735
20120621,485.18,623514700,1929749,103185154,8037437,7.789
20120622,485.19,635574700,1606041,103291487,8037343,7.781
20120625,484.44,604901300,1537689,103174983,8022953,7.776
20120626,484.34,633419500,1546864,103236023,8076909,7.824
20120627,483.03,678102800,1713366,103050305,7984192,7.748
20120628,485.91,717327700,1760284,103608847,8036340,7.756
20120629,489.16,630737100,1706557,106033034,8505630,8.022
20120702,490.43,564841800,1633537,106424908,8514953,8.001
20120703,493.91,693373600,1849969,107195958,8598837,8.022
20120704,495.81,719739300,1924609,107647262,8613178,8.001
20120705,497.34,687209900,1777682,107991330,8660535,8.02
20120706,497.21,697650700,2159498,108033028,8640012,7.998
20120709,495.23,594981900,1715079,107610961,8592925,7.985
20120710,492.34,816754000,2004662,107033822,8579534,8.016
20120711,491.93,794556700,2018865,106807563,8621373,8.072
20120712,486.38,721365300,2006194,105639838,8517331,8.063
20120713,484.32,783147500,2069784,105234178,8474703,8.053
20120716,,,,105059385,8404130,7.999
20120717,480.61,699342600,1722499,104422274,8231515,7.883
20120718,472.88,731990100,1819166,102680995,8091316,7.88
20120719,478.68,614849900,1833949,104004470,8223340,7.907
20120720,481.83,623353100,1867958,104687395,8275557,7.905
20120723,472.24,621065200,1711039,102599893,8159231,7.952
20120724,468.28,577955900,1682991,101774901,8109583,7.968
20120725,454.72,616223000,1666130,98914501,7875788,7.962
20120726,457.86,530856500,1414739,99675996,7907794,7.933
20120727,464.72,544059400,1380204,101180447,8016587,7.923
20120730,465.46,393787600,1089217,101369293,8010052,7.902
20120731,467.61,490959000,1300388,101852239,8065496,7.919
20120801,468.53,371946000,1085839,102067168,8107078,7.943
20120802,466.63,438759000,1204008,101735465,8087587,7.95
20120803,465.28,409761500,1066287,101480097,8069233,7.952
20120806,469.61,438994600,1251539,102340487,8148883,7.963
20120807,471.6,441111000,1297405,102818247,8173155,7.949
20120808,471.42,472648600,1366654,102823166,8159892,7.936
20120809,474.05,586242300,1517684,103459666,8188495,7.915
20120810,475.51,513169500,1558611,103767739,8187162,7.89
20120813,478.4,486194500,1488425,104389882,8232042,7.886
20120814,480.74,521655400,1616068,104867110,8245009,7.862
20120816,485.32,547420700,1771884,105869843,8381823,7.917
20120817,487.26,578869500,1895919,106299442,8393603,7.896
20120820,490.13,549873000,1940380,106934080,8437538,7.89
20120821,491.72,575977000,2050466,107292553,8478935,7.903
20120822,492.89,563387000,2104255,107550229,8549168,7.949
20120823,499.34,623447100,2429810,108968338,8715451,7.998
20120824,497.51,648532500,2350490,108704855,8664111,7.97
20120827,493.83,687432900,2296915,107922583,8630640,7.997
20120828,499.53,679578200,2485998,109173291,8741350,8.007
20120829,505.32,693282700,2669720,110555468,8846671,8.002
20120830,505.64,765304400,2699143,110601400,8873590,8.023
20120831,508.35,696048100,2401229,111177030,8891874,7.998
20120903,512.45,674052900,2540309,112054786,9000785,8.032
20120904,507.41,769362500,2980170,110956743,8928736,8.047
20120905,505.39,632448100,2166202,110511023,8887777,8.042
20120906,506.72,749889300,2342356,110834570,8923869,8.052
20120907,510.87,689628900,2084880,111752664,8979662,8.035
20120910,512.11,728808600,2284871,112023885,8945128,7.985
20120911,514.42,784277700,2499396,112502831,9007593,8.007
20120912,517.52,758312500,2524778,113171438,9025625,7.975
20120913,520.48,920129500,3034362,113806209,9077798,7.977
20120914,519.14,885341000,3209357,113519443,9073637,7.993
20120917,519,797518000,2547102,113385457,9033895,7.967
20120918,523.52,786517900,2809534,114327703,9101532,7.961
20120919,528.06,797107300,2982620,115331467,9160451,7.943
20120920,528.06,797363600,3010462,115336367,9194029,7.971
20120921,531.49,927387900,3405280,116084163,9318187,8.027
20120924,532.28,718128200,3056028,116269014,9369905,8.059
20120925,522.96,935680200,3229079,114293731,9239464,8.084
20120926,520.71,601260700,2342431,113820240,9170121,8.057
20120927,518.29,576991100,2503376,113357716,9144994,8.067
20120928,523.78,504076600,2064403,114800998,9254762,8.062
20121002,527.56,508957000,2207661,115620754,9287088,8.032
20121004,531.44,619393000,2649687,116449753,9315645,8
20121005,535.82,598764400,2800918,117433463,9414053,8.016
20121008,537.79,562107800,3009449,117925516,9518949,8.072
20121009,540.43,680091200,2921704,118551697,9545210,8.052
20121010,533.86,723624200,2978888,117188308,9474557,8.085
20121011,534.95,646338700,2797170,117419834,9492829,8.085
20121012,539.86,597100600,2709736,118599526,9587109,8.084
20121015,529.33,826691800,3704333,116310834,9447461,8.123
20121016,530.23,677547800,3033018,116519997,9551083,8.197
20121017,528.22,593636700,2689922,116078681,9456004,8.146
20121019,518.81,491807300,2321127,114027766,9387347,8.233
20121022,523,497108900,2063321,114963277,9508036,8.27
20121023,524.15,563712800,2288987,115198863,9475824,8.226
20121024,524.35,513515600,2120010,115249248,9502772,8.245
20121025,518.25,536651000,2210112,113963238,9345571,8.201
20121026,505.5,474032900,2005184,111192647,9131984,8.213
20121029,494.88,470850700,1880640,108860343,8939187,8.212
20121030,502.31,482422700,1656612,110505500,9126742,8.259
20121031,508.31,465182800,1763721,111850737,9305542,8.32
20121101,508.83,404965100,1829980,111211894,9337816,8.396
20121102,513.37,444738000,1775627,112230408,9389403,8.366
20121105,515.14,389044000,1731104,112658724,9423639,8.365
20121106,517.53,463702900,2138402,113406589,9497608,8.375
20121107,518.45,460762200,1859109,113621437,9485456,8.348
20121108,519.04,463985000,1808794,113756684,9481611,8.335
20121109,519.9,414579100,1676433,114016493,9488194,8.322
20121112,521.43,417032100,1909641,114417157,9501682,8.304
20121113,513.8,489554900,2120895,112773906,9336441,8.279
20121114,503.24,477077700,2229607,110460239,9132929,8.268
20121115,493.84,472774600,1957626,108450350,9034396,8.33
20121116,482.99,476763600,2262074,106096054,8849132,8.341
20121119,493.14,397806500,1639404,108348566,9081505,8.382
20121120,496.66,436881600,1927336,109137398,9153540,8.387
20121121,492.19,411309100,1795379,108139800,9041449,8.361
20121122,497.03,474458300,1785906,109267346,9090363,8.319
20121123,498.82,415395400,1740372,109706230,9129294,8.322
20121126,496.24,507915900,1798466,109171706,9025229,8.267
20121127,493.63,515781500,2195466,108660410,8987436,8.271
20121128,494.48,439005300,1727396,108313294,8951177,8.264
20121129,496.73,450374400,1812710,108801741,8977242,8.251
20121130,499.37,368975900,1700394,109340284,9021325,8.251
20121203,498.97,350223700,1625757,109276197,9017798,8.252
20121204,502.71,353742800,1667753,110078774,9150740,8.313
20121205,496.5,430561800,2142954,108806378,9042556,8.311
20121206,488.03,361832600,2019835,106953570,8800136,8.228
20121207,489.22,365740100,1967088,107343465,8868858,8.262
20121210,489.59,302286600,1469560,107435933,8913428,8.297
20121211,481.59,349941800,1615158,105788536,8794802,8.314
20121212,485.33,329806100,1472581,106617213,8905789,8.353
20121213,490.15,289316600,1341534,107676846,8991941,8.351
20121214,491.65,337429600,1431401,107998704,9013167,8.346
20121217,485.48,315004600,1373719,106839226,8873119,8.305
20121218,483.19,325265700,1477869,106367208,8846321,8.317
20121220,479.21,342515000,1510622,105465791,8730683,8.278
20121221,478.06,333417900,1517900,105774370,8816666,8.335
20121224,483.76,297319200,1484343,107069115,8966241,8.374
20121226,482.76,327756900,1484459,106908586,8911926,8.336
20121227,492.08,355609600,1667867,108180365,8939725,8.264
20121228,496.32,329013200,1508580,109121943,8980252,8.23
20130102,501.61,342534300,1515103,110301959,9048215,8.203
20130103,499.07,388426700,1748943,109764974,8974939,8.177
20130104,504.84,399804100,1893302,111030156,9138310,8.23
20130107,508.72,416030800,1827428,111882579,9204687,8.227
20130108,509.01,431557600,1765106,111987112,9227978,8.24
20130109,511.94,501716600,1881011,112631862,9283676,8.242
20130110,514.48,432196400,1826283,113211204,9348899,8.258
20130111,515.42,441080600,2075626,113410664,9377304,8.268
20130114,513.44,443514900,1832744,112958091,9362724,8.289
20130115,508.02,496289200,1875119,111771732,9276825,8.3
20130116,507.68,483412100,1980874,111490951,9251711,8.298
20130117,506.35,525179200,2066067,111211263,9197287,8.27
20130118,512.24,477339900,1698936,112573546,9336461,8.294
20130121,514.66,514708300,1750803,113108905,9359035,8.274
20130122,516.59,541597900,1972290,113534799,9405809,8.285
20130123,513.26,569737800,2091837,112823015,9330809,8.27
20130124,508.63,547315800,1911248,111803783,9223824,8.25
20130125,506.83,551145500,1851119,111463059,9185252,8.241
20130128,504.2,471655200,1525701,110885167,9127688,8.232
20130129,505.35,566850100,1664068,111191277,9208333,8.282
20130130,502.8,468220700,1789543,110895779,9171544,8.27
20130131,503.67,381675000,1569732,111086478,9225947,8.305
20130201,503.31,479257100,1705433,111011198,9275764,8.356
20130204,501.32,458129800,1609552,110535079,9352660,8.461
20130205,498.16,487132500,1604305,109992088,9326220,8.479
20130206,502.56,423870500,1552207,110972694,9449771,8.515
20130207,501.78,426034100,1645212,111060683,9413795,8.476
20130208,504.94,337974600,1429921,111778603,9504743,8.503
20130212,503.72,427694300,1488863,111531969,9484561,8.504
20130213,507.99,435230400,1689859,112784619,9620217,8.53
20130214,512.53,433338000,1763784,113784609,9656172,8.486
20130215,514.58,438339100,1915429,114238122,9677621,8.471
20130218,518.52,477324400,1904237,115111176,9760459,8.479
20130219,522.49,480404900,2211885,116136845,9891600,8.517
20130220,525.69,481084300,2194672,116847521,9960975,8.525
20130221,524.44,511007500,2238268,116558556,9919733,8.511
20130222,528.36,513979800,2219407,117432707,10065173,8.571
20130225,527.27,455465400,2101436,117196532,10048077,8.574
20130226,528.56,435553500,1944946,117481187,10087975,8.587
20130227,533.36,463933500,2138235,118522096,10168627,8.58
20130228,535.87,407868200,2129089,119140365,10159145,8.527
20130304,537.38,372090400,1814883,119455508,10243163,8.575
20130305,543.96,455089000,2419613,121044772,10426781,8.614
20130306,544.36,486272300,2368132,121126891,10432638,8.613
20130307,541.3,509641900,2277866,120513062,10358828,8.596
20130308,543.1,490092500,2133052,120913991,10427083,8.624
20130311,540.44,521335700,2461808,120319272,10420383,8.661
20130312,543.88,562435900,2511236,121081131,10513530,8.683
20130313,549.73,541570300,2625019,122388488,10625293,8.682
20130314,553.58,596481300,2552602,123273611,10661194,8.648
20130315,554.81,569681600,2653867,123564021,10709084,8.667
20130318,541.09,508038300,2316861,120494269,10474622,8.693
20130319,550.01,493308300,1965057,122488548,10697266,8.733
20130320,546.26,487969500,2217204,121724848,10608047,8.715
20130321,544.56,463024700,1981695,121514538,10612997,8.734
20130322,551.25,410613900,1968276,123116340,10793843,8.767
20130325,549.56,384026400,1843834,122836308,10742938,8.746
20130326,549.9,384639000,1948085,122920014,10798379,8.785
20130327,548.72,443319000,2070495,122659768,10749985,8.764
20130328,552.64,407422900,1877149,123537572,10826122,8.763
20130329,555.02,404853100,2089856,124020588,10873728,8.768
20130401,553.97,401828300,1889787,123808531,10817615,8.737
20130402,552.83,503317000,2372390,123545583,10814589,8.754
20130403,557.96,501516800,2426003,124727365,10974123,8.798
20130404,555.23,560204700,2823452,124124105,10947884,8.82
20130405,547.51,440558400,2425557,122387759,10783131,8.811
20130408,528.78,459550700,2352313,118098161,10424893,8.827
20130409,528.15,494093200,2298636,117986082,10421990,8.833
20130410,534.84,395903700,1805037,119484210,10525072,8.809
20130411,544.3,440509600,2150864,121603370,10650921,8.759
20130412,547.19,448862700,2375489,122252535,10708329,8.759
20130415,553.99,417343000,2311377,123428587,10670082,8.645
20130416,558.95,437505100,2848972,124548806,10780205,8.655
20130417,558.54,467392400,3233940,124515100,10702316,8.595
20130418,551.1,416509700,2491958,122958523,10420364,8.475
20130419,541.46,448176400,2678179,121290549,10284196,8.479
20130422,547.1,434456000,2600927,122589583,10366046,8.456
20130423,554.37,451233100,2509478,124235914,10602459,8.534
20130424,563.81,475203300,2716993,126377562,10799573,8.545
20130425,559.4,546571600,2958171,125251961,10653017,8.505
20130426,565.35,489817400,2531890,126629123,10848485,8.567
20130429,568.36,442123000,2428630,127311371,10898547,8.561
20130430,563.87,505696200,2703601,126416357,10781405,8.528
20130502,560.48,454128000,2316814,125649713,10625190,8.456
20130503,565.33,479887800,2262916,126795403,10742916,8.473
20130506,567.13,462952400,2084575,127255752,10827690,8.509
20130507,573.68,475869900,2321189,128769286,11012461,8.552
20130508,576.7,466321900,2397655,129575604,11072978,8.546
20130509,573.35,470604300,2472651,128854530,10980384,8.522
20130510,569.7,445328500,2338600,128139134,10911610,8.515
20130513,565.72,450089400,2264902,127303684,10855046,8.527
20130514,560.47,543624100,2810707,126502360,10832928,8.563
20130515,565.65,432745700,2107628,127721974,11021673,8.629
20130516,566.06,456864300,2384617,127811279,11113379,8.695
20130520,567.32,377811300,1925498,128107398,11173050,8.722
20130521,572.69,383528400,2103088,129490646,11349565,8.765
20130522,574.25,450320900,2280396,129847045,11351364,8.742
20130523,569.34,503895600,2489740,128737563,11262874,8.749
20130524,574.06,449877300,2145996,129814634,11375231,8.763
20130527,577.56,409440800,2031709,130604346,11449273,8.766
20130528,585.76,504961000,2495996,132445636,11671346,8.812
20130529,585.69,480766300,2220636,132456755,11751998,8.872
20130530,581.13,455452700,2262927,131705951,11669903,8.861
20130531,577.87,487624500,2413935,131059926,11573426,8.831
20130603,569.41,410528400,1938382,129145696,11330977,8.774
20130604,561.55,539188500,2246040,127301865,11248203,8.836
20130605,549.09,463804400,1884851,124417728,10913387,8.772
20130607,535.75,445954600,2228915,121402454,10637965,8.763
20130610,547,546085500,1740065,123968066,10953153,8.835
20130611,547.87,743225900,2109303,124171168,10976782,8.84
20130612,546.2,471016400,1730229,123820766,10897757,8.801
20130613,540.82,558006000,1672464,122431050,10788171,8.812
20130614,536.04,486145600,1510811,121331539,10687852,8.809
20130617,524.5,427795000,1626851,118700078,10504748,8.85
20130618,534.26,394417200,1491149,120982071,10750347,8.886
20130619,531.41,396653600,1435388,120335951,10676084,8.872
20130620,525.59,445114100,1543055,119029381,10662627,8.958
20130621,520.89,418344600,1499040,117982313,10606400,8.99
20130624,508.65,379863000,1326516,115205695,10360175,8.993
20130625,480.96,539034800,2156165,109002121,9967091,9.144
20130626,493.07,382778100,1647149,111773908,10259052,9.178
20130627,512.25,404480900,1652002,116128442,10605537,9.133
20130628,519.06,373687400,1578646,117660789,10733470,9.122
20130701,527.81,323104000,1290657,119634539,11023022,9.214
20130702,526.92,345249000,1777058,119463031,11290325,9.451
20130703,521.31,383105600,1591133,118181373,11189266,9.468
20130704,525.22,384123100,1654345,119055104,11213265,9.419
20130705,525.4,422875800,1642728,119173143,11203052,9.401
20130708,515.85,330969100,1397457,117171351,11039075,9.421
20130709,519.34,425635100,1517420,117975124,11032151,9.351
20130710,515.64,422809800,1544600,117172755,10961661,9.355
20130711,527.25,368638200,1502437,119825860,11212432,9.357
20130712,532.47,398831500,1507793,121004001,11347217,9.378
20130715,531.67,367031500,1638797,120808548,11239127,9.303
20130716,537.72,339848500,1822653,122220651,11422913,9.346
20130717,541.82,326257800,1910172,123340586,11558292,9.371
20130718,541.56,327813700,1665536,123318897,11527564,9.348
20130719,541.87,316478900,1659889,122820558,11576158,9.425
20130722,541.14,326042400,1559312,122699359,11571265,9.431
20130723,541.64,307929000,1550355,122847040,11568668,9.417
20130724,543.6,358248200,1667937,123454321,11594243,9.392
20130725,541.94,369444900,1719015,123086549,11571269,9.401
20130726,545.31,326520700,1555229,123849972,11685479,9.435
20130729,540.98,347424900,1617740,122846501,11653000,9.486
20130730,546.43,366014200,1835291,124082817,11822310,9.528
20130731,554.31,354847000,2058877,127786590,12207644,9.553
20130801,549.52,328012900,2276659,126789834,11839525,9.338
20130802,551.76,336337700,2106549,127371112,11942682,9.376
20130805,556.6,342530900,1960776,128465639,12152000,9.459
20130806,557.36,347130000,2274832,128656085,12230607,9.506
20130807,554.73,352895600,2034915,128046706,12187204,9.518
20130808,555.3,341178800,1909275,128211034,12149919,9.476
20130809,554.93,349814600,1749677,128137957,12081796,9.429
20130812,550.25,376523300,1872837,127637435,11967661,9.376
20130813,550.85,459778400,1964059,127783250,12066584,9.443
20130814,550.87,419740400,1881629,127806751,12035020,9.417
20130816,548.79,397044400,1634228,127341778,12071500,9.48
20130819,550.49,396154300,1772904,127740253,12193083,9.545
20130820,537.57,516316700,2130172,124792645,11949910,9.576
20130821,530.54,503870100,2035887,123186279,11801240,9.58
20130822,517.64,461318500,1856094,120273277,11540430,9.595
20130823,529.19,321632900,1469246,122906845,11862676,9.652
20130826,533.73,332483400,1462161,123954664,11913621,9.611
20130827,524.39,384921800,1804620,121852380,11664516,9.573
20130828,517.44,387618900,2283301,120265635,11456198,9.526
20130829,520.37,301612500,1622813,120908794,11435300,9.458
20130830,516.74,399573300,1964006,120078792,11135567,9.274
20130902,525.18,315982100,1636508,122018070,11463966,9.395
20130903,525.89,343816700,1637613,122179425,11422970,9.349
20130904,526.16,348328900,1535490,122210281,11421803,9.346
20130905,528.06,351632800,1475304,122642080,11485308,9.365
20130906,523.77,457621900,1667234,121686390,11377529,9.35
20130909,521.11,469202600,1530593,121092045,11313897,9.343
20130910,523.15,317323000,1682479,121567986,11439292,9.41
20130911,529.34,278279300,1615596,122991087,11603556,9.434
20130912,529.58,290178300,1800756,123295200,11766547,9.543
20130913,530.89,247186600,1464173,123585132,11814334,9.56
20130916,526.2,245490800,1712063,122527201,11731890,9.575
20130917,527.11,221753700,1225823,122733687,11779417,9.598
20130923,527.07,258522600,1481781,122731675,11808263,9.621
20130924,527.29,304123400,1706983,122875933,11829799,9.627
20130925,527.27,284316900,1589795,122756118,11800256,9.613
20130926,532.83,268922800,1658285,124048607,11970017,9.649
20130927,537.5,293662400,1640165,125149256,12076231,9.649
20130930,534.89,297046100,1623810,124573000,12081287,9.698
20131001,530.35,352732800,1787962,123513008,11999384,9.715
20131002,532.02,288868700,1685600,123934778,12012809,9.693
20131004,532.01,287145000,1693693,123932235,12097607,9.761
20131007,528.44,300741500,1595932,123134126,11980761,9.73
20131008,528.83,315893300,1737711,123334209,12107842,9.817
20131010,529.04,304389900,1586861,123386610,12070536,9.783
20131011,532.6,318024100,1690996,124260814,12160129,9.786
20131014,531.66,352082800,1826700,124073079,12145035,9.789
20131015,533.12,363013400,1888626,124423431,12177677,9.787
20131016,525.68,411635800,2137932,122751083,12090409,9.85
20131017,521.52,347536000,1840972,121826611,11987375,9.84
20131018,525.69,294288800,1591063,122843830,12082298,9.835
20131021,529.34,286346900,1567887,123688716,12209358,9.871
20131022,531.89,310883800,1512712,124391708,12322831,9.906
20131023,525.38,338964700,1631554,122899747,12161991,9.896
20131024,531.03,323134900,1550048,124198781,12319905,9.92
20131025,534.02,333907600,1643779,124916156,12401738,9.928
20131028,534.98,331982300,1544894,125155331,12451256,9.949
20131029,533.91,328172400,1596423,125050241,12447432,9.954
20131030,537.68,347653500,1655734,125923114,12572489,9.984
20131031,532.44,313107900,1704630,125207153,12439391,9.935
20131101,534.74,366453600,1751719,125752412,12446066,9.897
20131104,533.64,310687600,1596180,125502456,12338210,9.831
20131105,528.73,326605500,1501813,124468837,12217708,9.816
20131106,525.99,319358800,1522086,123886061,12082740,9.753
20131107,520.65,344483500,1640116,122657848,11915763,9.715
20131108,515.74,311360900,1479150,121580028,11822439,9.724
20131111,502.94,364343100,1834825,118641113,11624598,9.798
20131112,510.73,288488200,1378629,120439810,11853310,9.842
20131113,505.6,298349700,1326542,119309731,11738223,9.838
20131114,511.75,275823900,1332868,120733788,11938577,9.888
20131115,512.74,313006000,1404336,120951773,11946727,9.877
20131118,509.54,290391900,1471097,120269952,11891649,9.887
20131119,505.5,300517900,1610454,119514037,11843949,9.91
20131120,504.16,237711000,1162316,119194627,11777928,9.881
20131121,501.05,244893600,1120269,118499337,11714507,9.886
20131122,504.06,265965200,1440209,119658207,11809293,9.869
20131125,507.76,214715300,1081881,120523218,11948224,9.914
20131126,510.54,259414800,1215067,121250291,11987482,9.887
20131127,511.65,286753200,1198369,120761720,11918070,9.869
20131128,515.52,299589500,1428665,121679142,12070396,9.92
20131129,517.06,280428400,1313649,122120276,12107483,9.914
20131202,512.69,287194000,1267845,121112163,12019413,9.924
20131203,508.16,321166300,1414432,120184974,11884290,9.888
20131204,506.28,301664400,1376986,119830551,11870491,9.906
20131205,506.32,247183500,1152544,119849338,11817147,9.86
20131206,506.32,294729900,1160798,119964155,11846422,9.875
20131209,502.23,263247300,1179843,119014038,11745448,9.869
20131210,497.72,304608900,1376925,117967594,11690061,9.91
20131211,494.78,286345000,1179411,117289137,11659117,9.94
20131212,495.64,283534300,1108980,117515240,11658454,9.921
20131213,494.36,269031500,1040073,117244129,11569210,9.868
20131216,488.19,276802900,1095544,115824201,11407624,9.849
20131217,486.15,282713400,1102142,115383191,11430871,9.907
20131218,485.65,291925400,1240895,115245235,11436202,9.923
20131219,484.17,275565700,1092055,115021521,11357338,9.874
20131220,488.41,265876000,1036533,116741766,11552756,9.896
20131223,489.63,254498100,969372,116975289,11581006,9.9
20131224,491.08,267957600,984187,117359616,11635380,9.914
20131226,488.87,276930900,1088062,116853672,11556739,9.89
20131227,496.77,262317600,1010929,118529714,11718784,9.887
20131230,499.99,234608000,992814,119292529,11774213,9.87
20140102,496.28,264270700,1134127,118438707,11723697,9.899
20140103,499.33,295101200,1282346,119287876,11881491,9.96
20140106,500.62,288711400,1247219,119614062,11905980,9.954
20140107,504.86,332452600,1304747,120772549,12112588,10.029
20140108,509.78,368751800,1706753,121947092,12370404,10.144
20140109,511.6,363962300,1536997,122428519,12430079,10.153
20140110,510.19,399613400,1556093,122150098,12367197,10.125
20140113,512.92,375911400,1538873,122800556,12429729,10.122
20140114,512.27,410676200,1625767,122734956,12378255,10.085
20140115,515.97,414457700,1872382,123326158,12532553,10.162
20140116,517.83,404469900,1829230,123787040,12542582,10.132
20140117,518.1,389352300,1759530,123882479,12585795,10.159
20140120,519.99,357628600,1619973,124339098,12716644,10.227
20140121,520.99,426380700,1963195,124627646,12768486,10.245
20140122,523.07,428563200,1904678,125121615,12924987,10.33
20140123,522.72,447489900,2084008,124996052,13016282,10.413
20140124,520.31,356083900,1910890,124518189,13014080,10.452
20140127,507.51,516999300,1700253,121534021,12661771,10.418
20140128,509.29,453643700,1858882,121960564,12730521,10.438
20140129,515.2,389474800,1670894,123381137,12896605,10.453
20140203,513.62,421813600,1519395,123063875,12926059,10.504
20140204,507.56,451898800,1666441,121741541,12781511,10.499
20140205,505.62,448617800,1697639,121301990,12658330,10.435
20140206,509.87,570169000,1704394,122866950,12846333,10.455
20140207,514.45,317537200,1577516,124302779,12970101,10.434
20140210,518.47,309037500,1620475,125351454,13122812,10.469
20140211,518.9,334358400,1757330,125503357,13042888,10.392
20140212,520.64,363288800,1744447,125967493,13092762,10.394
20140213,521.82,335854600,1736798,126480891,13077633,10.34
20140214,522.58,304303600,1663679,126731426,13084081,10.324
20140217,522,312970400,1655158,126553163,13039921,10.304
20140218,525.42,317030200,1646691,127325785,13235147,10.395
20140219,529.87,302650900,1661036,128406330,13440546,10.467
20140220,525.69,319024600,1640475,127401936,13256828,10.406
20140221,528.51,281064000,1441843,128122600,13424470,10.478
20140224,526.34,300678200,1531685,127624966,13323141,10.439
20140225,528.61,300491100,1554537,128248575,13469887,10.503
20140226,529.23,350393300,1749716,128408794,13458503,10.481
20140227,528.37,342015400,1741054,128295330,13408978,10.452
20140228,528.96,317973200,1723473,128425733,13475049,10.492
20140303,529.86,309998400,1554716,128631310,13539562,10.526
20140304,531.54,288134600,1761353,129061787,13540220,10.491
20140305,536.77,309499600,1825653,130398378,13720351,10.522
20140306,540.33,333649800,1880548,131237658,13803460,10.518
20140307,543.76,330788700,1901216,132085716,13908173,10.53
20140310,542.19,314729400,1835546,131679370,13818519,10.494
20140311,547.68,332093400,1888388,133087163,14013443,10.53
20140312,539.3,421126200,2087818,131067267,13638078,10.405
20140313,547.51,446407900,2104605,133122487,13823676,10.384
20140314,544.27,406014300,2097613,132378603,13743102,10.382
20140317,535.82,373685100,2057299,130254474,13437323,10.316
20140318,541.15,381923800,1759411,131569767,13634438,10.363
20140319,542.25,364064200,1818456,131853620,13700678,10.391
20140320,541.79,369116700,1869824,131728513,13649256,10.362
20140321,546.81,398548800,2109351,132919035,13801430,10.383
20140324,545.6,372732000,2107575,132672362,13749730,10.364
20140325,539.05,377418300,2213814,131141035,13569491,10.347
20140326,544.13,376339700,2136915,132297697,13866227,10.481
20140327,541.46,315845600,2001504,131585982,13677009,10.394
20140328,544.1,301073000,1800637,132314144,13714061,10.365
20140331,541.58,287619600,1794232,131684073,13635508,10.355
20140401,549.08,330253700,2075706,133480632,13893379,10.409
20140402,557.65,429492300,2499923,133681796,14218229,10.636
20140403,557.01,428916200,2654170,133469728,14222050,10.656
20140404,560.44,382409700,2158936,134329463,14305443,10.65
20140407,554.23,384349700,2211873,132864742,14086129,10.602
20140408,554.07,372970700,2099160,132851590,14037133,10.566
20140409,552.22,415121600,2148630,132373543,13987742,10.567
20140410,555.1,385751800,1895635,133074806,14105323,10.6
20140411,555.87,302354300,1858647,133240448,14097813,10.581
20140414,562.04,281989400,1894628,134726330,14229821,10.562
20140415,562.11,361928000,2023027,134863415,14183240,10.517
20140416,565.96,385313300,2292325,135652087,14216327,10.48
20140417,565.75,386336500,2461837,135615643,14183958,10.459
20140418,571.23,350594700,2184301,137118373,14507209,10.58
20140421,569.28,339208600,1862355,136836376,14462695,10.569
20140422,570.98,335429100,2024240,137250978,14481822,10.551
20140423,565.47,370974100,2262857,135925690,14339723,10.55
20140424,561.12,401551300,2187741,134875116,14238565,10.557
20140425,556.48,314134000,1751400,133784436,14169698,10.591
20140428,556.96,282641400,1549153,133942528,14186183,10.591
20140429,556.97,337012200,1741919,133964548,14196766,10.597
20140430,559.34,309987100,1683431,134555695,14260698,10.598
20140502,558.66,291648800,1673108,134253262,14184401,10.565
20140507,550.35,289226200,1612889,132227616,13892981,10.507
20140508,546.89,324839100,1816221,131401480,13710090,10.434
20140509,550.19,291441000,1752791,132250236,13765395,10.409
20140512,551.4,345012600,1627294,132510029,13805847,10.419
20140513,557.16,334971300,1872723,133889055,13978379,10.44
20140514,560.3,366363800,1940480,134665844,14057710,10.439
20140515,561.75,433224300,2111715,135020605,14069493,10.42
20140516,557.59,393240800,1981401,134016055,13936517,10.399
20140519,546.81,387918200,2057867,131477734,13708642,10.427
20140520,542.96,406844700,1983654,130590511,13687862,10.482
20140521,545.59,282140700,1569172,131279283,13790527,10.505
20140522,546.75,314632200,1705095,131681501,13855546,10.522
20140523,549.7,279283700,1580056,132322819,13980194,10.565
20140526,548.83,307957000,1794127,132158479,13994371,10.589
20140527,547.97,349127000,2156350,132262894,14082940,10.648
20140528,549.96,375913400,2102651,132801404,14204721,10.696
20140529,549.61,307093300,2048990,132732930,14162391,10.67
20140530,546.53,339721900,2143135,132027386,14074887,10.661
20140602,535.15,303747800,1934546,129349200,13884926,10.734
20140603,531.28,271350000,1658739,128430215,13813996,10.756
20140605,523.12,260961700,1557911,126476907,13620452,10.769
20140609,524.03,231803600,1335789,126706747,13666070,10.786
20140610,532.64,238614400,1387343,128762648,13951362,10.835
20140611,533.3,235531200,1401764,128963369,13865557,10.752
20140612,536.14,244375300,1341210,129667069,13925466,10.739
20140613,536.34,267533700,1375990,129833120,13963972,10.755
20140616,536.02,247375400,1288927,129754250,13937828,10.742
20140617,537.9,300965200,1408401,130218728,13987984,10.742
20140618,537.05,289639000,1353501,129985487,13966909,10.745
20140619,536.79,283507700,1509602,129944558,14001802,10.775
20140620,536.69,247597900,1428351,129921844,14017578,10.789
20140623,529.96,263803200,1547856,128297005,13869547,10.81
20140624,529.49,276108800,1586297,128145279,13865186,10.82
20140625,527.26,237212400,1428711,127576744,13779063,10.801
20140626,530.04,226098700,1283398,128276784,13863810,10.808
20140627,531.43,223481500,1190334,128610798,13886467,10.797
20140630,537.06,217625600,1221424,130010258,14066545,10.82
20140701,544.9,244174500,1534165,131907085,14350244,10.879
20140702,549.03,269146900,1780873,132915395,14482757,10.896
20140703,550.68,280042000,1922455,133329514,14493897,10.871
20140704,552.9,348298800,1897077,133873953,14504980,10.835
20140707,553.15,305096400,1816246,133950235,14515439,10.836
20140708,554.9,321586100,2144961,134344141,14525138,10.812
20140709,555.84,309649200,2009295,134706953,14539348,10.793
20140710,559.32,288185200,1993084,135568429,14648618,10.805
20140711,556.58,318688500,2323686,135025942,14702093,10.888
20140714,561.5,328157400,2009748,136216132,14875117,10.92
20140715,559.15,384660300,2341168,135679854,14814131,10.918
20140716,555.27,339893600,2100837,134732322,14680006,10.896
20140717,558.94,329957800,1875646,135660055,14781188,10.896
20140718,560.26,318318500,1870969,135992322,14761340,10.855
20140721,561.75,319000100,1864048,136394079,14784209,10.839
20140722,564.93,332077500,1876224,137178968,14831181,10.812
20140723,563.14,329987500,1897122,136752549,14742519,10.78
20140724,559.67,376065800,2039971,135979716,14690878,10.804
20140725,562.78,314005700,1841813,136850233,14822703,10.831
20140728,552.98,329149300,1979239,134462250,14515922,10.796
20140729,541.82,333912500,2021380,131794220,14172314,10.753
20140730,541.81,312518500,1934967,131862226,14202240,10.771
20140731,536.32,339901500,2202718,130564518,14023457,10.741
20140801,541.09,270217600,1671595,131572420,14220027,10.808
20140804,549.61,320874300,1776769,133672149,14427190,10.793
20140805,547.75,374818800,2213438,133294858,14419932,10.818
20140806,548.43,335194200,2388847,133490683,14363354,10.76
20140807,547.11,335807000,2675263,133166701,14319240,10.753
20140808,544.24,311664100,2012995,132591800,14274938,10.766
20140811,546.3,302813800,2032713,133091577,14321428,10.761
20140812,545.76,317472400,2061073,132884629,14316067,10.773
20140813,551.73,304690000,2303046,134301380,14523578,10.814
20140814,558.18,299428700,2230705,135913164,14697238,10.814
20140818,561.1,299403600,2161848,136600015,14787899,10.826
20140820,561.96,327840300,2347129,136940148,14816902,10.82
20140821,562.52,330045800,2203384,137085888,14849729,10.832
20140822,566.35,368801800,2152941,137829470,14964071,10.857
20140825,564.4,368840300,2331595,137298936,15012098,10.934
20140826,568.24,349859800,2317151,138252722,15121646,10.938
20140827,567.23,358396100,2509242,138397303,15099929,10.911
20140828,570.24,342136200,2015415,139154041,15246779,10.957
20140829,570.2,403409600,2268657,139152232,15285719,10.985
20140901,566.95,395692400,1999233,138428315,15193543,10.976
20140902,568.74,341577700,2058635,138805166,15259200,10.993
20140903,571.4,397984800,2293098,139388300,15322772,10.993
20140904,568.9,381371100,2361069,138764972,15264029,11
20140905,572.37,350100000,2207618,139642509,15385174,11.018
20140911,573.7,339920600,2190461,140000818,15342475,10.959
20140912,570.65,331315000,2481177,139402678,15247861,10.938
20140915,565.77,335434100,2313728,138212740,15077306,10.909
20140916,572.36,322755700,2321565,139807956,15291842,10.938
20140917,574.98,356768400,2458526,140441971,15309797,10.901
20140918,576.97,391546500,2400858,140902282,15361678,10.902
20140919,581.38,373851400,2248910,142012961,15455264,10.883
20140922,577.35,385300100,2248090,141056160,15323855,10.864
20140923,575.56,370407200,2524824,140615224,15316666,10.893
20140924,580.42,369952400,2324195,141816389,15509773,10.937
20140925,577.48,433517300,2648591,141105733,15312376,10.852
20140926,577.66,397796800,2266954,141367936,15352697,10.86
20140929,569.27,409351900,2389093,139217415,15064996,10.821
20140930,573.22,387200000,2390184,140201802,15293108,10.908
20141001,566.99,388444500,2594823,138727619,15201441,10.958
20141002,569.84,332272600,2135873,139442973,15268688,10.95
20141006,566.27,357661300,2308610,139226851,15173441,10.898
20141007,562.82,334814000,2066295,138427965,14979991,10.822
20141008,566.74,305559500,1968396,139382596,15132673,10.857
20141010,555.95,357244500,2232727,136762417,14785028,10.811
20141013,534.31,432180700,2808266,131464708,14218043,10.815
20141014,544.05,372980700,2360727,139477794,14422070,10.34
20141015,545.51,395041700,2245358,139829806,14394336,10.294
20141016,545.49,382113400,2340808,139830970,15434863,11.038
20141017,547.7,395421000,2640480,140491363,15491646,11.027
20141020,556.01,373857300,2303639,142617232,15735791,11.034
20141021,557.54,417468800,2548702,143002164,15837558,11.075
20141022,564.52,384793500,2656559,144786052,16033309,11.074
20141023,564.31,375656500,2479502,144725093,16031355,11.077
20141024,560.66,386959100,2490604,143799435,15846371,11.02
20141027,559.92,356431400,1991513,143647240,15886849,11.06
20141028,562.29,363046400,2083805,144291412,15929969,11.04
20141029,561.03,392328100,2205992,144054255,15887586,11.029
20141030,557.86,394618600,2114828,143289677,15739975,10.985
20141031,558.7,340918300,1972806,143530729,15822219,11.024
20141103,552.47,369056600,2031770,141969270,15603848,10.991
20141104,542.16,410439600,2369542,139325759,15390767,11.047
20141105,540.27,357466600,2417250,139072088,15397037,11.071
20141106,531.81,347409500,2353343,137050501,15225404,11.109
20141107,539.9,341538800,2130717,139196689,15486766,11.126
20141110,539.22,360075000,2000418,139174656,15473958,11.118
20141111,545.13,368608200,2152897,140804215,15634964,11.104
20141112,546.46,393830300,2250758,141150308,15634635,11.077
20141113,547.7,362084800,1933932,141450528,15633682,11.052
20141114,541.93,381116600,1868616,139927976,15404663,11.009
20141117,531.18,343505600,1838192,137196896,15054928,10.973
20141118,536.2,344739200,1856590,138535065,15260711,11.016
20141119,540.84,365162000,1935269,139901208,15577317,11.135
20141120,539.93,375322700,1981257,139735710,15597402,11.162
20141121,543.98,390540400,2036704,140900205,15719898,11.157
20141124,541.93,354731100,2107908,140488313,15664213,11.15
20141125,546.34,397532900,2820780,141589969,15944603,11.261
20141126,547.34,367259500,1898873,141832858,15919873,11.224
20141127,545.97,338402900,1735361,141467619,15881288,11.226
20141128,545.08,354875900,1632517,141252709,15867804,11.234
20141201,539.45,368382100,1706683,139896857,15799075,11.293
20141202,541.53,359757600,1826563,140342358,15886837,11.32
20141203,545.02,428016300,2033941,141455363,15947851,11.274
20141204,548.16,394092000,2248476,142467573,16029351,11.251
20141205,550.85,480232800,2249780,143254346,16075011,11.221
20141208,551.4,432777200,2141511,143566141,16036943,11.17
20141209,546.57,513199000,2178098,142537113,16011373,11.233
20141210,541.96,452661500,2189382,141423746,15875966,11.226
20141211,537.21,477012100,2356052,140408039,15838232,11.28
20141212,533.67,596590800,2729367,139551559,15696496,11.248
20141215,538.09,424151100,1945923,141002946,16021920,11.363
20141216,534.15,460172200,2360215,139917187,15887912,11.355
20141217,533.06,456093100,2340471,139996703,15760076,11.257
20141218,527.52,515785600,2360670,138626508,15659600,11.296
20141219,535.51,390477000,2000656,140644864,15890553,11.298
20141222,536.78,429662100,1777043,140881848,15955116,11.325
20141223,534.65,417419600,2343007,140534190,15848510,11.277
20141224,536.89,463602900,2017388,141377289,15873166,11.228
20141226,535.17,506926400,2206609,141316987,15857058,11.221
20141229,539.22,384930100,1857151,142118070,15919356,11.202
20141230,542.97,388705700,1687681,143087772,16000257,11.182
20150102,553.73,364059700,1921224,145919385,16373429,11.221
20150105,561.25,427453800,2357129,147922774,16651760,11.257
20150106,558.9,487561000,2582876,147390116,16606868,11.267
20150107,561.32,494452400,3041388,148023446,16624653,11.231
20150108,566.43,468817800,2614408,149349093,16703203,11.184
20150109,572.99,438637300,2853480,151205112,16899798,11.177
20150112,574.76,453314000,2660020,151710004,16856365,11.111
20150113,571,553182200,2894920,151098296,16819535,11.132
20150114,574.17,433170200,2473734,151906202,16819256,11.072
20150115,581.39,447942500,2724216,153795944,17113619,11.127
20150116,577.41,429674800,2733248,152744182,16906750,11.069
20150119,577.94,441094700,2509254,152899386,16848913,11.02
20150120,582.27,486158600,2882457,154195669,17046051,11.055
20150121,584.34,538202200,3023146,154757642,17099660,11.049
20150122,578.42,647447500,3292361,153213308,16879317,11.017
20150123,589.31,506744800,3033528,156085888,17235956,11.043
20150126,590.34,534748800,2897774,156344416,17263805,11.042
20150127,587.84,530981000,3679823,155641066,17098113,10.986
20150128,594.39,470183800,2664291,157393559,17378834,11.042
20150129,593.12,467497600,2690842,157043501,17366805,11.059
20150130,591.58,452065100,2561743,156568031,17252327,11.019
20150202,590.27,422465600,2472993,156226108,17172630,10.992
20150203,593.31,501514700,2868942,158080866,17374248,10.991
20150204,598.23,505360300,2728893,159394075,17383611,10.906
20150205,600.81,554182400,2865104,160099961,17478859,10.917
20150206,604.13,515658300,3049407,161085498,17652951,10.959
20150209,593.75,519773500,3299104,158270638,17228578,10.886
20150210,592.95,553758500,3034808,157828435,17016091,10.781
20150211,601.41,499704600,2890276,160187672,17300427,10.8
20150212,602.24,516791500,3071793,160392895,17286082,10.777
20150213,608.07,507034600,3354771,162100272,17548516,10.826
20150216,610.16,451939700,3251071,162605017,17720257,10.898
20150217,609.1,440243500,3195820,162439641,17630617,10.854
20150223,615.52,426304700,2904873,164184238,17964845,10.942
20150224,621.31,472885400,2949830,165713675,18127244,10.939
20150225,616.57,479930700,2914314,164500902,17909588,10.887
20150226,617.08,487145600,2974400,164710645,17828718,10.824
20150227,624.56,503343300,2946335,166686150,18062273,10.836
20150302,621.81,507111800,2855824,166018970,17842922,10.748
20150303,625.64,502375100,2787742,167051220,18017935,10.786
20150304,630.35,528475500,3007145,168313607,18190543,10.808
20150305,631.43,485602600,2827877,168638160,18125893,10.748
20150306,635.84,551626900,3076185,169851800,18378546,10.82
20150309,629.26,503302200,2792596,168142306,18125420,10.78
20150310,621.99,571068500,2934639,166246023,17906778,10.771
20150311,619.61,470056400,2571348,165609528,17835162,10.769
20150312,628.15,490442800,2778599,167809713,18089768,10.78
20150313,634.25,530719400,3012813,169442523,18225211,10.756
20150316,635.4,556632500,3013223,169728945,18247549,10.751
20150317,636.05,524048600,2870416,170024893,18182323,10.694
20150318,628.99,556577400,3398296,168008919,17846005,10.622
20150319,631.81,559030600,3292416,168633238,18006408,10.678
20150320,640.08,578703100,3368134,170803643,18270780,10.697
20150323,640.29,530149800,3010643,170867152,18187075,10.644
20150324,641.87,525788700,2659167,171273436,18180411,10.615
20150325,651.05,534691300,3482399,173712087,18535942,10.67
20150326,642.53,551806900,3594197,171535220,18155569,10.584
20150327,640.12,592411900,3213331,170817966,17989173,10.531
20150330,646.74,467255800,2722251,172619025,18119017,10.497
20150331,650.49,524552200,3358425,173622018,18208764,10.488
20150401,650.23,513253400,2945767,173578940,18155975,10.46
20150402,650.57,629851600,3674421,173685158,18210518,10.485
20150403,658.04,528693900,3255715,175627257,18413806,10.485
20150406,662.15,523546500,3202146,176733831,18420630,10.423
20150407,666.83,550039700,3719498,177965140,18500705,10.396
20150408,668.03,560683200,3773268,178286981,18385365,10.312
20150409,676.96,595116800,3773203,180759066,18664777,10.326
20150410,682.02,602405200,4220177,182522359,18859981,10.333
20150413,689.39,709280500,4631102,184950946,19352354,10.464
20150414,684.97,828998200,5380408,183859187,19522861,10.618
20150415,694.44,619758500,3985784,186369650,19779622,10.613
20150416,698.31,698718700,4543291,187509921,19697327,10.505
20150417,706.9,685554000,4945930,189839590,19854496,10.459
20150420,706.96,667416200,4510029,189981854,19764258,10.403
20150421,714.52,747053400,5058215,192077968,19916479,10.369
20150422,703.34,1086825400,7446762,189116927,19612102,10.37
20150423,692.48,705400100,5079325,186172392,19366228,10.402
20150424,690.74,610911300,4401681,185771391,19251401,10.363
20150427,699.39,516099400,3307301,188079761,19414221,10.322
20150428,696.79,600314900,4664797,187420824,19356788,10.328
20150429,695.69,558797100,3976752,187173600,19258990,10.289
20150430,689.01,584947900,3800675,185533209,19117246,10.304
20150504,677.9,440512800,3038178,182546116,18777674,10.287
20150506,665.94,486121300,3273511,179269046,18425065,10.278
20150507,673.08,473771200,3423638,181231948,18661431,10.297
20150508,681.69,439119300,3145395,183549753,18917610,10.307
20150511,692.29,433533900,2992752,186441550,19209169,10.303
20150512,686.74,546374800,3946576,185032152,18914845,10.222
20150513,692.23,522079500,4354021,186566761,19098477,10.237
20150514,699.27,529656900,3996520,188497408,19318581,10.249
20150515,705.4,517458000,4098557,190265992,19574954,10.288
20150518,703.25,599819100,4471942,189689915,19616330,10.341
20150519,706.79,530776500,4550578,190642414,19717842,10.343
20150520,713.95,601739400,5031798,192600969,19954615,10.361
20150521,715.64,522475100,4607197,193077666,19997506,10.357
20150522,713.54,546898500,4364197,192560227,19935654,10.353
20150526,708.66,457372200,3746526,191277583,19720282,10.31
20150527,699.19,475866500,3569471,188903458,19579297,10.365
20150528,709.01,484566300,3949274,191622956,19797094,10.331
20150529,711.39,549340300,4524839,192489848,19773706,10.273
20150601,715.73,578472000,4484930,193660488,19935389,10.294
20150602,704.77,611087200,4813190,190682964,19562093,10.259
20150603,696.97,693090100,5373751,188660607,19349565,10.256
20150604,704.56,580142300,4366661,190717337,19709049,10.334
20150605,707.27,557630500,4278290,191468069,19853018,10.369
20150608,716.43,496427500,3771520,193915179,20192091,10.413
20150609,722.51,506649800,4000947,195568729,20304326,10.382
20150610,718.23,563288300,4133058,194463799,20118822,10.346
20150611,717,505737100,3862141,194170082,20139317,10.372
20150612,712.4,480032200,3851403,193207652,19963491,10.333
20150615,705.85,413205100,3360676,191547023,19880293,10.379
20150616,706.28,519263900,4090390,191760282,19837098,10.345
20150617,718.61,476371000,3935448,195235440,20262256,10.378
20150618,725.2,547642800,4140784,197011614,20466739,10.389
20150619,729.92,540717500,4095374,198287671,20382923,10.279
20150622,734.61,527625300,3755936,199558249,20472416,10.259
20150623,739.82,547798400,4200000,201032736,20543393,10.219
20150624,746.62,507117500,4045022,202848117,20739598,10.224
20150625,753.66,540148000,4360731,204845030,20872380,10.189
20150626,750.5,605500000,4932402,204922232,20749089,10.125
20150629,733.04,477321700,4093100,200011180,20462789,10.231
20150630,742.27,463287300,4154459,203015273,20778896,10.235
20150701,760.67,561490800,4421486,206845980,21213251,10.256
20150702,768.67,716910900,4911746,209020212,21341879,10.21
20150703,769.26,671938600,4906842,209184629,21231519,10.15
20150706,752.01,640837400,5080213,204572582,20656503,10.097
20150707,729.64,761134500,6512329,198532311,20210495,10.18
20150708,726.22,648953100,4812146,197604117,20087377,10.165
20150709,726.01,654826400,4499599,197583744,19983434,10.114
20150710,730.72,549059300,4007687,199070300,20064751,10.079
20150713,749.46,552734500,3593184,204132732,20591153,10.087
20150714,757.12,593429100,4001516,206273719,20770473,10.069
20150715,761.59,679875600,4191797,207473965,20994407,10.119
20150716,774.4,693892900,4890447,210973759,21481989,10.182
20150717,773.23,774048000,5059769,210835467,21632224,10.26
20150720,782.64,667848300,4311171,213402399,21896990,10.261
20150721,781.99,761518400,4011429,213317382,21806360,10.222
20150722,776.57,700607900,4223616,212092850,21745733,10.253
20150723,776.99,882451700,4067579,212026525,21675615,10.223
20150724,776.26,645178100,4409892,212851448,21686656,10.189
20150728,745.24,609631300,4117962,204378455,21005103,10.278
20150729,730.47,734572400,4048783,200298768,20687527,10.328
20150730,712.86,568764900,3780188,195673346,20340100,10.395
20150731,725.06,512090500,3008302,199143876,20806343,10.448
20150803,714.34,422133400,2703728,196207636,20546100,10.472
20150804,730.03,422638600,2706774,200514510,20961274,10.454
20150805,741.26,418283400,3265685,203703944,21226773,10.42
20150806,747.74,448618600,3359570,205487958,21390648,10.41
20150807,751.49,443826200,3249500,206906058,21467161,10.375
20150810,746.34,432202600,3085862,205349154,21363372,10.403
20150811,732.26,622187400,3880737,201831452,20988300,10.399
20150812,717.2,583147300,4026609,197697908,20707976,10.475
20150813,731.36,496880000,3353403,201681965,21097896,10.461
20150817,722.01,446175900,3006814,199756465,20853981,10.44
20150818,699.8,596749900,3336231,194010444,20240802,10.433
20150819,670.55,572094900,3899150,185941396,19656813,10.572
20150820,656.71,439889800,2960941,182390155,19334711,10.601
20150821,627.05,615383900,3746229,174193399,18747620,10.763
20150824,613.33,514961400,3022932,170563446,18256177,10.703
20150825,645.43,518695700,3342518,179420886,19243987,10.726
20150826,667.44,546181000,3336146,185559296,19800806,10.671
20150827,673.71,471360800,3008793,187303255,19879912,10.614
20150828,687.96,433699400,2605950,191335708,20259245,10.588
20150831,687.11,389836900,2475362,191093394,20181740,10.561
20150901,672.94,456688100,2915116,187227355,19731828,10.539
20150902,678.02,486677300,3206817,188630605,19829597,10.512
20150903,678.25,553112100,3141064,188674552,19771497,10.479
20150904,650.45,607437500,3592341,180998080,18874521,10.428
20150907,648.8,393768800,2514650,180396633,18796875,10.42
20150908,638.22,479051300,2891386,177468387,18483609,10.415
20150909,660.67,450736700,2694771,183730969,19212396,10.457
20150910,668.29,498651700,2615535,185858554,19376377,10.425
20150911,669.87,557381100,2911105,187484580,19554346,10.43
20150914,662.88,444210300,2517579,185557775,19282882,10.392
20150915,666.75,888771600,2637116,186726199,19356356,10.366
20150916,676.48,968861000,2969012,189444530,19661442,10.378
20150917,671.05,739986400,3479105,187975378,19490732,10.369
20150918,690.18,728114500,4365625,193310424,20105325,10.401
20150921,688.9,717566100,3520136,192921743,19932595,10.332
20150922,693.67,930969700,4008802,194374937,20008657,10.294
20150923,680.28,1027997000,4125562,190765422,19536325,10.241
20150924,683.88,869031700,3659285,191807051,19543044,10.189
20150925,682.7,636053400,2923326,191607607,19308591,10.077
20150930,678.48,814897700,3057334,190571572,19237741,10.095
20151001,684.79,832237600,3149260,192593921,19408365,10.077
20151002,686.42,694058500,3315604,193276055,19573641,10.127
20151005,691.19,654214900,3144029,194985343,19675727,10.091
20151006,689.06,843011000,3415052,194477977,19624573,10.091
20151007,679.83,791091000,3445137,191963536,19262331,10.034
20151008,674.97,686112400,2994182,190743305,19072138,9.999
20151012,672.96,508019800,2367250,190208166,19000285,9.989
20151013,672.82,735527500,3122843,190494365,19133507,10.044
20151014,668.92,690437800,2979837,189302540,18945888,10.008
20151015,676.05,744038600,2903424,191435016,19115200,9.985
20151016,681.73,764455400,3101342,193083626,19316898,10.004
20151019,684.29,920641800,3085189,193743963,19354603,9.99
20151020,691.21,779901500,3448629,195702150,19512336,9.97
20151021,686.5,949552800,3480315,194322639,19308774,9.936
20151022,676.3,934825200,3716230,191551415,19024380,9.932
20151023,681.97,1041694800,3631363,193455492,19229231,9.94
20151026,690.73,722331800,3800853,195871509,19450239,9.93
20151027,688.32,653255800,3600265,195156628,19249174,9.863
20151028,693.53,711510400,4041909,196564517,19517702,9.929
20151029,690.63,818159900,3659041,195859175,19423507,9.917
20151030,683.63,757473000,3863354,193909411,19199617,9.901
20151102,680.01,668400200,3210137,193301668,19131150,9.897
20151103,682.13,728403300,3533320,193838315,19160135,9.885
20151104,686.18,783687600,3668241,196077224,19348703,9.868
20151105,694.43,765536200,3636877,198362102,19626747,9.894
20151106,694.21,771774900,4292148,198265956,19475580,9.823
20151109,671.84,715399600,3955340,192050576,18965230,9.875
20151110,656.7,680029200,3939937,187792801,18384959,9.79
20151111,667.21,634890900,3473713,190795374,18677419,9.789
20151112,672.99,618861100,3724436,192699365,18959682,9.839
20151113,670.52,763409600,3552332,192056581,19004609,9.895
20151116,659.2,634991300,3013168,189027606,18665585,9.875
20151117,672.17,753633000,3293385,193947922,19088087,9.842
20151118,670.67,992772400,3911783,193635509,19180542,9.905
20151119,680.57,856877600,3868306,196702271,19432361,9.879
20151120,685.16,861690300,3553209,198201636,19588862,9.883
20151123,688.29,669720100,3198899,199177104,19784274,9.933
20151124,687.86,823483800,3275595,198871635,19711827,9.912
20151125,688.78,864203500,3719962,199420761,19734765,9.896
20151126,693.42,786556000,3313152,200821034,19859569,9.889
20151127,694.21,769690900,3078038,201073559,19890079,9.892
20151130,688.38,638853200,3500673,199424283,19806628,9.932
20151201,691.95,668623500,3152752,200420205,19906160,9.932
20151202,690.32,786530800,3655044,199866288,19813521,9.913
20151203,690.77,770231500,3191762,200017720,19912277,9.955
20151204,685.77,776614400,3217362,198622541,19680686,9.909
20151207,683.34,695479700,2973515,198016124,19639266,9.918
20151208,668.42,717569200,3636892,193793858,19214406,9.915
20151209,664.08,854057200,3425777,192534196,19140299,9.941
20151210,658.08,993272900,3870705,190761507,19087384,10.006
20151211,653.48,811871500,3124501,189475821,18977830,10.016
20151214,630.37,628074500,2910373,182879828,18431715,10.079
20151215,639.78,604997000,2553514,185616359,18721736,10.086
20151216,647.27,652609000,2804414,188197414,18929762,10.058
20151217,658.11,623234600,3143573,191518922,19307246,10.081
20151218,667.45,592660200,2811891,194419029,19695410,10.13
20151221,668.65,540199400,2715026,195051941,19758763,10.13
20151222,663.42,695147200,3844009,193864866,19583449,10.102
20151223,659.6,778688000,3811052,192869738,19438628,10.079
20151224,656.53,671334500,3281735,193846116,19316410,9.965
20151228,652.05,596020000,2938407,192556295,19207785,9.975
20151229,673.22,558686100,2958818,198559555,19834184,9.989
20151230,682.35,512431700,2834865,201631307,20055409,9.947
20160104,677.79,502708600,3118308,200359428,19903474,9.934
20160105,684.07,741686500,3293186,202228765,20083206,9.931
20160106,687.27,747614000,4133372,203143710,20195793,9.942
20160107,679.66,692146300,3794254,200982808,20097026,9.999
20160108,682.56,710747700,3716144,201840685,20260333,10.038
20160111,674.96,586439200,3434485,199699505,20149265,10.09
20160112,671.3,575161800,3286232,198604781,20066857,10.104
20160113,686.03,729671200,3496826,202924052,20659779,10.181
20160114,683.19,561165500,3791939,202171390,20501227,10.141
20160115,678.43,595825700,4169538,200243503,20120025,10.048
20160118,683.63,542383100,3528248,201722533,20669157,10.246
20160119,681.25,605473800,3830314,201059630,20519145,10.206
20160120,669.68,752779300,4502418,197671036,20359496,10.3
20160121,665.84,578090900,3316288,196566774,20227055,10.29
20160122,670.95,552166900,3435884,198137341,20303876,10.247
20160125,681.43,463151500,3081393,201143233,20618204,10.251
20160126,678.85,526894000,3165020,200399695,20602512,10.281
20160127,675.25,636704400,3620240,199404119,20389379,10.225
20160128,681.29,601859300,2971116,201414716,20806726,10.33
20160129,682.8,579437900,2976471,201893441,20885876,10.345
20160201,685.55,450234400,2877134,202751412,21264847,10.488
20160202,684.86,553697900,3227800,202629411,21165736,10.446
20160203,680.94,488886200,3027803,201665618,21030778,10.429
20160204,683.62,536980100,3077586,202468702,21377221,10.558
20160205,681.31,511581300,2848688,201836764,21220578,10.514
20160211,647.69,526061800,3621623,191835391,20799211,10.842
20160212,608.45,731130100,5547618,180761975,18752571,10.374
20160215,621.37,544902000,3133867,184932704,19090835,10.323
20160216,634.95,493954900,2762492,188993733,19511167,10.324
20160217,623.49,520293100,3068672,185614060,19039346,10.257
20160218,638.43,492297700,3130869,190043171,19578102,10.302
20160219,644.56,445694800,2844942,191944684,19832613,10.332
20160222,650.14,527930300,2820727,193624541,20041792,10.351
20160223,642.31,686743400,3493429,191405227,19830457,10.36
20160224,643.98,583838100,2912916,191920076,19780453,10.307
20160225,646.27,570045900,3027162,192601250,19889728,10.327
20160226,649.3,459522900,2617452,193501619,19984348,10.328
20160229,651.62,575177000,2840395,194503176,20126080,10.347
20160302,662.25,518358800,3046318,197221156,20535624,10.412
20160303,669.01,543364900,3511320,199206573,20761425,10.422
20160304,673.84,531822600,3108748,200803303,20821472,10.369
20160307,672.21,546253700,3297914,200443147,20638675,10.297
20160308,674.32,554620600,3164635,201121325,20672515,10.279
20160309,679.64,452101100,2778909,202734137,20756723,10.238
20160310,687.6,534796400,3037026,205103319,21184915,10.329
20160311,689.17,506073400,2795418,205746540,21052297,10.232
20160314,691.05,475200200,2721636,206319881,20943201,10.151
20160315,693.34,571458300,2882463,207056811,20882937,10.086
20160316,693.44,594124000,3011466,207067820,20944173,10.115
20160317,691.49,632358400,2978871,206510380,21054305,10.195
20160318,695.02,699036700,3218180,207526130,20027039,9.65
20160321,692.42,638842700,3185516,206842940,19896977,9.619
20160322,691.51,679122100,3315504,206614888,20058534,9.708
20160323,689.39,705679400,3573922,205963627,19981963,9.702
20160324,686.26,678668900,3230763,205566803,19838417,9.651
20160325,683.2,657651400,3077034,204695934,19743796,9.645
20160328,676.51,648968900,3085375,202696258,19580946,9.66
20160329,686.5,666721300,3128887,205683876,19916873,9.683
20160330,691.13,697647500,3069167,207041426,20035965,9.677
20160331,688.38,642655000,2950887,206228112,20005051,9.7
20160401,690.69,556932100,3007010,207568334,20245407,9.754
20160404,696.98,551841600,2991870,209481127,20499606,9.786
20160405,695.7,584185900,3068679,209179914,20440977,9.772
20160406,694.03,642746700,3524920,208857262,20741605,9.931
20160407,697.13,690091000,3848784,209861266,21041267,10.026
20160408,697.1,631389200,3449096,209911969,20950860,9.981
20160411,693.01,558306700,3229932,209131882,20728024,9.911
20160412,693.45,635356800,3347781,209369863,20836779,9.952
20160414,693.42,704045600,3568672,209333945,20865919,9.968
20160415,695.62,693550800,3354214,210494667,20962499,9.959
20160418,695.34,706820400,3462651,210518737,20884271,9.92
20160419,701.68,684129300,3271996,212498254,21085860,9.923
20160420,699.86,737253500,3536182,211945678,21010842,9.913
20160421,701.62,834145100,3998594,212449388,21039979,9.904
20160422,703.05,702674600,3571875,213030098,20929722,9.825
20160425,703.7,700182300,3364067,213238400,21022885,9.859
20160426,702.06,778244400,3978110,212982945,20980146,9.851
20160427,699.52,757028200,3646256,212204228,20999220,9.896
20160428,699.7,665296200,3440698,212460531,20897950,9.836
20160429,699.77,645841800,3169360,212583257,20834926,9.801
20160502,690.27,681217600,3480704,209811690,20491997,9.767
20160503,698.66,819117800,3605485,212307210,20892270,9.841
20160504,694.17,826617400,3599505,210962625,20808598,9.864
20160509,691.82,630395900,2969279,210297008,20715766,9.851
20160510,700.23,569990600,2901843,212899239,20913906,9.823
20160511,703.94,637890800,3059529,214084715,21073024,9.843
20160512,705.04,614184900,2855535,214418911,21138914,9.859
20160513,704.37,617569300,3102347,214352902,21058431,9.824
20160516,701.46,660228000,3324942,213357536,20994699,9.84
20160517,695.95,712245700,3739187,211692464,20763809,9.808
20160518,683.87,697233300,3557688,208036764,20346640,9.78
20160519,679.39,748917600,3908993,206690150,20152796,9.75
20160520,684.92,798547500,3687981,208388123,20356648,9.769
20160523,691,727504200,3690156,210235620,20432297,9.719
20160524,687.71,901404400,4376138,209242881,20305191,9.704
20160525,689.33,1000695700,4876317,209750794,20601626,9.822
20160526,687.94,831820100,3749234,209360982,20408486,9.748
20160527,691.54,710884000,3193525,210497904,20520129,9.748
20160530,692.06,689069900,3217176,210649087,20570098,9.765
20160531,698.45,672759000,3063226,212688321,20889583,9.822
20160601,700.03,711427400,3209928,213319573,20876855,9.787
20160602,701.15,853814900,3833062,213683528,20848532,9.757
20160603,701.43,889694800,3879069,213853426,20849450,9.749
20160607,704.77,774258000,3407876,214882863,20941055,9.745
20160608,703.99,826054600,3977957,214744011,20908972,9.737
20160609,705.08,1162842400,4717678,215165471,21027972,9.773
20160610,706.81,989963400,3795962,215446057,20973787,9.735
20160613,695.61,820569300,3493014,212075338,20594919,9.711
20160614,692.94,810201800,3483840,211209528,20571674,9.74
20160615,694.66,869155200,3422215,211686785,20572523,9.718
20160616,680.25,1175529700,4582875,207297006,20127308,9.709
20160617,678.86,1246032300,3893489,206904293,20089647,9.71
20160620,688.95,1009272600,3059384,210020253,20421554,9.724
20160621,688.55,952806800,3514685,209947448,20374644,9.705
20160622,688.18,998581700,3575725,209915088,20430367,9.733
20160623,679.52,1028573700,3736482,208675058,20249699,9.704
20160624,647.16,1590723800,6690026,198763676,19536560,9.829
20160627,648.12,1008445500,3790918,199074418,19711390,9.902
20160628,659.3,1090598800,3925415,202589497,20008188,9.876
20160629,669.88,926789900,4042287,205975165,20256089,9.834
20160630,675.09,940043300,4265199,208073212,20440997,9.824
20160701,684.26,880662700,3851911,210921162,20774365,9.849
20160704,688.15,975931700,4382678,212162003,20806889,9.807
20160705,692.73,913007300,4070040,213598614,20921798,9.795
20160706,685.51,1218182400,4504316,211455199,20664941,9.773
20160707,695.95,989522800,4362052,214961741,20968021,9.754
20160708,692.6,860522500,4191883,213955146,20781984,9.713
20160711,697.25,669144500,3570355,214294551,20903795,9.755
20160712,699.4,772827400,3956201,214949104,20912946,9.729
20160713,702.65,1062808400,4349013,215930900,21010632,9.73
20160714,703.34,1096375500,4613341,216704938,21064757,9.72
20160715,700.28,1125943300,4900172,212486954,20584864,9.688
20160718,700.9,897997300,4095412,213040680,20533141,9.638
20160719,702.44,1056536100,4146806,213459300,20546849,9.626
20160720,705.03,922397900,4160948,214232882,20731371,9.677
20160721,708.12,959598500,4478980,215182248,21067805,9.791
20160722,707.54,1134377500,3999528,215045964,21028918,9.779
20160725,704.96,896609400,3483612,214509900,20988147,9.784
20160726,705.4,1006777400,3631141,214703253,21012771,9.787
20160727,701.09,774187200,3575913,213481458,20885159,9.783
20160728,703.78,789211100,3616722,214432270,21020372,9.803
20160729,706.24,757888500,3733955,215411091,21160331,9.823
20160801,703.72,693868800,3743915,214781704,21037698,9.795
20160802,700.9,725684600,4146005,213966509,20996379,9.813
20160803,698.32,738010200,3681023,213201777,21039965,9.869
20160804,701.67,687558300,4145188,214222491,21104221,9.852
20160805,696.09,638355600,4079237,212542254,20875870,9.822
20160808,696.43,588308300,3429138,212974662,20947232,9.836
20160809,700.73,638758200,3830644,214305312,21190581,9.888
20160810,707.46,662931100,4040920,216711389,21574181,9.955
20160811,703.33,708247500,3839415,215498022,21390213,9.926
20160812,705.18,698279000,3490485,216025072,21404955,9.909
20160816,698.87,567645000,3216862,214166632,21138363,9.87
20160817,693.67,641491900,3588714,212601561,21069581,9.91
20160818,696.93,624443700,3835433,213809305,21270195,9.948
20160819,696.2,544258600,3134271,213750006,21266480,9.949
20160822,688.15,628969600,3385510,211434549,20996445,9.93
20160823,687.38,663723300,3289628,211204326,20932835,9.911
20160824,687.78,650945900,3310824,211520990,21058800,9.956
20160825,683.96,645689800,3055822,210349211,20919504,9.945
20160826,680.43,727821500,2780918,209246452,20811664,9.946
20160829,663.58,723160100,3389463,204354519,20363500,9.965
20160830,667.61,591651000,2689655,205589925,20468691,9.956
20160831,663.69,610792200,2807769,204357049,20375853,9.971
20160901,671.29,649755800,2661060,206744122,20653187,9.99
20160902,676.91,582986000,2652020,208534099,20773598,9.962
20160905,679.49,557777900,2604898,209349093,20795960,9.934
20160906,679.26,746491700,3204258,209456841,20776518,9.919
20160907,672.49,691587900,3337794,207445246,20516377,9.89
20160908,667.4,914880100,5217463,205865770,20395253,9.907
20160909,664.99,747606300,4262697,205064529,20357171,9.927
20160912,652.91,772569400,3997615,201296100,19994766,9.933
20160913,660.15,623129200,3140434,203766473,20212112,9.919
20160919,666.64,713220000,3123477,205800707,20334723,9.881
20160920,674.51,731448800,3332415,208324125,20584887,9.881
20160921,678.28,893913600,3672581,209522139,20683488,9.872
20160922,685.24,946750900,4322949,211683921,20975408,9.909
20160923,688.59,793549800,3805279,212810851,21118038,9.923
20160926,686.76,774551300,4137229,212230012,21211263,9.994
20160927,687.99,720806400,3636802,212645076,21272272,10.004
20160928,686.76,642945500,3322269,212271691,21165555,9.971
20160929,689.83,743926200,3461035,213012629,21202372,9.954
20160930,681.21,680609700,3616459,210365033,20898777,9.935
20161004,685.88,533484400,2880342,211777283,21109019,9.968
20161005,685.44,587031900,2975826,211980461,21133173,9.969
20161006,684.33,640765000,3160881,211858468,21102221,9.961
20161007,675.9,702659500,3483690,209242887,20959899,10.017
20161010,674.74,643588100,2948557,209059485,20897605,9.996
20161011,670.64,644487700,3339940,207907336,20703339,9.958
20161012,669.95,594000200,3089117,208136315,20681776,9.937
20161014,664.92,608381900,3024702,206649201,20617225,9.977
20161017,659.83,512031000,2867552,205270279,20447304,9.961
20161018,660.29,524440600,2734218,205504561,20569755,10.009
20161019,661.26,527731700,2595466,205882180,20565858,9.989
20161020,655.68,555912300,2948687,204215872,20357427,9.969
20161021,651.77,506792700,2934596,203064565,20179963,9.938
20161024,647.88,561056600,2966835,201900057,20091611,9.951
20161025,640.17,629440000,3537845,200205162,20014018,9.997
20161026,635.51,729252000,3852799,198833100,20156509,10.137
20161027,648.57,468342700,2707855,202854878,20642794,10.176
20161028,640.17,505758800,3039325,200600539,20231966,10.086
20161031,624.68,558279400,2932503,195998815,20068037,10.239
20161101,626.38,595629800,2799839,196466379,20099212,10.23
20161102,606.06,632691000,3257412,190051213,19536002,10.279
20161103,609.99,494003100,2672801,191446614,19699299,10.29
20161104,610.82,505825100,2487793,192024640,19572016,10.192
20161107,622.17,530276600,2503591,195676006,19943526,10.192
20161108,624.19,534251600,2570313,196439105,20034693,10.199
20161109,599.74,1068029000,5786937,189251123,19477455,10.292
20161110,623.23,624344600,3531485,196773945,20310145,10.322
20161111,621.89,515274200,2669396,196317096,20059455,10.218
20161114,621.23,478285000,2500173,196188833,19943956,10.166
20161115,617.43,532454000,3231803,195139951,19861501,10.178
20161116,627.83,601586100,2855148,198541155,20285031,10.217
20161117,627.76,666420300,2792226,198631259,20261144,10.2
20161118,620.26,619858500,2668134,196158535,19898939,10.144
20161121,609.33,628630000,2664866,192789219,19562386,10.147
20161122,610.74,649049000,2648580,193199727,19661553,10.177
20161123,600.29,622217400,2883929,189866212,19380033,10.207
20161124,592.65,603323600,2959032,187610164,19104954,10.183
20161125,597.82,535635500,2476117,189248650,19350704,10.225
20161128,593.05,551353400,2554825,188025731,19180006,10.201
20161129,596.07,802667400,3341550,188924464,19300527,10.216
20161130,596.11,560833900,2570724,189171503,19215142,10.158
20161201,593.85,635167900,2652832,188522423,19123478,10.144
20161202,586.73,554181800,2343578,186320201,18862302,10.124
20161205,575.12,620838700,2583777,182655364,18627132,10.198
20161206,581.35,546039400,2470616,185502198,18854511,10.164
20161207,578.52,601713500,2797225,184664808,18760716,10.159
20161208,584.62,672421700,2880606,186662846,19020285,10.19
20161209,594.35,603167700,2814541,189888178,19435856,10.235
20161212,603.08,625823500,2981368,192693533,19610899,10.177
20161213,611.09,638108000,3368961,195231514,19921858,10.204
20161214,612.47,698077200,3241252,195848705,19990738,10.207
20161215,620.61,597474600,2997301,198560959,20243348,10.195
20161216,622.08,771337400,3671529,199055446,20290626,10.193
20161219,622.77,648972200,3151326,199326531,20265834,10.167
20161220,617.99,664484500,3149798,197746959,20022318,10.125
20161221,618.63,841529600,3690626,197900042,19987480,10.1
20161222,615.93,873521900,3068624,197174260,19841688,10.063
20161223,619.75,701661600,2994357,198443670,19979981,10.068
20161226,615.16,688882800,3222201,197015231,19877351,10.089
20161227,618.38,692437600,3064775,198072596,19993111,10.094
20161228,627.27,628285600,2854613,200154452,20170909,10.078
20161229,631.44,582801400,2641713,201523388,20252106,10.05
20170102,632.04,512158100,2331296,201847334,20310825,10.062
20170103,636.57,622536600,2971798,203329332,20841293,10.25
20170104,639.79,617472300,2956524,204392457,21009012,10.279
20170105,642.48,811278400,2913075,205120026,21121823,10.297
20170106,643.68,758431200,3023962,205659830,21177077,10.297
20170109,642.15,667256600,2788006,205305543,21183797,10.318
20170110,636.73,802070700,3189861,203578067,20951626,10.292
20170111,637.9,918742600,3223616,204211354,21008145,10.287
20170112,632.87,824130700,3093143,202633994,20845352,10.287
20170113,634.68,754595000,3110859,203273196,20910487,10.287
20170116,627.88,649971100,2508606,201198398,20742389,10.309
20170117,624,752485700,2620841,200019707,20612813,10.305
20170118,626.89,673239600,2564370,200962265,20752663,10.327
20170119,626.19,711784300,2643458,200776309,20752176,10.336
20170120,622.12,721926600,2565582,199648651,20602906,10.32
20170123,615.99,697954600,2615356,197697574,20511965,10.375
20170124,612.93,682289300,2878759,196885381,20411032,10.367
20170125,609.64,773885500,3014616,196048667,20300865,10.355
20170126,616.81,639748500,2673478,198254006,20531481,10.356
20170131,616.13,727041400,2483535,198116418,20488898,10.342
20170201,623.68,938205800,2519282,200587177,20745961,10.343
20170202,613.04,1268187000,3233580,197458773,20509256,10.387
20170203,609.21,1217749900,3200876,196199686,20507629,10.452
20170206,610.96,654542300,2577946,196778449,20525903,10.431
20170207,608.72,683058500,2810687,196094986,20365219,10.385
20170208,608.79,722444200,2900426,196237884,20481084,10.437
20170209,611.04,1048213700,3090753,196982831,20611507,10.464
20170210,610.58,1111953200,3340096,196845176,20651618,10.491
20170213,611.94,867001200,2489652,197278124,20728563,10.507
20170214,611.54,836263200,2582136,197258361,20660989,10.474
20170215,615.95,895635400,2720813,198697980,20851120,10.494
20170216,616.58,962592100,2903710,198825609,20844719,10.484
20170217,618.7,1123785500,2902054,199527547,20938746,10.494
20170220,619.97,918036900,2863974,200006824,21038679,10.519
20170221,622.47,1171695200,3019024,200821982,21138946,10.526
20170222,621.39,964762400,3076954,200463998,21058399,10.505
20170223,617.67,811182800,2560303,199443905,20940920,10.5
20170224,614.75,967379800,2726380,198540998,20907296,10.53
20170227,612.12,617489700,2204360,197651917,20795538,10.521
20170228,612.2,675830100,2505277,197517536,20736431,10.499
20170302,608.93,705548600,2519659,196545694,20592727,10.477
20170306,604.05,707686300,2253145,195097495,20691667,10.606
20170307,606.05,1018809200,2513099,195873559,20761223,10.599
20170308,605.75,882868400,2195883,195784915,20721137,10.584
20170309,606.13,885244900,2589338,195870137,20721123,10.579
20170310,612.26,1244834600,3371544,197849628,20918058,10.573
20170313,615.59,805129300,2751203,198959628,21002678,10.556
20170314,614.12,1063387100,3493114,198521580,20902734,10.529
20170315,608.68,1072600200,3806609,196776766,20620271,10.479
20170316,613.88,904944900,3425967,198408508,20869024,10.518
20170317,613.26,823305500,3374967,198161650,20772302,10.483
20170320,609.11,735059200,2984770,196980558,20598961,10.457
20170321,609.73,831313000,3219647,197142911,20640969,10.47
20170322,607.57,718836800,3011990,196379535,20570604,10.475
20170323,605.53,824072000,3655399,196087737,20547669,10.479
20170324,608.18,746354900,3066044,196934467,20664736,10.493
20170327,607.07,813813600,3237627,197012014,20681957,10.498
20170328,612.28,806003200,3006588,198709297,20904657,10.52
20170329,613.63,788079700,3094800,199190880,20989123,10.537
20170330,614.68,799647200,3118668,199516464,21067326,10.559
20170331,619.28,775556300,3281023,201074694,21213151,10.55
20170403,628.52,767673100,3447775,204093420,21544392,10.556
20170404,625.49,994549500,4448041,203133894,21625144,10.646
20170405,630.17,923742200,3954898,204824616,21766044,10.627
20170406,630.46,873353200,3921685,205060932,21871590,10.666
20170407,633.32,833208400,3594226,206124753,21989180,10.668
20170410,619.41,865601100,4070175,201630101,21529694,10.678
20170411,621.64,813377000,3808425,202533660,21739298,10.734
20170412,621.45,695615900,3097814,202504416,21690017,10.711
20170413,623.87,742489100,3806654,203361748,21711151,10.676
20170414,618.24,699918300,3426290,202113970,21668791,10.721
20170417,629.47,599166700,3102110,205728524,22143752,10.764
20170418,634.73,914101800,3709158,207518530,22306135,10.749
20170419,635.99,814032100,3595341,207986273,22315714,10.729
20170420,635.8,875196500,3696417,207803577,22317263,10.74
20170421,634.96,700923800,3201454,207596937,22261292,10.723
20170424,626.62,709226800,3079771,204917566,21976538,10.725
20170425,632.57,820883500,2973889,206862186,22251659,10.757
20170426,635.11,753711400,2860476,207741928,22408150,10.787
20170427,631.11,682484200,2705805,206526200,22255129,10.776
20170428,628.24,755492600,2867020,205780811,22122776,10.751
20170502,626.43,596100900,2497416,205253681,22175979,10.804
20170504,635.11,509158800,2146888,208086314,22547543,10.836
20170508,643.39,550905400,2779491,211074528,23105169,10.946
20170510,642.68,768708900,3012178,210966103,23162255,10.979
20170511,647.58,731361600,3223881,212572034,23325821,10.973
20170512,643.73,762387300,3077789,211410070,23219251,10.983
20170515,645.38,699770900,2860575,212064865,23345582,11.009
20170516,639.11,723809300,3187652,210095883,23109472,10.999
20170517,640.01,624355600,2846354,210501706,23218592,11.03
20170518,638.12,785434900,3132873,209947698,23150019,11.027
20170519,642.45,726626300,2836538,211522474,23512413,11.116
20170522,642.62,753237600,2852206,211589793,23509398,11.111
20170523,644.73,800749500,3009534,212295039,23588726,11.111
20170524,646.04,844302800,3115864,212899818,23717399,11.14
20170525,643.02,766856200,2899471,211951828,23552941,11.112
20170526,646.01,656940000,2763155,212974133,23661927,11.11
20170529,642.98,626636800,2869585,211967028,23596527,11.132
20170530,649.06,599181600,2952005,213888677,23896574,11.172
20170531,652.04,664049300,3148464,214881947,24023194,11.18
20170601,653.83,670479500,3047529,215796501,24128322,11.181
20170602,658.78,638026600,3296782,217751201,24431469,11.22
20170605,662.32,583256700,3237225,218977289,24670031,11.266
20170607,666.46,790911400,3368752,220329066,24883173,11.294
20170608,669.97,672769300,3859217,221685962,25181720,11.359
20170609,674.15,623340400,3342609,223007370,25306924,11.348
20170612,664.86,579525800,3332378,220107720,24817749,11.275
20170613,669.23,626944300,3539072,221560291,24958973,11.265
20170614,671.59,645508600,3478508,221519108,24893282,11.238
20170615,669.82,672665700,3385732,220956378,24831152,11.238
20170616,670.7,608341900,3495549,220942768,24725474,11.191
20170619,675.44,580054300,3391082,222553059,24972204,11.221
20170620,669.41,733967200,3893767,220614130,24881955,11.278
20170621,665.77,615994100,3287397,218958691,24653885,11.26
20170622,663.28,700692700,3262104,218104919,24512217,11.239
20170623,668.93,560305000,2664569,219991496,24773033,11.261
20170626,668.36,586199100,3036359,219840068,24733905,11.251
20170627,672.63,639734400,3151935,221301254,24976953,11.286
20170628,665.89,601756200,3055159,219132700,24638998,11.244
20170629,668,515381400,2696532,219916869,24712014,11.237
20170630,669.04,511575100,2665993,221694508,24887883,11.226
20170703,660.97,560800200,2767993,219181874,24556821,11.204
20170704,656.19,735098300,3093417,217726065,24407517,11.21
20170705,661.54,565075400,2687623,219630932,24641779,11.22
20170706,663.79,555479200,2503114,220355028,24783951,11.247
20170707,663.77,551549000,2598020,220619450,24907021,11.29
20170710,657.86,512853500,2606278,211927304,22947195,10.828
20170711,656.01,541962200,2535261,212027334,22978849,10.838
20170712,651.1,586106600,2871066,210624006,22790518,10.82
20170713,652.69,490891000,2966127,211775337,22986426,10.854
20170714,654.11,533482900,2740097,212452253,23165539,10.904
20170717,659.89,415380400,2367857,214265708,23380586,10.912
20170718,664.02,570276900,3058918,215760466,23628824,10.951
20170719,671.53,500863900,3186771,218195755,24027333,11.012
20170720,676.51,569937200,3242514,219986909,24438350,11.109
20170721,676.6,523728400,3094963,220084745,24374554,11.075
20170724,677.32,529200800,2985447,220328405,24371283,11.061
20170725,670.47,677767400,3371472,218011590,23951960,10.987
20170726,667.22,593926100,3362596,217025615,24010643,11.064
20170727,666.48,527888500,2899033,216801942,23992325,11.066
20170728,652.95,559701200,3788213,219194882,23898683,10.903
20170731,650.47,504706700,2856708,218974570,23808251,10.873
20170801,653.12,487758500,2666717,220071150,24303242,11.043
20170802,657.52,494741800,2736868,221573515,24478800,11.048
20170803,643.09,528197500,3198195,216837375,23771009,10.963
20170804,641.58,459052600,2671322,216576032,23574101,10.885
20170807,648.39,455724500,2448694,219001712,23949912,10.936
20170808,651.67,607645300,2587864,220117983,24051911,10.927
20170809,642.87,848951700,3023299,217163944,25678538,11.824
20170810,640.04,770422400,3173672,216462752,25809051,11.923
20170811,628.34,606432700,2848243,212665818,25403567,11.945
20170814,629.37,548281700,2477004,212984963,25599376,12.019
20170816,634.91,607432100,2715522,214899402,25971440,12.085
20170817,642.11,531889000,2530446,217341465,26366631,12.131
20170818,643.58,528462100,2435681,217876559,26375894,12.106
20170821,640.85,585915000,2244618,217057683,26185416,12.064
20170822,644.26,649768900,2667373,218451594,26465871,12.115
20170823,643.71,559532700,2683710,218372735,26397396,12.088
20170824,647.71,500086900,2720457,219919298,26594531,12.093
20170825,650.27,585020400,2500315,220816407,26675244,12.08
20170828,652.92,513763600,2510868,221896470,26945724,12.143
20170829,653.96,572876700,2813732,222225715,26992916,12.147
20170830,655,639532100,2628704,222599635,27010918,12.134
20170831,657.83,616041900,2857122,223579647,27191402,12.162
20170901,661.99,566069200,2936174,225244707,27268559,12.106
20170904,650.89,590469700,3105380,221508874,26783770,12.092
20170905,648.75,621050100,3257314,220738542,26685981,12.089
20170906,652.59,568479600,2871458,222057006,26851620,12.092
20170907,658.48,499881200,2969208,224002007,27078566,12.089
20170908,654.29,646280300,3438396,222673576,26896231,12.079
20170911,656.53,578334700,3645982,223434585,26986157,12.078
20170912,660.05,652322000,3499976,224728545,27354418,12.172
20170913,659.09,672494500,3693955,224503959,27437629,12.221
20170914,665.41,627084700,3851482,227850775,27799593,12.201
20170915,671.3,645613000,4242758,229956652,28255622,12.287
20170918,675.87,585750800,3934263,231731078,28648997,12.363
20170919,674.48,659345600,3968809,231489514,28513697,12.317
20170920,668.05,688124800,4738656,229597685,28599950,12.457
20170921,661.11,699824700,4046858,227282528,28486779,12.534
20170922,648.95,899645000,3885638,223257457,28068916,12.572
20170925,642.04,900593300,3698659,220880984,28082847,12.714
20170926,642.4,820356800,3254802,221060774,28092126,12.708
20170927,649.24,646030800,3051283,223657454,28521549,12.752
20170928,648.09,583375600,2825079,223207699,28255518,12.659
20170929,652.82,692251700,3146219,224933067,28428011,12.638
20171010,654.59,554198700,2831706,225565748,28750827,12.746
20171011,662.31,558391200,2980339,228363632,29042902,12.718
20171012,666.54,561101000,3448809,229800924,29195145,12.705
20171013,663.08,616618700,4934996,228613292,29319229,12.825
20171016,659.41,554311300,3893770,227463845,29416969,12.933
20171017,670.51,699954900,4217863,231363440,30354238,13.12
20171018,668.42,713746800,4563545,230623423,30212232,13.1
20171019,667.1,710604500,4316355,230161128,29764406,12.932
20171020,672.95,659088000,3600219,232216163,30007987,12.922
20171023,675.86,500020600,3377208,233221562,29932830,12.835
20171024,687.21,583158100,4196342,237246562,30763601,12.967
20171025,689.14,622304500,3972428,237913059,30513802,12.826
20171026,680.61,600267700,4187146,235199826,29928283,12.725
20171027,689.97,537104500,3655074,238507897,30269335,12.691
20171030,689.68,470689700,3631802,238420223,29960132,12.566
20171031,694.2,627102800,3785937,240071560,30303136,12.623
20171101,695.77,630555500,3584512,240742738,30209610,12.549
20171102,694.96,608893600,4293674,240397964,30006345,12.482
20171103,701.13,660963300,4389083,242572097,30317306,12.498
20171106,703.79,595341300,4591079,246188810,30576582,12.42
20171107,701.14,649888600,5474411,246069948,30222152,12.282
20171108,709.11,812367900,5787153,248635670,30653946,12.329
20171109,709.94,614813500,4446661,248939603,30520272,12.26
20171110,720.79,599904900,4451821,252627159,31217557,12.357
20171113,741.38,687074900,5809626,259902627,32658010,12.565
20171114,756.46,837110800,7162260,264999469,33422581,12.612
20171115,768.03,944937600,9884172,269196349,34607561,12.856
20171116,780.22,897364500,7973647,273701283,35454609,12.954
20171117,775.85,767762500,7058197,272428600,35158913,12.906
20171120,785.32,834840200,6599204,275523396,35354191,12.832
20171121,789.38,809260500,10032272,277388899,35675381,12.861
20171122,780.9,894398300,9341727,274095658,35421972,12.923
20171123,796.8,756157400,7753522,279791725,36173797,12.929
20171124,792.74,751773500,6977140,280166483,35857924,12.799
20171127,792.8,735823400,6339416,280258355,35993119,12.843
20171128,773.12,891358600,6612539,273104884,34945121,12.795
20171129,781.72,754772500,6724578,276060132,35507188,12.862
20171130,771.42,1053562100,7136135,272613666,34950982,12.821
20171201,787.7,883780900,6899944,278516030,35816815,12.86
20171204,782.45,821386200,6956387,276879325,35499452,12.821
20171205,774.12,860349900,6871188,273965063,34822024,12.71
20171206,768.39,970291600,7462789,272431337,34467143,12.652
20171207,753.46,1470897400,8267734,267370370,33543084,12.546
20171208,744.06,1159157600,6637812,264178758,33522785,12.689
20171211,764.09,790671600,5296340,271209364,34864698,12.855
20171212,760.4,1018840300,5144044,270145353,34615861,12.814
20171213,772.22,1143787800,5452556,274605379,35360997,12.877
20171214,770.35,984963300,7144448,274124428,35205112,12.843
20171215,771.82,1047413000,6081110,274595053,35160034,12.804
20171218,770.5,1130977600,5665267,274015406,35192839,12.843
20171219,766.18,1692208500,8632504,272601781,35274530,12.94
20171220,755.27,1404709300,6666810,268495907,34748758,12.942
20171221,740.32,1208944700,6012574,263267962,34227942,13.001
20171222,761.2,1083314300,6109609,270728550,35709617,13.19
20171226,762.21,808319900,6655118,271238736,35892126,13.233
20171227,791.95,829592800,6696253,279862184,37428115,13.374
20171228,798.42,1066158600,6670795,282740051,37510411,13.267
20180102,812.45,989203600,6648960,287930061,37800965,13.129
20180103,822.31,1203095700,8157559,291431952,38742441,13.294
20180104,808.01,1346453400,8340291,286488158,38125564,13.308
20180105,828.03,1229153000,7724099,293546779,39588814,13.486
20180108,839.51,1228984800,8578445,297646337,41215129,13.847
20180109,829.99,1195954500,9531279,294270472,40531168,13.773
20180110,834.91,1104147400,7595330,296130453,40716272,13.749
20180111,852.51,1288804700,7951882,302174893,42561888,14.085
20180112,873.05,1180746400,12084008,309336778,44827002,14.491
20180115,891.61,1025675400,10722308,315980294,45930040,14.536
20180116,901.23,1009399100,9951628,319475331,46205160,14.463
20180117,886.58,1211998600,10481404,314397682,44129953,14.036
20180118,898.19,1260160600,9608884,318526339,44598044,14.001
20180119,879.99,1164749800,9321761,312351412,42682164,13.665
20180122,873.09,1126585200,7311262,310067667,41983426,13.54
20180123,894.43,1047348200,8334657,317641609,43518866,13.701
20180124,894.77,1011725400,8582346,317938385,43136667,13.568
20180125,898.6,1025037600,7557703,320018180,42984318,13.432
20180126,913.12,1080156700,7200553,325468552,43874500,13.48
20180129,927.05,1279562100,8811855,330355507,45149481,13.667
20180130,920.96,1243821200,8657840,328115165,44953689,13.701
20180131,913.57,1195259300,7543173,325329741,44366646,13.637
20180201,908.2,1407688500,8348927,323635365,43339177,13.391
20180202,899.47,1373001200,7817689,320376702,42861447,13.378
20180205,858.22,1043126800,7137050,305921036,40718013,13.31
20180206,858.17,1062693000,8623196,305838400,41160443,13.458
20180207,829.96,1033318200,8443700,295825452,39348188,13.301
20180208,861.94,796313000,8701287,307785808,40913276,13.293
20180209,842.6,764447700,5560304,268327496,31157261,11.612
20180212,843.24,692304100,4979550,268872401,30998803,11.529
20180213,829.39,832909400,5374999,264914095,30363616,11.462
20180214,848.03,722666500,5129493,270883066,31399211,11.591
20180219,875.81,684361200,4958433,279695577,32883589,11.757
20180220,864.41,797235700,5541460,276389662,32206645,11.653
20180221,875.58,814576500,5281216,280628257,32697156,11.651
20180222,870.22,857859700,4798708,278950340,32343104,11.595
20180223,874.78,770224800,5047910,280176353,32567062,11.624
20180226,874.43,802090600,4791869,279988061,32687160,11.674
20180227,874.01,794503500,5160799,279839411,32739121,11.699
20180228,857.06,820922600,5230313,274633004,31841538,11.594
20180302,860.23,768912100,4697289,275648654,31987587,11.604
20180305,845,747538600,4484419,270995673,31470018,11.613
20180306,859.21,828940000,4292544,275532612,32242182,11.702
20180307,841.03,947325700,5366842,269800118,31182804,11.558
20180308,853.94,890979400,4578636,273935745,31598830,11.535
20180309,865.8,884779700,4906715,277845241,32017939,11.524
20180312,884.27,802338700,5141951,283918415,32664965,11.505
20180313,886.25,1086488100,5822580,284759547,32540031,11.427
20180314,886.92,954396400,5275687,285293355,32488143,11.388
20180315,890.43,951002500,5953256,286488941,32584112,11.374
20180316,894.43,808497900,5689389,287884186,32714554,11.364
20180319,880.97,759599800,5036600,283580114,32394044,11.423
20180320,890.4,752087600,6051380,286544613,33078683,11.544
20180321,885.55,865142000,7064234,285194743,32756458,11.486
20180322,871.62,1011525600,6861367,280534772,32418946,11.556
20180323,829.68,898190500,6736403,267192105,30940737,11.58
20180326,853.69,740178900,6063809,274867327,32128491,11.689
20180327,858.84,732182300,5728983,276543247,31956604,11.556
20180328,850.97,889844700,5754153,274348882,31619206,11.525
20180329,865.99,813042400,5159670,279119789,32408424,11.611
20180330,871.09,764033200,5067318,280940229,32337318,11.51
20180402,867.8,844055000,5732951,279574225,32101283,11.482
20180403,872.32,722775500,4817829,281036907,32230814,11.469
20180404,862.51,821250300,6031063,277925200,31762586,11.428
20180405,868.93,846380700,5910570,280015559,31970748,11.417
20180406,867.96,861757600,5593563,280427284,31867739,11.364
20180409,874.44,857655700,5867820,283061254,32083254,11.334
20180410,877.3,1012193400,6403986,283906428,32061693,11.293
20180411,885.38,886275500,6760773,286837917,32315770,11.266
20180412,881.45,997972500,7910347,285544813,32009933,11.21
20180413,891.87,1011506100,7253264,288981545,32290707,11.174
20180416,896.89,1016991600,6696617,290727082,32494632,11.177
20180417,901.22,1309037300,6987949,292304145,32475666,11.11
20180418,893.32,1538034700,8396861,289944234,32218725,11.112
20180419,882.73,1681266500,8075608,286582169,31804732,11.098
20180420,889.17,1406710800,6703937,288777356,31834223,11.024
20180423,879.02,1408073300,7040366,285741635,31268902,10.943
20180424,873.61,1201412600,6495315,284048599,30878900,10.871
20180425,869.93,1177685400,6170316,282626495,30827236,10.907
20180426,879.39,957360800,5076156,286004664,31061219,10.86
20180427,886.49,1114145800,5527942,288078679,31429602,10.91
20180430,875.95,1351115000,6703233,284649041,31066653,10.914
20180502,871.03,1357597600,7131322,283022236,30953303,10.937
20180503,866.07,1354543700,6227287,281525523,30697387,10.904
20180504,856.34,1131960300,5577552,278369805,30233850,10.861
20180508,827.22,948436200,5410979,268803994,29238299,10.877
20180509,850.85,905893100,5881825,276483741,30585752,11.062
20180510,854.93,857415700,5037794,277750153,30536786,10.994
20180511,865.93,941518900,5002726,281463809,30859651,10.964
20180514,858.7,922214500,5151237,279151094,30189977,10.815
20180515,862.94,1007625900,5698167,280467620,30570794,10.9
20180516,850.29,1210613700,6371060,276351041,30428834,11.011
20180517,855.62,1037440000,5460568,278110801,30734894,11.051
20180518,869.45,1064520000,5264865,282997416,31247924,11.042
20180521,872.96,998533300,4669554,284342124,31267498,10.996
20180523,869.16,874571000,5458889,283172007,31102983,10.984
20180524,873.32,1113201000,6054776,284576986,31542613,11.084
20180525,868.35,1115036600,6265194,282949591,31866126,11.262
20180528,879.69,1270094600,5841418,286655646,32183452,11.227
20180529,870.08,1147693600,7829764,283782349,31834920,11.218
20180530,874.22,1117572400,7301567,284870232,32233601,11.315
20180531,879.66,1082953900,7131667,286712764,32638938,11.384
20180601,883.22,1026176900,6221663,288419099,32865167,11.395
20180604,877.44,898334400,5694472,286494194,32526563,11.353
20180605,877.16,1025958600,5648240,286448322,32520141,11.353
20180607,887.91,903298600,5608441,290159156,32956217,11.358
20180608,878.48,850282200,5175419,287391635,32521198,11.316
20180611,876.55,776395700,4680984,286669374,32647190,11.388
20180612,875.04,1081644300,5697598,286081428,33062702,11.557
20180614,864.56,1023502300,6144217,282394093,32807737,11.618
20180615,866.22,796592900,5527650,282937643,32973225,11.654
20180618,840.23,783060800,5266652,274388670,32045079,11.679
20180619,815.39,793358400,5290209,266261464,31240337,11.733
20180620,840.17,759523900,4798391,274302200,32557346,11.869
20180621,826.22,758202700,4285478,269976358,31839276,11.793
20180622,830.27,831997200,4408281,271265569,32151932,11.853
20180625,836,668255300,3556874,273141989,32264431,11.812
20180626,831.4,657252900,3785715,272128241,32083196,11.79
20180627,826.69,695683200,4204786,270621877,32029939,11.836
20180628,810.2,826274800,3602179,265382378,31479500,11.862
20180629,818.22,642990600,3493811,267688878,31702779,11.843
20180702,789.82,676879000,3505889,258711690,30776003,11.896
20180703,795.71,718921700,3805231,260816855,31275553,11.991
20180704,799.1,704498300,3126708,261938843,31274265,11.94
20180705,794.05,651532000,3148655,260274888,31244945,12.005
20180706,808.89,710884700,3504711,265216176,31833492,12.003
20180709,808.28,521808300,2926289,265481193,31780429,11.971
20180710,813.19,533664900,2984844,267447468,31769324,11.879
20180711,804.78,532740200,3123959,264688881,31102649,11.751
20180712,819.29,526496300,3339823,269543641,31667661,11.749
20180713,827.89,580528700,3192014,272433867,32058022,11.767
20180716,825.71,587342500,3009922,271901154,31954489,11.752
20180717,819.72,666457300,3427266,269912496,31627399,11.718
20180718,810.44,819764500,4302130,267922832,31485259,11.752
20180719,796.49,769174700,4142381,263391608,30887283,11.727
20180720,791.61,674706700,3526744,261793668,30693834,11.724
20180723,756.96,595300300,3641756,250374412,29134017,11.636
20180724,761.57,544441100,3370948,251891915,29450238,11.692
20180725,748.89,684209600,4525671,247442727,28823590,11.649
20180726,765.15,536438400,3512817,252909366,29534857,11.678
20180727,773.98,544487100,3218895,256136379,29737532,11.61
20180730,769.8,539661000,2969389,254752173,29454989,11.562
20180731,775.52,614997400,3462874,256779939,29770315,11.594
20180801,790.25,574480400,3492273,261731395,30304458,11.578
20180802,781.38,546863300,3288313,258876238,29773547,11.501
20180803,788.81,539008100,2897141,261312195,30040977,11.496
20180806,781.41,514899800,2960288,259047561,29559153,11.411
20180807,784.7,526423100,3123384,260328468,29632759,11.383
20180808,783.81,660080100,3642343,259957407,29544235,11.365
20180809,789.48,601966800,3641778,261885979,29675297,11.331
20180810,784.81,620212700,3991177,260686514,29385230,11.272
20180813,755.65,619263600,3926053,251068682,28241271,11.248
20180814,761.94,538306100,3289211,253313267,28678914,11.322
20180816,761.18,572841800,3739891,252978158,28714879,11.351
20180817,772.3,587546900,3479090,256839305,29009055,11.295
20180820,769.78,483971700,3230786,256254328,28723766,11.209
20180821,787.15,516586600,3466657,262063861,29582887,11.288
20180822,785.95,595001000,3432853,261700539,29348189,11.214
20180823,791.28,595238500,3351205,263677590,29538554,11.203
20180824,798.23,567855300,3572650,266054547,29607644,11.128
20180827,801.04,633860000,3884365,267219678,29980931,11.22
20180828,798.17,673695500,4031527,266352264,29631257,11.125
20180829,803.18,654444100,3554887,267990026,29908319,11.16
20180830,804.47,752106200,3709300,268611313,29926276,11.141
20180831,816.97,727392600,4109756,272940322,30481028,11.168
20180903,816.84,583650300,3918302,272917612,30377091,11.13
20180904,827.27,644221400,4275530,276384306,31129825,11.263
20180905,820,663690300,4349710,273883813,30724237,11.218
20180906,815.18,709791100,4545280,272407429,30586812,11.228
20180907,818.86,699516800,4536320,273534917,30469867,11.139
20180910,816.16,618278600,3922651,272533563,30464220,11.178
20180911,820.23,688245400,4022844,274074079,30570068,11.154
20180912,826.33,639687400,5508599,276204491,30881525,11.181
20180913,830.95,552197700,4499267,277947585,31142605,11.204
20180914,834.91,603310000,5167283,279317641,31321879,11.214
20180917,828.88,587176200,4627530,277351013,31078808,11.206
20180918,831.85,704540400,5192696,276051927,31042873,11.245
20180919,826.91,788461400,6360568,274432043,30668611,11.175
20180920,821.13,686613000,6691515,272491011,30353857,11.139
20180921,827.84,532199900,4244709,274958905,30683359,11.159
20180927,833.01,551570300,3992029,276709738,30712609,11.099
20180928,822.27,704225500,4184390,273283125,30271597,11.077
20181001,816.53,571063100,3619620,271668921,30061538,11.066
20181002,794.99,587846600,3973314,264484948,29145041,11.02
20181004,789,528695800,3716734,262857464,28834659,10.97
20181005,773.7,573663000,3680850,257708003,28188142,10.938
20181008,767.15,516022500,3001838,255583944,28102689,10.995
20181010,747.5,669594200,3772109,249033709,27494417,11.04
20181011,707.38,699184800,4318476,235602529,26295854,11.161
20181012,731.5,557284400,3792517,243729490,27127633,11.13
20181015,718.87,496932000,3423222,239803745,26350579,10.988
20181016,731.5,472808100,2903469,244107600,26722713,10.947
20181017,739.15,536539200,3441848,246645297,26904354,10.908
20181018,731.34,482969600,2829537,244234781,26413826,10.815
20181019,740.48,440055700,3089661,247315788,26861329,10.861
20181022,744.15,421570100,2491781,248675231,26911479,10.822
20181023,719,487839800,3154876,240261632,25835263,10.753
20181024,699.3,513842500,3632296,233616838,25156791,10.768
20181025,686.84,553155100,3618319,229296403,25027466,10.915
20181026,663.07,582817700,3581572,221754332,24190779,10.909
20181029,629.7,657089500,3899579,210461599,23632169,11.229
20181030,644.14,798837400,3996019,215282559,24268950,11.273
20181031,648.67,619017700,2789811,216610550,23908752,11.038
20181101,657.46,582655700,3481590,219969011,24244259,11.022
20181102,690.65,564217700,3581843,228151626,25631284,11.234
20181105,691.94,442503400,2904270,228699530,25474029,11.139
20181106,691.55,512018900,3016737,228714727,25359707,11.088
20181107,682.37,599590000,3820519,225696121,24943337,11.052
20181108,693.67,747371900,3358583,229337746,25317779,11.04
20181109,687.29,791776600,3219009,227355452,24991054,10.992
20181112,670.82,574240000,2967793,221787657,24208950,10.915
20181113,670.85,542147600,3036524,221928493,24126589,10.871
20181114,671.56,459371900,3024043,222360384,24224340,10.894
20181115,681.38,667932000,2903394,225865874,24864198,11.008
20181116,690.18,659141800,3031283,229002080,25299978,11.048
20181119,702.13,489402500,3312345,233419912,25883146,11.089
20181120,690.81,486692700,3288354,229680999,25259854,10.998
20181121,695.72,573867800,3394007,231848526,25557273,11.023
20181122,692.39,513214600,3020832,230887231,25495389,11.042
20181123,683.06,578900200,2986754,227802295,25143930,11.038
20181126,695.36,470518100,2664505,231910664,25821524,11.134
20181127,700.67,521351700,2734460,234015591,25939199,11.084
20181128,700.12,658486800,3002075,233903944,25867686,11.059
20181129,695.48,667660300,3280449,232763355,25655725,11.022
20181130,695.76,537912000,2869072,233039252,25823008,11.081
20181203,709.46,549159700,3055096,237940070,26427402,11.107
20181204,708.63,656060900,2990364,237673254,26380562,11.1
20181205,701.12,639456900,2996231,235222583,26103431,11.097
20181206,678.38,637155100,3066759,227584350,25206684,11.076
20181207,685.33,600793500,2968604,229981711,25624084,11.142
20181210,670.39,495079000,2643646,224946563,25105395,11.161
20181211,661.01,566811500,3336836,221862468,24661660,11.116
20181212,676.48,524545900,2740279,227205578,25374546,11.168
20181213,681.78,553272300,3349855,229071450,25542477,11.15
20181214,666.34,522166800,3538722,223900926,24791621,11.073
20181217,661.9,550124000,3392667,222497887,24819811,11.155
20181218,659.67,675886400,3521203,221758984,24827709,11.196
20181219,672.08,777025200,3570092,226429852,25566769,11.291
20181220,668.13,597235100,3193672,225149068,25418156,11.289
20181221,673.64,629582600,3277942,227178219,25826983,11.369
20181224,669.79,690900700,3392852,226553578,25788290,11.383
20181226,665.74,696045000,3848396,225343624,25902290,11.495
20181227,667.88,575975900,3318858,225448054,25336234,11.238
20181228,675.65,598210500,3033870,228238296,25402019,11.13
20190102,669.37,539451600,3384325,226172805,25010376,11.058
20190103,657.02,656327500,3626867,221939520,24371601,10.981
20190104,664.49,554455600,3331488,224484124,24686449,10.997
20190107,672.84,584294600,3211134,227214009,24957842,10.984
20190108,668.49,623518400,3713727,225736489,24797659,10.985
20190109,679.74,622017600,3193834,229481679,25278866,11.016
20190110,683.34,735087200,3742925,230368302,25363396,11.01
20190111,686.33,701507900,3570684,231370185,25384169,10.971
20190114,683.09,613343300,3108914,230223288,25087789,10.897
20190115,690.39,639018300,3517053,232655529,25410916,10.922
20190116,693.38,788307800,3971466,233791659,25379871,10.856
20190117,686.35,862712500,4591532,231441899,24906010,10.761
20190118,696.34,819962700,4437355,234953392,25377180,10.801
20190121,695.62,794340000,4025977,234700429,25244270,10.756
20190122,694.55,794374200,3930136,234383726,25188457,10.747
20190123,695.63,683155700,3926609,234782563,25133834,10.705
20190124,704.41,605765600,3742060,237779647,25569607,10.753
20190125,711.38,631592600,3816846,240274364,25889597,10.775
20190128,714.26,664266600,3699906,241311836,26060106,10.799
20190129,710.99,703385900,3922761,240178988,26003838,10.827
20190130,715.3,719235300,3898469,241788283,26365117,10.904
20190131,716.86,684510300,3771395,242350257,26494155,10.932
20190201,716.92,643316000,3952423,242782201,26542011,10.932
20190207,728.79,713057300,3702347,246736050,27142143,11
20190208,728.74,736597400,3648374,246776515,26999591,10.941
20190211,733.47,704616400,3822231,248908062,27135866,10.902
20190212,730.58,692220000,3825195,247959825,26989005,10.884
20190213,739.91,798622600,3948426,250983253,27491762,10.954
20190214,742.27,738308200,3987054,251780394,27569315,10.95
20190215,738.66,737998800,4103589,250599992,27402747,10.935
20190218,745.33,734383000,3422762,252958778,27694719,10.948
20190219,748.05,793917000,4023712,253987813,27912775,10.99
20190220,750.69,885293200,4103406,255424452,28013775,10.968
20190221,747.33,956553900,4334338,254302733,27812375,10.937
20190222,743.38,965508400,3920070,253089831,27738788,10.96
20190225,750.4,735845400,3701081,255564177,28082598,10.988
20190226,747.09,956644300,3832204,254604553,27987504,10.993
20190227,752.16,921722300,3986164,256372125,28161618,10.985
20190228,731.25,1016481400,5427451,249196922,27512497,11.04
20190304,748.07,707577300,4184004,254982915,28282405,11.092
20190305,747.95,753414400,4386457,256229006,28261959,11.03
20190306,746.7,846993800,4320269,255757715,28053356,10.969
20190307,736.83,897292600,4482811,252451522,27666979,10.959
20190308,735.97,871229100,3573382,252101576,27665649,10.974
20190311,739.09,686954300,3892937,253141160,27896474,11.02
20190312,754.76,792766500,5189636,257319124,28612137,11.119
20190313,754.89,797145400,4981843,257314387,28555814,11.098
20190314,755.42,643981400,4405717,257522552,28431070,11.04
20190315,748.36,881367900,5907010,255342327,28182864,11.037
20190318,753.13,705218700,4343581,256965885,28376422,11.043
20190319,748.91,984686400,4713909,255533877,28065787,10.983
20190320,749.76,880135000,4838198,255742070,28125561,10.998
20190321,743.52,795564400,4822786,253620524,27795160,10.959
20190322,743.97,752365700,4744195,254008903,27766382,10.931
20190325,727.21,696282800,4494273,248283881,27081895,10.908
20190326,736.81,656384700,3912306,251389139,27584570,10.973
20190327,728.45,748819200,4137567,249152888,27104149,10.879
20190328,719.72,695541100,3893133,246179611,26869321,10.915
20190329,729.31,779262100,4081058,249257414,27447036,11.012
20190401,736.81,704756600,3592041,251172763,27639797,11.004
20190402,739.57,955939900,4106381,251856567,27753836,11.02
20190403,749.3,807521300,4220277,255220562,28161685,11.034
20190404,751.58,879690000,4359673,256161280,28174570,10.999
20190405,751.71,788494100,4273409,256131503,28049996,10.951
20190408,751.92,762374000,4321665,256229805,28079269,10.959
20190409,756.81,836573200,4701168,257772264,28305445,10.981
20190410,760.15,744528200,4692968,258999547,28502960,11.005
20190411,766.49,760873600,4329711,261317478,28847961,11.039
20190412,767.85,926529300,4342635,261987812,28851330,11.012
20190415,766.75,951955800,4783660,261996783,28752459,10.974
20190416,765.02,979257000,4776286,261543433,28745200,10.991
20190417,766.89,1063544900,4967478,262126285,28860243,11.01
20190418,753.52,904450000,4815044,257721056,28197218,10.941
20190419,762.57,773546100,3805305,260935317,29144728,11.169
20190422,762.01,691820900,3677724,260715132,29052077,11.143
20190423,761.42,895100900,4169425,260579136,29057604,11.151
20190424,757.82,886600100,4453437,259580233,28875426,11.124
20190425,750.43,946890200,4328694,257052035,28603723,11.128
20190426,741,865151700,3788915,254021603,28369219,11.168
20190429,750.6,754662000,3228088,257339065,28829186,11.203
20190430,754.74,671042300,3769023,258788699,28846182,11.147
20190502,760.38,779401600,4247854,260784601,28985776,11.115
20190503,761.82,701320800,3753454,261291520,29009856,11.102
20190507,753.45,728048400,3645775,258806780,28736078,11.103
20190508,745.37,922683400,4239485,256173388,28955519,11.303
20190509,724.22,992089000,4603640,248970985,28322185,11.376
20190510,722.62,916495500,4200841,248036569,28151127,11.35
20190513,708.8,916425300,4537676,243264157,27409325,11.267
20190514,710.16,1072271200,5055505,243734206,27578935,11.315
20190515,729.6,859428100,4941190,250301185,28325883,11.317
20190516,717.59,911753400,4878492,246284375,27757712,11.271
20190517,714.13,783634800,4587780,245328350,27513883,11.215
20190520,702.08,733169200,3770627,241215213,27003944,11.195
20190521,703.98,792043700,4390983,241890926,26800330,11.08
20190522,706.93,723703800,4221779,242883735,26766696,11.02
20190523,696.89,902830300,4643652,239395673,26233486,10.958
20190524,690.03,862120700,4387035,237063635,25903521,10.927
20190527,689.67,782619300,4313687,237021266,25796437,10.884
20190528,702.76,723961500,4538620,241316089,26202619,10.858
20190529,691.47,849781700,4522970,234288964,25329052,10.811
20190530,689.33,669463400,3953387,233627783,25326484,10.841
20190531,696.47,642145300,3498742,236882568,25720899,10.858
20190603,697.5,643044600,3581778,237193624,25764337,10.862
20190604,702.53,657095600,3857151,238838423,25784296,10.796
20190605,707.75,616916000,4063890,240722090,25930235,10.772
20190607,716.53,723224000,4016297,243722653,26226538,10.761
20190610,721.14,763021300,4071222,245587312,26373353,10.739
20190611,728.79,897025700,4195981,248217445,26697608,10.756
20190612,724.32,724080500,3997840,247173660,26421447,10.689
20190613,726.68,839460600,4977454,247960685,26584087,10.721
20190614,722.25,843435100,4627883,246460312,26274322,10.661
20190617,719.13,757969700,3994985,245470963,26186935,10.668
20190618,714.86,1047010200,4899676,244174120,26082297,10.682
20190619,717.71,979442600,4250538,245237583,26250481,10.704
20190620,727.32,1004460000,4056678,248571464,26611300,10.706
20190621,722.64,1100646500,4380845,246991457,26333798,10.662
20190624,717.69,923986400,3717770,245347009,26010892,10.602
20190625,710.02,1058007800,4875710,242887154,25714963,10.587
20190626,709.37,981440800,4747047,242791007,25746877,10.605
20190627,698.21,909979100,5131838,239089173,25425280,10.634
20190628,690.53,784769700,4241075,236405674,25188945,10.655
20190701,696,734433200,5156354,238458830,25550903,10.715
20190702,696.25,696445700,4052249,238565439,25428257,10.659
20190703,693.04,676298700,3979382,237389806,25301048,10.658
20190704,691.27,763516500,4132922,236950137,25195790,10.633
20190705,694.17,729813400,4048011,237965632,25247178,10.61
20190708,668.72,766598800,4249617,229212801,24276518,10.591
20190709,657.8,879148600,4125586,225546659,23948545,10.618
20190710,666.9,774833200,3861175,228676544,24228647,10.595
20190711,677.09,791145300,4152966,232180144,24561693,10.579
20190712,681.17,735655700,4135928,234104173,24721578,10.56
20190715,674.79,715663200,4212000,231859260,24352131,10.503
20190716,674.42,824276600,4586564,231884531,24468587,10.552
20190717,666.28,901090500,4235393,229203214,24156141,10.539
20190718,665.15,837117000,4258998,228809067,24078427,10.523
20190719,674.06,756214600,3949976,231949932,24377044,10.51
20190722,674.78,644965300,3357187,232164617,24345104,10.486
20190723,668.65,894110600,4590939,230134682,24150459,10.494
20190724,659.83,971455700,4976197,227291906,23952276,10.538
20190725,652.4,871058200,4177256,225066019,23796707,10.573
20190726,644.59,886276500,3969501,222533551,23640988,10.624
20190729,618.78,795264700,3783791,213640714,22892513,10.715
20190730,625.64,716177600,3566194,216345978,23226324,10.736
20190731,630.18,770559300,4228756,217992287,23318382,10.697
20190801,622.26,694237600,4161131,215506176,23015345,10.68
20190802,615.7,601247000,3703940,213545670,22764686,10.66
20190805,569.79,821183000,4773105,197856077,21164500,10.697
20190806,551.5,973681900,5611504,191455865,20926374,10.93
20190807,564.64,835978000,4843612,195944703,21438430,10.941
20190808,585.44,929189300,4831848,203396203,22154357,10.892
20190809,590.04,690855000,4157334,204947491,22037790,10.753
20190812,594.17,707419000,3440960,206537033,22041424,10.672
20190813,590.75,755896800,3792005,204835997,21712591,10.6
20190814,597.15,793565000,4105968,207100533,21957592,10.602
20190816,591.57,684048900,3767531,205179215,21749829,10.6
20190819,594.65,706961200,3393083,206354181,21890926,10.608
20190820,607.01,914620400,3639424,210746711,22356874,10.608
20190821,615.96,821038300,3531843,213809010,22678085,10.607
20190822,612.25,850917500,3931125,212800969,22345795,10.501
20190823,608.98,706441300,3806195,211789012,22277130,10.519
20190826,582.91,711378600,3917963,202842694,21126252,10.415
20190827,588.32,651146600,3241330,204893443,21419872,10.454
20190828,602.9,698491100,3908017,209884833,22111639,10.535
20190829,599.57,681486500,3605905,208866575,21936461,10.503
20190830,610.55,787576000,3705439,212772632,22309204,10.485
20190902,619.81,683774600,3577065,216055268,22736348,10.523
20190903,620.02,777379800,3728694,216093198,22566148,10.443
20190904,629.31,792568300,3955113,219361175,22937630,10.457
20190905,632.99,948696000,5023655,221496777,23253748,10.498
20190906,631.15,882307000,4481747,220838794,23093762,10.457
20190909,625.77,709696000,3850357,219019399,22940525,10.474
20190910,623.25,830373200,3762025,218172411,22840538,10.469
20190911,630.37,718202200,3720938,220787040,23147799,10.484
20190916,638.59,622054800,3220465,223602964,23577435,10.544
20190917,644.28,823507400,4139544,225609051,23713567,10.511
20190918,645.12,909109300,4459121,226017141,23661867,10.469
20190919,645.71,867284100,4008539,226266025,23757041,10.5
20190920,649.07,844700700,4340363,227801893,23925407,10.503
20190923,645.01,747643900,3397867,226423545,23669352,10.454
20190924,641.85,778008000,3765461,225371212,23587925,10.466
20190925,626.76,987731200,4561734,220152599,23093446,10.49
20190926,628.42,838492500,4566644,220728154,23315160,10.563
20190927,626.93,724108600,3402629,220226432,23241549,10.553
20190930,621.76,745973300,3606633,218426091,22996816,10.528
20191001,632.1,875336300,4374428,222117888,23539876,10.598
20191002,624.51,1252778500,4524334,219465800,23125695,10.537
20191004,621.84,792984500,4033259,218535336,23015346,10.532
20191007,627.21,753054100,4811783,220387804,23433183,10.633
20191008,635.41,864368700,6110522,223300696,23949262,10.725
20191010,634.73,715225900,4376728,223036537,23727952,10.639
20191011,632.95,767474300,4681884,222444692,23550338,10.587
20191014,641.46,681422700,4037155,225736599,23902445,10.589
20191015,646.8,737772800,4121168,227629917,24174417,10.62
20191016,651.96,860252500,4633299,229431186,24393795,10.632
20191017,649.29,1042682800,5194384,228674544,24070585,10.526
20191018,646.69,866092900,4760597,227454259,23889569,10.503
20191021,649.18,767921100,4694497,228312444,23927117,10.48
20191022,655.91,883770900,6333997,230791759,24451267,10.595
20191023,658.98,1033677800,6307183,231862916,24692362,10.65
20191024,658.75,1073219700,7963560,231876860,24431529,10.536
20191025,652.37,1009206400,7007192,229730534,24161320,10.517
20191028,652.42,933703100,6476201,229792981,24213259,10.537
20191029,658.3,954715500,6534640,231933741,24390146,10.516
20191030,655.04,892700100,5813807,230810078,24176963,10.475
20191031,658.52,892492400,5241227,232231895,24354369,10.487
20191101,662.34,820171900,4734490,233606028,24428648,10.457
20191104,668.45,921194100,4731445,235777038,24609782,10.438
20191105,672.18,987479900,6221553,237194145,24826408,10.467
20191106,669.68,1091285800,6061616,236277254,24743934,10.472
20191107,666.15,1026100100,5679533,235693338,24437235,10.368
20191108,664.6,952988800,4475519,235295732,24319301,10.336
20191111,661.37,922613200,4160073,234286919,24127551,10.298
20191112,665.14,1081150600,4618378,235619188,24396702,10.354
20191113,661.85,1363966100,4829468,234500284,24203726,10.321
20191114,663.31,1359616400,5251760,235158205,24316804,10.341
20191115,668.51,1107075100,5124025,237163557,24640805,10.39
20191118,669.34,1086953700,5401260,237591190,24597182,10.353
20191119,662.53,1156557400,5280502,235179761,24261754,10.316
20191120,649.87,1289204700,5928634,230847032,23800065,10.31
20191121,635.99,1051934200,5025589,226030655,23281994,10.3
20191122,633.92,1053044800,5162173,225644237,23290379,10.322
20191125,647.4,826788500,4086008,230500424,23840043,10.343
20191126,651.59,868850400,5091667,232218231,23933013,10.306
20191127,647.39,859365200,5153173,231384397,23854320,10.309
20191128,640.18,882465600,4265274,228908691,23528268,10.278
20191129,632.99,940624900,4319179,226930389,23265304,10.252
20191202,634.5,845648600,3811687,227301562,23452165,10.318
20191203,629.58,868945200,4117052,225664364,23276238,10.315
20191204,625.27,928166900,3828566,224147876,23214548,10.357
20191205,617.6,901705500,4682213,221358412,23005070,10.393
20191206,628.1,726660300,4098402,225209550,23544820,10.455
20191209,627.86,778729800,4226425,225159098,23465948,10.422
20191210,627.11,763025300,3950678,225002396,23358268,10.381
20191211,629.13,817888200,3952346,225900417,23491321,10.399
20191212,636.94,941202100,4498908,228754294,23871231,10.435
20191213,643.45,913750500,4290512,231121253,24177382,10.461
20191216,644.44,794175400,3748611,231552541,24144536,10.427
20191217,650.58,851063900,4486599,233969649,24522699,10.481
20191218,648.95,882121500,4328545,233518136,24411788,10.454
20191219,647.85,808153700,3734443,233553668,24470357,10.477
20191220,649.73,944573000,4198107,234817288,24685501,10.513
20191223,647.62,725861800,3968732,234058375,24655486,10.534
20191224,638.91,763092100,3572405,231075710,24406220,10.562
20191226,652.07,921877700,4352931,235647597,25143009,10.67
20191227,661.24,807711600,4312635,238198876,25188808,10.575
20191230,669.83,789329700,3799412,241350997,25433359,10.538
20200102,674.02,783730700,4476504,242768148,25342872,10.439
20200103,669.93,903858800,5540086,241357676,25087859,10.394
20200106,655.31,884278600,4961872,236177412,24493242,10.371
20200107,663.44,970306700,5302183,239161960,24850095,10.39
20200108,640.94,1379708000,7034355,231058476,24200460,10.474
20200109,666.09,980618600,5261765,240120847,25292472,10.533
20200110,673.03,837389500,4913661,242702877,25484897,10.5
20200113,679.22,894402000,4843152,245066838,25733246,10.501
20200114,678.71,897262000,5205779,244889130,25746582,10.514
20200115,679.16,908209000,4233510,245115558,25569346,10.432
20200116,686.52,880290500,5239369,247712208,26005914,10.498
20200117,688.41,1028709900,5544314,248533214,26105694,10.504
20200120,683.47,1019250100,5916227,246894428,25817284,10.457
20200121,676.52,1032065600,5569469,244458962,25493069,10.428
20200122,688.25,1012722600,4631042,248680112,26159635,10.519
20200123,685.57,957782000,5009218,247897515,25964997,10.474
20200128,664.7,1161215900,6991101,240463052,25039096,10.413
20200129,670.18,1056865300,5573599,242425934,25357064,10.46
20200130,656.39,1213886200,6228414,237472764,24883946,10.479
20200131,642.48,1343602200,6458896,232461525,24577802,10.573
20200203,646.85,1193311500,6081593,234039521,24920334,10.648
20200204,661.24,938254900,5073960,239254407,25362825,10.601
20200205,661.32,991276600,5266753,239361588,25286173,10.564
20200206,672.69,946334000,4609410,243440171,25815065,10.604
20200207,672.63,1024735200,5232691,243475160,25649666,10.535
20200210,676.07,979098200,4829779,244756202,25745946,10.519
20200211,682.34,1167070700,5516294,247131855,26043983,10.538
20200212,686.59,1333842800,6045972,248735276,26208266,10.537
20200213,687.61,1345100300,6993822,249058921,26338156,10.575
20200214,688.91,1499191400,7351634,249470581,26420644,10.591
20200217,692.59,1524917600,6524735,250776123,26629256,10.619
20200218,682.92,1781024400,7509559,247300826,26106071,10.556
20200219,684.78,1604888000,7629860,247969810,26176138,10.556
20200220,681.66,1464809200,8799125,246963573,25995476,10.526
20200221,667.99,1427547700,8134693,242180853,25500064,10.529
20200224,639.29,1476932900,8178363,231858846,24612099,10.615
20200225,656.95,1212527200,6189111,238230648,25395380,10.66
20200226,654.63,1137059000,6137280,237411188,25164621,10.6
20200227,638.17,1231802600,7715985,231512754,24242321,10.471
20200228,610.73,1389631500,8020425,221971811,23499627,10.587
20200302,627.66,1186854700,6153922,228073910,24246896,10.631
20200303,626.82,1232865200,6053621,227876485,23826348,10.456
20200304,641.73,1097676200,5659995,233919308,24470910,10.461
20200305,650.19,1077679800,6397649,237065257,24654455,10.4
20200306,642.72,1113502000,7238871,234780563,24208466,10.311
20200309,614.6,1317498300,8683416,224592597,23087183,10.28
20200310,619.97,1431027600,9633330,226525539,23441382,10.348
20200311,595.61,1570650500,8354953,217679145,22378534,10.281
20200312,563.49,1639528700,8049548,206048862,21483760,10.427
20200313,524,1522369100,8152013,191628164,20574968,10.737
20200316,504.51,1201664800,7219385,184690204,19866764,10.757
20200317,514.73,1367413900,7993286,188460557,20619427,10.941
20200318,485.14,1322271600,7410179,177738872,19234745,10.822
20200319,428.35,1646248300,8575181,157026546,17240814,10.98
20200320,467.75,1243149900,6503974,171351187,19066184,11.127
20200323,443.76,1086690000,6163699,162563927,17868817,10.992
20200324,480.4,1143642200,6742315,175921670,19476494,11.071
20200325,505.68,1441082000,9686607,185244161,20144200,10.874
20200326,516.61,1649355800,11902864,189294135,20019575,10.576
20200327,522.83,1979703600,14845252,191551905,20050349,10.467
20200330,542.11,1431987400,9610628,198576611,20563889,10.356
20200331,569.07,1865421900,13672046,208277587,21674274,10.406
20200401,551.84,1897096800,13461988,202131522,20676092,10.229
20200402,567.7,1680263200,10992105,207901417,21126865,10.162
20200403,573.01,1374770700,9453490,209882652,21262091,10.13
20200406,597.21,1526019900,9876607,218761438,22189731,10.143
20200407,606.9,2108624300,13276333,222382948,22250310,10.005
20200408,607.37,2362934600,12763686,222708420,22114170,9.93
20200409,615.95,1810580400,9552047,225817400,22250101,9.853
20200410,611.26,2001744900,10153608,224262546,22031990,9.824
20200413,596.71,2010346000,10096969,218902486,21457959,9.803
20200414,610.29,1600520900,8357337,223912578,22139839,9.888
20200416,623.43,1368160000,8217243,228844401,22608266,9.879
20200417,634.79,1640016900,9115282,233023374,23028570,9.883
20200420,637.82,1571067000,9532297,234188826,22968991,9.808
20200421,628.77,2164007800,12731402,230989351,22628349,9.796
20200422,635.16,1459274500,9185269,233065201,22794665,9.78
20200423,643.79,1659299200,10091678,236376134,23076909,9.763
20200424,632.96,1781069700,8847938,233087534,22784498,9.775
20200427,646.86,1718845600,7697761,238021426,23341744,9.807
20200428,644.93,1770727300,8179500,237324920,23165592,9.761
20200429,645.18,1686253600,7967208,237464993,23135114,9.743
20200504,641.91,1279273900,6695809,236245973,22939051,9.71
20200506,658.4,1506803200,8491492,242298857,23604979,9.742
20200507,668.17,1744936900,8831807,245929087,23977184,9.75
20200508,682.3,1683945200,9622021,251162128,24647836,9.814
20200511,685.04,1538941800,10447899,252116820,24603015,9.759
20200512,684.21,1486569800,10034743,251887582,24496801,9.725
20200513,691.53,1510721800,9717013,253969090,24720572,9.734
20200514,690.57,1572689400,13051237,253699212,24824719,9.785
20200515,691.93,1360015000,12394013,254601166,24961036,9.804
20200518,690.85,1470278600,10497458,254241536,24813646,9.76
20200519,696.36,1819084900,11873294,256361306,25038906,9.767
20200520,708.76,2068645100,10475840,260722663,25557482,9.803
20200521,716.02,1993800700,11336859,263378591,25849771,9.815
20200522,708.58,1696053400,10791248,260660796,25457743,9.767
20200525,719.89,1603666400,9460186,264794261,25914015,9.786
20200527,724.59,1571385900,10577662,266629833,25509152,9.567
20200528,708.75,2097276800,11912397,260829223,24901610,9.547
20200529,713.68,1472678500,8503015,262489491,25241176,9.616
20200601,735.72,1275399500,10325550,270574394,26191805,9.68
20200602,743.58,1464961200,10733016,274253648,26517023,9.669
20200603,737.66,1482743600,11559145,272084302,26389773,9.699
20200604,742.37,1305965300,9774409,273828409,26602268,9.715
20200605,749.31,1125022700,8656169,276027410,26855129,9.729
20200608,753.04,1325593800,9120474,277963923,26992742,9.711
20200609,753.82,1532566100,10343145,278254925,27052086,9.722
20200610,758.62,1577271800,12213263,280250042,27301195,9.742
20200611,757.06,1452105400,13508483,279711253,27271078,9.75
20200612,746.06,1324399800,11700600,275693171,27060990,9.816
20200615,693.15,1470732600,12260630,256105101,25079462,9.793
20200616,735.38,1320202200,10669159,270837275,26957736,9.953
20200617,735.4,1408467600,10425319,271270294,26820224,9.887
20200618,737.33,1243956000,10605932,272153591,26832796,9.859
20200619,742.03,1529200100,12365576,274440984,26917195,9.808
20200622,751.64,1336686200,10511545,278063201,27370120,9.843
20200623,753.23,1584472600,11682636,279155471,27607294,9.89
20200624,759.5,1333491300,11763015,281450478,27986822,9.944
20200625,750.36,1362068900,11212779,277965658,27515624,9.899
20200626,750.58,1522033500,11787915,278144001,27554787,9.907
20200629,734.69,1347220000,9278719,272137620,26914438,9.89
20200630,737.97,1638598200,10528654,273285565,27189437,9.949
20200701,727.58,1184777300,8563272,269662311,26771804,9.928
20200702,742.55,1155544300,7539546,275201178,27539261,10.007
20200703,752.18,1285378800,10147594,279224714,27903233,9.993
20200706,759.9,1142167700,8304840,282228831,28216544,9.998
20200707,759.16,1290021000,10083403,282597936,28152208,9.962
20200708,765.96,1306346200,10447531,283626667,27419558,9.667
20200709,772.9,1465602800,10387777,286265525,27671850,9.666
20200710,772.81,1332284300,12857389,286443593,27641939,9.65
20200713,781.19,1395977700,10852689,289955019,27782648,9.582
20200714,778.39,1635618700,12279852,289138577,27699696,9.58
20200715,781.29,1527810700,11307493,290382638,27755336,9.558
20200716,775.07,1631137800,11153409,288054483,27305496,9.479
20200717,783.22,1365421200,8582996,290874355,27625121,9.497
20200720,781.96,1399220800,9279615,290683030,27509299,9.464
20200721,790.58,1500350900,10341745,293847532,27853858,9.479
20200722,794.99,1476960200,11376188,295699183,27985688,9.464
20200723,801.69,1384206000,13661425,295719448,27983219,9.463
20200724,794.8,1455338200,12472640,293589631,27647149,9.417
20200727,801.23,1293548700,10426711,296395850,28084997,9.476
20200728,807.85,1547330200,11968083,298918047,28345895,9.483
20200729,808.59,1181621500,10594912,299433927,28473018,9.509
20200730,814.19,1301897800,13271127,301637228,28600291,9.482
20200731,815.3,1357354600,13058945,303951763,29476959,9.698
20200803,827.57,1522754100,14512981,308607794,29895726,9.687
20200804,835.35,1509116500,13940170,311492402,30069996,9.654
20200805,847.28,1521802000,12744683,316312311,30822889,9.744
20200806,854.12,1498959800,14220423,318891872,31249493,9.799
20200807,857.63,1397199500,14574967,320507965,31500907,9.828
20200810,862.76,1464015100,12625988,322848852,31414818,9.731
20200811,860.23,1532477400,13343016,322120086,31190720,9.683
20200812,845.6,1674531200,14357658,316875296,30700073,9.688
20200813,854.77,1811111200,14868747,323218791,31593093,9.775
20200814,835.03,1732238200,13842550,316140848,30745149,9.725
20200818,800.22,1897401000,15861822,303852985,29576717,9.734
20200819,818.74,1601780900,14760513,311308565,30493992,9.795
20200820,791.14,1813140900,15393962,300679365,29146672,9.694
20200821,796.01,1658737100,14078885,302335895,29447405,9.74
20200824,815.74,1521281500,12997622,309708753,30430015,9.825
20200826,841.35,2152206800,17370409,319342491,30821484,9.652
20200827,836.4,2951684000,20848705,317502633,30571855,9.629
20200828,841.3,2111380200,16800923,319399052,30870029,9.665
20200831,848.24,1890066300,14737499,322427182,31320951,9.714
20200901,853.37,1843909600,12734768,324374410,31475910,9.704
20200902,866.74,1843232400,14343098,329509234,32176215,9.765
20200903,874.13,1763488500,14025988,332407173,32395691,9.746
20200904,866.04,1730687400,14668094,329352561,32008986,9.719
20200907,878.88,1884731600,16014602,334262941,32297224,9.662
20200908,878.29,2517936200,19644737,333947636,32320015,9.678
20200909,869.47,2367815600,16431483,330792229,32926367,9.954
20200910,884.3,1990691600,14651175,341586680,32693923,9.571
20200911,888.44,1994166100,14400432,343176241,32362629,9.43
20200914,894.17,1699498400,13528195,345578327,32595343,9.432
20200915,899.46,2098772800,15836926,347286395,32856495,9.461
20200916,896.28,2410950900,16003999,346431901,32846108,9.481
20200917,885.18,2286208500,14316885,342165650,32410867,9.472
20200918,888.88,1768419800,12674547,343792635,32768330,9.531
20200921,866.99,1965201100,13745295,335595335,31740566,9.458
20200922,842.72,1973655600,12318664,326397280,30852759,9.453
20200923,843.45,2246112600,13123004,326789815,30984219,9.481
20200924,806.95,2196877500,15462868,312855989,29696608,9.492
20200925,808.28,2212037100,13310027,313297468,29810702,9.515
20200928,835.91,1938337100,11134007,323925943,30799286,9.508
20200929,848.15,2084774000,11430772,328737557,31117143,9.466
20201005,858.39,1675260500,9951689,332735298,31302020,9.407
20201006,862.58,1981912400,10972339,334539908,31502446,9.417
20201007,869.66,2013038500,10601101,337583713,31736709,9.401
20201008,871.62,1994293700,12138290,338661106,31784837,9.385
20201012,873.5,2009372600,11751824,339021906,31842136,9.392
20201013,871.92,2277904200,14295524,338430535,31682577,9.362
20201014,861.48,2373269100,12910781,334550904,31310696,9.359
20201015,844.44,2238669200,12500116,328155187,30727451,9.364
20201016,833.84,2275827700,10675848,324013185,30508020,9.416
20201019,822.25,1701656400,8516309,319817488,30296739,9.473
20201020,824.65,1664943900,10171863,320969248,30470066,9.493
20201021,830.67,1492449700,8700877,323449841,30701308,9.492
20201022,812.7,1734931800,9569520,316737110,30181942,9.529
20201023,807.98,1613364000,8366884,314966299,29958961,9.512
20201027,783.73,2056533900,9246700,305590127,29523526,9.661
20201028,806.2,2049765000,7888726,314532560,30374554,9.657
20201029,813.93,1942544800,8292420,317270556,30919198,9.745
20201030,792.65,1880463300,8550017,309289392,29589871,9.567
20201102,802.95,1537119900,6627149,313355466,30043296,9.588
20201103,818.46,1672273900,8746154,320035935,30659336,9.58
20201104,826.97,1804688600,10836965,323327675,31141265,9.631
20201105,844.8,1660809700,9827780,330313260,31918570,9.663
20201106,836.78,1923198700,13035090,327536568,31192551,9.523
20201109,851.21,1735445000,9930999,333140279,31742463,9.528
20201110,840.79,1815647400,11637052,329059123,31134944,9.462
20201111,839.9,2281172000,14066237,328432621,31259469,9.518
20201112,840.08,2068886400,11004803,328523167,31226500,9.505
20201113,839.14,1878625500,11733210,328357813,31209486,9.505
20201116,847.33,1619880100,10255818,331576034,31674236,9.553
20201117,839.47,1789493200,13642004,328957752,31230837,9.494
20201118,851.74,2330367000,14023705,334104732,31807937,9.52
20201119,859.94,2249200500,14795415,337226659,32101245,9.519
20201120,870.18,2148981900,13486881,342172156,32667441,9.547
20201123,873.29,2118835900,12853792,343359671,32774960,9.545
20201124,872.1,3185108400,14901986,343063376,32656695,9.519
20201125,865.12,2494367700,18099462,340769656,32342949,9.491
20201126,874.53,1917340200,14580990,344984853,32792234,9.505
20201127,885.56,1829517000,12257401,349517656,33629023,9.622
20201130,886.11,1738037000,12153801,349878362,33543341,9.587
20201201,891.29,2133268200,12060673,352059819,33773835,9.593
20201202,899.34,1890607300,13100865,355729099,34260256,9.631
20201203,907.61,2361180500,16430143,359010282,34679899,9.66
20201204,913.76,2167590100,16022525,361579274,35010421,9.683
20201207,926.88,2240526600,15665448,366928819,35839394,9.767
20201208,906.84,2601247400,18790847,358900482,34704434,9.67
20201209,913.81,2695657500,15615512,361967965,35074262,9.69
20201210,921.7,2666888100,14252740,365460909,35411763,9.69
20201211,928.44,1913758600,12775711,368341553,35607264,9.667
20201214,929.54,1610591700,14468239,369095208,35791335,9.697
20201215,931.27,2100826200,15788436,369949156,35951827,9.718
20201216,939.65,1998312700,15564362,373325659,36344419,9.735
20201217,944.04,2650705900,16016013,375215636,36630903,9.763
20201218,947.24,2114839200,14532797,376636182,36729815,9.752
20201221,953.58,1926451000,16060513,379532020,37226653,9.809
20201222,928.73,1856455500,16455910,370417453,36083203,9.741
20201223,923.17,1924137300,17289386,368990490,36252395,9.825
20201224,928.68,1724765800,14369069,371285191,36925788,9.945
20201228,927,1642275200,16901675,370820564,37533158,10.122
20201229,957.41,1510814100,15406656,381194852,38414074,10.077
20201230,968.42,1638729200,16629392,385582620,38448106,9.971
20210104,977.62,1697123200,16878573,389065995,38527924,9.903
20210105,985.76,1808188600,18692449,391948561,38579541,9.843
20210106,981.39,1980415600,17521679,390292104,38449893,9.852
20210107,988.86,2256784700,18205995,393044712,38632163,9.829
20210108,987.79,2557365900,20362396,393016719,39075437,9.942
20210111,976.63,2201087100,20404861,388709159,39126356,10.066
20210112,973.72,1741983600,13948876,387975469,38943065,10.038
20210113,979.13,1635160500,13080341,389900532,39042769,10.014
20210114,980.29,1736166500,13926039,390258095,39074268,10.012
20210115,964.44,1844766300,14722914,384165118,38380521,9.991
20210118,944.67,2040501300,13833864,376489397,37855522,10.055
20210119,957.75,2107756000,13405288,381601683,38587483,10.112
20210120,977.66,2441708600,14524258,389715588,39842580,10.224
20210121,981.4,1995071100,13845534,391719846,39688759,10.132
20210122,979.98,2288183300,15030875,392789002,39524077,10.062
20210125,999.3,1850119200,13779123,400496597,40577166,10.132
20210126,994,2651486000,16664899,398475655,40120851,10.069
20210127,985.92,2857961900,15052424,395807998,40039233,10.116
20210129,928.73,2190876500,14917826,373691858,37653435,10.076
20210201,956.92,1546510000,10500432,383852379,39294022,10.237
20210202,963.81,1957391600,12015887,386610425,39314241,10.169
20210203,970.69,1912432000,12424600,389885990,39389508,10.103
20210204,964.58,2164705200,10415048,387517289,39115598,10.094
20210205,967.42,1988200700,10875951,388912076,39219825,10.084
20210208,960.78,2128325700,11091711,386388135,39093813,10.118
20210209,957.85,3198991700,11467879,385254076,38921808,10.103
20210210,964.31,2806752100,10869297,388165994,39104302,10.074
20210215,981.97,3028376000,13372443,395295972,39882916,10.089
20210216,977.74,2985480900,17770235,393679329,39581618,10.054
20210217,979.77,5067754500,17218003,394436144,39502942,10.015
20210218,967.42,4408951400,16123123,389666391,38874766,9.976
20210219,965.11,4388461200,14536826,388856406,38803751,9.979
20210222,954.29,2731249400,13079035,384951311,38133270,9.906
20210223,936.6,3388331600,14776667,377978844,37240723,9.853
20210224,906.31,3622292000,15018599,367568380,36221908,9.854
20210225,936.21,2445198400,13624179,379987786,37628322,9.903
20210226,913.94,2642759500,13748133,371466543,36486356,9.822
20210302,923.17,2959663300,11890567,374761729,37058359,9.889
20210303,930.8,3392814600,11170634,377728533,37330553,9.883
20210304,926.2,2448986900,11408925,375878533,37007624,9.846
20210305,923.48,2167990400,11452388,374836333,36733196,9.8
20210308,904.77,3318912000,11138339,367276290,35807804,9.75
20210309,896.36,3506189800,12509904,363976851,35633550,9.79
20210310,890.07,2879346000,10985816,361305227,35416206,9.802
20210311,908.01,2424907400,10785517,369291142,36484659,9.88
20210312,925.49,2856192700,11371313,376937995,37230037,9.877
20210315,926.9,2341585200,9808561,374910568,36760595,9.805
20210316,940.65,3365161800,12772182,381805864,37620001,9.853
20210317,943.78,2756482400,11765127,382735308,37526430,9.805
20210318,949.83,2062909600,11265567,385169772,37734013,9.797
20210319,952.11,1664272900,9633981,386433770,37935010,9.817
20210322,955.38,1777228100,10545520,387718071,38083953,9.823
20210323,946.31,2041533900,10883535,384442004,37947150,9.871
20210324,953.82,1729386400,10779149,386868064,38238898,9.884
20210325,954.99,1751078800,10640625,387311921,38011327,9.814
20210326,956.7,2125124500,9859024,388051678,37922545,9.773
20210329,954.1,2388776000,10283078,386977420,37761803,9.758
20210330,958.06,2027304600,10898410,388660278,37961055,9.767
20210331,956.17,1854442200,11157684,388147690,37824121,9.745
20210401,965.78,2007569700,11588752,394771353,38865280,9.845
20210402,970.09,2331145000,12475512,396697735,38945157,9.817
20210405,969.77,1927322000,10929283,396773129,38891588,9.802
20210406,968.63,2413259300,12537286,396257629,38722199,9.772
20210407,973.22,2044987200,11616232,398349531,38806336,9.742
20210408,982.02,1909598700,12521104,401896477,39086309,9.725
20210409,989.39,1593414900,11105387,405099551,39462329,9.741
20210412,1000.65,1910152700,11840390,411115361,40585239,9.872
20210413,1010.37,3655477300,14516838,415390067,40705927,9.799
20210414,1014.42,3177259800,13053979,417153328,40952991,9.817
20210415,1013.9,2618274000,13132193,417077084,44242259,10.608
20210416,1021.62,2070393800,12810677,420677461,41393369,9.84
20210419,1029.46,2005256900,12743222,423343135,41904144,9.898
20210420,1031.88,1768976300,11547530,424474315,41822977,9.853
20210421,1022.22,2887741600,12630919,420953717,41101773,9.764
20210422,1025.71,4090170200,13743537,422945270,41421396,9.794
20210423,1026.82,4099784400,13672671,421550877,41227465,9.78
20210426,1030.06,2927454700,13564839,423108001,41427935,9.791
20210427,1021.01,3413757000,13671001,419685854,40964125,9.761
20210428,998.27,3244383400,13711332,411061833,39676007,9.652
20210429,990.69,1931273700,11030438,408351812,39151275,9.588
20210430,983.45,1467201900,9529736,405736744,39238625,9.671
20210503,961.81,1463943500,9138618,396831734,38424503,9.683
20210504,967.2,1548789400,9663135,398772704,38566270,9.671
20210506,969.99,1144812200,7410517,399981477,38351854,9.588
20210507,978.3,1268171600,8329519,403331514,38617244,9.575
20210510,992.8,1321822300,9194819,409442844,39261319,9.589
20210511,978.61,1413548300,9057854,403655765,38400399,9.513
20210512,967.1,1973033500,10980021,398888551,37901015,9.502
20210513,951.77,1445729900,10532691,392640701,37218452,9.479
20210514,966.72,1563428900,9811854,398933318,38270958,9.593
20210517,962.5,1458831300,10130861,397767112,38033782,9.562
20210518,969.1,1422393300,9981061,400500532,38462395,9.604
20210520,971.13,1531653500,8678381,403740755,39162840,9.7
20210521,965.63,1533585000,9504922,401618335,38872965,9.679
20210524,948.37,1540416800,9572309,394522746,38345994,9.72
20210525,962.07,1681868200,9513732,400299188,39079260,9.763
20210526,966.06,1939819700,9619791,402405441,39255266,9.755
20210528,977.46,1577407600,8791949,407091957,39617050,9.732
20210531,981.78,1639881200,9035639,408938575,39803957,9.733
20210601,984.59,1779134600,9307165,410198730,40008992,9.754
20210602,981.1,1608837500,9639645,408626970,39585832,9.688
20210603,990.19,1704638300,8903652,412623715,40281034,9.762
20210604,987.58,2145264000,9881302,411626502,39992124,9.716
20210607,985.86,1954562900,9593189,410940951,39873740,9.703
20210609,978.79,1687026000,10707179,407968255,39683062,9.727
20210610,987.77,1822081800,11158582,411720369,40235936,9.773
20210611,991.13,1548048200,9302575,413452801,40145193,9.71
20210614,997.41,1410029900,8648789,416060123,40449593,9.722
20210615,997.37,1643386400,9272013,415922787,40386074,9.71
20210616,998.49,1435443500,8458793,416454472,40335212,9.685
20210617,1003.72,1879605100,10138782,418787425,40863537,9.758
20210618,1015.88,1849423400,11630309,423922153,41801960,9.861
20210621,1010.99,1506150900,11060016,421945247,41415623,9.815
20210622,1011.56,1611178200,11361988,422123177,41139332,9.746
20210623,1016.46,1861225800,15440030,424693630,41636199,9.804
20210624,1012.62,1862769000,12802685,423111351,41333179,9.769
20210628,1017.91,1587502300,9860922,425676141,41338840,9.711
20210629,1022.52,2061941900,11864825,427689302,41827432,9.78
20210630,1029.96,2086090100,10424600,430852269,42291914,9.816
20210701,1035.64,1686829700,11193236,433343012,42703947,9.855
20210702,1038.18,1685412000,12315435,434367745,42504796,9.785
20210705,1047.33,1743060700,13870149,438133555,43137183,9.846
20210706,1044.96,1964143200,12052441,436408555,42838451,9.816
20210707,1047.36,1692983900,13770429,437764656,43139907,9.855
20210708,1034.48,1869433400,15076515,432462660,42503377,9.828
20210712,1034.64,1716579200,10521164,432781975,42363307,9.789
20210713,1043.31,1706838300,12868946,436637530,42975320,9.842
20210714,1044.98,1714355700,12921471,437311499,43392288,9.923
20210715,1054.31,2057346400,14717739,441302326,43833706,9.933
20210716,1051.98,1728614200,11962097,439277851,43683516,9.944
20210719,1049.83,1404708500,11490891,438254883,43566762,9.941
20210720,1043.64,1645090400,13173212,435763961,43362601,9.951
20210721,1042.03,1322431000,12054385,435136916,43015311,9.885
20210722,1050.25,1623555400,13719638,438722951,43825808,9.989
20210723,1055.5,1387871200,11489955,441045046,44071803,9.993
20210726,1047.63,1267942800,11547869,437943873,43705167,9.98
20210727,1046.55,1550178300,11787582,438069645,43781450,9.994
20210728,1035.68,1421011300,11763085,433789920,42860195,9.88
20210729,1044.13,1206053800,10242211,436016221,43120028,9.89
20210730,1031.14,1339556400,10862103,431002825,42537803,9.869
20210802,1037.8,1202119900,9558869,433576143,43034127,9.925
20210803,1036.11,1504475000,11502919,432870714,42914513,9.914
20210804,1047.93,1485459300,12036705,437927097,43441574,9.92
20210805,1059.54,1374783400,11892679,442746097,43999041,9.938
20210806,1059.8,1346819600,10222599,442943363,44019597,9.938
20210809,1060,1352833700,13620289,443085978,43928684,9.914
20210810,1052.07,1689404400,12998339,439963434,43480087,9.883
20210811,1051.92,1308328100,12738079,440941648,43689774,9.908
20210812,1054.09,1089521900,12692268,441879393,43601382,9.867
20210813,1040.78,1372315100,13044592,436624809,43189099,9.892
20210817,1011.05,1176479100,12262428,424665454,42169046,9.93
20210818,1021.08,1095404800,11748690,428808323,42912687,10.007
20210819,991.15,1401855000,12148931,416692695,41709980,10.01
20210820,967.9,1266099000,12190380,408591997,40989378,10.032
20210823,993.18,993511200,10296601,419217756,42335025,10.099
20210824,1013.18,1326076900,12377736,427039372,43104329,10.094
20210825,1017.78,1225841200,10816491,429489098,42872783,9.982
20210826,1020.44,1081654300,11180169,430319914,42954170,9.982
20210827,1023.51,1298908100,11406684,431572259,42855321,9.93
20210830,1031.84,1178120900,12200172,435388316,43206597,9.924
20210831,1038.33,1243473800,13623946,438022823,43382538,9.904
20210901,1045.98,1145478500,12022604,440812885,43671904,9.907
20210902,1047.19,1292476700,11427941,441259857,43497162,9.857
20210903,1053.85,1435361400,12103383,444098820,43579302,9.813
20210906,1052.96,1331555800,10880614,444024963,43329812,9.758
20210907,1054.43,1568516000,11912893,444754597,43394615,9.757
20210908,1037.22,1479336200,11490320,437821726,42492145,9.705
20210909,1034.62,1414153400,11120049,436799116,42356832,9.697
20210910,1037.91,1378379000,11346322,438788954,42668719,9.724
20210913,1026.34,1261320000,11293321,433474435,42045042,9.7
20210914,1037.74,1157085000,10835020,438236418,42746201,9.754
20210915,1042.79,1438562100,10981025,440310242,43301261,9.834
20210916,1039.43,1131795600,9824587,438749515,42928696,9.784
20210917,1046.12,1160928000,10015698,441460080,43216011,9.789
20210923,1036.26,968174900,8944856,437574971,42864029,9.796
20210924,1037.03,1306783500,11609039,438342790,42995889,9.809
20210927,1034.82,1045959700,9391058,438030980,42739678,9.757
20210928,1012.51,1396083000,11058076,428895986,41484010,9.672
20210929,1001.46,1313134100,10231070,424692994,41129858,9.685
20210930,1003.27,1290217300,10376952,425618382,41256607,9.693
20211001,983.2,1371271400,11792050,416951984,40507748,9.715
20211005,955.37,1346265000,11661440,405150028,39760920,9.814
20211006,922.36,1651916200,13277921,392727529,38587677,9.826
20211007,953.43,1353557200,10685912,406545806,39935638,9.823
20211008,953.11,1339875000,11200342,406605402,39795249,9.787
20211012,940.15,1142383500,8629240,401105991,39272970,9.791
20211013,953.47,1049502900,9340619,406746303,40037089,9.843
20211014,983.43,1191419800,11105866,419563014,41140576,9.806
20211015,990.54,1365015400,11764984,422904129,41254542,9.755
20211018,993.86,1188921000,9740207,424330515,41478479,9.775
20211019,1005.35,1375183900,12240802,429310539,42349855,9.865
20211020,1001.62,1552193200,11827293,427826189,41753984,9.76
20211021,993.7,1559956700,11817299,424749091,41263141,9.715
20211022,995.07,1161757800,10771157,425781067,41442903,9.733
20211025,994.31,1061836000,8737161,425437549,41255085,9.697
20211026,1011.76,1330616700,9991541,432990292,42061584,9.714
20211027,1008.95,1273224600,11207852,431939999,41857709,9.691
20211028,1000.13,1311944300,11407407,428184000,41453908,9.681
20211029,992.33,1318558600,10407000,425205955,41160751,9.68
20211101,998.57,1173729900,10938622,429084559,41631612,9.702
20211102,1009.44,1399930700,10826784,433942487,42139793,9.711
20211103,1005,1099571600,10258777,432055399,42011628,9.724
20211104,1001.43,1227813000,11418124,430353455,42183080,9.802
20211105,1001.35,1253704500,11271591,430421532,42581676,9.893
20211108,1002.5,1254164500,10375408,430895728,42468526,9.856
20211109,1008.68,1245497300,11659256,433588444,43031445,9.924
20211110,987.75,1476502800,14354186,425780255,41674537,9.788
20211111,992.65,1108639800,12919701,427847549,42216378,9.867
20211112,1009.07,856017500,11961657,435405394,43144340,9.909
20211115,1029.03,932602800,11727310,444075252,44124454,9.936
20211116,1035.46,995271300,13408979,446578961,44748881,10.02
20211117,1031.26,1410240700,16138328,445377127,44340337,9.956
20211118,1032.77,1467430300,14920600,446203604,44328728,9.935
20211119,1041.92,1268957400,13397520,450938407,45006843,9.981
20211122,1032.31,1320324200,14537344,447133258,44598295,9.974
20211123,1013.72,1037747900,11656504,439265360,43806756,9.973
20211124,1020.13,1023600000,11197105,442042986,44222022,10.004
20211125,1015.66,1097455900,11633756,439680920,43629050,9.923
20211126,1005.89,1239981100,14129245,435589065,43663647,10.024
20211129,992.34,1347690400,13027892,429666319,43307027,10.079
20211130,965.63,1356752000,15438608,418808273,42278226,10.095
20211201,977.15,1079797500,12150973,423861520,42460880,10.018
20211202,977.43,1091537300,12346721,423999642,42308718,9.978
20211203,998.47,1211827400,10563290,433213611,43521316,10.046
20211206,991.87,1060487500,10411792,430237685,42919751,9.976
20211207,996.64,1017251300,11173734,432398082,43107546,9.969
20211208,1006.04,1065606500,12033920,436475610,43671770,10.006
20211209,1022.87,1060993100,11094331,443671152,44358352,9.998
20211210,1011.57,1153420800,11060443,439846924,43304467,9.845
20211213,1005.96,1339322700,11497778,437471423,43030573,9.836
20211214,1002.81,1081580500,10304040,436213478,42815674,9.815
20211215,1003.52,1125306000,10406637,436595791,42928736,9.833
20211216,1007.86,1336914000,12447275,438852180,43267958,9.859
20211217,1001.26,1095248000,10335780,436220015,42837148,9.82
20211220,990.51,1009820600,10568759,431776419,42670672,9.883
20211221,996.6,1371817700,11768346,434549270,43117584,9.922
20211222,1000.13,1182499200,10925724,436198794,43231758,9.911
20211223,1003.31,1435842500,11870959,437820806,43749065,9.992
20211224,1007.42,1235763700,10866440,439628750,44019653,10.013
20211227,1011.36,1151529200,10044619,437280772,44214820,10.111
20211228,1027.44,1286746400,13243096,444227877,45763241,10.302
20211229,1028.05,950937000,11683612,443469160,44187705,9.964
20211230,1033.98,907418400,10102608,446297030,44336906,9.934
20220103,1037.83,1054529900,10092577,448123660,44249819,9.874
20220104,1031.66,1324120700,12139420,445673977,43492802,9.759
20220105,1009.62,1500450900,12047849,436918828,42271817,9.675
20220106,980.3,1461244700,11947623,424544649,40837814,9.619
20220107,995.16,1470712900,9820274,431724178,41427911,9.596
20220110,980.38,1270478400,9536208,425456621,40590164,9.54
20220111,969.92,1280482400,9752763,420951313,40181209,9.545
20220112,991.33,1158100000,9981837,430201006,41310106,9.603
20220113,983.25,1235146200,10044965,426726340,40602400,9.515
20220114,971.39,1367327400,9305693,421694680,39932006,9.469
20220117,957.9,1111747500,7852818,415424862,39561592,9.523
20220118,943.94,1070286000,8179885,409390939,39149520,9.563
20220119,933.9,1224551800,7749003,405062938,38862145,9.594
20220120,958.7,1043809100,7188206,416429842,39852286,9.57
20220121,942.85,1128911300,7949730,409743138,38741140,9.455
20220124,915.4,1038913300,7938015,398458758,37773256,9.48
20220125,889.44,1286527900,8856272,387167442,36995166,9.555
20220126,882.09,1116983700,8871976,384058257,36560633,9.52
20220127,849.23,1174848500,9037590,369827744,34865388,9.427
20220128,872.87,1028107600,9071937,380260389,35767716,9.406
20220203,891.6,1079998200,9307433,388466616,36345852,9.356
20220204,902.87,1053336600,9138397,393766192,36753696,9.334
20220207,899.4,901974500,8037457,392418355,36196750,9.224
20220208,895.27,1184929600,9593500,391097718,36005979,9.206
20220209,910.53,890473900,6782622,397834342,36736805,9.234
20220210,895.68,858885000,7714202,391411062,35918492,9.177
20220211,877.42,1025547100,7707268,383602822,35154915,9.164
20220214,852.79,889899400,6732107,372833836,34588723,9.277
20220215,839.92,1036347100,6961353,367242899,34472951,9.387
20220216,878.15,876748300,7281488,383988705,36139257,9.412
20220217,874.22,1171956000,8927373,382333310,35924224,9.396
20220218,881.71,953404900,6306614,385828184,36148116,9.369
20220221,884.25,865985900,5780449,387158113,36164609,9.341
20220222,868.11,1103601700,7066242,380676182,35832379,9.413
20220223,877.33,1084257300,6859833,384957792,35942188,9.337
20220224,848.21,1678595000,8953088,372262707,34723778,9.328
20220225,872.98,1373455400,8691597,383233820,36169255,9.438
20220228,881.07,1071362900,6936755,387033876,36438678,9.415
20220302,895.45,1039389600,6874849,393343010,36960859,9.397
20220303,912.32,1059669700,8396536,401110115,37726497,9.406
20220304,900.96,1000716500,7348995,396397810,36805565,9.285
20220307,881.54,865671000,6334514,387915944,35985987,9.277
20220308,870.14,981991600,7405890,382989670,35511187,9.272
20220310,889.08,987431100,7435469,391287844,36380392,9.298
20220311,891.71,1128282600,7829917,392472709,36264320,9.24
20220314,872.44,1154157900,9133398,384018877,35113255,9.144
20220315,871.22,1194863700,7817048,383588751,34886862,9.095
20220316,891.8,1347121200,7779376,392806697,35987370,9.162
20220317,914.13,1462932800,9832703,402564096,37260113,9.256
20220318,922.96,1200427400,8475000,406720223,37621225,9.25
20220321,918.4,1333272200,8416902,404917201,37537521,9.27
20220322,924.67,1392364300,9800673,407903886,37723309,9.248
20220323,930.57,1442826000,11241547,410597405,38196965,9.303
20220324,931.75,1381161700,11123840,411477462,38117363,9.264
20220325,934.69,1568700100,11253887,412928688,38196154,9.25
20220328,927.11,1374925500,9545340,409535803,37759996,9.22
20220329,937.83,1459601300,10371474,414362928,38454727,9.28
20220330,939.07,1537106700,9222847,415191485,38574463,9.291
20220331,944.53,1424833300,9307445,417317125,39795237,9.536
20220401,940.57,1252845600,8425958,415795814,39434376,9.484
20220404,947.32,1089321800,6757594,418735952,39610817,9.46
20220405,952.47,1639513600,8474699,420359516,39703098,9.445
20220406,943.13,1405795400,8945967,416395345,39181613,9.41
20220407,927.95,1182004100,8336296,409710290,38488231,9.394
20220408,934.73,906472400,7220461,412680661,38888568,9.423
20220411,921.83,943672100,6407700,406890349,38151606,9.376
20220412,913.82,1137434500,7007752,403567030,37875545,9.385
20220413,927.31,1108431900,6877376,409147233,38400774,9.386
20220414,928.01,1166368100,6645178,409395445,38406035,9.381
20220415,924.44,1296261500,6606185,408167668,38112308,9.337
20220418,918.23,1099287700,6044292,405179743,37664833,9.296
20220419,931.56,1301362600,7714189,410912733,38639432,9.403
20220420,928.93,1258908500,7096616,409871011,38303520,9.345
20220421,929.68,1400233000,8308883,410430449,38367236,9.348
20220422,922.78,1381524400,7466490,407887320,38064997,9.332
20220425,899.84,1425300900,8691118,398487565,37115269,9.314
20220426,911.16,1631935400,8624225,403859902,37558831,9.3
20220427,896.18,1855182900,9413386,397285087,36868947,9.28
20220428,892.22,1551067100,8940771,395601328,36671101,9.27
20220429,904.75,1457806300,7504236,401206971,36761911,9.163
20220502,901.82,1227536200,6791298,399921905,36519803,9.132
20220503,907.57,1640455700,8358975,402633972,36916356,9.169
20220504,900.06,1359364600,7237546,399881871,36480005,9.123
20220506,884.22,1144209900,6156155,392854739,35649451,9.074
20220509,860.84,1121825500,6588804,382539249,34717443,9.076
20220510,856.14,1268868300,7626685,380482533,34674612,9.113
20220511,866.34,1078452500,6648177,385206699,35346244,9.176
20220512,833.66,1065854900,7245356,371074971,34031219,9.171
20220513,853.08,1011783400,7354714,379686572,35062766,9.235
20220516,856.25,1010956700,6320149,381318247,35055765,9.193
20220517,865.98,913815300,5934234,385619998,35497808,9.205
20220518,871.57,1061166900,7629685,387421014,35626131,9.196
20220519,863.8,1167569900,8426403,383985321,35026098,9.122
20220520,879.88,1076078700,8204680,391352319,35410591,9.048
20220523,883.59,1077068900,8240948,392992008,35642670,9.07
20220524,865.07,1099072400,8234351,384756657,35306397,9.176
20220525,872.69,989300000,7382596,388008200,35019372,9.025
20220526,871.43,947423300,7415182,387316345,34841266,8.996
20220527,873.97,1275325500,7608486,388509325,34779351,8.952
20220530,886.44,1020992200,6718334,394013364,35415160,8.988
20220531,893.36,1316943300,7322459,395862739,35715786,9.022
20220602,891.14,1182037300,6622206,394538694,35468692,8.99
20220603,891.51,1199287000,6980064,394581901,35346068,8.958
20220607,873.78,1115605200,7162937,386405375,34309100,8.879
20220608,874.95,1336530300,7241277,386754987,34386271,8.891
20220609,877.18,1265672300,7606511,387105517,34400807,8.887
20220610,869.86,1206284200,7398895,383891942,33924787,8.837
20220613,828.77,1264039200,8489789,366175792,32637509,8.913
20220614,823.58,1269494400,8533400,364060220,32516325,8.932
20220615,799.41,1203159500,8453536,353596003,31675780,8.958
20220616,802.15,997608400,7316267,354964982,31970230,9.007
20220617,798.69,972926100,7637003,354177657,31946014,9.02
20220620,769.92,989356400,7253469,341761950,31016117,9.075
20220621,778.3,1032713300,6923151,345680333,32230393,9.324
20220622,746.96,1093478400,8098717,332276497,30128279,9.067
20220623,714.38,1260211700,8862111,318142287,29256714,9.196
20220624,750.3,837119000,6287369,334693540,31120714,9.298
20220627,770.6,893324100,6699470,334545525,30701940,9.177
20220628,769.51,978286800,6455444,334683635,30404106,9.084
20220629,762.35,819568000,5970952,331666597,29821713,8.991
20220630,745.44,910028500,6318523,325164482,29025896,8.927
20220701,729.48,798819200,5722053,318801893,28346230,8.891
20220704,722.73,867467600,5294937,315450102,28095689,8.907
20220705,750.95,936690900,5932357,327057896,29445070,9.003
20220706,744.63,742267500,6386479,324728173,29092559,8.959
20220707,757.97,809541500,5797632,330995391,29528837,8.921
20220708,766.48,850955900,6438571,334753996,29770757,8.893
20220711,767.04,779199200,6013544,335524647,29927735,8.92
20220712,750.78,766362600,6368335,328272562,28892559,8.801
20220713,763.18,896498500,6872495,333169863,29317607,8.8
20220714,766.08,823119500,6300322,334610537,29427723,8.795
20220715,762.39,850289800,6235060,342387086,29961777,8.751
20220718,776.72,720021000,5831126,349013968,30550878,8.753
20220719,782.33,743423500,6177791,351550343,30738818,8.744
20220720,790.72,939573200,7152741,355312983,31202035,8.782
20220721,795.15,937754600,6900705,357733546,31310238,8.752
20220722,789.75,892760400,6130997,355384476,31025847,8.73
20220725,789.69,871219500,5494818,355144878,31039590,8.74
20220726,789.93,841385900,5373789,355173674,31060234,8.745
20220727,795.7,678540900,5162361,357673315,31302491,8.752
20220728,798.32,737057900,5915930,360161550,31499929,8.746
20220729,803.62,784397900,5962099,363327090,31774830,8.746
20220801,807.61,823057800,5632185,365116134,31923031,8.743
20220802,804.34,905937200,6522128,363794093,31625475,8.693
20220803,815.36,997272900,6614198,368803438,32183018,8.726
20220804,825.16,908490900,7513813,373558759,32701040,8.754
20220805,831.64,931758900,6868939,376514340,32958550,8.754
20220808,830.86,931450800,6455353,376117150,32917924,8.752
20220809,833.65,976695600,7001642,377566289,33035377,8.75
20220810,820.27,897224500,6394376,371625462,32335421,8.701
20220811,832.15,897832900,7029241,376921675,32873690,8.722
20220812,831.63,792426700,7062541,376887724,32809442,8.705
20220816,834.74,887226400,7363288,378527165,33128281,8.752
20220817,827.42,1129912000,7729891,375022273,32859650,8.762
20220818,826.06,950528200,7063798,374250513,32819351,8.769
20220819,814.17,887455400,6614537,369234113,32112619,8.697
20220822,795.87,811881000,5828845,361316213,31480527,8.713
20220823,783.42,855724000,5956121,355825721,30940754,8.695
20220824,793.14,714898200,5801414,360258576,31251106,8.675
20220825,807.37,630309800,5596398,366788600,31982888,8.72
20220826,802.45,718360600,6067799,364598714,31595492,8.666
20220829,779.89,619621000,5372133,354410894,30747703,8.676
20220830,797.02,667241300,6078636,362303883,31572346,8.714
20220831,807.04,637455700,5866886,366816015,32106531,8.753
20220901,788.32,711355900,6645920,358507548,31208749,8.705
20220902,785.88,801799300,5893632,357503274,31174801,8.72
20220905,771.43,741714800,5639235,350972750,30698143,8.747
20220906,779.46,732725000,5369171,354746927,31028716,8.747
20220907,768.19,795842900,6394706,349785644,30561751,8.737
20220908,777.81,738189100,6231332,354230892,31199719,8.808
20220913,796.79,842462500,6199033,362871798,32073871,8.839
20220914,782.93,858083300,6759114,356659511,31355223,8.791
20220915,781.38,851719400,7269660,355934998,31142291,8.749
20220916,770.04,889032900,7489955,351206467,30714676,8.745
20220919,751.91,882637500,6345056,342941151,30183331,8.801
20220920,760.35,804841200,5303730,346902230,30430173,8.772
20220921,754.89,941673000,5677077,344388093,30184935,8.765
20220922,751.41,978686000,6314292,342873657,30034889,8.76
20220923,729.36,883278200,6545898,332903849,28912760,8.685
20220926,692.37,943308400,6277767,316331853,27755474,8.774
20220927,698.11,947763600,6033946,319026175,28115993,8.813
20220928,673.87,911992600,6368439,307807312,27100158,8.804
20220929,675.07,803932100,5674039,308456808,27330968,8.861
20220930,672.65,786870700,5495664,308863848,27293986,8.837
20221004,696.79,667595800,4625879,319854569,28447622,8.894
20221005,685.34,813665900,5380244,314630996,27758693,8.823
20221006,706.01,1139543100,5020144,324168977,28798227,8.884
20221007,698.49,1149848700,5316309,320796815,28301068,8.822
20221011,669.5,1155753400,5117909,307440393,27294669,8.878
20221012,671.67,1140923700,5053657,308456485,27423557,8.891
20221013,651.59,1051922900,5482305,299052153,26762422,8.949
20221014,678.24,893524600,5253140,311385917,27969695,8.982
20221017,682,814417900,5447791,313338562,28119362,8.974
20221018,697.09,1068476900,7041626,320639761,28601288,8.92
20221019,690.56,1050551800,6485036,318156853,28250333,8.879
20221020,680.44,1052781100,5294037,313890313,27611307,8.796
20221021,674.48,1034393600,5149617,311224519,27470026,8.826
20221024,688.5,817958800,4941481,317589693,28304599,8.912
20221025,688.85,973740800,5479512,318350426,28130049,8.836
20221026,683.17,963244600,5482860,315561721,27923153,8.849
20221027,695.09,852166000,4815443,321179890,28471461,8.865
20221028,687.63,847494700,5273824,317743013,28366258,8.927
20221031,695.33,751259200,4111222,321315140,28609372,8.904
20221101,700.05,920257200,4783324,323475938,28816278,8.908
20221102,697.37,858230200,5906554,322379756,28540582,8.853
20221103,694.13,707278100,4750449,319615919,27939295,8.742
20221104,693.89,737321500,5424942,319806801,27876875,8.717
20221107,700.48,722344400,4651070,322884895,28239011,8.746
20221108,713.33,846229900,5810476,328769979,28953916,8.807
20221109,714.6,931480100,5824931,329414677,29023324,8.811
20221110,707.78,1041901600,6157827,326431031,28688301,8.788
20221111,731.22,1079376800,7471802,337264814,30044125,8.908
20221114,729.54,1100846000,6717777,337140902,29849624,8.854
20221115,744.96,1130885500,6639306,344193559,30837120,8.959
20221116,743.1,1186546200,6517654,343209334,30536582,8.897
20221117,737.54,978990600,5746481,340965032,30282999,8.882
20221118,731.92,1297151300,6078255,338951690,30028882,8.859
20221121,718.57,981797400,5315208,332699337,29432028,8.846
20221122,712.26,895809000,5004877,329829715,28981889,8.787
20221123,725.59,830056100,5035913,335667395,29772028,8.87
20221124,738.22,793573900,5222187,341717147,30326324,8.875
20221125,733.56,710328800,4723353,339637553,30152122,8.878
20221128,717.9,878676900,5419027,332414215,29446026,8.858
20221129,727.54,794007800,4828375,336927388,29966316,8.894
20221130,729.54,813568700,5003807,337947066,29988709,8.874
20221201,740.6,825110400,5758034,343075080,30631820,8.929
20221202,732.95,856591300,6105784,339643001,30099048,8.862
20221205,733.32,1058482600,5258240,339917270,30156594,8.872
20221206,719.44,926869100,5019200,333769907,29518567,8.844
20221207,718.14,982850600,5033008,333420327,29476167,8.841
20221208,712.52,1069811200,5819829,330917120,29375161,8.877
20221209,719.49,1278548400,6153962,334174610,30215597,9.042
20221212,715.22,964001000,4713130,332248030,29441205,8.861
20221213,715.16,1191298400,4878762,332194007,29349113,8.835
20221214,729,1082237600,5359244,338621742,30138051,8.9
20221215,722.68,957408000,4765903,335706651,29759917,8.865
20221216,717.41,889444200,4729865,333728482,29438241,8.821
20221219,717.22,776382900,4424672,333338382,29441906,8.832
20221220,703.13,977951400,5388784,326822623,28872365,8.834
20221221,705.7,938032400,5181366,327971512,29048663,8.857
20221222,715.02,851987900,4454190,332311677,29635116,8.918
20221223,691.25,1107302400,5147797,321813280,28563923,8.876
20221226,694.68,797707500,4331951,323390641,29129906,9.008
20221227,704.19,901437300,5092351,327910002,29645968,9.041
20221228,692.37,834832000,5137454,321475844,28522629,8.872
20221229,679.29,952158100,4811065,315498720,27942205,8.857
20230102,671.51,742766800,4368090,311897724,27621378,8.856
20230103,674.95,935983800,5089081,313443984,27872231,8.892
20230104,683.67,901765400,5078751,317540886,28137504,8.861
20230105,679.92,885279200,5386582,315902967,27869700,8.822
20230106,688.94,818505800,5526770,320090412,28310652,8.845
20230109,701.21,1008250400,5133008,325718027,28814082,8.846
20230110,696.05,1158010300,6117171,323644849,28381315,8.769
20230111,709.77,1247665800,5513943,329777375,29165719,8.844
20230112,710.82,1246163400,5282576,330354755,29224396,8.846
20230113,711.82,1082281800,5228817,330987809,29172509,8.814
20230116,716.89,1230665800,5646744,333362222,29460871,8.837
20230117,709.71,1162082900,6282539,330058543,29057879,8.804
20230118,711.75,1175236100,6534155,331005187,29237673,8.833
20230119,712.89,1008732500,6275312,331969249,29519546,8.892
20230120,717.97,1006210900,6147616,334506824,29704935,8.88
20230125,732.35,1016337000,7703890,341163277,30590005,8.966
20230126,738.94,1207458000,9151210,344416795,31085513,9.026
20230127,741.25,1135404000,7465456,345741980,31144016,9.008
20230130,738.62,1050895000,7484991,344704325,30947969,8.978
20230131,740.49,975258000,8044582,345558867,31059655,8.988
20230201,750.96,1065396000,8786552,350460924,31722500,9.052
20230202,764.62,1220834000,8757933,356981668,32485553,9.1
20230203,766.79,1136574000,9265712,358449972,32557669,9.083
20230206,761.33,1185407000,8029937,355964477,32232365,9.055
20230207,772.79,1261551700,9579663,361544964,32838522,9.083
20230208,779.98,1461520200,9573057,364938933,33182768,9.093
20230209,784.58,1411565300,9920452,367173796,33651546,9.165
20230210,772.44,1309834900,10589210,361579872,33021933,9.133
20230213,772.55,1198564800,9602982,361652494,33128098,9.16
20230214,779.58,1273741900,9632667,364997189,33762823,9.25
20230215,765.46,1416003300,10724452,358813761,33149968,9.239
20230216,784.71,1242737800,9390498,368439502,34358785,9.325
20230217,775.62,862495800,8911921,364469232,33553083,9.206
20230220,788.89,889521300,8887053,370746475,34373683,9.271
20230221,793.42,1020994800,9639630,372841941,34523744,9.26
20230222,778.51,1125363700,10019626,365904574,33373609,9.121
20230223,783.28,927833100,9911740,368151720,33528700,9.107
20230224,778.88,1192538000,10444721,366037811,33140527,9.054
20230227,780.3,1146531800,10516965,366628525,33277274,9.077
20230228,791.6,1005903200,10411153,371912985,33647010,9.047
20230302,787.19,1020089900,10853202,370075761,33220380,8.977
20230303,802.42,1102273000,11038717,378059877,34166986,9.037
20230306,816.51,1110188000,12501427,384639511,34528890,8.977
20230307,815.76,1387403700,13160788,384474106,34333147,8.93
20230308,813.95,1261649200,12564614,383607754,34228704,8.923
20230309,809.22,1367968000,11685234,381522431,33870467,8.878
20230310,788.6,1204572400,10596319,371906518,32878646,8.841
20230313,788.89,1178495100,10709011,372176399,33125814,8.901
20230314,758.05,1140138700,10903713,357461173,31670269,8.86
20230315,781.17,1030708200,10695498,368139424,32871901,8.929
20230316,781.98,1109314300,12290180,367720335,32583994,8.861
20230317,797.39,1146052800,14408937,374945162,33277691,8.875
20230320,802.2,1097773300,11521938,377052535,33198930,8.805
20230321,802.53,1062910300,11841971,377289757,33067365,8.764
20230322,813.43,1117238800,12635103,382341032,33513391,8.765
20230323,812.19,1177436800,17941127,381704112,33676176,8.823
20230324,824.11,1292725300,13796537,386895184,33877011,8.756
20230327,827.69,1176552800,13400561,388588094,33658989,8.662
20230328,833.51,1222376500,13869710,391491400,33695139,8.607
20230329,843.94,1309614400,14690133,396799315,34174562,8.613
20230330,850.48,1502135200,15325503,400365538,34360789,8.582
20230331,847.52,1282318400,13809849,399097446,34397373,8.619
20230403,854.96,1145928500,13203018,402741111,34594823,8.59
20230404,857.18,1310437600,13297191,403961766,34514907,8.544
20230405,872.36,1500672600,13396403,411050884,35220490,8.568
20230406,865.58,1418014400,12406329,408022460,34813433,8.532
20230407,880.07,1669012600,14090088,414870489,35516093,8.561
20230410,887.78,1590085800,17822665,418754180,35806497,8.551
20230411,898.94,1555495500,16842487,425634976,36364495,8.544
20230412,890.62,1987419200,17250515,421877162,36376947,8.623
20230413,894.25,1698995200,16889537,423574251,36684623,8.661
20230414,903.84,1463219800,13980550,428656711,37080868,8.65
20230417,909.5,1543775300,13443511,431395913,37233521,8.631
20230418,909.02,1973947300,16619154,431287161,37007255,8.581
20230419,909.2,1878192300,14839360,430184411,36843215,8.565
20230420,885.71,2324112300,13974830,419231110,35675742,8.51
20230421,868.82,2021046000,13125996,411902039,35102099,8.522
20230424,855.23,1308672500,10547590,405538683,34529980,8.515
20230425,838.71,1540091900,11771865,397824368,33774217,8.49
20230426,830.44,1260645000,9968275,394071418,33457429,8.49
20230427,850.21,1461893500,10760729,403491546,34337433,8.51
20230428,842.83,1157792100,12059369,401309248,34017238,8.477
20230502,855.61,1031526500,9361705,406823811,34568098,8.497
20230503,843.18,1172736400,9278434,401047065,33814563,8.432
20230504,845.06,1185031400,8820724,402231442,33738594,8.388
20230508,842.28,1267793800,9012188,400978835,33577327,8.374
20230509,835.85,1176449900,9281837,397912771,33209409,8.346
20230510,829.74,1319935500,8033545,395234782,33200635,8.4
20230511,824.54,1751057900,9489239,392851022,32962170,8.391
20230512,822.43,1689716000,8856680,391877220,32877726,8.39
20230515,814.53,1279890000,9782681,388206484,32527675,8.379
20230516,816.75,1373516400,9642553,389297676,32889500,8.448
20230517,834.19,1270384300,8988008,397733211,33875587,8.517
20230518,835.89,1324825900,8967181,398516466,33738712,8.466
20230519,841.72,1310478400,10360408,401619668,34133547,8.499
20230522,852.04,1093157100,8473091,406363100,34666509,8.531
20230523,859.16,1270087200,9609898,409997583,35061199,8.552
20230524,855.46,1150652800,8377744,409368564,34899965,8.525
20230525,847.72,1253501300,7822284,405817262,34346228,8.463
20230526,843.23,1181354800,8079179,404185881,34305071,8.487
20230530,851.5,1226447900,7854307,408184728,34975130,8.568
20230531,856.94,1074919500,8105782,410762792,35463100,8.633
20230601,863.78,982023300,7202518,414191913,35838279,8.653
20230602,868.06,1112160200,7616451,416464846,35950749,8.632
20230605,870.28,1049549700,6970227,417523271,35889429,8.596
20230607,880.72,1093663100,8890241,422517054,36458576,8.629
20230608,876.13,1123246600,9008146,421092952,36138381,8.582
20230609,883.71,1068151800,9546943,424756544,36653889,8.629
20230612,885.76,1008594300,9019577,425893644,36935084,8.672
20230613,896.81,1117251800,10586021,431291955,37595021,8.717
20230614,871.83,1336224800,12864527,419369212,36462606,8.695
20230615,878.04,1122318200,10229845,422504861,36814258,8.713
20230616,887.95,949462100,8563052,427288977,37067315,8.675
20230619,888.61,1153900000,8640473,427630919,36959219,8.643
20230620,886.41,1301283700,9662580,425695313,36872423,8.662
20230621,875.7,1216521500,9389171,420589876,36134755,8.591
20230622,876.38,1339789200,8569944,420999396,36356616,8.636
20230623,874.84,1287181000,8428579,420135043,36280865,8.636
20230626,879.5,1293505700,8706697,422225553,36763140,8.707
20230627,874.14,1220801500,8984996,419653192,36147020,8.614
20230628,866.97,1164022600,9622908,416385717,35875796,8.616
20230629,861.79,1173907200,9264784,414020562,35694009,8.621
20230630,868.24,1000068800,9203747,417824128,36039610,8.626
20230703,889.29,884082200,10603651,427893116,37036944,8.656
20230704,890,972953800,11545130,428161726,36982111,8.637
20230705,891.18,918615500,10531838,428780437,37139871,8.662
20230706,870.53,1134506200,11130338,419190996,36113365,8.615
20230707,867.27,1035427200,8009251,417718585,35791023,8.568
20230710,860.35,1014982100,9721573,414366972,35273155,8.513
20230711,878.73,935391500,9082924,423229063,36343353,8.587
20230712,879.88,1043118500,10595066,423618918,36401065,8.593
20230713,893.07,1122333100,12568446,430068142,36916303,8.584
20230714,896.28,1056686300,12330831,432702966,37057814,8.564
20230717,898.29,1119416600,10494369,433666353,37113529,8.558
20230718,914.14,1139854000,14311263,441367892,38131506,8.639
20230719,923.72,1016893600,15723854,446179347,38730601,8.681
20230720,931.6,978780700,14070931,450317138,38890326,8.636
20230721,934.58,992316500,13390190,451830150,38761061,8.579
20230724,929.9,966471700,15065765,449613086,41575468,9.247
20230725,939.96,932865900,14807761,454570559,39794466,8.754
20230726,900.63,1236849200,26481197,435360980,38292163,8.795
20230727,883.79,892726500,16018967,427799728,38323588,8.958
20230728,913.74,677661400,11997143,442183476,39676795,8.973
20230731,935.97,691575600,10891085,453032139,40478886,8.935
20230801,939.67,924066600,14537385,454817076,40173593,8.833
20230802,909.76,951132800,11809032,440343831,38642666,8.776
20230803,920.32,1149308700,13189340,445604064,38900658,8.73
20230804,918.43,1059449400,11110784,445124361,38773734,8.711
20230807,898.22,1097671500,13572940,436603248,37795668,8.657
20230808,892.34,1152204800,12944716,433028308,37411012,8.639
20230809,908.98,1008549200,10654752,441076165,38290211,8.681
20230810,911.29,1260880200,11837434,442526218,38378543,8.673
20230811,912.2,1393876400,12114988,443015509,38181415,8.619
20230814,901.68,1181117300,10959792,434975779,37452646,8.61
20230816,878.29,1218844800,11871578,423722659,36411420,8.593
20230817,886.04,1108792100,12366249,427494239,36952926,8.644
20230818,877.32,1122467700,10118535,423332044,36348653,8.586
20230821,888.71,1057472400,10331387,429635002,36959512,8.603
20230822,893.33,1230524900,12045692,432030558,37183481,8.607
20230823,882.87,1436368200,12719266,427031002,36415155,8.528
20230824,901.74,1277063400,12336262,436356998,39627486,9.081
20230825,899.38,1163466800,10987194,435370242,37508523,8.615
20230828,909.38,1072274400,9798808,440166086,38140116,8.665
20230829,916.24,1312285400,12119877,443514841,38488896,8.678
20230830,923.81,1275514500,12229250,447220312,38821200,8.681
20230831,928.4,1277534700,17037702,449317150,39345868,8.757
20230901,919.74,1071432400,14041355,445146060,38799845,8.716
20230904,919.16,1113978200,13183977,444921503,38677658,8.693
20230905,921.48,1084503900,12885819,446045836,38855132,8.711
20230906,917.95,1091541000,13524716,444379724,38635644,8.694
20230907,906.36,1282928700,14635136,438903708,37945530,8.646
20230908,914.18,1252895000,12406453,442804787,38218800,8.631
20230911,912.55,975185900,12312930,442065157,37965623,8.588
20230912,898.04,1178572100,13214420,435289563,37512503,8.618
20230913,882.72,1077222100,10593923,427779339,36868421,8.619
20230914,899.47,1020175600,10239899,435744847,37649774,8.64
20230915,899.03,941816300,9637189,435690979,37440886,8.593
20230918,891.29,906664600,8284956,432560040,36982703,8.55
20230919,883.89,1045779200,8723087,429135296,36730870,8.559
20230920,882.72,1015725800,8814261,428558686,36619824,8.545
20230921,860.68,1046442400,9560389,417773828,35625985,8.528
20230922,857.35,1029356400,8521321,416270900,35615756,8.556
20230925,839.17,869428200,8324833,407862920,34979073,8.576
20230926,827.82,1122471900,7865139,402456733,34474121,8.566
20230927,841.02,844483900,7303346,408940675,34949137,8.546
20231004,807.4,816987600,7405861,392910795,33484218,8.522
20231005,801.02,874561700,6864715,389801455,33478743,8.589
20231006,816.39,776644900,5803549,397696147,34226306,8.606
20231010,795,978041000,7609404,387316820,33420808,8.629
20231011,817.12,856188100,6752783,398258713,34554112,8.676
20231012,835.49,1040121100,7385409,407243124,35218669,8.648
20231013,822.78,1060106900,7235301,401114167,34504195,8.602
20231016,810.54,1049948700,6859240,395207401,34052498,8.616
20231017,820.38,948110900,6949075,400045073,34401488,8.599
20231018,808.89,864011800,6920169,394765329,33913041,8.591
20231019,784.04,878334800,6394936,383117618,33217088,8.67
20231020,769.25,980560200,7114302,376280740,32467174,8.628
20231023,763.69,762343900,5227424,373761248,32490409,8.693
20231024,784.86,951759000,7004292,384030225,33471401,8.716
20231025,770.84,1015507400,6623147,377272631,32779647,8.689
20231026,743.85,839569000,6594877,364097301,31701836,8.707
20231027,748.49,665631800,5753194,365644484,32053539,8.766
20231030,757.12,648823200,4759449,369973883,32471807,8.777
20231031,736.1,868119100,5797427,359870030,31432128,8.734
20231101,739.23,753917400,5100037,361406918,31614191,8.748
20231102,772.84,794255800,7067105,377971180,33338333,8.82
20231103,782.05,810108900,6726857,382563192,33467971,8.748
20231106,839.45,849326300,11332271,410526334,36334917,8.851
20231107,824.37,928086000,11589232,403415639,35208407,8.728
20231108,811.02,884415000,8307781,396950368,34737564,8.751
20231109,802.87,921924700,7618954,392553959,34477396,8.783
20231110,789.31,863204600,6321994,385805211,33775111,8.754
20231113,774.42,998048000,6776885,378636126,33150982,8.755
20231114,794.19,841492400,6027750,388255637,34178411,8.803
20231115,809.36,816588200,7793757,395818435,35081830,8.863
20231116,811.11,905406900,6698681,396747876,35088424,8.844
20231117,799.06,804590800,5959949,390975932,34344660,8.784
20231120,813.08,786862500,6525301,398291726,35024897,8.794
20231121,817.01,897451700,7487096,400925813,35335177,8.813
20231122,814.61,842425300,7028405,399781374,35297443,8.829
20231123,815.98,909847400,7294416,400519326,35310226,8.816
20231124,815,741072400,7576860,401042267,35131400,8.76
20231127,810.25,793999100,7898997,398598849,34993811,8.779
20231128,816.44,933903200,8985735,402155802,35470140,8.82
20231129,822.44,916374000,8954167,404935896,35909472,8.868
20231130,831.68,774887600,8064192,409505276,36548391,8.925
20231201,827.24,997870100,8841802,409283557,36513899,8.921
20231204,828.52,1009243100,10498737,409935239,36387829,8.876
20231205,813.38,1058500300,9209909,402801221,35921885,8.918
20231206,819.54,882764300,8478611,406152914,36238383,8.922
20231207,813.2,794863700,7508853,403050653,35608178,8.835
20231208,830.37,862256300,8258783,411561685,36606834,8.895
20231211,835.25,930374400,7034638,414215251,36939481,8.918
20231212,839.53,1217323000,9462124,418033770,37086871,8.872
20231213,829.31,1071809000,10192342,413323757,36589150,8.852
20231214,840.59,1037462200,11695702,418931902,37484225,8.948
20231215,838.31,1082325600,9586611,417973079,37282211,8.92
20231218,850.96,802089000,8628218,424150157,37955767,8.949
20231219,858.3,1068049600,11741044,427781326,38482545,8.996
20231220,862.98,1117583700,9847807,430262573,38688858,8.992
20231221,859.44,1145618400,11087457,428449214,38731708,9.04
20231222,854.62,1212763800,11079843,426333060,38582196,9.05
20231226,848.34,1078585700,9647321,423097874,38271438,9.046
20231227,859.79,1221463000,10660358,428391090,39048952,9.115
20231228,866.57,1251153000,8470236,431792285,39307744,9.103
20240102,878.93,1154417900,9016382,426084860,39220063,9.205
20240103,871.57,1259145200,10346857,422560465,38841036,9.192
20240104,866.25,1224264900,10152118,420014902,38681515,9.21
20240105,878.33,1047923600,10173765,426191477,39321939,9.226
20240108,879.34,1162383400,10281018,426868673,39255302,9.196
20240109,884.64,1170608200,10994850,429749865,39628476,9.221
20240110,875.46,1270510800,10677245,425459541,39088805,9.187
20240111,882.53,1476595200,10271732,428957219,39374756,9.179
20240112,868.08,1107335300,9817957,410148736,36014126,8.781
20240115,859.71,996410700,8814756,406390818,35636919,8.769
20240116,854.83,1032822200,9427894,403879277,35392943,8.763
20240117,833.05,1106275300,9112268,393681860,34623891,8.795
20240118,840.33,1167940500,9516587,397229288,34992303,8.809
20240119,842.67,1220560700,11330009,398160127,35219391,8.846
20240122,839.69,1320572600,12853805,396689616,35149461,8.861
20240123,840.11,1248018400,11778755,396984730,35165100,8.858
20240124,836.21,1417438200,10670434,395557643,34988818,8.845
20240125,823.74,1565969500,12874009,390353310,34666885,8.881
20240126,837.24,1238780400,11242548,398079081,35390155,8.89
20240129,819.14,1246813200,13191518,384137204,33272264,8.662
20240130,818.86,1097207200,9727934,383976055,33354676,8.687
20240131,799.24,1137249800,8642360,374861917,32526600,8.677
20240201,798.73,1124844800,8978321,375252533,32813044,8.744
20240202,814.77,1096190500,8618911,382771284,33568770,8.77
20240205,807.99,974415300,7775027,379742624,32929978,8.672
20240206,807.03,1065542700,9727052,379490521,33025769,8.703
20240207,811.92,827984300,9325176,381548030,33218861,8.706
20240208,826.58,912499100,9579202,388825224,34023224,8.75
20240213,845.15,896289700,11292054,397516311,35006790,8.806
20240214,853.3,1086775900,11435374,401324744,35284934,8.792
20240215,859.21,1222187500,11203385,404623031,35576272,8.792
20240216,857.6,1339167300,11690979,403874230,35474570,8.784
20240219,858.47,1272095400,11285246,404544729,35661397,8.815
20240220,866.17,1394893800,11980947,408188874,35942925,8.805
20240221,864.07,1725464800,14794255,407078075,35839951,8.804
20240222,870.11,1482220200,13534557,410057238,36094654,8.802
20240223,868.57,1490439000,14804335,410504408,36036730,8.779
20240226,867.4,1219639500,10721421,410041400,35904083,8.756
20240227,853.75,1190362900,11046066,403626145,35550628,8.808
20240228,863.39,1102228400,11873586,407720653,36000167,8.83
20240229,862.96,1371169800,10859125,407740050,36289626,8.9
20240304,872.97,1138979300,11042247,412454545,37066517,8.987
20240305,866.37,1214968000,11740941,409359774,36636560,8.95
20240306,870.67,1112038800,11395839,411132718,36827851,8.958
20240307,863.37,1142628900,12198654,408056247,36249467,8.883
20240308,873.18,1270638000,12751303,412693945,37193436,9.012
20240311,875.93,1076998300,11219825,414043081,37283551,9.005
20240312,889.71,1056987600,11572841,420464095,37956097,9.027
20240313,889.93,1207088100,13226875,421190651,37822727,8.98
20240314,887.52,1073829900,10621404,420175475,37752374,8.985
20240315,880.46,1106771800,9667731,416940444,37491809,8.992
20240318,894.48,973184100,9027309,423616010,38168016,9.01
20240319,891.91,1104514200,9613691,422378341,38117066,9.024
20240320,891.45,1053005300,9692221,422153103,38232567,9.057
20240321,904.29,1066401800,10668754,429151069,39382151,9.177
20240322,903.98,1075162000,9982250,429265060,39346399,9.166
20240325,913.69,961278500,9321801,434141686,40132949,9.244
20240326,916.09,1041934900,13452125,436174066,40438429,9.271
20240327,911.25,1138180600,12664350,433806535,40297422,9.289
20240328,910.05,1095621400,12312957,433258803,40145043,9.266
20240329,905.5,946867600,11675532,431430814,39995669,9.27
20240401,912.45,914266500,10050371,434746969,40365936,9.285
20240402,891.59,1037752700,12348934,424737292,39234184,9.237
20240403,879.96,994522700,12269823,419811193,38755015,9.232
20240404,882.9,979416300,11502171,421152664,38958301,9.25
20240405,872.29,1075572500,11298372,415969205,38320317,9.212
20240408,860.57,1056845600,10485550,410224841,37705442,9.191
20240409,859.33,976468100,9018901,410048514,37746294,9.205
20240411,858.1,661659800,6661341,409477615,37718498,9.211
20240412,860.47,740523200,8172048,410770379,37936016,9.235
20240415,852.42,837138300,8174897,406964938,37904146,9.314
20240416,832.81,931165700,8423064,397477242,36938569,9.293
20240417,833.03,930975900,7958566,397619667,36926102,9.287
20240418,855.65,956763500,7774116,408372866,37975890,9.299
20240419,841.91,1100743000,9020717,402220419,37366058,9.29
20240422,845.82,898755900,8014044,404137813,37176157,9.199
20240423,845.44,886593400,7393251,404562799,37058158,9.16
20240424,862.23,957921900,7930464,412527718,49315980,11.955
20240425,853.26,811574900,8018437,408543273,37726555,9.234
20240426,856.82,704655900,8089482,410420660,37765482,9.202
20240429,869.72,772592900,7575250,416568643,38184136,9.166
20240430,868.93,792642800,8036165,416784440,38446511,9.225
20240502,867.48,854449800,7919463,416544774,38648578,9.278
20240503,865.59,843085100,8669937,416261039,37804727,9.082
20240507,871.26,802229100,8043081,419337853,38209901,9.112
20240508,872.42,967419100,8407170,419922163,38466006,9.16
20240509,870.15,1019040900,9789656,418824645,38825353,9.27
20240510,864.16,961248300,9692426,416224870,38329273,9.209
20240513,854.43,907147500,8586625,411638742,37764247,9.174
20240514,862.15,978602200,9606201,415674774,38104701,9.167
20240516,870.37,956088800,9870180,419640336,38550027,9.186
20240517,855.06,938501600,9247285,412645498,37616960,9.116
20240520,847.08,1017956000,8345055,409036805,37102939,9.071
20240521,846.51,1070889800,9568918,408693912,37130242,9.085
20240522,845.72,914521700,9034344,408440572,37034855,9.067
20240523,846.58,1011600300,10684062,409466823,37204088,9.086
20240524,839.41,816024800,9135537,405965264,36800041,9.065
20240527,847.99,981440800,9340391,410165215,37543582,9.153
20240528,851.01,1148225100,9960641,411677608,37880382,9.201
20240529,838.45,1384716000,10766971,405647855,37099305,9.146
20240530,831.99,1405317100,8496991,402631725,36868888,9.157
20240531,839.98,1450490900,10007817,406681138,37528398,9.228
20240603,844.72,976797400,8191974,409063344,37676624,9.21
20240604,845.84,911007500,9236773,409581104,37891354,9.251
20240605,850.75,904879300,8887982,411865373,38206950,9.277
20240607,866.18,848540700,9437830,419264242,39362766,9.389
20240610,864.71,907182600,8973180,418549157,39129786,9.349
20240611,868.36,1038631000,10531410,420619691,39425676,9.373
20240612,870.67,1216392800,10069103,421737670,39821289,9.442
20240613,871.33,928797100,10463216,422139582,39868122,9.444
20240614,862.19,975480800,9726959,418141571,39311059,9.401
20240617,858.96,820229600,8502477,416859824,39219773,9.408
20240618,858.95,1040183300,8654997,416903210,39279090,9.422
20240619,861.17,1034309000,10450918,418432680,39611933,9.467
20240620,857.51,637742100,7003568,416819926,39254439,9.418
20240621,852.67,772539600,8751414,414383701,39426137,9.514
20240624,841.52,670004000,7955141,407991204,38823852,9.516
20240625,841.99,663208100,7339613,408597094,38874301,9.514
20240626,842.12,704558900,7617322,408442645,38523318,9.432
20240627,838.65,814034600,7937287,407397657,38423335,9.431
20240628,840.44,706932800,7321537,408441871,38492187,9.424
20240701,847.15,620756900,6929624,411604081,38965851,9.467
20240702,829.91,710212400,8107543,403618973,37923439,9.396
20240703,836.1,788691600,9529991,406824513,38649429,9.5
20240704,840.81,744760900,9354583,409102398,39183223,9.578
20240705,847.49,780462500,9384499,412398594,39802449,9.651
20240708,859.27,742509500,8179748,418234997,40486203,9.68
20240709,860.42,1054271600,8484199,418971828,40351496,9.631
20240710,858.55,896435800,8565233,418121330,40201468,9.615
20240711,852.42,835015800,8169459,415164383,39826500,9.593
20240712,850.37,764433500,7235503,414596605,39822298,9.605
20240715,852.88,785845600,6486600,416237188,40012206,9.613
20240716,839.61,874489500,7429452,409797184,39336583,9.599
20240717,829.41,828952000,7550080,404871434,38727728,9.565
20240718,822.48,869763300,6962994,401340814,38672454,9.636
20240719,828.72,871199200,6829503,404476690,38864752,9.609
20240722,809.96,906825900,6672159,395473475,37668427,9.525
20240723,812.12,939604500,7337303,396591999,37954897,9.57
20240724,814.25,837075500,6592745,397953150,38258096,9.614
20240725,797.29,1028813400,7279397,389656455,37318818,9.577
20240726,797.56,777351000,5633297,389782787,37243051,9.555
20240729,807.99,652991800,5369235,395001489,37829709,9.577
20240730,803.78,842014200,6262356,392989282,37769544,9.611
20240731,803.15,798865700,6721266,392874560,37595753,9.569
20240801,813.53,644080600,6080753,398072444,37969024,9.538
20240802,779.33,845791100,6546469,381414823,36139843,9.475
20240805,691.28,1173846800,9066224,338426509,33052719,9.767
20240806,732.87,1075212500,8382026,358723664,35628013,9.932
20240807,748.54,947156000,7334434,366522463,36476911,9.952
20240808,745.28,1012600600,7169986,364930929,36022714,9.871
20240809,764.43,843851600,7392825,374306001,37020091,9.89
20240812,772.72,885107700,6850312,378459540,37141708,9.814
20240813,764.86,1170514300,7661966,374521308,36695246,9.798
20240814,776.83,1111020200,7691492,380339149,37425568,9.84
20240816,786.33,1080401800,8000416,385133346,38254499,9.933
20240819,777.47,1135628300,7653033,380846103,37807322,9.927
20240820,787.44,997056000,7990594,386033655,38280480,9.916
20240821,779.87,1073925700,8370582,382646545,37645015,9.838
20240822,773.47,950992200,9216819,379694443,37254200,9.812
20240823,773.26,904335400,7946182,379786319,37509733,9.877
20240826,766.79,828774200,6632080,376585625,37016222,9.829
20240827,764.95,833341300,6795552,375886355,36797547,9.79
20240828,762.5,868583600,7021101,374666856,36570589,9.761
20240829,756.04,837869700,7335104,371491367,36242282,9.756
20240902,769.21,742707800,7178329,378542487,37030345,9.782
20240903,760.37,849513700,6831746,374349720,36501603,9.751
20240904,731.75,1011497600,6941247,360422450,35255916,9.782
20240905,725.28,950492000,7047558,357244944,34947670,9.783
20240906,706.59,861738500,6232229,348066399,34193075,9.824
20240909,714.46,784076400,5374290,351964616,34741897,9.871
20240910,706.2,910266300,5812453,347842441,34101760,9.804
20240911,709.42,1046880900,6411247,349448576,34269758,9.807
20240912,731.03,870759100,6224173,360078539,35300448,9.804
20240919,739.51,1104713200,5852797,364213087,35893298,9.855
20240920,748.33,864232900,6642001,368620726,36323267,9.854
20240923,755.12,723264000,5978101,372042181,36625841,9.845
20240924,767.35,908833200,6332937,377301335,37442731,9.924
20240925,759.3,1239693100,6818903,373403979,36865910,9.873
20240926,779.18,1070078300,6874863,383119887,37972464,9.911
20240927,774.49,985778600,5970066,381129003,37677995,9.886
20240930,763.88,961429800,6126552,376266136,36951019,9.82
20241002,762.13,1041588900,5499174,375376358,37039035,9.867
20241004,768.98,891994600,5427142,378727810,37575070,9.921
20241007,781.01,822064100,5491461,384639523,38405535,9.985
20241008,778.24,1000287000,6752485,383221441,38086120,9.938
20241010,775.48,747790800,5758807,381941752,37760986,9.887
20241011,770.98,921390500,6655515,379833393,37674266,9.919
20241014,770.26,787258900,5834049,379526897,37619140,9.912
20241015,773.81,971991600,7026232,381311547,38001303,9.966
20241016,765.79,874300800,6998439,377579831,37366854,9.896
20241017,765.06,918805200,6298049,376976700,37492911,9.946
20241018,753.22,898075800,7344862,371759993,36884299,9.922
20241021,759.95,825152000,6276459,375364686,37483123,9.986
20241022,738.34,1077034600,7458340,364922540,36210589,9.923
20241023,745.19,1099898400,6763312,368274028,36557312,9.927
20241024,734.59,856784900,5737873,363333319,35802212,9.854
20241025,727.41,764951500,5551810,360178605,35591953,9.882
20241028,740.48,644668400,4984503,366764719,36322251,9.903
20241029,744.18,789978400,5334266,368691120,36596703,9.926
20241030,738.19,841964300,4720424,365698266,36072704,9.864
20241031,743.06,792644700,5683626,368522162,36651253,9.945
20241101,729.05,747067100,5452481,362027106,35699506,9.861
20241104,754.08,765672900,6272448,374349970,37599167,10.044
20241105,751.81,935204000,5351281,373462455,37287956,9.984
20241106,743.31,1091761600,7631434,369270529,36890148,9.99
20241107,733.52,812895100,6599194,363599257,36047270,9.914
20241108,743.38,766825700,7206375,368601866,36814607,9.988
20241111,728.84,836837400,6923345,361384975,35903584,9.935
20241112,710.52,896081900,7412262,352463071,35136861,9.969
20241113,689.65,866788400,6992215,342405060,34216014,9.993
20241114,681.56,819600500,6860250,338637723,33972737,10.032
20241115,685.42,895145900,6502381,340667853,34266018,10.058
20241118,689.55,875258500,7423156,342895308,34325315,10.01
20241119,686.12,894680600,7236653,341449564,33989437,9.954
20241120,682.91,934123900,7851776,340156642,33953209,9.982
20241121,680.67,1016299200,8522050,339015335,33874577,9.992
20241122,677.01,849327100,7996712,336919514,33731646,10.012
20241125,696.83,784507200,6906383,346788622,34807661,10.037
20241126,693.15,835545200,6729523,345034795,34230287,9.921
20241127,692,942775500,7276409,344410621,34240600,9.942
20241128,694.39,927237700,6934065,345651362,34132880,9.875
20241129,678.19,888674500,6295164,337777688,33064450,9.789
20241202,675.84,735007100,6353294,336808236,33227566,9.865
20241203,690.8,834908000,6235507,344255247,34208889,9.937
20241204,677.15,912110500,6402836,337768664,33632313,9.957
20241205,670.94,746440200,5992285,334928550,33456342,9.989
20241206,661.33,899216500,6791257,330204156,33085179,10.02
20241209,627.01,890861300,6511900,313015004,31762918,10.147
20241210,661.59,917262000,7497533,330190415,33568045,10.166
20241211,675.92,971320500,6392782,337681554,33987361,10.065
20241212,683.35,1035142400,8235307,341391138,34246298,10.031
20241213,693.73,901945900,6787042,346943092,34691245,9.999
20241216,698.53,1001731900,6984401,349452247,34710940,9.933
20241217,694.47,981787200,7201106,347336210,34267167,9.866
20241218,697.57,858876700,7245592,348901870,34436815,9.87
20241219,684.36,761648300,6536914,342502492,33842650,9.881
20241220,668.31,870059900,6513538,334828027,33052925,9.872
20241223,679.24,657713600,5344653,340290856,33640398,9.886
20241224,680.11,645103800,6070199,341005131,33841475,9.924
20241226,675.64,829286500,6704724,338975146,33446715,9.867
20241227,665.97,814127300,6228975,333874167,33142908,9.927
20241230,678.19,644554000,4846907,340145083,33861811,9.955
20250102,686.63,741587100,5912360,344423636,34009094,9.874
20250103,705.76,871626000,7988210,353817406,35228661,9.957
20250106,717.96,1109992900,8258065,360017098,35646757,9.901
20250107,718.29,1230039600,8174854,360367857,35745865,9.919
20250108,719.63,1124301800,6913237,361070266,35721180,9.893
20250109,723.52,992523900,7502223,363118431,35935849,9.896
20250110,717.89,914398000,6601204,360309762,35460244,9.842
20250113,708.21,770836700,5638973,356078608,35080139,9.852
20250114,718.04,911711500,6801058,361067651,35592187,9.857
20250115,711.61,982777500,6595898,357796530,35120818,9.816
20250116,724.24,822196900,6683933,364133996,35895033,9.858
20250117,724.69,844070200,6992863,364479405,36037767,9.887
20250120,727.66,756376900,6339533,365874386,36013533,9.843
20250121,726.07,860868600,7132228,365280195,36067114,9.874
20250122,732.31,917737600,7475319,368360207,36622937,9.942
20250123,724.01,921233000,7015212,364441866,36323012,9.967
20250124,728.74,763299500,6343842,367274173,36414171,9.915
20250131,728.29,687448800,6531727,367126940,36524163,9.949
20250203,703.8,843786200,7440590,355305745,35328651,9.943
20250204,719.92,996620500,8417511,363587949,36423924,10.018
20250205,730.98,815898500,8097573,368943223,36868137,9.993
20250206,740.32,858061300,8515713,373633476,37452334,10.024
20250207,742.9,973353700,9929371,375077398,37567000,10.016
20250210,749.67,1005599400,10816610,378488632,37755429,9.975
20250211,749.59,987198400,10013922,378570153,37629460,9.94
20250212,745.18,895422600,8611340,376565037,37386798,9.928
20250213,749.28,815852400,8391743,378870540,37565657,9.915
20250214,756.32,901114800,10084981,382900832,38435521,10.038
20250217,768.48,885361500,9312985,389416156,39228454,10.074
20250218,773.65,1064611000,10121235,392037052,39376840,10.044
20250219,778.27,939913600,10913314,394243294,39688184,10.067
20250220,768.27,1045130300,10415464,389640021,39016993,10.014
20250221,774.65,881243500,8182602,392602420,39787771,10.134
20250224,773.33,904411700,7924512,392294112,39713126,10.123
20250225,769.43,962424400,8757281,390764703,39583235,10.13
20250226,771.41,909127400,7969806,391744101,39679881,10.129
20250227,770.85,806160300,7469652,391416418,40291975,10.294
20250228,743.96,860877800,7789833,377926446,38280582,10.129
20250304,737.9,622276900,5493892,375108425,37870036,10.096
20250305,746.95,684374700,6466086,379834268,38279958,10.078
20250306,734.92,766879800,7505323,373981105,37460161,10.017
20250307,727.7,731378100,7183593,370358758,37196169,10.043
20250310,725.82,622760100,5834616,369529950,37114935,10.044
20250311,721.5,757611800,7149827,367633890,36960842,10.054
20250312,729.49,687840800,6558098,371989156,37497070,10.08
20250313,722.8,774839400,7485493,368874806,37280820,10.107
20250314,734.26,668141700,6493141,374871760,38121307,10.169
20250317,743.51,693669900,7112442,379331544,38612457,10.179
20250318,745.54,677134400,6779992,380885281,38774131,10.18
20250319,738.35,721061700,6943065,377235277,38134345,10.109
20250320,725.15,749018300,8338384,370651144,37604274,10.145
20250321,719.41,735721700,7672928,368143843,37354281,10.147
20250324,720.22,678079700,5310038,368835430,37419777,10.145
20250325,711.26,729735100,6016568,364227033,37282235,10.236
20250326,716.48,706699200,5368345,366971161,37714621,10.277
20250327,707.49,766089000,5658042,362229715,37241444,10.281
20250328,693.76,964194500,5325467,355501975,37161502,10.453
20250331,672.85,895517700,5025705,344695152,35996590,10.443
20250401,691.45,769528500,5379658,354163014,37004978,10.449
20250402,684.85,799717100,6400353,350645716,36633690,10.447
20250403,683.49,716602800,5795628,350194364,36520664,10.429
20250404,687.39,976563400,7767886,352303147,36637917,10.4
20250407,651.3,914731800,6282223,333848534,34474544,10.326
20250408,658.45,872171600,6117697,337482407,34687890,10.278
20250409,643.39,826310200,5626385,329853682,33740469,10.229
20250410,681.79,925254100,6008922,349599359,36067195,10.317
20250411,695.59,1049944200,6625000,356820805,36645620,10.27
20250414,708.98,1050254400,6640277,363751093,37170946,10.219
20250415,711.92,894426600,6878709,365359186,37089799,10.152
20250416,699.11,978750300,6740809,358744663,36323572,10.125
20250417,711.75,1082187400,6248956,365177306,37351891,10.228
20250418,717.77,1156924200,7216567,368396652,37617784,10.211
20250421,715.45,1164432900,6334851,366929168,37392840,10.191
20250422,716.12,1277015400,7315554,367616915,37361469,10.163
20250423,726.08,1050347200,6678332,372670966,38008147,10.199
20250424,726.08,1150836600,5979132,372750730,39577214,10.618
20250425,729.69,1010312800,5622574,374623952,38213509,10.2
20250428,719.41,990322700,6087840,369248306,37714881,10.214
20250429,726.46,943334000,5609256,372832258,38318510,10.278
20250430,717.24,850397800,5527165,367992751,37801345,10.272
20250502,721.86,735178400,4623685,370205863,38371088,10.365
20250507,722.81,744459700,5570137,370735467,38199059,10.304
20250508,729.59,730302400,6284969,373994910,38571152,10.313
20250509,722.52,852590200,7469600,370766640,37881692,10.217
20250512,725.4,1016087900,7045877,372386306,37806268,10.152
20250513,731.88,1151961600,7061497,375358254,38277748,10.198
20250514,739.05,970914100,7405953,379042059,38641175,10.194
20250515,733.23,1108973200,7872970,376438057,38153620,10.135
20250516,725.07,1124173700,7437026,372366818,37373074,10.037
20250519,713.75,1319286800,6971427,367387893,36925041,10.051
20250520,715.55,1018198000,7034017,368918951,36898615,10.002
20250521,723.62,846438900,6446232,372965129,37467273,10.046
20250522,717.67,1068236800,5874547,369991002,37024862,10.007
20250523,715.98,985285100,5817306,369764319,37084681,10.029
20250526,725.27,825199000,5404346,374422698,37602110,10.043
20250527,727.11,848891300,6068268,375543912,37823695,10.072
20250528,728.79,974171900,6815891,376609767,37992609,10.088
20250529,736.29,886682500,5369459,380346510,38435831,10.105
20250530,734.35,907815100,5351147,379575281,38204076,10.065
20250602,740.29,846169400,5761401,382652655,38762985,10.13
20250604,750.21,853355100,6775069,387727009,39577121,10.207
20250605,756.23,861273600,7462281,390727942,39916936,10.216
20250609,764.21,1055301100,7595454,394883444,40498006,10.256
20250610,771.2,1351927600,7121353,398574952,41036400,10.296
20250611,786.29,1566716500,7799685,406716567,42327238,10.407
20250612,789.45,1288365800,7668783,408333205,42575160,10.427
20250613,768.86,1096004600,7858865,397652316,40988501,10.308
20250616,777.26,1111396100,6898143,401912894,41550740,10.338
20250617,775.65,1136678000,7429307,401040121,41350831,10.311
20250618,779.73,1006940400,7105542,403012416,41553603,10.311
20250619,782.51,1103659400,7609431,405230473,41628218,10.273
20250620,791.53,1110932300,7858723,409847066,42209746,10.299
20250623,784.79,991615700,7554337,406406468,41748111,10.273
20250624,800.93,1076177200,8337505,414507549,42898834,10.349
20250625,798.21,1165502500,7017992,413235743,42830636,10.365
20250626,787.95,938619700,6238642,407828275,42128791,10.33
20250627,781.56,888662100,5628451,404552312,41468701,10.251
20250630,781.5,801110400,6296280,404628236,41788296,10.328
20250701,783.67,971142700,6091749,405777887,41708595,10.279
20250702,782.17,945635800,5436628,405139269,41547040,10.255
20250703,793.33,1087732800,5825862,411003107,42360474,10.307
20250704,775.8,1131389200,6036753,402180339,40926210,10.176
20250707,778.46,1416111600,5815932,403786447,41354355,10.242
20250708,784.24,1205277600,5367655,406768237,41736187,10.26
20250709,790.36,860876600,5635548,409957714,42005274,10.246
20250710,797.7,905082900,6602316,413859796,42491388,10.267
20250711,800.47,976326700,7133021,415278856,42641314,10.268
20250714,799.37,939783200,6149457,414781168,42491278,10.244
20250715,812.88,816034300,7488117,422170177,43437843,10.289
20250716,812.23,946532900,7094680,421867632,43438896,10.297
20250717,818.27,951612300,6121447,425108707,43588207,10.253
20250718,820.67,827138300,5998546,426552731,43707550,10.247
20250721,821.69,866807300,5249525,426778496,43670134,10.233
20250722,812.97,993451600,6191670,422194289,43134171,10.217
20250723,813.56,909010500,5592866,422991787,43065077,10.181
20250724,809.89,889008100,6114228,420539411,42704791,10.155
20250725,806.95,714506000,5209063,419278499,42686460,10.181
20250728,804.4,727049900,5279086,418537193,42614786,10.182
20250729,804.45,620970500,5116177,418748612,42750921,10.209
20250730,803.67,770147400,5218915,418309411,42742529,10.218
20250731,805.24,831711600,5066428,419188765,43038252,10.267
20250801,772.79,835015200,4750887,402395593,41010924,10.192
20250804,784.06,705682900,4047912,408456725,41543073,10.171
20250805,798.6,689089300,4812376,415976573,42438089,10.202
20250806,803.49,696604000,4775881,418855554,42978150,10.261
20250807,805.81,765440000,4803969,420293284,43261370,10.293
20250808,809.27,848042600,5164785,422078573,43592339,10.328
20250811,811.85,928260100,5301235,423414437,43873235,10.362
20250812,807.19,1106879000,5946180,421101694,43393267,10.305
20250813,814.1,979563300,5768338,424724974,43772827,10.306
20250814,815.26,912584200,5816974,426312532,43978468,10.316
20250818,798.05,764722900,4936252,418014550,42996278,10.286
20250819,787.96,866727900,5659873,413133973,42597646,10.311
20250820,777.61,877724000,5028116,407962413,41944990,10.282
20250821,777.24,894577500,4662555,407867192,41763965,10.24
20250822,782.51,833027200,4633017,410673680,42000613,10.227
20250825,798.02,770617600,4882412,418845734,43071352,10.283
20250826,801.66,784245500,5226898,420924840,43570395,10.351
20250827,801.72,729017200,4723439,420910037,43339295,10.297
20250828,798.43,787080500,4684239,419656795,42976756,10.241
20250829,796.91,855305600,5042897,418982507,42891044,10.237
20250901,785,1093852700,6001662,412783926,42434837,10.28
20250902,794,1039046900,6435889,417585126,42771509,10.243
20250903,796.81,1189073700,5532535,419025121,42811059,10.217
20250904,805.42,1252331300,5990197,423716299,43318821,10.224
20250905,811.4,1013622100,5850370,427121554,43733931,10.239
20250908,818.6,886185500,5789990,431012297,44274707,10.272
20250909,824.82,1282471100,7485095,434427142,44534769,10.251
20250910,833,895071200,7663581,438485075,45032646,10.27
20250911,834.76,960433600,7911832,439651373,44949525,10.224
20250912,847.08,954437600,8289263,446419303,45845930,10.27
20250915,852.69,944742900,8082127,449409719,46137081,10.266
20250916,851.84,1035618100,7789299,448806559,45784005,10.201
20250917,845.53,1004374100,6999014,445386997,45230054,10.155
20250918,857.11,968141000,8220813,451441760,45851571,10.157
20250919,863.11,951397600,10864457,454860817,46386492,10.198
20250922,874.36,956058200,9841418,460854759,46882341,10.173
20250923,872.21,964171300,10104817,460296764,46505702,10.103
20250924,860.94,1036233300,10119373,454521785,45803550,10.077
20250925,852.48,871793700,9035460,450029908,45364643,10.08
20250926,835.19,749241700,7979792,440970921,44346128,10.056
20250929,846.71,663695600,6300735,446927917,45156565,10.104
20250930,841.99,839740100,6921741,444562528,44815972,10.081
20251001,845.34,620014100,6344082,446292676,45116947,10.109
20251002,854.25,820879600,7228646,451016378,45702180,10.133
20251010,859.49,773577200,8649181,452811181,45924898,10.142
20251013,860.49,698531900,8162012,453266077,45997553,10.148
20251014,847.96,996539200,11139101,446736670,45112994,10.098
20251015,864.72,879761700,8869030,455485880,45867919,10.07
20251016,865.41,899457600,9441707,455846661,46066492,10.106
20251017,859.54,859531900,9555839,452797472,46030615,10.166
20251020,875.77,846812800,9107603,461433099,47100449,10.207
20251021,872.5,1118285100,10231050,459628043,46894723,10.203
20251022,879.15,871961400,8328242,463248404,47267958,10.204
20251023,872.03,1060356000,7801887,459365807,46811993,10.191
20251024,883.08,961806800,9011846,465327499,47923086,10.299
20251027,902.7,997294100,9904003,475870062,48963114,10.289
20251028,903.3,842074800,8286274,476085845,48774036,10.245
20251029,901.59,976841400,9268120,475071097,48740018,10.26
20251030,890.86,1214715900,9170647,469487193,48395965,10.308
20251031,900.42,895006000,9426947,474718250,48847027,10.29
20251103,914.55,1037137200,12841682,483235386,49977178,10.342
20251104,926.57,931506200,12132780,489799766,50983752,10.409
20251105,901.89,1130176700,10963273,476118852,48872058,10.265
20251106,898.17,981007200,11066228,474288580,48738545,10.276
20251107,876.81,1041127700,9676817,463421452,47292989,10.205
20251110,888.35,727289600,8192320,469630113,48332009,10.292
20251111,884.27,966120800,10401686,467285751,48434200,10.365
20251112,906.51,1001471600,9290428,479193408,49775135,10.387
20251113,918.37,911086900,9636657,483411483,50494269,10.445
20251114,897.9,831830200,10631908,473282857,48846552,10.321
20251117,902.67,715016200,8185193,476071084,49350772,10.366
20251118,878.7,849174300,9414570,463949888,47848303,10.313
20251119,871.32,748690400,7905341,459986313,47449406,10.315
20251120,891.94,636594700,7883585,472521020,48809820,10.33
20251121,863.95,752170100,8174599,458706522,46753250,10.192
20251124,856.44,707039300,7617320,454259554,46175140,10.165
20251125,856.03,679351900,7560630,455091448,46309855,10.176
20251126,877.32,623313200,7655118,466850597,47788061,10.236
20251127,880.06,721126500,8610288,468723963,47782748,10.194
20251128,912.67,802794500,11749565,487358345,50463187,10.354
20251201,922.38,847837500,11816139,492998629,51382705,10.422
20251202,928.42,783738600,10175318,495835164,51363925,10.359
20251203,932.01,816178300,9830866,497621924,51203046,10.29
20251204,929.83,754373200,12371869,499241591,50850074,10.185
20251205,924.74,699773900,12778903,499595789,50794212,10.167
20251208,927.79,702958400,11844424,501026976,51575878,10.294
20251209,931.35,711665900,10118607,503851519,51753486,10.272
20251210,935,770849000,10240181,505095411,51894293,10.274
20251211,934.64,912428300,10944398,505070694,51815225,10.259
20251212,937.34,1012037200,12548792,506740847,51806780,10.224
20251215,938.83,991670200,11342621,507476151,51632481,10.174
20251216,916.11,933444100,13198346,495712179,50298868,10.147
20251217,911.07,1005567500,12225835,493135373,49980689,10.135
20251218,901.33,900506800,10091584,489255542,49167173,10.049
20251219,915.27,973702600,11519714,496854683,49781629,10.019
20251222,929.14,986661800,12426244,504618203,50432468,9.994
20251223,919.56,956469300,11974078,499568763,50138877,10.036
20251224,915.2,833834600,11450572,498536727,49486431,9.926
20251226,919.67,829359300,11348264,500989120,49743643,9.929
20251229,932.59,913419400,11853732,509275603,50342047,9.885
20251230,925.47,818897000,10557101,505926194,49774632,9.838
20260102,945.57,884030900,10781845,516105109,51349696,9.949
20260105,957.5,1096668400,12062092,522545651,51939775,9.94
20260106,955.97,1042711500,10453957,521515919,52109154,9.992
20260107,947.39,1072220600,11446455,516941007,51648585,9.991
20260108,944.06,971004100,10098033,515288203,51496551,9.994
20260109,947.92,924588700,9033037,517435086,51443939,9.942
20260112,949.81,1083537400,10314586,518460647,51777616,9.987
20260113,948.98,1107522100,10189859,517871338,51565587,9.957
20260114,942.18,948432900,8855309,514341260,51057434,9.927
20260115,951.16,951959700,10731298,519333922,51706626,9.956
20260116,954.59,1222180000,14245556,521544690,52025209,9.975
20260119,968.36,1281388100,13103318,529133809,52562028,9.934
20260120,976.37,1390665500,15318248,533575819,52807232,9.897
20260121,951.29,1565806800,20902490,519953547,50713797,9.754
20260122,970.35,1444825200,16583508,530746071,52060687,9.809
20260123,993.93,1452895500,17227263,544013863,53911020,9.91
20260126,1064.41,1547814000,25334069,582878033,59331602,10.179
20260127,1082.59,1322259300,17691598,593012288,60281223,10.165
20260128,1133.52,1596894400,23237826,620312912,64467108,10.393
20260129,1164.41,1540156000,22676590,637540228,66592991,10.445
20260130,1149.44,1465197600,22869950,630522540,65539279,10.394
20260202,1098.36,1243911000,17492841,602855752,62491633,10.366
20260203,1144.33,1166572700,14808755,627843575,64726780,10.309
20260204,1149.43,1179457300,13676678,630262936,64177936,10.183
20260205,1108.41,1370412400,14122636,608227767,61541780,10.118
20260206,1080.77,1476135900,14241071,592931398,60115106,10.139
20260209,1127.55,1134870800,12500556,618383081,63060172,10.198
20260210,1115.2,1341864000,12119151,611442392,61647990,10.082
20260211,1114.87,1313253300,11189172,611359348,61715735,10.095
20260212,1125.99,1576134100,12791805,617381774,62756536,10.165
20260213,1106.08,1466898900,11251180,606576528,60733765,10.013
20260219,1160.71,1351784900,14423650,636311714,65563233,10.304
20260220,1154,1331918400,12405283,632352782,64822374,10.251
20260223,1151.99,1433817300,14444364,631945962,64479093,10.203
20260224,1165,1335411700,13719901,639023317,65197412,10.203
20260225,1165.25,1512981000,13456091,639180692,64558977,10.1
20260226,1188.15,1449495000,17973528,652471096,66938469,10.259
20260227,1192.78,1262964300,14846572,655298805,67145008,10.246
20260303,1137.7,1290763200,16896564,625379255,64802849,10.362
20260304,978.44,1454919600,16587060,538113886,57337649,10.655
20260305,1116.41,1044636800,15594889,613598131,66718694,10.873
20260306,1154.67,1033229800,14491478,635667825,68813370,10.825
20260309,1102.28,1044169800,12382997,606878043,64628292,10.649
20260310,1137.68,984763400,15061589,625883591,65469851,10.46
20260311,1136.83,1307017000,16592472,625398886,64695263,10.345
20260312,1148.4,1268602700,14019354,631893260,64561330,10.217
20260313,1152.96,1343544100,14396933,634518217,64459156,10.159
20260316,1138.29,1177918400,13439172,627235825,63323051,10.096
20260317,1136.94,1244517700,12933988,626458479,63266499,10.099
20260318,1164.38,1298537600,14433288,641128656,65570128,10.227
20260319,1143.48,1210669100,11802881,629708370,64760156,10.284
20260320,1161.52,1251344700,14143306,641093087,65894546,10.278
20260323,1096.89,1059626600,11100704,605547361,61886381,10.22
20260324,1121.44,1237346800,12459576,617824389,63705263,10.311
20260325,1159.55,1133745800,13972414,639697909,66166159,10.343
20260326,1136.64,1158121600,13822661,628951976,64438108,10.245
20260327,1141.51,1463267700,12523734,632247430,64486955,10.2
20260330,1107.05,1133949700,9896777,612792865,62166558,10.145
20260331,1052.39,1228503800,11367431,582561125,59617060,10.234
20260401,1116.18,1055086100,11242979,617468645,64104452,10.382
20260402,1056.34,1530433800,15690195,584475537,60777708,10.399
20260403,1063.75,953913300,9933263,588614872,60972912,10.359
20260406,1047.37,1176730500,10099542,579676701,60432439,10.425
20260407,1036.73,1154251300,10100140,573940668,60589917,10.557
20260408,1089.85,1198291100,13091399,603114479,64098306,10.628
20260409,1076,1223574100,9927107,595710827,62910782,10.561
20260410,1093.63,1516075200,13361913,604998496,63748739,10.537
20260413,1099.84,1282994300,11789105,609163010,63918811,10.493
20260414,1121.88,1429628400,14485007,621379789,64812358,10.43
20260415,1152.43,1533311900,15890062,638916948,67144921,10.509
20260416,1162.97,1902506000,16846988,645053230,67754498,10.504
20260417,1170.04,1836660100,15880437,648844386,68003470,10.481
20260420,1174.85,1488714900,14486811,651585334,68268108,10.477
20260421,1179.03,1571861100,15994198,653303881,68202551,10.44
20260422,1181.12,1427239400,14713097,654310294,68700547,10.5
20260423,1174.31,1687848600,16266422,650661629,68128898,10.471
20260424,1203.84,1402973100,17393579,666921568,70795733,10.615
20260427,1226.18,1523708000,17600375,679545243,71890995,10.579
20260428,1215.58,1527371600,13872153,673948281,70938323,10.526
20260429,1220.26,1255886400,15791971,677626707,71937218,10.616
20260430,1192.35,1386410200,15290292,661991785,69504799,10.499
20260504,1213.74,1176128700,16039123,673877927,70585850,10.475
20260506,1210.17,1432966500,18048146,671732432,70950486,10.562
20260507,1199.18,1420112900,17022480,666671423,70661610,10.599
20260508,1207.72,1233834100,16430469,672562056,71534094,10.636
20260511,1207.34,1319086000,19358214,673611486,71750191,10.652
20260512,1179.29,1517367000,21316111,658828678,69945645,10.617
20260513,1176.93,1132221200,14508842,656049419,69363005,10.573
20260514,1191.09,993502600,13840517,663735775,70751793,10.66
20260515,1129.82,1093007500,17886615,629957505,67018224,10.639
20260518,1111.09,955326800,14474903,619451913,65994503,10.654
20260519,1084.36,1103760900,13812175,604842492,65179073,10.776
20260520,1056.07,1227090700,13048987,590239633,63745259,10.8
20260521,1105.97,926095700,12681527,617929047,67648779,10.948
20260522,1161.13,1027933500,15226902,648796646,71854709,11.075
20260526,1172.52,1186405600,16248712,655056623,72115740,11.009
20260527,1133.13,1228978600,15278412,633385995,70030395,11.057
20260528,1104.36,977729400,12817496,617037176,68284480,11.067
20260529,1074.8,855810600,12150898,600442789,66195123,11.024
20260601,1050.03,835031500,12237661,586320535,65744080,11.213
20260602,1026.03,774800400,11223371,574405389,64718479,11.267
20260604,1049.73,622959900,11054329,587559982,67333181,11.46
20260605,1002.44,724352300,10702577,560556825,64324179,11.475
20260608,911.39,624350800,8929291,509986625,58746713,11.519
20260609,967.81,620286000,10254612,542177182,63052523,11.63
20260610,951.63,614592000,9148499,533097358,62235534,11.674
20260611,996.93,635319000,13705634,557952513,65392581,11.72
20260612,1029.05,644914600,16712155,575906851,68659785,11.922
20260615,1034.03,561328600,11502251,580103103,68116707,11.742
20260616,1018.68,621165400,9024603,571697924,66153673,11.571
20260617,1031.96,570785900,9737346,579751523,67402496,11.626
20260618,1000.93,611802900,9112387,562073134,65605346,11.672
20260619,966.59,882518800,10704632,542797684,64183508,11.825
20260622,968.4,631818700,9122314,543803330,65683997,12.079
20260623,891.52,797431700,8655458,500941420,60471929,12.072
20260624,909.31,643383300,7048945,511244137,61907506,12.109
20260625,887.81,639124600,7059385,499303994,60781903,12.173
20260626,851.37,728780400,8246627,478774208,59365159,12.399
20260629,920.57,576404200,8136267,516703215,63746884,12.337
20260630,916.18,661150800,7952797,513943553,62984643,12.255
20260701,929.35,601211900,11812176,521332068,63805952,12.239
20260702,866.72,560643800,7983778,486460698,58869627,12.102
20260703,868.41,601113200,6885163,487690710,58919802,12.081
20260706,847.07,535134700,6156801,475918886,57193848,12.018
20260707,831.23,543545300,6331309,467722454,56644001,12.111
20260708,785,571917900,6143612,441594541,53949356,12.217
20260709,794,442788800,5900792,446778440,54760941,12.257
20260710,837.43,490953800,6903042,471000733,57683747,12.247
20260713,799.36,523405300,7420283,449028229,54904782,12.227
20260714,783.98,551552800,6734976,440383524,53418204,12.13
20260715,829.43,497383100,6392372,465843110,56464216,12.121
20260716,791.84,525847400,4720450,443419226,53324309,12.026
20260720,749.64,528417800,4832262,420153516,50322999,11.977
20260721,753.34,498845700,4620958,421059596,50534885,12.002
20260722,751.09,501117700,5421353,418714072,49904906,11.919
20260723,790.28,498621500,5469416,439636045,52881796,12.029
20260724,748.22,500190100,5177049,415904480,49795881,11.973
20260727,764.86,414859200,4461557,425221426,50911025,11.973
20260728,705.85,506775400,4770337,392638451,46885556,11.941
20260729,662.68,638221500,6488440,368733536,44231052,11.995
20260730,644.78,456434200,4492910,358711694,43173018,12.036
20260731,719.76,445905900,5435747,400198285,48824077,12.2
20260803,737.35,431221400,5462789,410008901,49382180,12.044
20260804,780.72,477608500,5862964,434000611,51848747,11.947
20260805,799.59,587546100,6382740,440041168,51944538,11.804
20260806,801.67,554381600,6141037,440565894,51855610,11.77
20260807,798.81,509893900,5269046,439164890,51300301,11.681
20260810,854.47,551909800,7123386,469437849,55307246,11.782
20260811,857.84,533125700,6794188,471797795,55165625,11.693
20260812,858.91,561958300,6570350,472876429,55052038,11.642
20260813,861.37,685613500,7591627,474856158,54947043,11.571
20260814,864.65,698635100,7558695,477055569,55338213,11.6
20260818,834.2,694657800,8117589,461547477,53488027,11.589
20260819,824.46,609681400,6190329,455718869,53058697,11.643
20260820,840.89,550495100,5718051,464308169,54643047,11.769
20260821,801.94,573177100,5451775,443020019,50969671,11.505
20260824,813.33,524745600,4486487,449529274,52286055,11.631
20260825,827.15,482112300,4722226,457551136,53330145,11.656
20260826,826.87,429557200,4461310,462334408,54189055,11.721
20260827,837.65,510911500,5471983,468354735,55246910,11.796
20260828,838.41,475372800,4977396,469324310,55300267,11.783
20260831,834.29,482680100,5383438,466998839,54979676,11.773
20260901,821.25,567024300,4657940,459860670,53593554,11.654
20260902,803.98,533474100,5455798,450189521,52887185,11.748
