일자,신용거래융자_전체,신용거래융자_유가증권,신용거래융자_코스닥,신용거래대주_전체,신용거래대주_유가증권,신용거래대주_코스닥,청약자금대출,예탁증권담보융자
19980130,0,0,0,0,0,0,0,0
19980618,0,0,0,0,0,0,0,0
19980619,0,0,0,0,0,0,0,0
19980620,0,0,0,0,0,0,0,0
19980622,0,0,0,0,0,0,0,0
19980623,0,0,0,0,0,0,0,0
19980624,0,0,0,0,0,0,0,0
19980625,0,0,0,0,0,0,0,0
19980626,0,0,0,0,0,0,0,0
19980627,0,0,0,0,0,0,0,0
19980629,0,0,0,0,0,0,0,0
19980630,0,0,0,0,0,0,0,0
19980701,253685,253685,0,769,769,0,0,0
19980702,249702,249702,0,828,828,0,0,0
19980703,247065,247065,0,696,696,0,0,0
19980704,241267,241267,0,735,735,0,0,0
19980706,0,0,0,0,0,0,0,0
19980707,235740,235740,0,791,791,0,0,0
19980708,232993,232993,0,764,764,0,0,0
19980709,232738,232738,0,783,783,0,0,0
19980710,229995,229995,0,792,792,0,0,0
19980711,228745,228745,0,762,762,0,0,0
19980713,0,0,0,0,0,0,0,0
19980714,224999,224999,0,704,704,0,0,0
19980715,223035,223035,0,700,700,0,0,0
19980716,222873,222873,0,721,721,0,0,0
19980718,223345,223345,0,721,721,0,0,0
19980720,221723,221723,0,703,703,0,0,0
19980721,221440,221440,0,683,683,0,0,0
19980722,220764,220764,0,920,920,0,0,0
19980723,223015,223015,0,905,905,0,0,0
19980724,227343,227343,0,668,668,0,0,0
19980725,227876,227876,0,595,595,0,0,0
19980727,0,0,0,0,0,0,0,0
19980728,230531,230531,0,526,526,0,0,0
19980729,232243,232243,0,564,564,0,0,0
19980730,231741,231741,0,565,565,0,0,0
19980731,232137,232137,0,616,616,0,0,0
19980801,232864,232864,0,680,680,0,0,0
19980803,234064,234064,0,911,911,0,0,0
19980804,234988,234988,0,786,786,0,0,0
19980805,234176,234176,0,596,596,0,0,0
19980806,234003,234003,0,594,594,0,0,0
19980807,231201,231201,0,661,661,0,0,0
19980808,231461,231461,0,653,653,0,0,0
19980810,231447,231447,0,634,634,0,0,0
19980811,228397,228397,0,608,608,0,0,0
19980812,227118,227118,0,705,705,0,0,0
19980813,226496,226496,0,712,712,0,0,0
19980814,224776,224776,0,616,616,0,0,0
19980817,223462,223462,0,881,881,0,0,0
19980818,222231,222231,0,1045,1045,0,0,0
19980819,220015,220015,0,1036,1036,0,0,0
19980820,216153,216153,0,1030,1030,0,0,0
19980821,216121,216121,0,960,960,0,0,0
19980822,217944,217944,0,950,950,0,0,0
19980824,217523,217523,0,957,957,0,0,0
19980825,218281,218281,0,911,911,0,0,0
19980826,217932,217932,0,851,851,0,0,0
19980827,216524,216524,0,839,839,0,0,0
19980828,216557,216557,0,961,961,0,0,0
19980829,217003,217003,0,1013,1013,0,0,0
19980831,218558,218558,0,583,583,0,0,0
19980901,219548,219548,0,532,532,0,0,0
19980902,220860,220860,0,625,625,0,0,0
19980903,221198,221198,0,658,658,0,0,0
19980904,221998,221998,0,711,711,0,0,0
19980905,222315,222315,0,719,719,0,0,0
19980907,221256,221256,0,837,837,0,0,0
19980908,222160,222160,0,818,818,0,0,0
19980909,224804,224804,0,615,615,0,0,0
19980910,0,0,0,0,0,0,0,0
19980911,222700,222700,0,640,640,0,0,0
19980912,221287,221287,0,648,648,0,0,0
19980914,223416,223416,0,697,697,0,0,0
19980915,224512,224512,0,681,681,0,0,0
19980916,226728,226728,0,517,517,0,0,0
19980917,226572,226572,0,562,562,0,0,0
19980918,226710,226710,0,593,593,0,0,0
19980919,227394,227394,0,771,771,0,0,0
19980921,226758,226758,0,568,568,0,0,0
19980922,228190,228190,0,548,548,0,0,0
19980923,228670,228670,0,531,531,0,0,0
19980924,225790,225790,0,540,540,0,0,0
19980925,224149,224149,0,549,549,0,0,0
19980926,223305,223305,0,592,592,0,0,0
19980928,222412,222412,0,625,625,0,0,0
19980929,221244,221244,0,597,597,0,0,0
19980930,220669,220669,0,640,640,0,0,0
19981001,220217,220217,0,647,647,0,0,0
19981002,219730,219730,0,650,650,0,0,0
19981007,219698,219698,0,575,575,0,0,0
19981008,222308,222308,0,532,532,0,0,0
19981009,223034,223034,0,564,564,0,0,0
19981010,222584,222584,0,604,604,0,0,0
19981012,221687,221687,0,654,654,0,0,0
19981013,219847,219847,0,1197,1197,0,0,0
19981014,221783,221783,0,1112,1112,0,0,0
19981015,221623,221623,0,1171,1171,0,0,0
19981016,224631,224631,0,1234,1234,0,0,0
19981017,228710,228710,0,806,806,0,0,0
19981019,222215,222215,0,788,788,0,0,0
19981020,223429,223429,0,751,751,0,0,0
19981021,228466,228466,0,781,781,0,0,0
19981022,231671,231671,0,847,847,0,0,0
19981023,231538,231538,0,889,889,0,0,0
19981024,231118,231118,0,842,842,0,0,0
19981026,233325,233325,0,881,881,0,0,0
19981027,235698,235698,0,870,870,0,0,0
19981028,238929,238929,0,842,842,0,0,0
19981029,242758,242758,0,746,746,0,0,0
19981030,245379,245379,0,764,764,0,0,0
19981031,246188,246188,0,725,725,0,0,0
19981102,245158,245158,0,744,744,0,0,0
19981103,245102,245102,0,740,740,0,0,0
19981104,246188,246188,0,885,885,0,0,0
19981105,245481,245481,0,874,874,0,0,0
19981106,251103,251103,0,810,810,0,0,0
19981107,252253,252253,0,1033,1033,0,0,0
19981109,253548,253548,0,953,953,0,0,0
19981110,258431,258431,0,981,981,0,0,0
19981111,267682,267682,0,991,991,0,0,0
19981112,267414,267414,0,998,998,0,0,0
19981113,272151,272151,0,903,903,0,0,0
19981114,275962,275962,0,934,934,0,0,0
19981116,279283,279283,0,991,991,0,0,0
19981117,285518,285518,0,936,936,0,0,0
19981118,291221,291221,0,936,936,0,0,0
19981119,293493,293493,0,983,983,0,0,0
19981120,297493,297493,0,1006,1006,0,0,0
19981121,305215,305215,0,935,935,0,0,0
19981123,304795,304795,0,1041,1041,0,0,0
19981124,308624,308624,0,1093,1093,0,0,0
19981125,319124,319124,0,1023,1023,0,0,0
19981126,320132,320132,0,1048,1048,0,0,0
19981127,324750,324750,0,1081,1081,0,0,0
19981128,328138,328138,0,934,934,0,0,0
19981130,334711,334711,0,1062,1062,0,0,0
19981201,344204,344204,0,1061,1061,0,0,0
19981202,349233,349233,0,1048,1048,0,0,0
19981203,350260,350260,0,686,686,0,0,0
19981204,357911,357911,0,780,780,0,0,0
19981205,364421,364421,0,884,884,0,0,0
19981207,369359,369359,0,918,918,0,0,0
19981208,372932,372932,0,934,934,0,0,0
19981209,370718,370718,0,847,847,0,0,0
19981210,367325,367325,0,803,803,0,0,0
19981211,372018,372018,0,803,803,0,0,0
19981212,371880,371880,0,803,803,0,0,0
19981214,394106,394106,0,712,712,0,0,0
19981215,404457,404457,0,635,635,0,0,0
19981216,420279,420279,0,577,577,0,0,0
19981217,438417,438417,0,565,565,0,0,0
19981218,437668,437668,0,538,538,0,0,0
19981219,437506,437506,0,538,538,0,0,0
19981221,437372,437372,0,561,561,0,0,0
19981222,444252,444252,0,670,670,0,0,0
19981223,456985,456985,0,558,558,0,0,0
19981224,450447,450447,0,557,557,0,0,0
19981226,450257,450257,0,557,557,0,0,0
19981228,446087,446087,0,534,534,0,0,0
19981229,456886,456886,0,520,520,0,0,0
19981230,467704,467704,0,518,518,0,0,0
19981231,0,0,0,0,0,0,0,0
19990102,467245,467245,0,518,518,0,0,0
19990104,0,0,0,0,0,0,0,0
19990105,466299,466299,0,518,518,0,0,0
19990106,475613,475613,0,489,489,0,0,0
19990107,463782,463782,0,633,633,0,0,0
19990108,466398,466398,0,524,524,0,0,0
19990109,466247,466247,0,524,524,0,0,0
19990111,463617,463617,0,526,526,0,0,0
19990112,465887,465887,0,495,495,0,0,0
19990113,474607,474607,0,488,488,0,0,0
19990114,473643,473643,0,416,416,0,0,0
19990115,473466,473466,0,401,401,0,0,0
19990116,478196,478196,0,401,401,0,0,0
19990118,484120,484120,0,414,414,0,0,0
19990119,493136,493136,0,460,460,0,0,0
19990120,497241,497241,0,476,476,0,0,0
19990121,493196,493196,0,511,511,0,0,0
19990122,489891,489891,0,607,607,0,0,0
19990123,489771,489771,0,607,607,0,0,0
19990125,496931,496931,0,570,570,0,0,0
19990126,491941,491941,0,460,460,0,0,0
19990127,495346,495346,0,523,523,0,0,0
19990128,491104,491104,0,535,535,0,0,0
19990129,494777,494777,0,628,628,0,0,0
19990130,494576,494576,0,628,628,0,0,0
19990201,500762,500762,0,636,636,0,0,0
19990202,502909,502909,0,707,707,0,0,0
19990203,507053,507053,0,647,647,0,0,0
19990204,503292,503292,0,656,656,0,0,0
19990205,503066,503066,0,692,692,0,0,0
19990206,502897,502897,0,692,692,0,0,0
19990208,502687,502687,0,684,684,0,0,0
19990209,506596,506596,0,702,702,0,0,0
19990210,508093,508093,0,652,652,0,0,0
19990211,505983,505983,0,630,630,0,0,0
19990212,511285,511285,0,394,394,0,0,0
19990213,510992,510992,0,394,394,0,0,0
19990218,513464,513464,0,435,435,0,0,0
19990219,520942,520942,0,447,447,0,0,0
19990220,520860,520860,0,447,447,0,0,0
19990222,519870,519870,0,552,552,0,0,0
19990223,516366,516366,0,517,517,0,0,0
19990224,515212,515212,0,536,536,0,0,0
19990225,511026,511026,0,447,447,0,0,0
19990226,506321,506321,0,575,575,0,0,0
19990227,506058,506058,0,575,575,0,0,0
19990302,500090,500090,0,646,646,0,0,0
19990303,501383,501383,0,670,670,0,0,0
19990304,498289,498289,0,714,714,0,0,0
19990305,497505,497505,0,735,735,0,0,0
19990306,497287,497287,0,735,735,0,0,0
19990308,501889,501889,0,532,532,0,0,0
19990309,0,0,0,0,0,0,0,0
19990310,513558,513558,0,674,674,0,0,0
19990311,511914,511914,0,739,739,0,0,0
19990312,514357,514357,0,676,676,0,0,0
19990313,513961,513961,0,676,676,0,0,0
19990315,526392,526392,0,484,484,0,0,0
19990316,523215,523215,0,603,603,0,0,0
19990317,517189,517189,0,642,642,0,0,0
19990318,520603,520603,0,655,655,0,0,0
19990319,532408,532408,0,699,699,0,0,0
19990320,532234,532234,0,699,699,0,0,0
19990322,523872,523872,0,601,601,0,0,0
19990323,531253,531253,0,683,683,0,0,0
19990324,541406,541406,0,749,749,0,0,0
19990325,545950,545950,0,620,620,0,0,0
19990326,555743,555743,0,556,556,0,0,0
19990327,555572,555572,0,556,556,0,0,0
19990329,559592,559592,0,598,598,0,0,0
19990330,561785,561785,0,552,552,0,0,0
19990331,566297,566297,0,468,468,0,0,0
19990401,572911,572911,0,523,523,0,0,0
19990402,579025,579025,0,517,517,0,0,0
19990403,578779,578779,0,517,517,0,0,0
19990406,581612,581612,0,390,390,0,0,0
19990407,579502,579502,0,413,413,0,0,0
19990408,581497,581497,0,389,389,0,0,0
19990409,580272,580272,0,339,339,0,0,0
19990410,579802,579802,0,339,339,0,0,0
19990412,577375,577375,0,355,355,0,0,0
19990413,582554,582554,0,393,393,0,0,0
19990414,581873,581873,0,335,335,0,0,0
19990415,578176,578176,0,353,353,0,0,0
19990416,584615,584615,0,349,349,0,0,0
19990417,584346,584346,0,349,349,0,0,0
19990419,600004,600004,0,357,357,0,0,0
19990420,592592,592592,0,391,391,0,0,0
19990421,592576,592576,0,461,461,0,0,0
19990422,603988,603988,0,405,405,0,0,0
19990423,612774,612774,0,459,459,0,0,0
19990424,612618,612618,0,459,459,0,0,0
19990426,612507,612507,0,284,284,0,0,0
19990427,617379,617379,0,333,333,0,0,0
19990428,622987,622987,0,365,365,0,0,0
19990429,627026,627026,0,439,439,0,0,0
19990430,625219,625219,0,432,432,0,0,0
19990503,631885,631885,0,415,415,0,0,0
19990504,644883,644883,0,405,405,0,0,0
19990506,654744,654744,0,570,570,0,0,0
19990507,665672,665672,0,425,425,0,0,0
19990508,665536,665536,0,425,425,0,0,0
19990510,674499,674499,0,428,428,0,0,0
19990511,630947,630947,0,637,637,0,0,0
19990512,690847,690847,0,664,664,0,0,0
19990513,694246,694246,0,481,481,0,0,0
19990514,692086,692086,0,529,529,0,0,0
19990515,691880,691880,0,529,529,0,0,0
19990517,693465,693465,0,538,538,0,0,0
19990518,687273,687273,0,406,406,0,0,0
19990519,687593,687593,0,351,351,0,0,0
19990520,690259,690259,0,366,366,0,0,0
19990521,690599,690599,0,376,376,0,0,0
19990524,676365,676365,0,387,387,0,0,0
19990525,679806,679806,0,452,452,0,0,0
19990526,685068,685068,0,545,545,0,0,0
19990527,693011,693011,0,669,669,0,0,0
19990528,702324,702324,0,760,760,0,0,0
19990529,702172,702172,0,760,760,0,0,0
19990531,695801,695801,0,694,694,0,0,0
19990601,692040,692040,0,779,779,0,0,0
19990602,697172,697172,0,561,561,0,0,0
19990603,701421,701421,0,642,642,0,0,0
19990604,717364,717364,0,647,647,0,0,0
19990605,717132,717132,0,647,647,0,0,0
19990607,718624,718624,0,602,602,0,0,0
19990608,725416,725416,0,596,596,0,0,0
19990609,736468,736468,0,488,488,0,0,0
19990610,742855,742855,0,602,602,0,0,0
19990611,744275,744275,0,464,464,0,0,0
19990612,744145,744145,0,464,464,0,0,0
19990614,748812,748812,0,540,540,0,0,0
19990615,756957,756957,0,613,613,0,0,0
19990616,756059,756059,0,555,555,0,0,0
19990617,750409,750409,0,434,434,0,0,0
19990618,754247,754247,0,551,551,0,0,0
19990619,753923,753923,0,551,551,0,0,0
19990621,761847,761847,0,506,506,0,0,0
19990622,758065,758065,0,518,518,0,0,0
19990623,759975,759975,0,534,534,0,0,0
19990624,765606,765606,0,595,595,0,0,0
19990625,771332,771332,0,608,608,0,0,0
19990626,771123,771123,0,608,608,0,0,0
19990628,774235,774235,0,562,562,0,0,0
19990629,777756,777756,0,586,586,0,0,0
19990630,787050,787050,0,432,432,0,0,0
19990701,790930,790930,0,435,435,0,0,0
19990702,784471,784471,0,412,412,0,0,0
19990703,784414,784414,0,412,412,0,0,0
19990705,778346,778346,0,392,392,0,0,0
19990706,778779,778779,0,437,437,0,0,0
19990707,775640,775640,0,347,347,0,0,0
19990708,776600,776600,0,367,367,0,0,0
19990709,784498,784498,0,363,363,0,0,0
19990710,784040,784040,0,363,363,0,0,0
19990712,789644,789644,0,337,337,0,0,0
19990713,788711,788711,0,338,338,0,0,0
19990714,778591,778591,0,330,330,0,0,0
19990715,769132,769132,0,327,327,0,0,0
19990716,775180,775180,0,253,253,0,0,0
19990719,777376,777376,0,262,262,0,0,0
19990720,801326,801326,0,270,270,0,0,0
19990721,806507,806507,0,253,253,0,0,0
19990722,802484,802484,0,354,354,0,0,0
19990723,806646,806646,0,266,266,0,0,0
19990724,806383,806383,0,266,266,0,0,0
19990726,815180,815180,0,243,243,0,0,0
19990727,807355,807355,0,229,229,0,0,0
19990728,800023,800023,0,182,182,0,0,0
19990729,804372,804372,0,275,275,0,0,0
19990730,804763,804763,0,389,389,0,0,0
19990731,804474,804474,0,389,389,0,0,0
19990802,811544,811544,0,419,419,0,0,0
19990803,809046,809046,0,373,373,0,0,0
19990804,811785,811785,0,362,362,0,0,0
19990805,824132,824132,0,398,398,0,0,0
19990806,832171,832171,0,426,426,0,0,0
19990807,831808,831808,0,426,426,0,0,0
19990809,823481,823481,0,347,347,0,0,0
19990810,827709,827709,0,284,284,0,0,0
19990811,844227,844227,0,328,328,0,0,0
19990812,842515,842515,0,332,332,0,0,0
19990813,844638,844638,0,334,334,0,0,0
19990814,844355,844355,0,334,334,0,0,0
19990816,853660,853660,0,401,401,0,0,0
19990817,859117,859117,0,359,359,0,0,0
19990818,861903,861903,0,425,425,0,0,0
19990819,852718,852718,0,394,394,0,0,0
19990820,845124,845124,0,328,328,0,0,0
19990821,844884,844884,0,328,328,0,0,0
19990823,847960,847960,0,360,360,0,0,0
19990824,850508,850508,0,382,382,0,0,0
19990825,859567,859567,0,306,306,0,0,0
19990826,857185,857185,0,320,320,0,0,0
19990827,856700,856700,0,316,316,0,0,0
19990828,856537,856537,0,316,316,0,0,0
19990830,857010,857010,0,339,339,0,0,0
19990831,856691,856691,0,409,409,0,0,0
19990901,861895,861895,0,346,346,0,0,0
19990902,870943,870943,0,302,302,0,0,0
19990903,872653,872653,0,260,260,0,0,0
19990904,872489,872489,0,260,260,0,0,0
19990906,863319,863319,0,195,195,0,0,0
19990907,867470,867470,0,171,171,0,0,0
19990908,869987,869987,0,196,196,0,0,0
19990909,874670,874670,0,238,238,0,0,0
19990910,874129,874129,0,184,184,0,0,0
19990911,873729,873729,0,184,184,0,0,0
19990913,880659,880659,0,171,171,0,0,0
19990914,882643,882643,0,171,171,0,0,0
19990915,877077,877077,0,232,232,0,0,0
19990916,878656,878656,0,198,198,0,0,0
19990917,881434,881434,0,192,192,0,0,0
19990918,881172,881172,0,192,192,0,0,0
19990920,873256,873256,0,187,187,0,0,0
19990921,873645,873645,0,189,189,0,0,0
19990922,874565,874565,0,189,189,0,0,0
19990927,870843,870843,0,172,172,0,0,0
19990928,867003,867003,0,172,172,0,0,0
19990929,859128,859128,0,168,168,0,0,0
19990930,856594,856594,0,189,189,0,0,0
19991001,851011,851011,0,164,164,0,0,0
19991002,850140,850140,0,164,164,0,0,0
19991004,842481,842481,0,168,168,0,0,0
19991005,830284,830284,0,202,202,0,0,0
19991006,816517,816517,0,248,248,0,0,0
19991007,797916,797916,0,233,233,0,0,0
19991008,791078,791078,0,236,236,0,0,0
19991009,790208,790208,0,236,236,0,0,0
19991011,783869,783869,0,236,236,0,0,0
19991012,774692,774692,0,251,251,0,0,0
19991013,760470,760470,0,227,227,0,0,0
19991014,759225,759225,0,233,233,0,0,0
19991015,759411,759411,0,200,200,0,0,0
19991016,758417,758417,0,200,200,0,0,0
19991018,758875,758875,0,200,200,0,0,0
19991019,750006,750006,0,204,204,0,0,0
19991020,732551,732551,0,217,217,0,0,0
19991021,725547,725547,0,174,174,0,0,0
19991022,731905,731905,0,193,193,0,0,0
19991023,731591,731591,0,193,193,0,0,0
19991025,733811,733811,0,201,201,0,0,0
19991026,730013,730013,0,201,201,0,0,0
19991027,714047,714047,0,195,195,0,0,0
19991028,709029,709029,0,143,143,0,0,0
19991029,711173,711173,0,101,101,0,0,0
19991030,710645,710645,0,101,101,0,0,0
19991101,701760,701760,0,104,104,0,0,0
19991102,695836,695836,0,103,103,0,0,0
19991103,690361,690361,0,151,151,0,0,0
19991104,687556,687556,0,186,186,0,0,0
19991105,683088,683088,0,191,191,0,0,0
19991106,682734,682734,0,191,191,0,0,0
19991108,680766,680766,0,178,178,0,0,0
19991109,680899,680899,0,199,199,0,0,0
19991110,680154,680154,0,197,197,0,0,0
19991111,683005,683005,0,256,256,0,0,0
19991112,686412,686412,0,210,210,0,0,0
19991113,686240,686240,0,210,210,0,0,0
19991115,683089,683089,0,288,288,0,0,0
19991116,677806,677806,0,201,201,0,0,0
19991117,680718,680718,0,201,201,0,0,0
19991118,689007,689007,0,104,104,0,0,0
19991119,695607,695607,0,139,139,0,0,0
19991120,695164,695164,0,139,139,0,0,0
19991122,695390,695390,0,102,102,0,0,0
19991123,709115,709115,0,102,102,0,0,0
19991124,711617,711617,0,222,222,0,0,0
19991125,709686,709686,0,222,222,0,0,0
19991126,704770,704770,0,211,211,0,0,0
19991127,704370,704370,0,211,211,0,0,0
19991129,698412,698412,0,134,134,0,0,0
19991130,687020,687020,0,90,90,0,0,0
19991201,682443,682443,0,89,89,0,0,0
19991202,695275,695275,0,68,68,0,0,0
19991203,695380,695380,0,68,68,0,0,0
19991204,694760,694760,0,68,68,0,0,0
19991206,693095,693095,0,68,68,0,0,0
19991207,690852,690852,0,171,171,0,0,0
19991208,692147,692147,0,171,171,0,0,0
19991209,684080,684080,0,171,171,0,0,0
19991210,684228,684228,0,176,176,0,0,0
19991211,683925,683925,0,176,176,0,0,0
19991213,696785,696785,0,174,174,0,0,0
19991214,694066,694066,0,166,166,0,0,0
19991215,688317,688317,0,169,169,0,0,0
19991216,682361,682361,0,169,169,0,0,0
19991217,674822,674822,0,66,66,0,0,0
19991218,674467,674467,0,66,66,0,0,0
19991220,670579,670579,0,62,62,0,0,0
19991221,671688,671688,0,62,62,0,0,0
19991222,675532,675532,0,62,62,0,0,0
19991223,671141,671141,0,63,63,0,0,0
19991224,668730,668730,0,88,88,0,0,0
19991227,670942,670942,0,88,88,0,0,0
19991228,671712,671712,0,78,78,0,0,0
19991229,680537,680537,0,50,50,0,0,0
19991230,682835,682835,0,52,52,0,0,0
20000104,678955,678955,0,52,52,0,0,0
20000105,671040,671040,0,52,52,0,0,0
20000106,677123,677123,0,48,48,0,0,0
20000107,663958,663958,0,38,38,0,0,0
20000108,663754,663754,0,38,38,0,0,0
20000110,661803,661803,0,38,38,0,0,0
20000111,662800,662800,0,38,38,0,0,0
20000112,660891,660891,0,49,49,0,0,0
20000113,655461,655461,0,49,49,0,0,0
20000114,647422,647422,0,139,139,0,0,0
20000115,647037,647037,0,139,139,0,0,0
20000117,648566,648566,0,139,139,0,0,0
20000118,642211,642211,0,139,139,0,0,0
20000119,634188,634188,0,117,117,0,0,0
20000120,631861,631861,0,157,157,0,0,0
20000121,623449,623449,0,157,157,0,0,0
20000122,623062,623062,0,157,157,0,0,0
20000124,615685,615685,0,177,177,0,0,0
20000125,615195,615195,0,180,180,0,0,0
20000126,608791,608791,0,195,195,0,0,0
20000127,602904,602904,0,180,180,0,0,0
20000128,599254,599254,0,165,165,0,0,0
20000129,598978,598978,0,165,165,0,0,0
20000131,596958,596958,0,172,172,0,0,0
20000201,593607,593607,0,178,178,0,0,0
20000202,595231,595231,0,189,189,0,0,0
20000203,597098,597098,0,193,193,0,0,0
20000207,594578,594578,0,197,197,0,0,0
20000208,590303,590303,0,226,226,0,0,0
20000209,581030,581030,0,213,213,0,0,0
20000210,575304,575304,0,206,206,0,0,0
20000211,568815,568815,0,205,205,0,0,0
20000212,568420,568420,0,205,205,0,0,0
20000214,563861,563861,0,61,61,0,0,0
20000215,549549,549549,0,88,88,0,0,0
20000216,530233,530233,0,83,83,0,0,0
20000217,523596,523596,0,73,73,0,0,0
20000218,522022,522022,0,39,39,0,0,0
20000219,521547,521547,0,39,39,0,0,0
20000221,514964,514964,0,41,41,0,0,0
20000222,504506,504506,0,112,112,0,0,0
20000223,489468,489468,0,51,51,0,0,0
20000224,482128,482128,0,62,62,0,0,0
20000225,481193,481193,0,48,48,0,0,0
20000226,480469,480469,0,48,48,0,0,0
20000228,471593,471593,0,73,73,0,0,0
20000229,464678,464678,0,69,69,0,0,0
20000302,452966,452966,0,81,81,0,0,0
20000303,445230,445230,0,72,72,0,0,0
20000304,444963,444963,0,72,72,0,0,0
20000306,438299,438299,0,221,221,0,0,0
20000307,427769,427769,0,215,215,0,0,0
20000308,422265,422265,0,193,193,0,0,0
20000309,418082,418082,0,178,178,0,0,0
20000310,416046,416046,0,220,220,0,0,0
20000311,415793,415793,0,220,220,0,0,0
20000313,418620,418620,0,192,192,0,0,0
20000314,416993,416993,0,160,160,0,0,0
20000315,409290,409290,0,70,70,0,0,0
20000316,403760,403760,0,70,70,0,0,0
20000317,403543,403543,0,70,70,0,0,0
20000318,403186,403186,0,70,70,0,0,0
20000320,399274,399274,0,70,70,0,0,0
20000321,396328,396328,0,93,93,0,0,0
20000322,393690,393690,0,98,98,0,0,0
20000323,391444,391444,0,80,80,0,0,0
20000324,393871,393871,0,212,212,0,0,0
20000325,393602,393602,0,212,212,0,0,0
20000327,391224,391224,0,244,244,0,0,0
20000328,388962,388962,0,224,224,0,0,0
20000329,389385,389385,0,221,221,0,0,0
20000330,388191,388191,0,216,216,0,0,0
20000331,386661,386661,0,213,213,0,0,0
20000401,386288,386288,0,213,213,0,0,0
20000403,383730,383730,0,197,197,0,0,0
20000404,382984,382984,0,195,195,0,0,0
20000406,377780,377780,0,195,195,0,0,0
20000407,374452,374452,0,187,187,0,0,0
20000408,374123,374123,0,187,187,0,0,0
20000410,371059,371059,0,187,187,0,0,0
20000411,371001,371001,0,187,187,0,0,0
20000412,371799,371799,0,181,181,0,0,0
20000414,368773,368773,0,187,187,0,0,0
20000415,368381,368381,0,187,187,0,0,0
20000417,367979,367979,0,203,203,0,0,0
20000418,367369,367369,0,167,167,0,0,0
20000419,355726,355726,0,255,255,0,0,0
20000420,354115,354115,0,258,258,0,0,0
20000421,354115,354115,0,258,258,0,0,0
20000422,354044,354044,0,258,258,0,0,0
20000424,350795,350795,0,269,269,0,0,0
20000425,352221,352221,0,298,298,0,0,0
20000426,349134,349134,0,271,271,0,0,0
20000427,344819,344819,0,271,271,0,0,0
20000428,337776,337776,0,271,271,0,0,0
20000429,337323,337323,0,271,271,0,0,0
20000502,334485,334485,0,243,243,0,0,0
20000503,333145,333145,0,225,225,0,0,0
20000504,332000,332000,0,274,274,0,0,0
20000506,331596,331596,0,274,274,0,0,0
20000508,328555,328555,0,273,273,0,0,0
20000509,325728,325728,0,283,283,0,0,0
20000510,321277,321277,0,300,300,0,0,0
20000512,319257,319257,0,322,322,0,0,0
20000513,318787,318787,0,322,322,0,0,0
20000515,315619,315619,0,320,320,0,0,0
20000516,312276,312276,0,327,327,0,0,0
20000517,312276,312276,0,327,327,0,0,0
20000518,306232,306232,0,310,310,0,0,0
20000519,295490,295490,0,344,344,0,0,0
20000520,295135,295135,0,344,344,0,0,0
20000522,284424,284424,0,327,327,0,0,0
20000523,282639,282639,0,317,317,0,0,0
20000524,273678,273678,0,334,334,0,0,0
20000525,266242,266242,0,293,293,0,0,0
20000526,266373,266373,0,256,256,0,0,0
20000527,266142,266142,0,256,256,0,0,0
20000529,265348,265348,0,258,258,0,0,0
20000530,259142,259142,0,230,230,0,0,0
20000531,257634,257634,0,228,228,0,0,0
20000601,262437,262437,0,244,244,0,0,0
20000602,259286,259286,0,244,244,0,0,0
20000603,258927,258927,0,244,244,0,0,0
20000605,257117,257117,0,299,299,0,0,0
20000607,255303,255303,0,299,299,0,0,0
20000608,258775,258775,0,348,348,0,0,0
20000609,259403,259403,0,333,333,0,0,0
20000610,259190,259190,0,333,333,0,0,0
20000612,256062,256062,0,331,331,0,0,0
20000613,258756,258756,0,342,342,0,0,0
20000614,264372,264372,0,197,197,0,0,0
20000615,261038,261038,0,202,202,0,0,0
20000616,262400,262400,0,222,222,0,0,0
20000617,262204,262204,0,222,222,0,0,0
20000619,261480,261480,0,252,252,0,0,0
20000620,261587,261587,0,231,231,0,0,0
20000621,260105,260105,0,205,205,0,0,0
20000622,258893,258893,0,225,225,0,0,0
20000623,256269,256269,0,222,222,0,0,0
20000624,256184,256184,0,222,222,0,0,0
20000626,253617,253617,0,181,181,0,0,0
20000627,254754,254754,0,160,160,0,0,0
20000628,256559,256559,0,122,122,0,0,0
20000629,258234,258234,0,122,122,0,0,0
20000630,257409,257409,0,122,122,0,0,0
20000701,257339,257339,0,122,122,0,0,0
20000703,254551,254551,0,147,147,0,0,0
20000704,256034,256034,0,134,134,0,0,0
20000705,256849,256849,0,134,134,0,0,0
20000706,254715,254715,0,148,148,0,0,0
20000707,253989,253989,0,147,147,0,0,0
20000708,253897,253897,0,147,147,0,0,0
20000710,254971,254971,0,147,147,0,0,0
20000711,257282,257282,0,129,129,0,0,0
20000712,259921,259921,0,129,129,0,0,0
20000713,259903,259903,0,138,138,0,0,0
20000714,259178,259178,0,137,137,0,0,0
20000715,258904,258904,0,137,137,0,0,0
20000718,263382,263382,0,145,145,0,0,0
20000719,263526,263526,0,153,153,0,0,0
20000720,255116,255116,0,149,149,0,0,0
20000721,255130,255130,0,138,138,0,0,0
20000722,254815,254815,0,138,138,0,0,0
20000724,257784,257784,0,153,153,0,0,0
20000725,259606,259606,0,158,158,0,0,0
20000726,254338,254338,0,151,151,0,0,0
20000727,255553,255553,0,103,103,0,0,0
20000728,257048,257048,0,106,106,0,0,0
20000729,257006,257006,0,106,106,0,0,0
20000731,256470,256470,0,90,90,0,0,0
20000801,257761,257761,0,31,31,0,0,0
20000802,257857,257857,0,48,48,0,0,0
20000803,260639,260639,0,58,58,0,0,0
20000804,262053,262053,0,79,79,0,0,0
20000805,261943,261943,0,79,79,0,0,0
20000807,259648,259648,0,79,79,0,0,0
20000808,258559,258559,0,79,79,0,0,0
20000809,254160,254160,0,69,69,0,0,0
20000810,253148,253148,0,55,55,0,0,0
20000811,255694,255694,0,58,58,0,0,0
20000812,255538,255538,0,58,58,0,0,0
20000814,256953,256953,0,67,67,0,0,0
20000816,257521,257521,0,76,76,0,0,0
20000817,255431,255431,0,86,86,0,0,0
20000818,252228,252228,0,104,104,0,0,0
20000819,252137,252137,0,104,104,0,0,0
20000821,251538,251538,0,107,107,0,0,0
20000822,252065,252065,0,98,98,0,0,0
20000823,250594,250594,0,97,97,0,0,0
20000824,251416,251416,0,123,123,0,0,0
20000825,250731,250731,0,142,142,0,0,0
20000826,250646,250646,0,142,142,0,0,0
20000828,248822,248822,0,134,134,0,0,0
20000829,248643,248643,0,93,93,0,0,0
20000830,248135,248135,0,93,93,0,0,0
20000831,247656,247656,0,101,101,0,0,0
20000901,245655,245655,0,98,98,0,0,0
20000902,245609,245609,0,98,98,0,0,0
20000904,246822,246822,0,115,115,0,0,0
20000905,246375,246375,0,123,123,0,0,0
20000906,243765,243765,0,98,98,0,0,0
20000907,244643,244643,0,79,79,0,0,0
20000908,245405,245405,0,99,99,0,0,0
20000909,245087,245087,0,99,99,0,0,0
20000914,243466,243466,0,99,99,0,0,0
20000915,241876,241876,0,98,98,0,0,0
20000916,241720,241720,0,98,98,0,0,0
20000918,245532,245532,0,98,98,0,0,0
20000919,241995,241995,0,100,100,0,0,0
20000920,234966,234966,0,73,73,0,0,0
20000921,233859,233859,0,23,23,0,0,0
20000922,233504,233504,0,15,15,0,0,0
20000923,208134,208134,0,15,15,0,0,0
20000925,229831,229831,0,58,58,0,0,0
20000926,226593,226593,0,67,67,0,0,0
20000927,225470,225470,0,60,60,0,0,0
20000928,202668,202668,0,73,73,0,0,0
20000929,202195,202195,0,73,73,0,0,0
20000930,226450,226450,0,73,73,0,0,0
20001002,224684,224684,0,72,72,0,0,0
20001004,224288,224288,0,72,72,0,0,0
20001005,221321,221321,0,59,59,0,0,0
20001006,219409,219409,0,63,63,0,0,0
20001007,219135,219135,0,63,63,0,0,0
20001009,217937,217937,0,63,63,0,0,0
20001010,215119,215119,0,63,63,0,0,0
20001011,212594,212594,0,67,67,0,0,0
20001012,209852,209852,0,69,69,0,0,0
20001013,209390,209390,0,59,59,0,0,0
20001014,209180,209180,0,59,59,0,0,0
20001016,207249,207249,0,59,59,0,0,0
20001017,205922,205922,0,59,59,0,0,0
20001018,203510,203510,0,52,52,0,0,0
20001019,197825,197825,0,0,0,0,0,0
20001020,196800,196800,0,0,0,0,0,0
20001021,196546,196546,0,0,0,0,0,0
20001023,196002,196002,0,53,53,0,0,0
20001024,195676,195676,0,53,53,0,0,0
20001025,191366,191366,0,53,53,0,0,0
20001026,191470,191470,0,53,53,0,0,0
20001027,191822,191822,0,53,53,0,0,0
20001028,191666,191666,0,53,53,0,0,0
20001030,189493,189493,0,53,53,0,0,0
20001031,179834,179834,0,53,53,0,0,0
20001101,185893,185893,0,53,53,0,0,0
20001102,183610,183610,0,53,53,0,0,0
20001103,183790,183790,0,53,53,0,0,0
20001104,183430,183430,0,53,53,0,0,0
20001106,181077,181077,0,53,53,0,0,0
20001107,182164,182164,0,53,53,0,0,0
20001108,181285,181285,0,53,53,0,0,0
20001109,180158,180158,0,53,53,0,0,0
20001110,180241,180241,0,53,53,0,0,0
20001111,180215,180215,0,53,53,0,0,0
20001113,183321,183321,0,53,53,0,0,0
20001114,183874,183874,0,53,53,0,0,0
20001115,182658,182658,0,53,53,0,0,0
20001116,182773,182773,0,53,53,0,0,0
20001117,180903,180903,0,53,53,0,0,0
20001118,180825,180825,0,53,53,0,0,0
20001120,179014,179014,0,53,53,0,0,0
20001121,179567,179567,0,53,53,0,0,0
20001122,176719,176719,0,53,53,0,0,0
20001123,175672,175672,0,53,53,0,0,0
20001124,174851,174851,0,53,53,0,0,0
20001125,174821,174821,0,53,53,0,0,0
20001127,171025,171025,0,53,53,0,0,0
20001128,170148,170148,0,53,53,0,0,0
20001129,166734,166734,0,53,53,0,0,0
20001130,162747,162747,0,53,53,0,0,0
20001201,162382,162382,0,53,53,0,0,0
20001202,162159,162159,0,53,53,0,0,0
20001204,162437,162437,0,53,53,0,0,0
20001205,162774,162774,0,53,53,0,0,0
20001206,159290,159290,0,53,53,0,0,0
20001207,156366,156366,0,53,53,0,0,0
20001208,151503,151503,0,53,53,0,0,0
20001209,151344,151344,0,53,53,0,0,0
20001211,150541,150541,0,53,53,0,0,0
20001212,152393,152393,0,53,53,0,0,0
20001213,150927,150927,0,53,53,0,0,0
20001214,148866,148866,0,53,53,0,0,0
20001215,148367,148367,0,53,53,0,0,0
20001216,148169,148169,0,53,53,0,0,0
20001218,150108,150108,0,53,53,0,0,0
20001219,151414,151414,0,53,53,0,0,0
20001220,147014,147014,0,53,53,0,0,0
20001221,143651,143651,0,53,53,0,0,0
20001222,139830,139830,0,53,53,0,0,0
20001223,124747,124747,0,53,53,0,0,0
20001226,137989,137989,0,53,53,0,0,0
20001227,135274,135274,0,53,53,0,0,0
20001228,131979,131979,0,53,53,0,0,0
20001229,131979,131979,0,53,53,0,0,0
20001230,131319,131319,0,53,53,0,0,0
20010102,130304,130304,0,53,53,0,0,0
20010103,129836,129836,0,53,53,0,0,0
20010104,130335,130335,0,53,53,0,0,0
20010105,129552,129552,0,53,53,0,0,0
20010106,129463,129463,0,53,53,0,0,0
20010108,125213,125213,0,70,70,0,0,0
20010109,122614,122614,0,86,86,0,0,0
20010110,123342,123342,0,103,103,0,0,0
20010111,125730,125730,0,131,131,0,0,0
20010112,126066,126066,0,131,131,0,0,0
20010113,126041,126041,0,131,131,0,0,0
20010115,128607,128607,0,17,17,0,0,0
20010116,132000,132000,0,40,40,0,0,0
20010117,131463,131463,0,67,67,0,0,0
20010118,132198,132198,0,81,81,0,0,0
20010119,132807,132807,0,81,81,0,0,0
20010120,132784,132784,0,81,81,0,0,0
20010122,135233,135233,0,81,81,0,0,0
20010126,138413,138413,0,17,17,0,0,0
20010127,138306,138306,0,17,17,0,0,0
20010129,145148,145148,0,24,24,0,0,0
20010130,144399,144399,0,49,49,0,0,0
20010131,144105,144105,0,49,49,0,0,0
20010201,144771,144771,0,77,77,0,0,0
20010202,142285,142285,0,77,77,0,0,0
20010203,142205,142205,0,77,77,0,0,0
20010205,140959,140959,0,90,90,0,0,0
20010206,141637,141637,0,90,90,0,0,0
20010207,141637,141637,0,90,90,0,0,0
20010208,142384,142384,0,49,49,0,0,0
20010209,144181,144181,0,49,49,0,0,0
20010210,144152,144152,0,49,49,0,0,0
20010212,144579,144579,0,49,49,0,0,0
20010213,144784,144784,0,77,77,0,0,0
20010214,144593,144593,0,77,77,0,0,0
20010215,146346,146346,0,77,77,0,0,0
20010216,147890,147890,0,77,77,0,0,0
20010217,147873,147873,0,77,77,0,0,0
20010219,147099,147099,0,77,77,0,0,0
20010220,145959,145959,0,77,77,0,0,0
20010221,146619,146619,0,77,77,0,0,0
20010222,147182,147182,0,77,77,0,0,0
20010223,148592,148592,0,89,89,0,0,0
20010224,148563,148563,0,89,89,0,0,0
20010226,149301,149301,0,89,89,0,0,0
20010227,149716,149716,0,89,89,0,0,0
20010228,150353,150353,0,89,89,0,0,0
20010302,151774,151774,0,89,89,0,0,0
20010303,151740,151740,0,89,89,0,0,0
20010305,152521,152521,0,89,89,0,0,0
20010306,150352,150352,0,89,89,0,0,0
20010307,150299,150299,0,89,89,0,0,0
20010308,151893,151893,0,89,89,0,0,0
20010309,152151,152151,0,89,89,0,0,0
20010310,152123,152123,0,89,89,0,0,0
20010312,153501,153501,0,89,89,0,0,0
20010313,154074,154074,0,89,89,0,0,0
20010314,151714,151714,0,46,46,0,0,0
20010315,150908,150908,0,29,29,0,0,0
20010316,150707,150707,0,29,29,0,0,0
20010317,150670,150670,0,30,30,0,0,0
20010319,150801,150801,0,30,30,0,0,0
20010320,151614,151614,0,30,30,0,0,0
20010321,151559,151559,0,30,30,0,0,0
20010322,151562,151562,0,30,30,0,0,0
20010323,151369,151369,0,30,30,0,0,0
20010324,151342,151342,0,30,30,0,0,0
20010326,150123,150123,0,30,30,0,0,0
20010327,149261,149261,0,30,30,0,0,0
20010328,151474,151474,0,30,30,0,0,0
20010329,150629,150629,0,32,32,0,0,0
20010330,151177,151177,0,40,40,0,0,0
20010331,151168,151168,0,41,41,0,0,0
20010402,151251,151251,0,17,17,0,0,0
20010403,151000,151000,0,17,17,0,0,0
20010404,150733,150733,0,17,17,0,0,0
20010406,149968,149968,0,18,18,0,0,0
20010407,149952,149952,0,18,18,0,0,0
20010409,149094,149094,0,18,18,0,0,0
20010410,148772,148772,0,17,17,0,0,0
20010411,147276,147276,0,0,0,0,0,0
20010412,146897,146897,0,8,8,0,0,0
20010413,146533,146533,0,8,8,0,0,0
20010414,146375,146375,0,8,8,0,0,0
20010416,146399,146399,0,8,8,0,0,0
20010417,145801,145801,0,8,8,0,0,0
20010418,144059,144059,0,8,8,0,0,0
20010419,142736,142736,0,8,8,0,0,0
20010420,143727,143727,0,8,8,0,0,0
20010421,143664,143664,0,8,8,0,0,0
20010423,138944,138944,0,42,42,0,0,0
20010424,139919,139919,0,8,8,0,0,0
20010425,142011,142011,0,8,8,0,0,0
20010426,142979,142979,0,8,8,0,0,0
20010427,143742,143742,0,8,8,0,0,0
20010428,143694,143694,0,8,8,0,0,0
20010430,143351,143351,0,8,8,0,0,0
20010502,140870,140870,0,8,8,0,0,0
20010503,141682,141682,0,8,8,0,0,0
20010504,142431,142431,0,8,8,0,0,0
20010507,142648,142648,0,14,14,0,0,0
20010508,144287,144287,0,8,8,0,0,0
20010509,144310,144310,0,8,8,0,0,0
20010510,142839,142839,0,23,23,0,0,0
20010511,141870,141870,0,37,37,0,0,0
20010512,141856,141856,0,37,37,0,0,0
20010514,143875,143875,0,37,37,0,0,0
20010515,146399,146399,0,8,8,0,0,0
20010516,146862,146862,0,8,8,0,0,0
20010517,145986,145986,0,38,38,0,0,0
20010518,145056,145056,0,45,45,0,0,0
20010519,144943,144943,0,45,45,0,0,0
20010521,145680,145680,0,45,45,0,0,0
20010522,145972,145972,0,56,56,0,0,0
20010523,148830,148830,0,56,56,0,0,0
20010524,146598,146598,0,56,56,0,0,0
20010525,148227,148227,0,59,59,0,0,0
20010526,148203,148203,0,59,59,0,0,0
20010528,153677,153677,0,59,59,0,0,0
20010529,158318,158318,0,59,59,0,0,0
20010531,158080,158080,0,59,59,0,0,0
20010601,160305,160305,0,59,59,0,0,0
20010602,160263,160263,0,59,59,0,0,0
20010604,159179,159179,0,60,60,0,0,0
20010605,157870,157870,0,31,31,0,0,0
20010607,158083,158083,0,31,31,0,0,0
20010608,158217,158217,0,38,38,0,0,0
20010609,158166,158166,0,38,38,0,0,0
20010611,158423,158423,0,38,38,0,0,0
20010612,162427,162427,0,38,38,0,0,0
20010613,164453,164453,0,45,45,0,0,0
20010614,167009,167009,0,45,45,0,0,0
20010615,168938,168938,0,50,50,0,0,0
20010616,168869,168869,0,50,50,0,0,0
20010618,168869,168869,0,50,50,0,0,0
20010619,172618,172618,0,45,45,0,0,0
20010620,173329,173329,0,29,29,0,0,0
20010621,173624,173624,0,29,29,0,0,0
20010622,173476,173476,0,45,45,0,0,0
20010623,173469,173469,0,45,45,0,0,0
20010625,173482,173482,0,45,45,0,0,0
20010626,175571,175571,0,45,45,0,0,0
20010627,176245,176245,0,45,45,0,0,0
20010628,175614,175614,0,45,45,0,0,0
20010629,174940,174940,0,59,59,0,0,0
20010630,174923,174923,0,59,59,0,0,0
20010702,174471,174471,0,73,73,0,0,0
20010703,175538,175538,0,67,67,0,0,0
20010704,176402,176402,0,50,50,0,0,0
20010705,177293,177293,0,50,50,0,0,0
20010706,176369,176369,0,64,64,0,0,0
20010707,176281,176281,0,64,64,0,0,0
20010709,176935,176935,0,51,51,0,0,0
20010710,175792,175792,0,56,56,0,0,0
20010711,172743,172743,0,58,58,0,0,0
20010712,172067,172067,0,61,61,0,0,0
20010713,173318,173318,0,61,61,0,0,0
20010714,173273,173273,0,61,61,0,0,0
20010716,172013,172013,0,77,77,0,0,0
20010718,174222,174222,0,93,93,0,0,0
20010719,172375,172375,0,85,85,0,0,0
20010720,171021,171021,0,83,83,0,0,0
20010721,170865,170865,0,83,83,0,0,0
20010723,169642,169642,0,48,48,0,0,0
20010724,168906,168906,0,22,22,0,0,0
20010725,165770,165770,0,0,0,0,0,0
20010726,164340,164340,0,37,37,0,0,0
20010727,164870,164870,0,39,39,0,0,0
20010728,164857,164857,0,39,39,0,0,0
20010730,165482,165482,0,39,39,0,0,0
20010731,166378,166378,0,41,41,0,0,0
20010801,165586,165586,0,47,47,0,0,0
20010802,166163,166163,0,47,47,0,0,0
20010803,166812,166812,0,47,47,0,0,0
20010804,166669,166669,0,47,47,0,0,0
20010806,165058,165058,0,56,56,0,0,0
20010807,164799,164799,0,60,60,0,0,0
20010808,165473,165473,0,62,62,0,0,0
20010809,166366,166366,0,62,62,0,0,0
20010810,168312,168312,0,62,62,0,0,0
20010811,168266,168266,0,62,62,0,0,0
20010813,167793,167793,0,88,88,0,0,0
20010814,168373,168373,0,88,88,0,0,0
20010816,168787,168787,0,62,62,0,0,0
20010817,168948,168948,0,67,67,0,0,0
20010818,168932,168932,0,67,67,0,0,0
20010820,166449,166449,0,70,70,0,0,0
20010821,165042,165042,0,70,70,0,0,0
20010822,163374,163374,0,70,70,0,0,0
20010823,164063,164063,0,70,70,0,0,0
20010824,165234,165234,0,69,69,0,0,0
20010825,165217,165217,0,70,70,0,0,0
20010827,161838,161838,0,70,70,0,0,0
20010828,158900,158900,0,70,70,0,0,0
20010829,156700,156700,0,70,70,0,0,0
20010830,155590,155590,0,66,66,0,0,0
20010831,153023,153023,0,104,104,0,0,0
20010901,152960,152960,0,104,104,0,0,0
20010903,149988,149988,0,66,66,0,0,0
20010904,148019,148019,0,49,49,0,0,0
20010905,145847,145847,0,49,49,0,0,0
20010906,146957,146957,0,49,49,0,0,0
20010907,147352,147352,0,49,49,0,0,0
20010908,147249,147249,0,49,49,0,0,0
20010910,147049,147049,0,54,54,0,0,0
20010911,147297,147297,0,54,54,0,0,0
20010912,145734,145734,0,54,54,0,0,0
20010913,143219,143219,0,46,46,0,0,0
20010914,134575,134575,0,53,53,0,0,0
20010915,134504,134504,0,52,52,0,0,0
20010917,130805,130805,0,53,53,0,0,0
20010918,126316,126316,0,53,53,0,0,0
20010919,121406,121406,0,72,72,0,0,0
20010920,124009,124009,0,72,72,0,0,0
20010921,124388,124388,0,105,105,0,0,0
20010922,124178,124178,0,106,106,0,0,0
20010924,122067,122067,0,106,106,0,0,0
20010925,122174,122174,0,106,106,0,0,0
20010926,122253,122253,0,106,106,0,0,0
20010927,122225,122225,0,116,116,0,0,0
20010928,121133,121133,0,116,116,0,0,0
20010929,120987,120987,0,116,116,0,0,0
20011004,122648,122648,0,116,116,0,0,0
20011005,124306,124306,0,144,144,0,0,0
20011006,124207,124207,0,144,144,0,0,0
20011008,123264,123264,0,147,147,0,0,0
20011009,121573,121573,0,156,156,0,0,0
20011010,120611,120611,0,170,170,0,0,0
20011011,122418,122418,0,170,170,0,0,0
20011012,123302,123302,0,170,170,0,0,0
20011013,123264,123264,0,170,170,0,0,0
20011015,123210,123210,0,147,147,0,0,0
20011016,124985,124985,0,135,135,0,0,0
20011017,125323,125323,0,118,118,0,0,0
20011018,125054,125054,0,118,118,0,0,0
20011019,125874,125874,0,140,140,0,0,0
20011020,125866,125866,0,140,140,0,0,0
20011022,125459,125459,0,155,155,0,0,0
20011023,126850,126850,0,142,142,0,0,0
20011024,128021,128021,0,142,142,0,0,0
20011025,129504,129504,0,142,142,0,0,0
20011026,129784,129784,0,152,152,0,0,0
20011027,129713,129713,0,152,152,0,0,0
20011029,130127,130127,0,171,171,0,0,0
20011030,130841,130841,0,171,171,0,0,0
20011031,130616,130616,0,170,170,0,0,0
20011101,131709,131709,0,170,170,0,0,0
20011102,132710,132710,0,170,170,0,0,0
20011103,132688,132688,0,170,170,0,0,0
20011105,133067,133067,0,170,170,0,0,0
20011106,132407,132407,0,170,170,0,0,0
20011107,132396,132396,0,159,159,0,0,0
20011108,132844,132844,0,158,158,0,0,0
20011109,131845,131845,0,158,158,0,0,0
20011110,131812,131812,0,158,158,0,0,0
20011112,132284,132284,0,158,158,0,0,0
20011113,135451,135451,0,158,158,0,0,0
20011114,137381,137381,0,158,158,0,0,0
20011115,137318,137318,0,158,158,0,0,0
20011116,140564,140564,0,158,158,0,0,0
20011117,140523,140523,0,158,158,0,0,0
20011119,141451,141451,0,158,158,0,0,0
20011120,142239,142239,0,134,134,0,0,0
20011121,145634,145634,0,96,96,0,0,0
20011122,143295,143295,0,96,96,0,0,0
20011123,144092,144092,0,204,204,0,0,0
20011124,144082,144082,0,204,204,0,0,0
20011126,151065,151065,0,204,204,0,0,0
20011127,155819,155819,0,96,96,0,0,0
20011128,155400,155400,0,110,110,0,0,0
20011129,158120,158120,0,96,96,0,0,0
20011130,158988,158988,0,95,95,0,0,0
20011201,158957,158957,0,96,96,0,0,0
20011203,162523,162523,0,96,96,0,0,0
20011204,169687,169687,0,96,96,0,0,0
20011205,174832,174832,0,95,95,0,0,0
20011206,180543,180543,0,94,94,0,0,0
20011207,181856,181856,0,119,119,0,0,0
20011208,177366,177366,0,119,119,0,0,0
20011210,179827,179827,0,123,123,0,0,0
20011211,182382,182382,0,144,144,0,0,0
20011212,189346,189346,0,117,117,0,0,0
20011213,189346,189346,0,116,116,0,0,0
20011214,197472,197472,0,91,91,0,0,0
20011215,197436,197436,0,91,91,0,0,0
20011217,205042,205042,0,72,72,0,0,0
20011218,206668,206668,0,72,72,0,0,0
20011219,204039,204039,0,72,72,0,0,0
20011220,202225,202225,0,72,72,0,0,0
20011221,202027,202027,0,72,72,0,0,0
20011222,202005,202005,0,72,72,0,0,0
20011224,208055,208055,0,59,59,0,0,0
20011226,208509,208509,0,59,59,0,0,0
20011227,211931,211931,0,59,59,0,0,0
20011228,211931,211931,0,59,59,0,0,0
20011229,214403,214403,0,54,54,0,0,0
20011231,213960,213960,0,54,54,0,0,0
20020102,216990,216990,0,38,38,0,0,0
20020103,219018,219018,0,38,38,0,0,0
20020104,217145,217145,0,38,38,0,0,0
20020105,217105,217105,0,38,38,0,0,0
20020107,212808,212808,0,43,43,0,0,0
20020108,211720,211720,0,36,36,0,0,0
20020109,214871,214871,0,47,47,0,0,0
20020110,217252,217252,0,28,28,0,0,0
20020111,224733,224733,0,28,28,0,0,0
20020112,224688,224688,0,28,28,0,0,0
20020114,230405,230405,0,28,28,0,0,0
20020115,225948,225948,0,28,28,0,0,0
20020116,230033,230033,0,28,28,0,0,0
20020117,234969,234969,0,28,28,0,0,0
20020118,237126,237126,0,28,28,0,0,0
20020119,237028,237028,0,28,28,0,0,0
20020121,239703,239703,0,28,28,0,0,0
20020122,240315,240315,0,8,8,0,0,0
20020123,242086,242086,0,8,8,0,0,0
20020124,246327,246327,0,8,8,0,0,0
20020125,250701,250701,0,8,8,0,0,0
20020126,250693,250693,0,8,8,0,0,0
20020128,253161,253161,0,8,8,0,0,0
20020129,253204,253204,0,27,27,0,0,0
20020130,253204,253204,0,27,27,0,0,0
20020131,258920,258920,0,26,26,0,0,0
20020201,258133,258133,0,0,0,0,0,0
20020202,258131,258131,0,0,0,0,0,0
20020204,260699,260699,0,0,0,0,0,0
20020205,261618,261618,0,0,0,0,0,0
20020206,259363,259363,0,0,0,0,0,0
20020207,259634,259634,0,0,0,0,0,0
20020208,263762,263762,0,0,0,0,0,0
20020209,263600,263600,0,0,0,0,0,0
20020214,265197,265197,0,0,0,0,0,0
20020215,270829,270829,0,0,0,0,0,0
20020216,267954,267954,0,0,0,0,0,0
20020218,274807,274807,0,9,9,0,0,0
20020219,277320,277320,0,9,9,0,0,0
20020220,280723,280723,0,8,8,0,0,0
20020221,283290,283290,0,9,9,0,0,0
20020222,273029,273029,0,9,9,0,0,0
20020223,272805,272805,0,9,9,0,0,0
20020225,284634,284634,0,9,9,0,0,0
20020226,283431,283431,0,9,9,0,0,0
20020227,286859,286859,0,30,30,0,0,0
20020228,285801,285801,0,28,28,0,0,0
20020302,285723,285723,0,28,28,0,0,0
20020304,289116,289116,0,42,42,0,0,0
20020305,290971,290971,0,56,56,0,0,0
20020306,288641,288641,0,56,56,0,0,0
20020307,285709,285709,0,56,56,0,0,0
20020308,289421,289421,0,28,28,0,0,0
20020309,289397,289397,0,28,28,0,0,0
20020311,291476,291476,0,28,28,0,0,0
20020312,293064,293064,0,9,9,0,0,0
20020313,298803,298803,0,9,9,0,0,0
20020314,305166,305166,0,9,9,0,0,0
20020315,311983,311983,0,8,8,0,0,0
20020316,311977,311977,0,9,9,0,0,0
20020318,317738,317738,0,28,28,0,0,0
20020319,322785,322785,0,38,38,0,0,0
20020320,325930,325930,0,48,48,0,0,0
20020321,329503,329503,0,48,48,0,0,0
20020322,331847,331847,0,59,59,0,0,0
20020323,331765,331765,0,59,59,0,0,0
20020325,333706,333706,0,59,59,0,0,0
20020326,340679,340679,0,59,59,0,0,0
20020327,342989,342989,0,70,70,0,0,0
20020328,340549,340549,0,70,70,0,0,0
20020329,347266,347266,0,59,59,0,0,0
20020330,347235,347235,0,59,59,0,0,0
20020401,350301,350301,0,9,9,0,0,0
20020402,347944,347944,0,0,0,0,0,0
20020403,349039,349039,0,0,0,0,0,0
20020404,352288,352288,0,0,0,0,0,0
20020406,352200,352200,0,0,0,0,0,0
20020408,359981,359981,0,0,0,0,0,0
20020409,362650,362650,0,0,0,0,0,0
20020410,362784,362784,0,0,0,0,0,0
20020411,359582,359582,0,0,0,0,0,0
20020412,361391,361391,0,0,0,0,0,0
20020413,361303,361303,0,0,0,0,0,0
20020415,368868,368868,0,0,0,0,0,0
20020416,373016,373016,0,0,0,0,0,0
20020417,374858,374858,0,0,0,0,0,0
20020418,375864,375864,0,0,0,0,0,0
20020419,374416,374416,0,0,0,0,0,0
20020420,370787,370787,0,0,0,0,0,0
20020422,374737,374737,0,0,0,0,0,0
20020423,376514,376514,0,0,0,0,0,0
20020424,375519,375519,0,0,0,0,0,0
20020425,378954,378954,0,0,0,0,0,0
20020426,383736,383736,0,0,0,0,0,0
20020427,368512,368512,0,0,0,0,0,0
20020429,362656,362656,0,0,0,0,0,0
20020430,350127,350127,0,0,0,0,0,0
20020502,357831,356578,1253,0,0,0,0,0
20020503,355290,352912,2378,0,0,0,0,0
20020504,354660,352727,1933,0,0,0,0,0
20020506,370944,366438,4506,0,0,0,0,0
20020507,373256,367916,5340,0,0,0,0,0
20020508,371822,365478,6344,0,0,0,0,0
20020509,373607,366592,7015,0,0,0,0,0
20020510,379485,370503,8982,0,0,0,0,0
20020511,379404,370423,8981,0,0,0,0,0
20020513,381763,371478,10285,0,0,0,0,0
20020514,379531,368429,11102,0,0,0,0,0
20020515,381373,369341,12032,0,0,0,0,0
20020516,382781,369886,12895,0,0,0,0,0
20020517,380957,366239,14718,0,0,0,0,0
20020518,380889,366171,14718,0,0,0,0,0
20020520,367981,352314,15667,0,0,0,0,0
20020521,382699,366287,16412,0,0,0,0,0
20020522,384700,367128,17572,319,319,0,0,0
20020523,381671,363915,17756,319,319,0,0,0
20020524,382243,363394,18849,319,319,0,0,0
20020525,382154,363305,18849,0,0,0,0,0
20020527,381638,362163,19475,0,0,0,0,0
20020528,379313,359510,19803,0,0,0,0,0
20020529,377086,356754,20332,0,0,0,0,0
20020530,374092,352974,21118,0,0,0,0,0
20020531,373573,351482,22091,0,0,0,0,0
20020601,373430,351339,22091,0,0,0,0,0
20020603,370040,347376,22664,0,0,0,0,0
20020604,368364,345251,23113,0,0,0,0,0
20020605,364108,340423,23685,0,0,0,0,0
20020607,363090,338408,24682,0,0,0,0,0
20020608,362785,338103,24682,0,0,0,0,0
20020610,360979,335363,25616,0,0,0,0,0
20020611,359878,334050,25828,0,0,0,0,0
20020612,358316,331937,26379,0,0,0,0,0
20020614,359598,332653,26945,0,0,0,0,0
20020615,359501,332556,26945,0,0,0,0,0
20020617,359649,331845,27804,0,0,0,0,0
20020618,356357,328094,28263,0,0,0,0,0
20020619,350892,322112,28780,0,0,0,0,0
20020620,347817,318853,28964,0,0,0,0,0
20020621,341544,312860,28684,0,0,0,0,0
20020622,340742,312174,28568,0,0,0,0,0
20020624,338900,309796,29104,0,0,0,0,0
20020625,338508,308556,29952,0,0,0,0,0
20020626,330267,300503,29764,0,0,0,0,0
20020627,321861,292629,29232,0,0,0,0,0
20020628,309467,281061,28406,0,0,0,0,0
20020629,309467,281061,28406,0,0,0,0,0
20020702,304110,275249,28861,0,0,0,0,0
20020703,304669,275410,29259,0,0,0,0,0
20020704,300638,271723,28915,0,0,0,0,0
20020705,300713,271566,29147,0,0,0,0,0
20020708,299286,269542,29744,0,0,0,0,0
20020709,294573,264582,29991,0,0,0,0,0
20020710,287848,257495,30353,0,0,0,0,0
20020711,289524,258803,30721,0,0,0,0,0
20020712,295995,264416,31579,0,0,0,0,0
20020715,297690,265758,31932,0,0,0,0,0
20020716,297356,265012,32344,0,0,0,0,0
20020718,295554,262257,33297,0,0,0,0,0
20020719,292384,258834,33550,0,0,0,0,0
20020722,287874,253882,33992,0,0,0,0,0
20020723,285991,251983,34008,0,0,0,0,0
20020724,278418,245277,33141,0,0,0,0,0
20020725,278572,244765,33807,20,20,0,0,0
20020726,278449,244351,34098,0,0,0,0,0
20020729,276999,242472,34527,0,0,0,0,0
20020730,273566,238930,34636,0,0,0,0,0
20020731,271837,237124,34713,0,0,0,0,0
20020801,275820,240412,35408,0,0,0,0,0
20020802,274936,239383,35553,0,0,0,0,0
20020805,272315,236931,35384,0,0,0,0,0
20020806,271790,236437,35353,0,0,0,0,0
20020807,267785,232783,35002,0,0,0,0,0
20020808,265351,230604,34747,0,0,0,0,0
20020809,264561,229313,35248,0,0,0,0,0
20020812,265041,230004,35037,0,0,0,0,0
20020813,265599,230328,35271,0,0,0,0,0
20020814,261048,226106,34942,0,0,0,0,0
20020816,259969,224926,35043,0,0,0,0,0
20020819,257717,222387,35330,0,0,0,0,0
20020820,252804,217196,35608,0,0,0,0,0
20020821,249287,213709,35578,0,0,0,0,0
20020822,247589,211234,36355,0,0,0,0,0
20020823,248436,211543,36893,0,0,0,0,0
20020826,245262,208492,36770,0,0,0,0,0
20020827,241594,205106,36488,0,0,0,0,0
20020828,240834,204329,36505,0,0,0,0,0
20020829,242719,206267,36452,0,0,0,0,0
20020830,244503,208188,36315,0,0,0,0,0
20020902,247348,210398,36950,0,0,0,0,0
20020903,254567,217194,37373,0,0,0,0,0
20020904,253841,216282,37559,0,0,0,0,0
20020905,252727,214393,38334,0,0,0,0,0
20020906,251837,213766,38071,0,0,0,0,0
20020909,251533,213510,38023,0,0,0,0,0
20020910,248587,211237,37350,0,0,0,0,0
20020911,242304,206258,36046,0,0,0,0,0
20020912,242437,206622,35815,0,0,0,0,0
20020913,245488,208990,36498,0,0,0,0,0
20020916,243452,206936,36516,0,0,0,0,0
20020917,242605,206057,36548,0,0,0,0,0
20020918,241428,204742,36686,0,0,0,0,0
20020919,245280,209019,36261,0,0,0,0,0
20020923,245473,209268,36205,0,0,0,0,0
20020924,245237,208882,36355,0,0,0,0,0
20020925,240212,204282,35930,0,0,0,0,0
20020926,238188,202404,35784,0,0,0,0,0
20020927,238159,202493,35666,0,0,0,0,0
20020930,236926,201690,35236,0,0,0,0,0
20021001,234407,199563,34844,0,0,0,0,0
20021002,228987,194980,34007,0,0,0,0,0
20021004,228663,194671,33992,0,0,0,0,0
20021007,225433,191870,33563,0,0,0,0,0
20021008,222931,189588,33343,0,0,0,0,0
20021009,218936,185913,33023,0,0,0,0,0
20021010,216151,183556,32595,0,0,0,0,0
20021011,214121,181746,32375,0,0,0,0,0
20021014,213431,181107,32324,2,2,0,0,0
20021015,212691,181040,31651,2,2,0,0,0
20021016,212236,180948,31288,0,0,0,0,0
20021017,211192,179777,31415,0,0,0,0,0
20021018,207450,176499,30951,0,0,0,0,0
20021021,207209,176423,30786,0,0,0,0,0
20021022,205155,174312,30843,0,0,0,0,0
20021023,203740,172808,30932,0,0,0,0,0
20021024,204593,173148,31445,0,0,0,0,0
20021025,206778,175456,31322,0,0,0,0,0
20021028,208404,176744,31660,0,0,0,0,0
20021029,207530,175647,31883,0,0,0,0,0
20021030,209578,177044,32534,0,0,0,0,0
20021031,208113,175334,32779,0,0,0,0,0
20021101,207003,174614,32389,0,0,0,0,0
20021104,206172,174109,32063,0,0,0,0,0
20021105,207655,175574,32081,0,0,0,0,0
20021106,210556,178465,32091,0,0,0,0,0
20021107,209543,177679,31864,0,0,0,0,0
20021108,208303,176412,31891,0,0,0,0,0
20021111,206075,174072,32003,0,0,0,0,0
20021112,207950,175787,32163,0,0,0,0,0
20021113,208362,175910,32452,0,0,0,0,0
20021114,208128,175537,32591,0,0,0,0,0
20021115,208258,175679,32579,0,0,0,0,0
20021118,208150,176286,31864,0,0,0,0,0
20021119,209313,177656,31657,0,0,0,0,0
20021120,206258,174956,31302,0,0,0,0,0
20021121,205389,173860,31529,0,0,0,0,0
20021122,204118,172442,31676,0,0,0,0,0
20021125,200247,169693,30554,0,0,0,0,0
20021126,194517,163719,30798,0,0,0,0,0
20021127,195424,164136,31288,0,0,0,0,0
20021128,199954,167738,32216,0,0,0,0,0
20021129,204917,172477,32440,0,0,0,0,0
20021202,205620,173661,31959,0,0,0,0,0
20021203,207160,174982,32178,0,0,0,0,0
20021204,212845,179219,33626,0,0,0,0,0
20021205,213256,179502,33754,0,0,0,0,0
20021206,208281,174585,33696,0,0,0,0,0
20021209,208337,173825,34512,0,0,0,0,0
20021210,210777,175433,35344,0,0,0,0,0
20021211,207837,172426,35411,0,0,0,0,0
20021212,209131,173468,35663,0,0,0,0,0
20021213,213569,177400,36169,0,0,0,0,0
20021216,216784,179887,36897,0,0,0,0,0
20021217,222214,183780,38434,0,0,0,0,0
20021218,223537,185215,38322,0,0,0,0,0
20021220,225952,187624,38328,0,0,0,0,0
20021223,232680,193768,38912,0,0,0,0,0
20021224,228739,190293,38446,0,0,0,0,0
20021226,222353,184698,37655,0,0,0,0,0
20021227,220971,183509,37462,0,0,0,0,0
20021230,220601,182936,37665,0,0,0,0,0
20021231,220465,182823,37642,0,0,0,0,0
20030102,219433,181748,37685,0,0,0,0,0
20030103,216909,179653,37256,0,0,0,0,0
20030106,220199,181765,38434,0,0,0,0,0
20030107,222866,184208,38658,0,0,0,0,0
20030108,221451,183150,38301,0,0,0,0,0
20030109,220257,182747,37510,0,0,0,0,0
20030110,219923,182492,37431,0,0,0,0,0
20030113,223356,185375,37981,0,0,0,0,0
20030114,220459,182710,37749,0,0,0,0,0
20030115,219081,181453,37628,0,0,0,0,0
20030116,220538,182379,38159,0,0,0,0,0
20030117,220162,182227,37935,0,0,0,0,0
20030120,216960,178973,37987,0,0,0,0,0
20030121,214585,177089,37496,0,0,0,0,0
20030122,211595,174523,37072,0,0,0,0,0
20030123,211007,174071,36936,0,0,0,0,0
20030124,207846,171670,36176,0,0,0,0,0
20030127,205845,170114,35731,0,0,0,0,0
20030128,202080,167102,34978,0,0,0,0,0
20030129,200817,165944,34873,0,0,0,0,0
20030130,200726,165665,35061,0,0,0,0,0
20030203,199375,164414,34961,0,0,0,0,0
20030204,199418,164389,35029,0,0,0,0,0
20030205,199829,164547,35282,0,0,0,0,0
20030206,199369,163939,35430,0,0,0,0,0
20030207,197814,162655,35159,0,0,0,0,0
20030210,196309,161013,35296,0,0,0,0,0
20030211,195300,159929,35371,0,0,0,0,0
20030212,193284,157660,35624,0,0,0,0,0
20030213,192112,156445,35667,0,0,0,0,0
20030214,192298,156463,35835,0,0,0,0,0
20030217,191162,155179,35983,0,0,0,0,0
20030218,192473,156079,36394,0,0,0,0,0
20030219,195465,158069,37396,0,0,0,0,0
20030220,194762,157381,37381,0,0,0,0,0
20030221,190755,154084,36671,0,0,0,0,0
20030224,188443,151480,36963,0,0,0,0,0
20030225,190635,152919,37716,0,0,0,0,0
20030226,187643,149436,38207,0,0,0,0,0
20030227,184802,146398,38404,0,0,0,0,0
20030228,182366,144265,38101,0,0,0,0,0
20030303,179930,142791,37139,0,0,0,0,0
20030304,179843,142562,37281,0,0,0,0,0
20030305,176684,139698,36986,0,0,0,0,0
20030306,174164,138036,36128,0,0,0,0,0
20030307,169877,135195,34682,0,0,0,0,0
20030310,166162,131717,34445,0,0,0,0,0
20030311,165664,131543,34121,0,0,0,0,0
20030312,161544,128425,33119,0,0,0,0,0
20030313,157888,125057,32831,0,0,0,0,0
20030314,157963,124498,33465,0,0,0,0,0
20030317,156361,123417,32944,0,0,0,0,0
20030318,157885,125416,32469,0,0,0,0,0
20030319,152809,121246,31563,0,0,0,0,0
20030320,156187,124101,32086,0,0,0,0,0
20030321,156671,124602,32069,0,0,0,0,0
20030324,160000,128706,31294,0,0,0,0,0
20030325,161389,130126,31263,0,0,0,0,0
20030326,158984,128231,30753,0,0,0,0,0
20030327,156700,126302,30398,0,0,0,0,0
20030328,158259,126649,31610,0,0,0,0,0
20030331,158144,126415,31729,0,0,0,0,0
20030401,161578,129546,32032,0,0,0,0,0
20030402,157805,126953,30852,0,0,0,0,0
20030403,159242,128811,30431,0,0,0,0,0
20030404,161359,130562,30797,0,0,0,0,0
20030407,161009,130834,30175,0,0,0,0,0
20030408,162625,132514,30111,0,0,0,0,0
20030409,164710,133349,31361,0,0,0,0,0
20030410,160612,129733,30879,0,0,0,0,0
20030411,159748,129697,30051,0,0,0,0,0
20030414,162680,132242,30438,0,0,0,0,0
20030415,163484,132697,30787,0,0,0,0,0
20030416,163876,132205,31671,0,0,0,0,0
20030417,162857,130721,32136,0,0,0,0,0
20030418,163591,131017,32574,0,0,0,0,0
20030421,163951,132061,31890,0,0,0,0,0
20030422,166774,134198,32576,0,0,0,0,0
20030423,168211,134624,33587,0,0,0,0,0
20030424,171991,137876,34115,0,0,0,0,0
20030425,172489,138662,33827,0,0,0,0,0
20030428,176349,142034,34315,0,0,0,0,0
20030429,177986,143327,34659,0,0,0,0,0
20030430,177892,143406,34486,0,0,0,0,0
20030502,180435,144629,35806,0,0,0,0,0
20030506,176947,140707,36240,0,0,0,0,0
20030507,175956,139167,36789,0,0,0,0,0
20030509,177034,138974,38060,0,0,0,0,0
20030512,177962,139425,38537,0,0,0,0,0
20030513,181701,142124,39577,0,0,0,0,0
20030514,179738,139901,39837,0,0,0,0,0
20030515,177549,138221,39328,0,0,0,0,0
20030516,178468,139480,38988,0,0,0,0,0
20030519,181045,141482,39563,0,0,0,0,0
20030520,182002,142321,39681,0,0,0,0,0
20030521,181582,142106,39476,0,0,0,0,0
20030522,184769,144301,40468,0,0,0,0,0
20030523,185796,144548,41248,0,0,0,0,0
20030526,184080,143290,40790,0,0,0,0,0
20030527,183681,142590,41091,0,0,0,0,0
20030528,183436,141991,41445,0,0,0,0,0
20030529,184062,142491,41571,0,0,0,0,0
20030530,178091,138485,39606,0,0,0,0,0
20030602,174175,135041,39134,0,0,0,0,0
20030603,176888,136216,40672,0,0,0,0,0
20030604,178611,136590,42021,0,0,0,0,0
20030605,177454,135891,41563,0,0,0,0,0
20030609,179869,137165,42704,0,0,0,0,0
20030610,180260,137504,42756,0,0,0,0,0
20030611,180852,137995,42857,0,0,0,0,0
20030612,185846,141788,44058,0,0,0,0,0
20030613,185692,141282,44410,0,0,0,0,0
20030616,190326,144647,45679,0,0,0,0,0
20030617,193115,146852,46263,0,0,0,0,0
20030618,195606,148133,47473,0,0,0,0,0
20030619,197678,149553,48125,0,0,0,0,0
20030620,197980,149463,48517,0,0,0,0,0
20030623,204186,154043,50143,0,0,0,0,0
20030624,210469,159498,50971,0,0,0,0,0
20030625,209750,158671,51079,0,0,0,0,0
20030626,212364,160459,51905,0,0,0,0,0
20030627,215150,162488,52662,0,0,0,0,0
20030630,217770,164394,53376,0,0,0,0,0
20030701,217318,163482,53836,0,0,0,0,0
20030702,217536,163557,53979,0,0,0,0,0
20030703,220123,165250,54873,0,0,0,0,0
20030704,219797,165232,54565,0,0,0,0,0
20030707,214237,160609,53628,0,0,0,0,0
20030708,215686,161579,54107,0,0,0,0,0
20030709,221008,165293,55715,0,0,0,0,0
20030710,219305,164035,55270,0,0,0,0,0
20030711,220969,164782,56187,0,0,0,0,0
20030714,227274,170605,56669,0,0,0,0,0
20030715,229598,171669,57929,0,0,0,0,0
20030716,232667,173654,59013,0,0,0,0,0
20030718,232445,173893,58552,0,0,0,0,0
20030721,230313,172534,57779,0,0,0,0,0
20030722,231812,170403,61409,0,0,0,0,0
20030723,231518,173151,58367,0,0,0,0,0
20030724,227065,169070,57995,0,0,0,0,0
20030725,228421,169868,58553,0,0,0,0,0
20030728,230278,171405,58873,0,0,0,0,0
20030729,230884,172019,58865,0,0,0,0,0
20030730,232975,173718,59257,0,0,0,0,0
20030731,233288,174280,59008,0,0,0,0,0
20030801,233765,174475,59290,0,0,0,0,0
20030804,234639,174770,59869,0,0,0,0,0
20030805,237604,177282,60322,0,0,0,0,0
20030806,236526,175961,60565,0,0,0,0,0
20030807,236064,175301,60763,0,0,0,0,0
20030808,235558,174244,61314,0,0,0,0,0
20030811,236134,174768,61366,0,0,0,0,0
20030812,235842,174047,61795,0,0,0,0,0
20030813,234484,172617,61867,0,0,0,0,0
20030814,235076,172826,62250,0,0,0,0,0
20030818,234755,172637,62118,0,0,0,0,0
20030819,234756,172637,62119,0,0,0,0,0
20030820,237654,174970,62684,0,0,0,0,0
20030821,237027,173880,63147,0,0,0,0,0
20030822,235896,172380,63516,0,0,0,0,0
20030825,236399,172961,63438,0,0,0,0,0
20030826,240012,175056,64956,0,0,0,0,0
20030827,242520,176731,65789,0,0,0,0,0
20030828,246600,179886,66714,0,0,0,0,0
20030829,247084,179751,67333,0,0,0,0,0
20030901,244435,177304,67131,0,0,0,0,0
20030902,245943,178822,67121,0,0,0,0,0
20030903,250468,182396,68072,0,0,0,0,0
20030904,250700,183228,67472,0,0,0,0,0
20030905,247736,180618,67118,0,0,0,0,0
20030908,245315,178416,66899,0,0,0,0,0
20030909,246543,179189,67354,0,0,0,0,0
20030915,248388,180929,67459,0,0,0,0,0
20030916,254247,186988,67259,0,0,0,0,0
20030917,251821,184758,67063,0,0,0,0,0
20030918,251459,184065,67394,0,0,0,0,0
20030919,252627,184746,67881,0,0,0,0,0
20030922,249706,182069,67637,0,0,0,0,0
20030923,246050,179215,66835,0,0,0,0,0
20030924,240885,175224,65661,0,0,0,0,0
20030925,243735,178132,65603,0,0,0,0,0
20030926,246347,180314,66033,0,0,0,0,0
20030929,246997,181077,65920,0,0,0,0,0
20030930,247120,181453,65667,0,0,0,0,0
20031001,245853,180737,65116,0,0,0,0,0
20031002,245450,180626,64824,0,0,0,0,0
20031006,242475,178614,63861,0,0,0,0,0
20031007,239856,177150,62706,0,0,0,0,0
20031008,238456,176257,62199,0,0,0,0,0
20031009,237205,175286,61919,0,0,0,0,0
20031010,235164,173488,61676,0,0,0,0,0
20031013,233150,171555,61595,0,0,0,0,0
20031014,230635,168769,61866,0,0,0,0,0
20031015,227835,166628,61207,0,0,0,0,0
20031016,228043,167178,60865,0,0,0,0,0
20031017,227381,166930,60451,0,0,0,0,0
20031020,228868,168571,60297,0,0,0,0,0
20031021,227648,167463,60185,0,0,0,0,0
20031022,226294,166776,59518,0,0,0,0,0
20031023,226138,167136,59002,0,0,0,0,0
20031024,227292,167386,59906,0,0,0,0,0
20031027,227783,167760,60023,0,0,0,0,0
20031028,228221,168653,59568,0,0,0,0,0
20031029,231558,171806,59752,0,0,0,0,0
20031030,233489,174049,59440,0,0,0,0,0
20031031,226953,168776,58177,0,0,0,0,0
20031103,226966,168942,58024,0,0,0,0,0
20031104,227997,170135,57862,0,0,0,0,0
20031105,229307,171827,57480,0,0,0,0,0
20031106,227156,170488,56668,0,0,0,0,0
20031107,226442,170910,55532,0,0,0,0,0
20031110,223365,168206,55159,0,0,0,0,0
20031111,223347,168082,55265,0,0,0,0,0
20031112,226149,170654,55495,0,0,0,0,0
20031113,229072,173195,55877,0,0,0,0,0
20031114,231716,175453,56263,0,0,0,0,0
20031117,233807,177038,56769,0,0,0,0,0
20031118,235019,178316,56703,0,0,0,0,0
20031119,234395,177938,56457,0,0,0,0,0
20031120,234802,178820,55982,0,0,0,0,0
20031121,232577,176938,55639,0,0,0,0,0
20031124,231558,176253,55305,0,0,0,0,0
20031125,232895,177094,55801,0,0,0,0,0
20031126,228540,173446,55094,0,0,0,0,0
20031127,230576,175218,55358,0,0,0,0,0
20031128,231432,175946,55486,0,0,0,0,0
20031201,230124,174477,55647,0,0,0,0,0
20031202,230677,174918,55759,0,0,0,0,0
20031203,229898,173843,56055,0,0,0,0,0
20031204,226643,171421,55222,0,0,0,0,0
20031205,223383,168172,55211,0,0,0,0,0
20031208,224164,168501,55663,0,0,0,0,0
20031209,223465,167765,55700,0,0,0,0,0
20031210,223085,167606,55479,0,0,0,0,0
20031211,226540,170255,56285,0,0,0,0,0
20031212,234659,177723,56936,0,0,0,0,0
20031215,236977,179554,57423,0,0,0,0,0
20031216,235811,178644,57167,0,0,0,0,0
20031217,234319,176958,57361,0,0,0,0,0
20031218,234718,177624,57094,0,0,0,0,0
20031219,234289,177886,56403,0,0,0,0,0
20031222,234843,178269,56574,0,0,0,0,0
20031223,236199,179565,56634,0,0,0,0,0
20031224,234678,179055,55623,0,0,0,0,0
20031226,233527,178068,55459,0,0,0,0,0
20031229,232723,177165,55558,0,0,0,0,0
20031230,233991,177706,56285,0,0,0,0,0
20031231,233948,177674,56274,0,0,0,0,0
20040102,235008,177959,57049,0,0,0,0,0
20040105,237906,180629,57277,0,0,0,0,0
20040106,235946,178927,57019,0,0,0,0,0
20040107,235131,177673,57458,0,0,0,0,0
20040108,234017,176627,57390,0,0,0,0,0
20040109,233458,176454,57004,0,0,0,0,0
20040112,232280,175308,56972,0,0,0,0,0
20040113,229216,172476,56740,0,0,0,0,0
20040114,229844,173768,56076,0,0,0,0,0
20040115,231885,176491,55394,0,0,0,0,0
20040116,232308,177586,54722,0,0,0,0,0
20040119,230613,176003,54610,0,0,0,0,0
20040120,230968,176486,54482,0,0,0,0,0
20040126,231369,177587,53782,0,0,0,0,0
20040127,232624,179073,53551,0,0,0,0,0
20040128,231550,178790,52760,0,0,0,0,0
20040129,232916,180314,52602,0,0,0,0,0
20040130,232586,180237,52349,0,0,0,0,0
20040202,232514,180078,52436,0,0,0,0,0
20040203,234174,181479,52695,0,0,0,0,0
20040204,234119,182158,51961,0,0,0,0,0
20040205,230923,179159,51764,0,0,0,0,0
20040206,229303,177764,51539,0,0,0,0,0
20040209,228886,178084,50802,0,0,0,0,0
20040210,230931,180284,50647,0,0,0,0,0
20040211,229981,179083,50898,0,0,0,0,0
20040212,227576,177352,50224,0,0,0,0,0
20040213,228062,177711,50351,0,0,0,0,0
20040216,225859,175609,50250,0,0,0,0,0
20040217,226470,175783,50687,0,0,0,0,0
20040218,225618,175047,50571,0,0,0,0,0
20040219,226308,175875,50433,0,0,0,0,0
20040220,226260,175570,50690,0,0,0,0,0
20040223,225947,175480,50467,0,0,0,0,0
20040224,227616,176992,50624,0,0,0,0,0
20040225,229150,178427,50723,112,112,0,0,0
20040226,227714,176944,50770,107,107,0,0,0
20040227,227810,176729,51081,115,115,0,0,0
20040302,226801,175894,50907,21,21,0,0,0
20040303,227768,176458,51310,17,17,0,0,0
20040304,227537,175793,51744,50,50,0,0,0
20040305,228309,176346,51963,13,13,0,0,0
20040308,227880,176376,51504,59,59,0,0,0
20040309,227469,176462,51007,113,113,0,0,0
20040310,227362,176939,50423,115,115,0,0,0
20040311,227139,176708,50431,37,37,0,0,0
20040312,230301,179824,50477,12,12,0,0,0
20040315,233181,183049,50132,7,7,0,0,0
20040316,231442,181937,49505,6,6,0,0,0
20040317,228853,179607,49246,6,6,0,0,0
20040318,228028,178828,49200,7,7,0,0,0
20040319,229809,180859,48950,47,47,0,0,0
20040322,230754,181822,48932,46,46,0,0,0
20040323,231150,181878,49272,51,51,0,0,0
20040324,230651,181648,49003,87,87,0,0,0
20040325,232903,183829,49074,72,72,0,0,0
20040326,234613,185183,49430,77,77,0,0,0
20040329,231979,183200,48779,51,51,0,0,0
20040330,231189,182200,48989,51,51,0,0,0
20040331,231397,182469,48928,107,107,0,0,0
20040401,231190,181943,49247,109,109,0,0,0
20040402,231599,181992,49607,127,127,0,0,0
20040406,231269,181892,49377,126,126,0,0,0
20040407,228833,179650,49183,148,148,0,0,0
20040408,222350,173160,49190,168,168,0,0,0
20040409,218428,169458,48970,198,198,0,0,0
20040412,220868,171687,49181,191,191,0,0,0
20040413,222083,172758,49325,160,160,0,0,0
20040414,220415,170573,49842,179,179,0,0,0
20040416,217466,167997,49469,174,174,0,0,0
20040419,217234,167698,49536,206,206,0,0,0
20040420,222040,171930,50110,193,193,0,0,0
20040421,223052,173439,49613,146,146,0,0,0
20040422,224465,174559,49906,146,146,0,0,0
20040423,224924,174626,50298,151,151,0,0,0
20040426,224765,174408,50357,205,205,0,0,0
20040427,223130,172896,50234,123,123,0,0,0
20040428,220761,170297,50464,177,177,0,0,0
20040429,220170,171080,49090,158,158,0,0,0
20040430,220896,171324,49572,147,147,0,0,0
20040503,221621,171008,50613,80,80,0,0,0
20040504,225567,174633,50934,57,57,0,0,0
20040506,226137,174937,51200,101,101,0,0,0
20040507,228090,177214,50876,62,62,0,0,0
20040510,223939,174293,49646,20,20,0,0,0
20040511,221392,171502,49890,9,9,0,0,0
20040512,219725,171258,48467,0,0,0,0,0
20040513,219537,171448,48089,33,33,0,0,0
20040514,218689,171003,47686,32,32,0,0,0
20040517,219277,171909,47368,32,32,0,0,0
20040518,216361,169670,46691,32,32,0,0,0
20040519,208135,163320,44815,27,27,0,0,0
20040520,207232,162458,44774,18,18,0,0,0
20040521,208748,163112,45636,14,14,0,0,0
20040524,204805,159274,45531,45,45,0,0,0
20040525,205333,159517,45816,64,64,0,0,0
20040527,205203,159205,45998,128,128,0,0,0
20040528,201096,156641,44455,139,139,0,0,0
20040531,199465,155005,44460,79,79,0,0,0
20040601,197971,153871,44100,111,111,0,0,0
20040602,199668,155765,43903,179,179,0,0,0
20040603,198888,154444,44444,206,206,0,0,0
20040604,199470,154780,44690,125,125,0,0,0
20040607,194987,151002,43985,43,43,0,0,0
20040608,194140,150525,43615,65,65,0,0,0
20040609,193808,150231,43577,60,60,0,0,0
20040610,191081,147925,43156,88,88,0,0,0
20040611,189810,146631,43179,25,25,0,0,0
20040614,190869,148113,42756,12,12,0,0,0
20040615,191683,149377,42306,97,97,0,0,0
20040616,184374,143421,40953,122,122,0,0,0
20040617,181898,141526,40372,141,141,0,0,0
20040618,180284,139538,40746,201,201,0,0,0
20040621,179032,138312,40720,253,253,0,0,0
20040622,178251,138089,40162,238,238,0,0,0
20040623,173805,134494,39311,321,321,0,0,0
20040624,172130,133342,38788,364,364,0,0,0
20040625,170734,132712,38022,377,377,0,0,0
20040628,170115,132007,38108,377,377,0,0,0
20040629,169403,131461,37942,344,344,0,0,0
20040630,169240,131658,37582,345,345,0,0,0
20040701,168637,131276,37361,349,349,0,0,0
20040702,169621,131568,38053,375,375,0,0,0
20040705,169021,131155,37866,380,380,0,0,0
20040706,167900,130165,37735,320,320,0,0,0
20040707,167270,129399,37871,351,351,0,0,0
20040708,166351,128116,38235,460,460,0,0,0
20040709,164829,126598,38231,499,499,0,0,0
20040712,164590,126473,38117,386,386,0,0,0
20040713,163257,125626,37631,297,297,0,0,0
20040714,159577,122973,36604,387,387,0,0,0
20040715,157496,121131,36365,385,385,0,0,0
20040716,156525,120459,36066,382,382,0,0,0
20040719,152835,117341,35494,311,311,0,0,0
20040720,153021,117753,35268,339,339,0,0,0
20040721,150059,114965,35094,474,474,0,0,0
20040722,148615,113764,34851,604,604,0,0,0
20040723,145518,111226,34292,715,715,0,0,0
20040726,141721,108095,33626,747,747,0,0,0
20040727,139859,106501,33358,768,768,0,0,0
20040728,135746,103458,32288,815,815,0,0,0
20040729,133280,101378,31902,751,751,0,0,0
20040730,129898,99162,30736,634,634,0,0,0
20040802,125304,95511,29793,527,527,0,0,0
20040803,123122,93765,29357,517,517,0,0,0
20040804,120833,92395,28438,546,546,0,0,0
20040805,118122,89964,28158,623,623,0,0,0
20040806,116761,88882,27879,593,593,0,0,0
20040809,116741,88766,27975,358,358,0,0,0
20040810,115282,87750,27532,442,442,0,0,0
20040811,113765,86360,27405,534,534,0,0,0
20040812,113777,86286,27491,589,589,0,0,0
20040813,112432,85236,27196,600,600,0,0,0
20040816,110861,83865,26996,622,622,0,0,0
20040817,110885,83760,27125,622,622,0,0,0
20040818,110442,83420,27022,578,578,0,0,0
20040819,111904,84695,27209,552,552,0,0,0
20040820,112982,85576,27406,471,471,0,0,0
20040823,111786,84362,27424,499,499,0,0,0
20040824,110918,83265,27653,524,524,0,0,0
20040825,110773,83219,27554,562,562,0,0,0
20040826,111871,84074,27797,508,508,0,0,0
20040827,113383,85497,27886,425,425,0,0,0
20040830,110875,83532,27343,410,410,0,0,0
20040831,111824,84293,27531,377,377,0,0,0
20040901,110367,82854,27513,421,421,0,0,0
20040902,110702,83138,27564,374,374,0,0,0
20040903,113834,85621,28213,354,354,0,0,0
20040906,114676,86272,28404,386,386,0,0,0
20040907,115287,86960,28327,526,526,0,0,0
20040908,115258,86917,28341,422,422,0,0,0
20040909,117194,88777,28417,550,550,0,0,0
20040910,118637,89510,29127,533,533,0,0,0
20040913,119580,90477,29103,646,646,0,0,0
20040914,121112,90995,30117,387,387,0,0,0
20040915,119683,89435,30248,443,443,0,0,0
20040916,119289,89213,30076,577,577,0,0,0
20040917,121377,90933,30444,449,449,0,0,0
20040920,123085,92549,30536,465,465,0,0,0
20040921,124148,93503,30645,474,474,0,0,0
20040922,124589,94482,30107,487,487,0,0,0
20040923,126588,96343,30245,436,436,0,0,0
20040924,126453,96609,29844,421,421,0,0,0
20040930,127650,98153,29497,402,402,0,0,0
20041001,130469,100614,29855,343,343,0,0,0
20041004,129767,100218,29549,347,347,0,0,0
20041005,130470,100871,29599,352,352,0,0,0
20041006,129111,98997,30114,363,363,0,0,0
20041007,127709,97931,29778,611,611,0,0,0
20041008,126901,97082,29819,622,622,0,0,0
20041011,126729,97255,29474,598,598,0,0,0
20041012,129533,100142,29391,584,584,0,0,0
20041013,133201,103650,29551,594,594,0,0,0
20041014,136305,106717,29588,351,351,0,0,0
20041015,140715,110995,29720,325,325,0,0,0
20041018,144159,114079,30080,304,304,0,0,0
20041019,147898,117378,30520,319,319,0,0,0
20041020,149169,118599,30570,311,311,0,0,0
20041021,149260,118850,30410,346,346,0,0,0
20041022,147937,117531,30406,329,329,0,0,0
20041025,146629,116391,30238,321,321,0,0,0
20041026,147560,117260,30300,342,342,0,0,0
20041027,149108,118348,30760,389,389,0,0,0
20041028,152336,121421,30915,420,420,0,0,0
20041029,151437,120637,30800,352,352,0,0,0
20041101,151205,120208,30997,361,361,0,0,0
20041102,151695,120533,31162,403,403,0,0,0
20041103,151280,120223,31057,480,480,0,0,0
20041104,150106,119505,30601,440,440,0,0,0
20041105,152277,121407,30870,486,486,0,0,0
20041108,151304,120027,31277,410,410,0,0,0
20041109,150628,119296,31332,389,389,0,0,0
20041110,149487,118248,31239,419,419,0,0,0
20041111,151444,120375,31069,414,414,0,0,0
20041112,152081,120695,31386,444,444,0,0,0
20041115,153445,121764,31681,519,519,0,0,0
20041116,152335,120062,32273,533,533,0,0,0
20041117,153040,120692,32348,559,559,0,0,0
20041118,152231,121361,30870,486,486,0,0,0
20041119,152910,120266,32644,673,673,0,0,0
20041122,152878,120234,32644,673,673,0,0,0
20041123,157248,124093,33155,686,686,0,0,0
20041124,158803,125632,33171,560,560,0,0,0
20041125,161650,128638,33012,555,555,0,0,0
20041126,162908,128930,33978,535,535,0,0,0
20041129,162545,128335,34210,687,687,0,0,0
20041130,160790,126440,34350,845,845,0,0,0
20041201,160763,126531,34232,928,928,0,0,0
20041202,164046,130492,33554,1003,1003,0,0,0
20041203,166972,133287,33685,1208,1208,0,0,0
20041206,163876,130465,33411,1161,1161,0,0,0
20041207,163890,130319,33571,1238,1238,0,0,0
20041208,164168,130881,33287,1124,1124,0,0,0
20041209,164415,130113,34302,1193,1193,0,0,0
20041210,165942,131170,34772,1207,1207,0,0,0
20041213,169878,134684,35194,1132,1132,0,0,0
20041214,168246,132936,35310,983,983,0,0,0
20041215,166205,131022,35183,931,931,0,0,0
20041216,166086,130339,35747,1167,1167,0,0,0
20041217,167284,131217,36067,1287,1287,0,0,0
20041220,166899,130079,36820,1455,1455,0,0,0
20041221,166230,129675,36555,1505,1505,0,0,0
20041222,166328,129784,36544,1345,1345,0,0,0
20041223,166683,130399,36284,1393,1393,0,0,0
20041224,166381,129758,36623,1393,1393,0,0,0
20041227,166882,130200,36682,1318,1318,0,0,0
20041228,169804,132703,37101,1106,1106,0,0,0
20041229,173065,135131,37934,1027,1027,0,0,0
20041230,173387,135071,38316,1240,1240,0,0,0
20041231,173328,135016,38312,1240,1240,0,0,0
20050103,172446,133302,39144,1026,1026,0,0,0
20050104,172590,133216,39374,1121,1121,0,0,0
20050105,173271,133608,39663,1115,1115,0,0,0
20050106,171473,131550,39923,1138,1138,0,0,0
20050107,172838,132040,40798,1152,1152,0,0,0
20050110,171932,132601,39331,1102,1102,0,0,0
20050111,170934,131708,39226,1146,1146,0,0,0
20050112,173682,132272,41410,1037,1037,0,0,0
20050113,174383,132029,42354,974,974,0,0,0
20050114,173938,131534,42404,989,989,0,0,0
20050117,176646,133009,43637,1021,1021,0,0,0
20050118,179392,134637,44755,1322,1322,0,0,0
20050119,177569,132336,45233,1436,1436,0,0,0
20050120,178503,132959,45544,1525,1525,0,0,0
20050121,181949,134538,47411,1536,1536,0,0,0
20050124,182789,135035,47754,1426,1426,0,0,0
20050125,187026,137067,49959,1224,1224,0,0,0
20050126,188826,137034,51792,1238,1238,0,0,0
20050127,189635,137484,52151,1085,1085,0,0,0
20050128,190640,138471,52169,1212,1212,0,0,0
20050131,190945,137767,53178,1402,1402,0,0,0
20050201,198934,140425,58509,1202,1202,0,0,0
20050202,197587,141305,56282,1241,1241,0,0,0
20050203,197412,140787,56625,1495,1495,0,0,0
20050204,197768,140914,56854,1224,1224,0,0,0
20050207,199747,141751,57996,1294,1294,0,0,0
20050211,202947,143515,59432,1284,1284,0,0,0
20050214,208076,146958,61118,1234,1234,0,0,0
20050215,207647,147141,60506,1292,1292,0,0,0
20050216,205593,143322,62271,1386,1386,0,0,0
20050217,205811,143639,62172,1492,1492,0,0,0
20050218,207905,144041,63864,1384,1384,0,0,0
20050221,211945,146575,65370,1307,1307,0,0,0
20050222,216919,150259,66660,1373,1373,0,0,0
20050223,220789,152518,68271,1321,1321,0,0,0
20050224,219466,152191,67275,1303,1303,0,0,0
20050225,222206,153480,68726,1165,1165,0,0,0
20050228,230655,160297,70358,1684,1684,0,0,0
20050302,231318,161466,69852,1890,1890,0,0,0
20050303,231651,162010,69641,1938,1938,0,0,0
20050304,234374,163569,70805,1971,1971,0,0,0
20050307,240246,168877,71369,1881,1881,0,0,0
20050308,245525,172054,73471,1776,1776,0,0,0
20050309,248076,174208,73868,1773,1773,0,0,0
20050310,249848,176233,73615,1890,1890,0,0,0
20050311,256165,181949,74216,1478,1478,0,0,0
20050314,262459,187628,74831,1157,1157,0,0,0
20050315,266771,190561,76210,1169,1169,0,0,0
20050316,267068,190347,76721,1319,1319,0,0,0
20050317,264202,187590,76612,1246,1246,0,0,0
20050318,261623,184432,77191,1239,1239,0,0,0
20050321,263894,185685,78209,1064,1064,0,0,0
20050322,261810,183333,78477,995,995,0,0,0
20050323,262460,183679,78781,944,944,0,0,0
20050324,266368,187147,79221,892,892,0,0,0
20050325,267786,189195,78591,1023,1023,0,0,0
20050328,267521,189428,78093,953,953,0,0,0
20050329,269876,191066,78810,884,884,0,0,0
20050330,271059,192022,79037,885,885,0,0,0
20050331,271202,191852,79350,792,792,0,0,0
20050401,270800,191410,79390,724,724,0,0,0
20050404,271039,191612,79427,719,719,0,0,0
20050406,270814,190680,80134,703,703,0,0,0
20050407,274492,193028,81464,677,677,0,0,0
20050408,274375,193036,81339,683,683,0,0,0
20050411,268130,189151,78979,767,767,0,0,0
20050412,269239,190194,79045,776,776,0,0,0
20050413,267994,188911,79083,848,848,0,0,0
20050414,269759,189810,79949,821,821,0,0,0
20050415,270800,191002,79798,824,824,0,0,0
20050418,272958,193510,79448,643,643,0,0,0
20050419,272981,192841,80140,673,673,0,0,0
20050420,274997,190644,84353,754,754,0,0,0
20050421,269760,189812,79948,712,712,0,0,0
20050422,269598,189812,79786,719,719,0,0,0
20050425,264919,186211,78708,784,784,0,0,0
20050426,266895,187616,79279,748,748,0,0,0
20050427,265576,186956,78620,775,775,0,0,0
20050428,262690,185483,77207,725,725,0,0,0
20050429,260579,183869,76710,661,661,0,0,0
20050502,255188,179943,75245,586,586,0,0,0
20050503,251895,177571,74324,640,640,0,0,0
20050504,249411,175851,73560,620,620,0,0,0
20050506,247711,175111,72600,591,591,0,0,0
20050509,249338,176136,73202,603,603,0,0,0
20050510,248834,175527,73307,733,733,0,0,0
20050511,245440,172729,72711,789,789,0,0,0
20050512,242945,171166,71779,916,916,0,0,0
20050513,241167,170094,71073,763,763,0,0,0
20050516,240815,169887,70928,832,832,0,0,0
20050517,239578,169603,69975,916,916,0,0,0
20050518,236249,166803,69446,967,967,0,0,0
20050519,233280,164724,68556,1021,1021,0,0,0
20050520,234139,164844,69295,1145,1145,0,0,0
20050523,232531,163136,69395,1288,1288,0,0,0
20050524,230532,162202,68330,1401,1401,0,0,0
20050525,229287,162154,67133,1459,1459,0,0,0
20050526,230165,162475,67690,1386,1386,0,0,0
20050527,229096,161842,67254,1302,1302,0,0,0
20050530,227892,161033,66859,1019,1019,0,0,0
20050531,227127,160780,66347,1210,1210,0,0,0
20050601,226083,159756,66327,1241,1241,0,0,0
20050602,224386,157757,66629,1326,1326,0,0,0
20050603,224415,157215,67200,1287,1287,0,0,0
20050607,220216,153105,67111,1124,1124,0,0,0
20050608,220086,152235,67851,1095,1095,0,0,0
20050609,216268,148516,67752,1124,1124,0,0,0
20050610,214408,146461,67947,1039,1039,0,0,0
20050613,215280,147398,67882,1078,1078,0,0,0
20050614,218533,149125,69408,1011,1011,0,0,0
20050615,216960,147438,69522,984,984,0,0,0
20050616,217735,148656,69079,922,922,0,0,0
20050617,215750,146370,69380,1072,1072,0,0,0
20050620,219865,149343,70522,1029,1029,0,0,0
20050621,222679,151269,71410,1019,1019,0,0,0
20050622,222312,151763,70549,942,942,0,0,0
20050623,221907,151571,70336,955,955,0,0,0
20050624,224912,153993,70919,944,944,0,0,0
20050627,227341,156303,71038,1097,1097,0,0,0
20050628,227817,156408,71409,910,910,0,0,0
20050629,229511,156537,72974,811,811,0,0,0
20050630,230664,157130,73534,795,795,0,0,0
20050701,233248,158512,74736,801,801,0,0,0
20050704,237291,160898,76393,870,870,0,0,0
20050705,240862,163489,77373,972,972,0,0,0
20050706,244574,165600,78974,1020,1020,0,0,0
20050707,244065,165475,78590,897,897,0,0,0
20050708,245825,167055,78770,1090,1090,0,0,0
20050711,248873,168588,80285,1158,1158,0,0,0
20050712,250576,169030,81546,1215,1215,0,0,0
20050713,252489,170453,82036,1298,1298,0,0,0
20050714,252431,169209,83222,1307,1307,0,0,0
20050715,257531,172662,84869,1551,1551,0,0,0
20050718,264442,177562,86880,1668,1668,0,0,0
20050719,265072,177810,87262,1676,1676,0,0,0
20050720,267838,180159,87679,1711,1711,0,0,0
20050721,272916,183562,89354,1771,1771,0,0,0
20050722,269911,179596,90315,1757,1757,0,0,0
20050725,270604,180230,90374,1780,1780,0,0,0
20050726,273259,181827,91432,1663,1663,0,0,0
20050727,276490,184823,91667,1556,1556,0,0,0
20050728,277869,185062,92807,1620,1620,0,0,0
20050729,280255,187027,93228,1664,1664,0,0,0
20050801,281666,189870,91796,1603,1603,0,0,0
20050802,285784,192965,92819,1724,1724,0,0,0
20050803,286845,193228,93617,1886,1886,0,0,0
20050804,290568,195196,95372,1895,1895,0,0,0
20050805,285712,192808,92904,1988,1988,0,0,0
20050808,283014,190740,92274,1699,1699,0,0,0
20050809,285475,192564,92911,1584,1584,0,0,0
20050810,286103,193274,92829,1492,1492,0,0,0
20050811,295465,200293,95172,1557,1557,0,0,0
20050812,296969,201532,95437,1665,1665,0,0,0
20050816,297105,202531,94574,1838,1838,0,0,0
20050817,304322,207710,96612,1874,1874,0,0,0
20050818,304624,207534,97090,1839,1839,0,0,0
20050819,307109,209500,97609,1831,1831,0,0,0
20050822,310547,212598,97949,1767,1767,0,0,0
20050823,310398,212261,98137,1591,1591,0,0,0
20050824,313455,215544,97911,1687,1687,0,0,0
20050825,315877,217389,98488,1735,1735,0,0,0
20050826,316932,218443,98489,1594,1594,0,0,0
20050829,318562,219504,99058,1618,1618,0,0,0
20050830,317305,218007,99298,1695,1695,0,0,0
20050831,312450,214295,98155,1496,1496,0,0,0
20050901,314909,216070,98839,1390,1390,0,0,0
20050902,318416,219211,99205,1488,1488,0,0,0
20050905,319706,220245,99461,1711,1711,0,0,0
20050906,323997,222800,101197,1690,1690,0,0,0
20050907,327112,224926,102186,1802,1802,0,0,0
20050908,322510,220911,101599,2019,2019,0,0,0
20050909,322878,221233,101645,2246,2246,0,0,0
20050912,326159,223893,102266,2274,2274,0,0,0
20050913,333583,229695,103888,2277,2277,0,0,0
20050914,335152,229922,105230,2236,2236,0,0,0
20050915,335692,230194,105498,2401,2401,0,0,0
20050916,342755,237202,105553,2317,2317,0,0,0
20050920,348769,242913,105856,2546,2546,0,0,0
20050921,351140,244875,106265,2383,2383,0,0,0
20050922,350254,244114,106140,2459,2459,0,0,0
20050923,351752,244938,106814,2518,2518,0,0,0
20050926,355569,249163,106406,2532,2532,0,0,0
20050927,355668,247720,107948,2314,2314,0,0,0
20050928,357542,249917,107625,2396,2396,0,0,0
20050929,366519,255678,110841,2504,2504,0,0,0
20050930,369345,258481,110864,2553,2553,0,0,0
20051004,371237,259836,111401,2453,2453,0,0,0
20051005,368826,258504,110322,2348,2348,0,0,0
20051006,371648,260071,111577,2354,2354,0,0,0
20051007,370672,260832,109840,2351,2351,0,0,0
20051010,376749,265827,110922,1873,1873,0,0,0
20051011,380114,269043,111071,1641,1641,0,0,0
20051012,386258,271694,114564,1742,1742,0,0,0
20051013,389259,274201,115058,1940,1940,0,0,0
20051014,387711,272674,115037,1806,1806,0,0,0
20051017,391171,275257,115914,1472,1472,0,0,0
20051018,396281,280610,115671,1583,1583,0,0,0
20051019,395730,280344,115386,1361,1361,0,0,0
20051020,395077,279950,115127,1296,1296,0,0,0
20051021,394286,278737,115549,1149,1149,0,0,0
20051024,391010,275675,115335,1178,1178,0,0,0
20051025,394077,278211,115866,1329,1329,0,0,0
20051026,395370,278507,116863,1298,1298,0,0,0
20051027,397298,277650,119648,1432,1432,0,0,0
20051028,401423,281721,119702,1406,1406,0,0,0
20051031,407752,285634,122118,1555,1555,0,0,0
20051101,406554,284584,121970,1342,1342,0,0,0
20051102,413553,289975,123578,1315,1315,0,0,0
20051103,417918,293609,124309,1254,1254,0,0,0
20051104,415277,291157,124120,1517,1517,0,0,0
20051107,412875,287339,125536,1591,1591,0,0,0
20051108,413817,286990,126827,1441,1441,0,0,0
20051109,414997,286582,128415,1606,1606,0,0,0
20051110,416325,286954,129371,1797,1797,0,0,0
20051111,414830,286579,128251,1849,1849,0,0,0
20051114,418169,288969,129200,1967,1967,0,0,0
20051115,419082,290170,128912,2236,2236,0,0,0
20051116,417019,287867,129152,2200,2200,0,0,0
20051117,420702,289339,131363,2055,2055,0,0,0
20051118,424211,291844,132367,2301,2301,0,0,0
20051121,428601,293933,134668,2251,2251,0,0,0
20051122,423652,288297,135355,2303,2303,0,0,0
20051123,429373,292752,136621,2129,2129,0,0,0
20051124,433046,294760,138286,1852,1852,0,0,0
20051125,438643,299709,138934,1952,1952,0,0,0
20051128,439757,301435,138322,2152,2152,0,0,0
20051129,442364,303839,138525,2007,2007,0,0,0
20051130,446024,306270,139754,2003,2003,0,0,0
20051201,447024,305557,141467,1866,1866,0,0,0
20051202,450709,307163,143546,2014,2014,0,0,0
20051205,458730,313323,145407,2070,2070,0,0,0
20051206,464032,315759,148273,2282,2282,0,0,0
20051207,466618,315886,150732,2295,2295,0,0,0
20051208,472286,319447,152839,2400,2400,0,0,0
20051209,477393,322268,155125,2432,2432,0,0,0
20051212,486279,329706,156573,2329,2329,0,0,0
20051213,491461,334666,156795,2309,2309,0,0,0
20051214,491051,332666,158385,2290,2290,0,0,0
20051215,494294,334914,159380,2286,2286,0,0,0
20051216,499826,339021,160805,2208,2208,0,0,0
20051219,501712,338573,163139,2254,2254,0,0,0
20051220,499690,337644,162046,1977,1977,0,0,0
20051221,500712,337564,163148,1903,1903,0,0,0
20051222,505214,343726,161488,1883,1883,0,0,0
20051223,515832,351898,163934,1986,1986,0,0,0
20051226,512530,349431,163099,1948,1948,0,0,0
20051227,513084,349836,163248,1945,1945,0,0,0
20051228,523493,358888,164605,1676,1676,0,0,0
20051229,531110,364631,166479,1760,1760,0,0,0
20051230,530990,364517,166473,1760,1760,0,0,0
20060102,539234,372057,167177,1604,1604,0,0,0
20060103,543024,373876,169148,1526,1526,0,0,0
20060104,542312,374363,167949,1464,1464,0,0,0
20060105,538604,370593,168011,1354,1354,0,0,0
20060106,526458,359832,166626,1566,1566,0,0,0
20060109,521593,353473,168120,1177,1177,0,0,0
20060110,535051,363825,171226,1290,1290,0,0,0
20060111,538997,367486,171511,1181,1181,0,0,0
20060112,535963,365629,170334,1099,1099,0,0,0
20060113,540971,369138,171833,1228,1228,0,0,0
20060116,547514,373570,173944,1191,1191,0,0,0
20060117,554107,378884,175223,1304,1304,0,0,0
20060118,562091,386096,175995,1247,1247,0,0,0
20060119,554936,380112,174824,1057,1057,0,0,0
20060120,549174,375060,174114,1052,1052,0,0,0
20060123,550348,375373,174975,1084,1084,0,0,0
20060124,543244,369009,174235,956,956,0,0,0
20060125,531281,361130,170151,590,590,0,0,0
20060126,540243,371263,168980,663,663,0,0,0
20060127,536647,370252,166395,952,952,0,0,0
20060131,539415,371787,167628,1014,1014,0,0,0
20060201,545548,376759,168789,938,938,0,0,0
20060202,546085,378162,167923,1053,1053,0,0,0
20060203,535803,369394,166409,1148,1148,0,0,0
20060206,538116,370040,168076,1214,1214,0,0,0
20060207,537136,366129,171007,1201,1201,0,0,0
20060208,541456,369328,172128,1137,1137,0,0,0
20060209,543724,370380,173344,1127,1127,0,0,0
20060210,539369,366190,173179,971,971,0,0,0
20060213,536556,363180,173376,977,977,0,0,0
20060214,542286,367238,175048,926,926,0,0,0
20060215,540669,366151,174518,926,926,0,0,0
20060216,539775,367185,172590,1016,1016,0,0,0
20060217,535450,361886,173564,955,955,0,0,0
20060220,531239,359033,172206,1340,1340,0,0,0
20060221,536542,363907,172635,1535,1535,0,0,0
20060222,535735,362437,173298,1536,1536,0,0,0
20060223,535596,362140,173456,1401,1401,0,0,0
20060224,534730,361808,172922,1365,1365,0,0,0
20060227,535681,363443,172238,1333,1333,0,0,0
20060228,534412,361996,172416,1371,1371,0,0,0
20060302,535440,362930,172510,1331,1331,0,0,0
20060303,534968,362671,172297,1207,1207,0,0,0
20060306,533118,360795,172323,1303,1303,0,0,0
20060307,524978,353852,171126,1106,1106,0,0,0
20060308,521937,352081,169856,1403,1403,0,0,0
20060309,522081,354282,167799,1243,1243,0,0,0
20060310,525454,356999,168455,1393,1393,0,0,0
20060313,532937,363973,168964,1231,1231,0,0,0
20060314,535883,367781,168102,1185,1185,0,0,0
20060315,537424,368234,169190,1273,1273,0,0,0
20060316,531023,363481,167542,1291,1291,0,0,0
20060317,526406,359672,166734,1373,1373,0,0,0
20060320,521355,355369,165986,1507,1507,0,0,0
20060321,519932,353673,166259,1602,1602,0,0,0
20060322,524596,358316,166280,1779,1779,0,0,0
20060323,526410,359397,167013,1707,1707,0,0,0
20060324,521606,355094,166512,1319,1319,0,0,0
20060327,515918,350342,165576,1296,1296,0,0,0
20060328,512158,346204,165954,1240,1240,0,0,0
20060329,509631,343224,166407,1213,1213,0,0,0
20060330,509587,342237,167350,1239,1239,0,0,0
20060331,509350,342037,167313,1424,1424,0,0,0
20060403,508463,339827,168636,1413,1413,0,0,0
20060404,509616,340840,168776,1577,1577,0,0,0
20060405,504507,336964,167543,1602,1602,0,0,0
20060406,501494,334732,166762,1632,1632,0,0,0
20060407,500800,333353,167447,1750,1750,0,0,0
20060410,498632,330804,167828,1791,1791,0,0,0
20060411,500936,334645,166291,1679,1679,0,0,0
20060412,504805,334981,169824,1625,1625,0,0,0
20060413,507579,337865,169714,1550,1550,0,0,0
20060414,513819,341788,172031,1544,1544,0,0,0
20060417,518493,346348,172145,1698,1698,0,0,0
20060418,523178,348584,174594,1923,1923,0,0,0
20060419,524546,349179,175367,1909,1909,0,0,0
20060420,525532,350316,175216,2000,2000,0,0,0
20060421,525814,350190,175624,2126,2126,0,0,0
20060424,523152,347715,175437,2017,2017,0,0,0
20060425,529916,352309,177607,1935,1935,0,0,0
20060426,533787,355722,178065,1937,1937,0,0,0
20060427,532666,354819,177847,1821,1821,0,0,0
20060428,538352,359986,178366,1841,1841,0,0,0
20060502,544843,365940,178903,1915,1915,0,0,0
20060503,535151,356802,178349,1527,1527,0,0,0
20060504,534683,357420,177263,1633,1633,0,0,0
20060508,537838,362396,175442,1759,1759,0,0,0
20060509,537135,362426,174709,1587,1587,0,0,0
20060510,539449,366052,173397,1872,1872,0,0,0
20060511,536826,364790,172036,1656,1656,0,0,0
20060512,538802,367295,171507,1706,1706,0,0,0
20060515,544492,373615,170877,1714,1714,0,0,0
20060516,542671,371682,170989,1579,1579,0,0,0
20060517,539641,368041,171600,1135,1135,0,0,0
20060518,531272,362118,169154,1035,1035,0,0,0
20060519,529426,362769,166657,1339,1339,0,0,0
20060522,524023,358578,165445,1170,1170,0,0,0
20060523,526845,362106,164739,1074,1074,0,0,0
20060524,520988,357738,163250,1067,1067,0,0,0
20060525,516155,353891,162264,897,897,0,0,0
20060526,516480,353531,162949,929,929,0,0,0
20060529,513290,352063,161227,884,884,0,0,0
20060530,508630,349023,159607,1224,1224,0,0,0
20060601,505378,346355,159023,1201,1201,0,0,0
20060602,495226,337911,157315,1165,1165,0,0,0
20060605,484389,330217,154172,1077,1077,0,0,0
20060607,477132,325845,151287,1208,1208,0,0,0
20060608,473132,323604,149528,1083,1083,0,0,0
20060609,458519,313587,144932,812,812,0,0,0
20060612,454157,311026,143131,729,729,0,0,0
20060613,455203,312569,142634,877,877,0,0,0
20060614,452651,311569,141082,839,839,0,0,0
20060615,446856,307209,139647,612,612,0,0,0
20060616,444301,305576,138725,783,783,0,0,0
20060619,445543,307628,137915,946,946,0,0,0
20060620,444203,306838,137365,1286,1286,0,0,0
20060621,440775,304494,136281,1231,1231,0,0,0
20060622,438601,302483,136118,1052,1052,0,0,0
20060623,436297,300760,135537,1160,1160,0,0,0
20060626,433018,299006,134012,1189,1189,0,0,0
20060627,431140,297238,133902,1213,1213,0,0,0
20060628,430266,296757,133509,1259,1259,0,0,0
20060629,432420,299617,132803,1410,1410,0,0,0
20060630,431749,299250,132499,1298,1298,0,0,0
20060703,430777,299566,131211,1335,1335,0,0,0
20060704,424190,292788,131402,1866,1866,0,0,0
20060705,423867,291924,131943,1704,1704,0,0,0
20060706,425812,293441,132371,1562,1562,0,0,0
20060707,425058,292362,132696,1579,1579,0,0,0
20060710,423854,291177,132677,1628,1628,0,0,0
20060711,425231,292313,132918,1638,1638,0,0,0
20060712,422876,289895,132981,1675,1675,0,0,0
20060713,422728,289392,133336,1774,1774,0,0,0
20060714,422617,289905,132712,1720,1720,0,0,0
20060718,423041,290772,132269,1694,1694,0,0,0
20060719,422355,291149,131206,1646,1646,0,0,0
20060720,414624,285578,129046,1301,1301,0,0,0
20060721,409573,282332,127241,1381,1381,0,0,0
20060724,409483,282421,127062,1620,1620,0,0,0
20060725,407692,280753,126939,1448,1448,0,0,0
20060726,408698,281549,127149,1515,1515,0,0,0
20060727,402832,277409,125423,1673,1673,0,0,0
20060728,400099,274481,125618,1715,1715,0,0,0
20060731,399107,274556,124551,1971,1971,0,0,0
20060801,398334,273758,124576,2012,2012,0,0,0
20060802,396483,272772,123711,1926,1926,0,0,0
20060803,393438,270955,122483,1688,1688,0,0,0
20060804,395064,272648,122416,1644,1644,0,0,0
20060807,393677,270856,122821,1779,1779,0,0,0
20060808,394136,271541,122595,1680,1680,0,0,0
20060809,394139,271823,122316,1484,1484,0,0,0
20060810,392992,270800,122192,1671,1671,0,0,0
20060811,392585,270551,122034,2056,2056,0,0,0
20060814,398546,277283,121263,1789,1789,0,0,0
20060816,397481,277236,120245,1849,1849,0,0,0
20060817,393112,273756,119356,1984,1984,0,0,0
20060818,395267,275350,119917,2007,2007,0,0,0
20060821,391185,271854,119331,2181,2181,0,0,0
20060822,388447,268617,119830,2330,2330,0,0,0
20060823,388101,268591,119510,2164,2164,0,0,0
20060824,394336,274195,120141,2173,2173,0,0,0
20060825,401442,279643,121799,2148,2148,0,0,0
20060828,403661,281799,121862,1826,1826,0,0,0
20060829,407876,284923,122953,1765,1765,0,0,0
20060830,408437,285479,122958,1637,1637,0,0,0
20060831,405235,281801,123434,1941,1941,0,0,0
20060901,406269,282287,123982,1845,1845,0,0,0
20060904,402984,278909,124075,1835,1835,0,0,0
20060905,400850,275820,125030,1893,1893,0,0,0
20060906,401534,276039,125495,2012,2012,0,0,0
20060907,400011,273413,126598,1900,1900,0,0,0
20060908,400179,273425,126754,1792,1792,0,0,0
20060911,401101,274280,126821,1554,1554,0,0,0
20060912,405217,277649,127568,1550,1550,0,0,0
20060913,405161,277248,127913,1492,1492,0,0,0
20060914,406971,278676,128295,1426,1426,0,0,0
20060915,410245,282089,128156,1614,1614,0,0,0
20060918,412810,283213,129597,1747,1747,0,0,0
20060919,415484,285600,129884,1711,1711,0,0,0
20060920,421328,289130,132198,1737,1737,0,0,0
20060921,423823,289436,134387,1609,1609,0,0,0
20060922,429587,293859,135728,1644,1644,0,0,0
20060925,430721,296005,134716,1628,1628,0,0,0
20060926,429414,295083,134331,1743,1743,0,0,0
20060927,426766,291485,135281,1853,1853,0,0,0
20060928,427807,292311,135496,1687,1687,0,0,0
20060929,433636,297974,135662,1857,1857,0,0,0
20061002,432150,296112,136038,1918,1918,0,0,0
20061004,430312,294986,135326,2123,2123,0,0,0
20061009,428125,291733,136392,2181,2181,0,0,0
20061010,423710,286882,136828,1983,1983,0,0,0
20061011,397934,267797,130137,1398,1398,0,0,0
20061012,395112,266493,128619,1531,1531,0,0,0
20061013,397698,267600,130098,1616,1616,0,0,0
20061016,403283,272404,130879,1620,1620,0,0,0
20061017,405426,273010,132416,2008,2008,0,0,0
20061018,406901,274444,132457,1606,1606,0,0,0
20061019,407206,274833,132373,1523,1523,0,0,0
20061020,407200,274096,133104,1538,1538,0,0,0
20061023,408972,277438,131534,1526,1526,0,0,0
20061024,411411,278849,132562,1643,1643,0,0,0
20061025,415631,282797,132834,1774,1774,0,0,0
20061026,417007,285237,131770,1881,1881,0,0,0
20061027,416946,285426,131520,2072,2072,0,0,0
20061030,419620,286905,132715,1937,1937,0,0,0
20061031,420024,287133,132891,1896,1896,0,0,0
20061101,419379,286381,132998,1735,1735,0,0,0
20061102,426536,291926,134610,1553,1553,0,0,0
20061103,432419,296068,136351,1790,1790,0,0,0
20061106,433023,295507,137516,1812,1812,0,0,0
20061107,435275,296719,138556,1866,1866,0,0,0
20061108,437962,298060,139902,1850,1850,0,0,0
20061109,440105,298517,141588,1941,1941,0,0,0
20061110,441843,299758,142085,1896,1896,0,0,0
20061113,444087,301822,142265,1967,1967,0,0,0
20061114,447080,304365,142715,2132,2132,0,0,0
20061115,450083,306144,143939,1812,1812,0,0,0
20061116,449818,305560,144258,1817,1817,0,0,0
20061117,449789,304446,145343,1953,1953,0,0,0
20061120,449872,303634,146238,1867,1867,0,0,0
20061121,454120,306556,147564,1763,1763,0,0,0
20061122,455257,307186,148071,2094,2094,0,0,0
20061123,457614,309580,148034,2122,2122,0,0,0
20061124,464856,314919,149937,1855,1855,0,0,0
20061127,464974,314793,150181,1899,1899,0,0,0
20061128,467113,316453,150660,1688,1688,0,0,0
20061129,469806,319003,150803,1483,1483,0,0,0
20061130,469753,317943,151810,1307,1307,0,0,0
20061201,472374,319373,153001,1563,1563,0,0,0
20061204,475369,321178,154191,1761,1761,0,0,0
20061205,473808,318112,155696,1628,1628,0,0,0
20061206,474712,318803,155909,1431,1431,0,0,0
20061207,472292,316269,156023,1554,1554,0,0,0
20061208,471836,315812,156024,1549,1549,0,0,0
20061211,472038,316782,155256,1678,1678,0,0,0
20061212,472368,314304,158064,1515,1515,0,0,0
20061213,476722,315598,161124,1335,1335,0,0,0
20061214,474355,314308,160047,1306,1306,0,0,0
20061215,478042,316925,161117,1327,1327,0,0,0
20061218,486240,323200,163040,1307,1307,0,0,0
20061219,488365,325503,162862,1411,1411,0,0,0
20061220,489491,325761,163730,1471,1471,0,0,0
20061221,492746,328786,163960,1540,1540,0,0,0
20061222,496701,331389,165312,1570,1570,0,0,0
20061226,498280,332073,166207,1642,1642,0,0,0
20061227,498409,333783,164626,1726,1726,0,0,0
20061228,497161,332930,164231,1385,1385,0,0,0
20061229,497740,333537,164203,1385,1385,0,0,0
20070102,500576,333970,166606,1146,1146,0,0,0
20070103,502915,335226,167689,1124,1124,0,0,0
20070104,502390,336194,166196,1523,1523,0,0,0
20070105,495860,329158,166702,1489,1489,0,0,0
20070108,494508,327918,166590,1343,1343,0,0,0
20070109,494512,327713,166799,870,870,0,0,0
20070110,493942,327313,166629,999,999,0,0,0
20070111,497034,328936,168098,919,919,0,0,0
20070112,498097,328963,169134,1055,1055,0,0,0
20070115,499149,330015,169134,1216,1216,0,0,0
20070116,500236,330021,170215,1245,1245,0,0,0
20070117,495310,324966,170344,1118,1118,0,0,0
20070118,493903,323513,170390,1242,1242,0,0,0
20070119,494579,323757,170822,2070,2070,0,0,0
20070122,493453,322117,171336,2067,2067,0,0,0
20070123,485162,314724,170438,2572,2572,0,0,0
20070124,483409,313115,170294,2527,2527,0,0,0
20070125,481141,311803,169338,2455,2455,0,0,0
20070126,483623,314012,169611,2623,2623,0,0,0
20070129,481093,312500,168593,3312,3312,0,0,0
20070130,477907,311034,166873,3109,3109,0,0,0
20070131,477556,310658,166898,3359,3359,0,0,0
20070201,472656,308012,164644,3456,3456,0,0,0
20070202,470744,306280,164464,3380,3380,0,0,0
20070205,466716,301610,165106,3773,3773,0,0,0
20070206,471531,305650,165881,4340,4340,0,0,0
20070207,486647,314333,172314,4243,4243,0,0,0
20070208,520430,336641,183789,4726,4726,0,0,0
20070209,544060,349906,194154,4296,4296,0,0,0
20070212,564786,363732,201054,4130,4130,0,0,0
20070213,581932,372856,209076,4213,4213,0,0,0
20070214,594747,381309,213438,4284,4284,0,0,0
20070215,615498,393808,221690,3842,3842,0,0,0
20070216,632790,405115,227675,3853,3853,0,0,0
20070220,654542,421504,233038,3595,3595,0,0,0
20070221,678967,437846,241121,3437,3437,0,0,0
20070222,696672,450069,246603,3639,3639,0,0,0
20070223,713406,461738,251668,3764,3764,0,0,0
20070226,731946,472642,259304,3969,3969,0,0,0
20070227,752045,486540,265505,3839,3839,0,0,0
20070228,775040,503769,271271,3932,3932,0,0,0
20070302,791586,516715,274871,3634,3634,0,0,0
20070305,797160,517528,279632,2448,2448,0,0,0
20070306,814259,530145,284114,2905,2905,0,0,0
20070307,818641,532840,285801,2812,2812,0,0,0
20070308,839166,545715,293451,2979,2979,0,0,0
20070309,852987,554253,298734,3132,3132,0,0,0
20070312,865824,560055,305769,3279,3279,0,0,0
20070313,880872,567373,313499,3427,3427,0,0,0
20070314,900867,579591,321276,3103,3103,0,0,0
20070315,922521,594478,328043,3064,3064,0,0,0
20070316,922376,590043,332333,2940,2940,0,0,0
20070319,945280,602696,342584,3085,3085,0,0,0
20070320,962453,612377,350076,2921,2921,0,0,0
20070321,1007548,634519,373029,3103,3103,0,0,0
20070322,1057025,664592,392433,3264,3264,0,0,0
20070323,1088946,676912,412034,3435,3435,0,0,0
20070326,1119614,696327,423287,3501,3501,0,0,0
20070327,1148467,713699,434768,3472,3472,0,0,0
20070328,1187789,736916,450873,2720,2720,0,0,0
20070329,1223983,764928,459055,2657,2657,0,0,0
20070330,1273702,798858,474844,3081,3081,0,0,0
20070402,1320205,827584,492621,3327,3327,0,0,0
20070403,1372372,864518,507854,3371,3371,0,0,0
20070404,1419677,897251,522426,3371,3371,0,0,0
20070405,1478967,935554,543413,3328,3328,0,0,0
20070406,1516281,951228,565053,3264,3264,0,0,0
20070409,1554456,970537,583919,3372,3372,0,0,0
20070410,1627515,1017373,610142,3128,3128,0,0,0
20070411,1693220,1067293,625927,3602,3602,0,0,0
20070412,1772676,1120655,652021,3769,3769,0,0,0
20070413,1828804,1149134,679670,3811,3811,0,0,0
20070416,1881391,1175458,705933,3746,3746,0,0,0
20070417,1937756,1205380,732376,3616,3616,0,0,0
20070418,2009241,1243248,765993,3749,3749,0,0,0
20070419,2074477,1284083,790394,3948,3948,0,0,0
20070420,2118957,1314408,804549,4358,4358,0,0,0
20070423,2173090,1351711,821379,4217,4217,0,0,0
20070424,2258346,1403729,854617,4359,4359,0,0,0
20070425,2330269,1450813,879456,4600,4600,0,0,0
20070426,2445911,1535709,910202,4872,4872,0,0,0
20070427,2582806,1637822,944984,4691,4691,0,0,0
20070430,2721584,1718629,1002955,4488,4488,0,0,0
20070502,2821436,1780079,1041357,4203,4203,0,0,0
20070503,2915065,1840862,1074203,4390,4390,0,0,0
20070504,3048975,1925212,1123763,4352,4352,0,0,0
20070507,3166261,1997112,1169149,4682,4682,0,0,0
20070508,3286616,2075835,1210781,5061,5061,0,0,0
20070509,3445727,2176528,1269199,4675,4675,0,0,0
20070510,3552542,2246096,1306446,5043,5043,0,0,0
20070511,3691620,2344344,1347276,4880,4880,0,0,0
20070514,3800923,2416714,1384209,4656,4656,0,0,0
20070515,3959151,2531645,1427506,4690,4690,0,0,0
20070516,4058702,2602260,1456442,4982,4982,0,0,0
20070517,4074204,2601596,1472608,4757,4757,0,0,0
20070518,4155702,2653585,1502117,4823,4823,0,0,0
20070521,4239145,2710113,1529032,5188,5188,0,0,0
20070522,4317647,2759841,1557806,5423,5423,0,0,0
20070523,4410120,2818600,1591520,5388,5388,0,0,0
20070525,4503129,2888106,1615023,5339,5339,0,0,0
20070528,4552911,2912106,1640805,5569,5569,0,0,0
20070529,4664280,2997149,1667131,5524,5524,0,0,0
20070530,4782264,3092438,1689826,5528,5528,0,0,0
20070531,4867747,3151371,1716376,5013,5013,0,0,0
20070601,5053041,3313372,1739669,5214,5214,0,0,0
20070604,5181939,3420550,1761389,5271,5271,0,0,0
20070605,5249317,3468669,1780648,5550,5550,0,0,3795520
20070607,5384172,3573015,1811157,5693,5693,0,591,4100125
20070608,5543027,3703331,1839696,5480,5480,0,141648,4105169
20070611,5787842,3897351,1890491,5247,5247,0,0,4100412
20070612,5918202,3988718,1929484,4728,4728,0,0,4122132
20070613,6014224,4044790,1969434,4470,4470,0,2276,4179632
20070614,6091590,4100192,1991398,4575,4575,0,419984,4198526
20070615,6204559,4178865,2025694,4508,4508,0,0,4202334
20070618,6223686,4183517,2040169,4973,4973,0,0,4220386
20070619,6416428,4310903,2105525,4494,4494,0,0,4246843
20070620,6646806,4477248,2169558,4290,4290,0,0,4295454
20070621,6851754,4615660,2236094,4604,4604,0,466,4544821
20070622,6919992,4666773,2253219,4749,4749,0,163693,4585528
20070625,7009444,4698390,2311054,4109,4109,0,107430,4322842
20070626,7010527,4686736,2323791,4023,4023,0,22168,4340734
20070627,6903726,4610742,2292984,3875,3875,0,20132,4362835
20070628,6804850,4555116,2249734,3592,3592,0,0,4393391
20070629,6643664,4456938,2186726,3558,3558,0,0,4396857
20070702,6552712,4402875,2149837,5075,5075,0,0,4370436
20070703,6407517,4296813,2110704,5328,5328,0,0,4352011
20070704,6340141,4249306,2090835,4952,4952,0,0,4366849
20070705,6196069,4186372,2009697,5132,5132,0,0,4396635
20070706,6160763,4178741,1982022,5899,5899,0,0,4399193
20070709,6094975,4141072,1953903,6722,6722,0,0,4395593
20070710,6097536,4154475,1943061,6873,6873,0,41451,4409259
20070711,6053913,4131359,1922554,7080,7080,0,41197,4736141
20070712,6054214,4143367,1910847,7185,7185,0,0,4761255
20070713,6037688,4143834,1893854,7403,7403,0,0,4751803
20070716,6016377,4142348,1874029,7740,7740,0,0,4798619
20070718,5985025,4142476,1842549,8012,8012,0,0,4804296
20070719,6026022,4186351,1839671,7201,7201,0,0,4830329
20070720,6055857,4227292,1828565,7043,7043,0,0,4892616
20070723,6100395,4270455,1829940,6481,6481,0,0,4854420
20070724,6070826,4252423,1818403,6828,6828,0,0,4842032
20070725,5985591,4208560,1777031,6781,6781,0,0,4854257
20070726,5855434,4111323,1744111,6451,6451,0,0,4847876
20070727,5818168,4095639,1722529,6526,6526,0,0,4868761
20070730,5704092,4016884,1687208,6408,6408,0,0,4867808
20070731,5571672,3922374,1649298,4233,4233,0,0,4860939
20070801,5504089,3876959,1627130,4716,4716,0,0,4872486
20070802,5445432,3838719,1606713,5656,5656,0,0,4794986
20070803,5334334,3759053,1575281,5005,5005,0,128228,4917890
20070806,5263586,3711462,1552124,3824,3824,0,128135,4924107
20070807,5272382,3726218,1546164,4246,4246,0,0,4892308
20070808,5237092,3714268,1522824,4649,4649,0,0,4908532
20070809,5215550,3711373,1504177,4356,4356,0,0,4934928
20070810,5174859,3692250,1482609,4647,4647,0,0,4930810
20070813,5132407,3665581,1466826,5154,5154,0,0,4926289
20070814,5027284,3586281,1441003,3358,3358,0,0,4918229
20070816,4971131,3557363,1413768,3066,3066,0,0,4925628
20070817,4851071,3472316,1378755,3016,3016,0,0,4920026
20070820,4508366,3214194,1294172,2669,2669,0,0,4849653
20070821,4337938,3114287,1223651,2304,2304,0,0,4804251
20070822,4371431,3162603,1208828,2260,2260,0,0,4754498
20070823,4374109,3163107,1211002,2522,2522,0,0,4751111
20070824,4416512,3200425,1216087,2901,2901,0,0,4739336
20070827,4397080,3179627,1217453,3357,3357,0,0,4733627
20070828,4415217,3199921,1215296,3482,3482,0,0,4755548
20070829,4402376,3192898,1209478,3511,3511,0,0,4768020
20070830,4396683,3191453,1205230,4504,4504,0,0,4761484
20070831,4421472,3217283,1204189,4842,4842,0,0,4736501
20070903,4430207,3232189,1198018,4675,4675,0,0,4734376
20070904,4419515,3228622,1190893,4567,4567,0,0,4736607
20070905,4432445,3244713,1187732,4599,4599,0,0,4737252
20070906,4404995,3218163,1186832,5454,5454,0,0,4740020
20070907,4407265,3224536,1182729,6280,6280,0,0,4750213
20070910,4417764,3242286,1175478,6080,6080,0,0,4761420
20070911,4405333,3235799,1169534,6658,6658,0,0,4773878
20070912,4378695,3222769,1155926,6037,6037,0,0,4790511
20070913,4378636,3229146,1149490,6119,6119,0,0,4786666
20070914,4327809,3194774,1133035,6170,6170,0,0,4809130
20070917,4294210,3171342,1122868,6300,6300,0,0,4811315
20070918,4280572,3167681,1112891,7197,7197,0,0,4809842
20070919,4279451,3179429,1100022,6824,6824,0,72003,4820888
20070920,4252144,3167631,1084513,6783,6783,0,68233,4814007
20070921,4243886,3170534,1073352,6224,6224,0,210,4778741
20070927,4201129,3147043,1054086,6676,6676,0,0,4786449
20070928,4256860,3210605,1046255,7453,7453,0,0,4797211
20071001,4247272,3210629,1036643,6877,6877,0,0,4810412
20071002,4252056,3213991,1038065,6483,6483,0,0,4823172
20071004,4280543,3236871,1043672,6556,6556,0,0,4845487
20071005,4289378,3233818,1055560,7302,7302,0,0,4865493
20071008,4386270,3323731,1062539,6702,6702,0,0,4877275
20071009,4416514,3354689,1061825,6686,6686,0,0,4869725
20071010,4445885,3389413,1056472,6857,6857,0,0,4873788
20071011,4471816,3416160,1055656,7064,7064,0,0,4894864
20071012,4490153,3431104,1059049,7137,7137,0,0,5084150
20071015,4551962,3495001,1056961,6882,6882,0,0,4886237
20071016,4582030,3524391,1057639,6964,6964,0,0,4921361
20071017,4619727,3562841,1056886,6103,6103,0,0,4944818
20071018,4626905,3592888,1034017,5610,5610,0,0,4933043
20071019,4655479,3632823,1022656,4586,4586,0,0,4936922
20071022,4683664,3670345,1013319,4591,4591,0,0,4944918
20071023,4711647,3701971,1009676,4848,4848,0,0,4948983
20071024,4605363,3611563,993800,4280,4280,0,0,4944699
20071025,4653504,3651469,1002035,4162,4162,0,0,4968732
20071026,4564749,3573960,990789,4508,4508,0,0,4982518
20071029,4605681,3608833,996848,5202,5202,0,0,4968368
20071030,4659814,3657451,1002363,5379,5379,0,0,5044614
20071031,4737079,3729317,1007762,5572,5572,0,0,5023978
20071101,4754328,3743865,1010463,5015,5015,0,0,4991516
20071102,4790574,3777130,1013444,5234,5234,0,0,5081985
20071105,4795351,3782535,1012816,5321,5321,0,0,5083044
20071106,4826698,3813465,1013233,4846,4846,0,0,5010681
20071107,4844600,3832897,1011703,4618,4618,0,0,5014992
20071108,4909049,3895175,1013874,4367,4367,0,0,5033784
20071109,4878624,3866785,1011839,4657,4657,0,0,5033666
20071112,4882451,3874428,1008023,4121,4121,0,0,5059590
20071113,4890807,3880281,1010526,3710,3710,0,0,5064396
20071114,4825837,3837462,988375,3526,3526,0,0,5045645
20071115,4821841,3840215,981626,3562,3562,0,0,5047309
20071116,4823890,3847875,976015,3289,3289,0,0,5044578
20071119,4788710,3816573,972137,3422,3422,0,0,5032360
20071120,4774775,3804325,970450,3637,3637,0,0,5050025
20071121,4749286,3787128,962158,3831,3831,0,0,5072947
20071122,4751058,3793455,957603,3255,3255,0,29,5087072
20071123,4654806,3712601,942205,2924,2924,0,29,5094375
20071126,4562894,3635073,927821,2557,2557,0,29,5096785
20071127,4324630,3486653,837977,2673,2673,0,25,5090343
20071128,4335644,3504805,830839,3266,3266,0,22,5057138
20071129,4367013,3478036,888977,3042,3042,0,13417,5057125
20071130,4392995,3502460,890535,2911,2911,0,13239,5064827
20071203,4371985,3480669,891316,3697,3697,0,11986,5055820
20071204,4380031,3484006,896025,4593,4593,0,7,5046742
20071205,4396670,3496100,900570,4430,4430,0,0,5113933
20071206,4454756,3550444,904312,4999,4999,0,0,5102348
20071207,4520832,3608812,912020,5114,5114,0,0,5060336
20071210,4507218,3593619,913599,5086,5086,0,0,5063188
20071211,4490502,3575917,914585,4430,4430,0,0,5054254
20071212,4465139,3551741,913398,3909,3909,0,0,5062054
20071213,4481933,3565139,916794,4327,4327,0,0,5071015
20071214,4502435,3583448,918987,4628,4628,0,0,5064635
20071217,4553264,3641606,911658,4287,4287,0,0,5090003
20071218,4563212,3652959,910253,4097,4097,0,43,5106630
20071220,4432296,3613160,819136,3411,3411,0,22,5137246
20071221,4457771,3638263,819508,3192,3192,0,0,5144856
20071224,4512905,3625887,887018,3272,3272,0,0,5114870
20071226,4477894,3598237,879657,3223,3223,0,0,5127914
20071227,4479684,3599854,879830,3371,3371,0,0,5117809
20071228,4466151,3587331,878820,3262,3262,0,0,5097568
20071231,4464597,3586266,878331,3262,3262,0,0,5021860
20080102,4439407,3566371,873036,3309,3309,0,0,4991484
20080103,4417739,3547533,870206,3189,3189,0,0,4968051
20080104,4377590,3512977,864613,3516,3516,0,0,4976062
20080107,4370437,3510572,859865,3414,3414,0,0,4987372
20080108,4351845,3490999,860846,3462,3462,0,0,4980806
20080109,4313801,3459332,854469,3331,3331,0,0,5082985
20080110,4292989,3438025,854964,2754,2754,0,0,5090289
20080111,4307344,3452258,855086,2359,2359,0,0,5115743
20080114,4324469,3473227,851242,2276,2276,0,0,5134591
20080115,4247731,3403565,844166,2773,2773,0,0,5149491
20080116,4185618,3352416,833202,2240,2240,0,0,5150735
20080117,4095418,3274685,820733,2317,2317,0,0,5140480
20080118,4029304,3221921,807383,2581,2581,0,436,5139499
20080121,4022774,3220415,802359,2791,2791,0,436,4997356
20080122,4053583,3256798,796785,3040,3040,0,0,5164630
20080123,3991212,3196404,794808,3218,3213,5,0,5170389
20080124,3786243,3019520,766723,3105,3101,4,0,5115097
20080125,3745960,2988618,757342,3583,3538,45,0,5091482
20080128,3738876,2982271,756605,3971,3920,51,0,5093806
20080129,3699307,2936892,762415,4580,4505,75,0,5097720
20080130,3652257,2892012,760245,5026,4938,88,0,5101783
20080131,3633229,2873820,759409,5064,4948,116,0,5096848
20080201,3500443,2761182,739261,4807,4699,108,0,5062291
20080204,3407097,2679387,727710,5025,4907,118,0,5026964
20080205,3387794,2667830,719964,5721,5372,349,0,4960727
20080211,3349482,2636894,712588,5599,5176,423,0,5004158
20080212,3336393,2625616,710777,6380,6012,368,0,5003312
20080213,3338210,2632098,706112,7037,6662,375,0,5009129
20080214,3377998,2665348,712650,7270,6868,402,0,5080929
20080215,3366531,2657260,709271,8094,7707,387,0,5090406
20080218,3344961,2634517,710444,8269,7832,437,0,5080841
20080219,3378225,2661075,717150,8539,8128,411,0,5093936
20080220,3402192,2675951,726241,9391,8690,701,0,5110452
20080221,3442428,2707536,734892,9017,8350,667,0,5107783
20080222,3465586,2724828,740758,9695,8854,841,0,5107481
20080225,3496727,2750826,745901,9275,8471,804,0,5017919
20080226,3535131,2785491,749640,9188,8132,1056,0,5104362
20080227,3524828,2776117,748711,8713,7688,1025,0,5110418
20080228,3504186,2758625,745561,9686,8248,1438,0,5114407
20080229,3494714,2749266,745448,10547,9185,1362,0,5122313
20080303,3499026,2752445,746581,10599,9073,1526,0,5129323
20080304,3530845,2780298,750547,9775,8269,1506,0,5131239
20080305,3503765,2751475,752290,9655,8197,1458,0,5132211
20080306,3539029,2782057,756972,9908,8473,1435,0,5139771
20080307,3552609,2793887,758722,10484,8950,1534,0,5152957
20080310,3541243,2780957,760286,10436,8785,1651,0,5157832
20080311,3549323,2794420,754903,10901,9244,1657,0,5172751
20080312,3456996,2713707,743289,9943,8393,1550,0,5170135
20080313,3492957,2748241,744716,10937,9420,1517,0,5171739
20080314,3463808,2717587,746221,10356,8815,1541,0,5164321
20080317,3456895,2717087,739808,10985,9348,1637,0,5174650
20080318,3432858,2698744,734114,10609,9027,1582,32,5164776
20080319,3396558,2672226,724332,10024,8539,1485,32,5157998
20080320,3413643,2687976,725667,10311,8816,1495,32,5149585
20080321,3383699,2660615,723084,11917,10346,1571,32,5138630
20080324,3418260,2691106,727154,11340,9796,1544,32,5139199
20080325,3445890,2713819,732071,12361,10728,1633,54,5144085
20080326,3437848,2701762,736086,11728,10044,1684,54,5147931
20080327,3402066,2665644,736422,12587,10808,1779,54,5152493
20080328,3426233,2697671,728562,13064,11565,1499,54,5149829
20080331,3468144,2728847,739297,12934,11406,1528,54,5173297
20080401,3459034,2711993,747041,14002,12477,1525,54,5180083
20080402,3475263,2729032,746231,14457,12716,1741,54,5178110
20080403,3487536,2742603,744933,13928,12064,1864,84,5159085
20080404,3474904,2730016,744888,15535,13509,2026,84,5134853
20080407,3497484,2752237,745247,15914,13953,1961,1850,5126470
20080408,3511024,2762261,748763,15430,13402,2028,1850,5116598
20080410,3483608,2732019,751589,15773,13779,1994,1850,5116123
20080411,3510920,2757390,753530,16093,14018,2075,1850,5124262
20080414,3530868,2782487,748381,14880,12899,1981,1820,5145747
20080415,3561509,2809201,752308,15463,13475,1988,1820,5151027
20080416,3555369,2804428,750941,15627,13574,2053,1820,5151152
20080417,3575399,2825183,750216,16349,14269,2080,1820,5157566
20080418,3589173,2832534,756639,16162,14270,1892,11328,5157134
20080421,3565367,2806005,759362,16530,14575,1955,0,5162062
20080422,3600887,2832460,768427,16521,14693,1828,0,5180602
20080423,3606232,2837362,768870,17383,15738,1645,0,5186078
20080424,3651822,2880750,771072,16993,15356,1637,0,5198085
20080425,3702295,2924474,777821,17083,15460,1623,0,5195926
20080428,3719456,2936738,782718,16353,14850,1503,0,5192386
20080429,3740318,2951464,788854,16235,14990,1245,1012,5204138
20080430,3760144,2972783,787361,16197,15244,953,1011,5211538
20080502,3752504,2970588,781916,15825,14848,977,0,5203848
20080506,3776169,2993734,782435,17622,16627,995,0,5201016
20080507,3778281,2992656,785625,18014,17035,979,0,5227820
20080508,3790904,3002085,788819,17179,16183,996,0,5246244
20080509,3802560,2998322,804238,16866,15766,1100,0,5264752
20080513,3859448,3045678,813770,16203,14922,1281,0,5264677
20080514,3904227,3087199,817028,15320,13834,1486,0,5289012
20080515,3911577,3089231,822346,15897,14413,1484,0,5287292
20080516,3938069,3115269,822800,15948,14360,1588,0,5238230
20080519,3927307,3098438,828869,17414,15915,1499,0,5269603
20080520,3943535,3115153,828382,17984,16348,1636,0,5285541
20080521,3986184,3155199,830985,16499,14912,1587,0,5294495
20080522,4033328,3192921,840407,15265,13766,1499,0,5313413
20080523,4036349,3193552,842797,14486,13044,1442,50392,5296728
20080526,4101264,3256000,845264,14259,12731,1528,0,5296958
20080527,4093934,3250291,843643,14672,13089,1583,0,5308985
20080528,4085479,3244794,840685,14254,12566,1688,0,5310223
20080529,4093490,3253383,840107,12853,11138,1715,0,5302793
20080530,4070295,3227681,842614,13085,11468,1617,64992,5299472
20080602,4028586,3182219,846367,14696,13005,1691,63325,5308758
20080603,4030353,3185002,845351,14233,12456,1777,0,5302612
20080604,4054121,3202566,851555,14513,12701,1812,0,5313296
20080605,4064487,3211297,853190,15165,13075,2090,0,5319058
20080609,4090033,3233612,856421,14574,12582,1992,0,5346475
20080610,4101020,3246690,854330,15006,12806,2200,0,5373162
20080611,4092222,3235531,856691,15628,13798,1830,0,5375784
20080612,4063137,3211065,852072,14813,13254,1559,0,5405611
20080613,4104237,3250466,853771,16419,14514,1905,0,5393162
20080616,4134951,3282496,852455,15659,13841,1818,0,5401835
20080617,4093110,3244792,848318,14535,12327,2208,0,5415564
20080618,4070164,3226292,843872,14263,11932,2331,0,5416686
20080619,4061947,3220093,841854,14473,12353,2120,0,5421601
20080620,4062430,3216823,845607,15766,13466,2300,0,5400855
20080623,4061360,3215755,845605,16092,14232,1860,0,5401913
20080624,4061341,3218516,842825,16996,15081,1915,37078,5412670
20080625,4057215,3212300,844915,17496,15530,1966,36174,5421988
20080626,4055537,3210588,844949,18363,16605,1758,0,5437451
20080627,4054747,3212766,841981,16967,15130,1837,0,5427530
20080630,4010150,3174399,835751,17584,15681,1903,0,5448100
20080701,3954360,3124499,829861,17074,15042,2032,0,5445986
20080702,3867501,3051553,815948,17416,15263,2153,0,5414612
20080703,3805023,2998629,806394,17569,15387,2182,0,5396160
20080704,3656341,2879925,776416,15977,13926,2051,0,5351426
20080707,3562541,2806491,756050,15336,13347,1989,0,5316296
20080708,3487934,2749228,738706,16031,13867,2164,0,5302024
20080709,3434343,2708819,725524,16911,14713,2198,0,5277202
20080710,3306965,2603257,703708,17208,14923,2285,0,5261398
20080711,3242704,2551100,691604,18242,15881,2361,0,5225210
20080714,3211437,2526827,684610,20325,17863,2462,0,5212401
20080715,3217889,2528774,689115,18431,15689,2742,0,5224401
20080716,3233188,2541130,692058,19104,16789,2315,0,5238213
20080717,3195289,2506870,688419,20681,18493,2188,0,5239834
20080718,3206573,2519877,686696,20222,18228,1994,0,5230612
20080721,3210237,2523137,687100,20526,18451,2075,0,5220314
20080722,3167825,2485952,681873,22518,20165,2353,0,5217527
20080723,3148190,2464366,683824,21975,19387,2588,0,5201612
20080724,3131029,2449588,681441,21191,18314,2877,0,5201928
20080725,3143710,2453908,689802,19719,16608,3111,0,5176522
20080728,3114974,2421011,693963,19367,16052,3315,0,5149349
20080729,3126646,2428195,698451,18236,14832,3404,0,5167567
20080730,3159670,2457349,702321,19026,15507,3519,0,5181841
20080731,3169049,2468153,700896,19026,15478,3548,0,5194724
20080801,3169998,2469205,700793,19490,15737,3753,0,5187060
20080804,3150991,2456463,694528,21143,17403,3740,0,5181942
20080805,3135061,2444546,690515,20968,17473,3495,0,5192935
20080806,3128199,2446205,681994,21987,18284,3703,0,5207520
20080807,3088366,2416012,672354,21723,17913,3810,0,5220235
20080808,3080017,2409013,671004,20159,16465,3694,0,5211377
20080811,3059258,2389118,670140,21885,17964,3921,0,5211626
20080812,3079211,2395611,683600,21705,17838,3867,0,5214113
20080813,3023059,2358902,664157,22357,18272,4085,0,5223827
20080814,2988556,2326655,661901,23107,18986,4121,0,5218795
20080818,2995441,2334360,661081,23188,18849,4339,0,5204713
20080819,3002709,2342970,659739,22755,18564,4191,0,5219355
20080820,2980179,2325218,654961,22450,18780,3670,0,5220558
20080821,2966388,2317578,648810,20993,17169,3824,0,5230362
20080822,2987030,2337775,649255,19974,16328,3646,0,5247493
20080825,2910663,2273605,637058,19930,16496,3434,0,5267068
20080826,2846359,2223758,622601,19388,15973,3415,0,5358082
20080827,2789142,2179439,609703,21859,18155,3704,0,5240649
20080828,2738884,2137425,601459,20742,16991,3751,0,5227077
20080829,2687882,2098390,589492,21650,17803,3847,0,5188081
20080901,2637819,2061199,576620,21595,17882,3713,0,5209061
20080902,2566007,2000057,565950,25911,22211,3700,0,5179829
20080903,2411387,1871727,539660,24214,20554,3660,0,5136778
20080904,2237974,1733694,504280,23067,19330,3737,0,5047696
20080905,2185887,1698032,487855,24618,20383,4235,0,4997119
20080908,2184041,1701920,482121,24650,20303,4347,0,4995856
20080909,2175685,1694837,480848,23919,19409,4510,0,5003330
20080910,2198615,1713403,485212,22392,18083,4309,0,5000344
20080911,2212534,1728106,484428,21817,17541,4276,0,5023206
20080912,2250240,1763865,486375,23173,19315,3858,0,5026333
20080916,2298753,1809600,489153,23613,19451,4162,0,5082379
20080917,2297397,1805565,491832,23892,19296,4596,0,5067008
20080918,2189460,1708593,480867,17725,14319,3406,0,5073097
20080919,2223375,1742753,480622,19481,16017,3464,0,5002454
20080922,2247233,1768294,478939,20486,16744,3742,0,4998831
20080923,2239369,1753334,486035,22081,18124,3957,0,4971025
20080924,2164724,1679065,485659,24015,19615,4400,0,4951469
20080925,2223372,1729681,493691,25523,21276,4247,0,4939209
20080926,2276387,1774013,502374,24075,20179,3896,0,4900201
20080929,2325548,1814931,510617,24476,20165,4311,0,4918162
20080930,2297327,1793676,503651,26284,22183,4101,0,4936365
20081001,2332826,1833823,499003,28184,23695,4489,0,4944032
20081002,2309298,1804780,504518,26018,21880,4138,0,4923987
20081006,2338114,1835608,502506,23342,19835,3507,0,4952444
20081007,2335754,1836425,499329,21733,18344,3389,0,4977119
20081008,2290200,1805563,484637,19565,16363,3202,0,4987606
20081009,2307291,1824034,483257,17008,14058,2950,0,4955051
20081010,2193774,1739547,454227,15097,12691,2406,0,4906444
20081013,2153314,1715612,437702,13477,11153,2324,0,4846752
20081014,2062557,1654115,408442,11744,10264,1480,0,4975955
20081015,2076205,1673533,402672,10853,9550,1303,0,4928237
20081016,2051849,1652134,399715,8922,7852,1070,0,4908075
20081017,2087353,1684844,402509,8387,7367,1020,0,4909190
20081020,2009356,1623382,385974,8037,7115,922,0,4876461
20081021,1994469,1615066,379403,7820,6911,909,0,4805990
20081022,1929511,1558719,370792,7722,6823,899,0,4722774
20081023,1873764,1509430,364334,6953,6063,890,0,4658239
20081024,1806403,1456783,349620,6558,5727,831,0,4568727
20081027,1690210,1369152,321058,6397,5605,792,0,4338890
20081028,1447349,1167837,279512,6121,5410,711,0,4101443
20081029,1211755,972274,239481,5715,5181,534,0,3826988
20081030,1175381,951710,223671,5516,5019,497,0,3669230
20081031,1085845,875114,210731,5376,4916,460,0,3613393
20081103,1160693,944671,216022,5311,4858,453,0,3591548
20081104,1115471,900825,214646,5057,4606,451,0,3555781
20081105,1173222,949052,224170,4968,4518,450,0,3541962
20081106,1236585,1005148,231437,4809,4374,435,0,3551438
20081107,1224420,982410,242010,4614,4217,397,0,3515366
20081110,1200340,958381,241959,4511,4149,362,0,3485360
20081111,1266662,1016768,249894,4388,4068,320,0,3477877
20081112,1297964,1046079,251885,4232,3950,282,0,3462824
20081113,1276978,1024080,252898,4218,3936,282,0,3493742
20081114,1304764,1046709,258055,3728,3452,276,0,3485760
20081117,1280552,1030190,250362,3690,3424,266,0,3476879
20081118,1338452,1085934,252518,3634,3368,266,0,3471647
20081119,1355657,1101271,254386,3565,3300,265,0,3473135
20081120,1334227,1081285,252942,2737,2494,243,0,3478157
20081121,1324453,1075351,249102,1780,1548,232,0,3457431
20081124,1215266,983634,231632,1494,1267,227,0,3568144
20081125,1236722,1009957,226765,841,614,227,0,3406380
20081126,1223807,997357,226450,485,267,218,0,3389294
20081127,1204145,980301,223844,466,255,211,0,3405062
20081128,1225714,1007206,218508,464,349,115,0,3353049
20081201,1227526,1004644,222882,389,298,91,0,3374424
20081202,1192969,968627,224342,235,151,84,0,3363058
20081203,1220499,988314,232185,126,53,73,0,3342176
20081204,1228225,998636,229589,125,53,72,0,3335060
20081205,1267275,1036676,230599,125,53,72,0,3331974
20081208,1259835,1031133,228702,125,53,72,0,3331869
20081209,1276372,1041828,234544,125,53,72,0,3346987
20081210,1327797,1087396,240401,120,48,72,0,3328827
20081211,1307830,1061970,245860,120,48,72,0,3315401
20081212,1344195,1089007,255188,112,40,72,0,3292835
20081215,1315543,1057981,257562,112,40,72,0,3284854
20081216,1332527,1075736,256791,55,16,39,0,3296117
20081217,1419758,1152322,267436,55,16,39,0,3290336
20081218,1461229,1189068,272161,55,16,39,0,3275594
20081219,1471743,1195286,276457,55,16,39,0,3265605
20081222,1501375,1218793,282582,55,16,39,0,3259831
20081223,1504045,1217573,286472,55,16,39,0,3273824
20081224,1524056,1233898,290158,55,16,39,0,3175514
20081226,1522373,1235168,287205,49,10,39,0,3274467
20081229,1525494,1236629,288865,46,7,39,0,3287680
20081230,1504129,1219003,285126,44,5,39,0,3305423
20081231,1506043,1218523,287520,44,5,39,0,3271219
20090102,1479127,1195185,283942,39,0,39,0,3268311
20090105,1429318,1147489,281829,39,0,39,0,3249548
20090106,1454391,1172325,282066,39,0,39,0,3231217
20090107,1452872,1167549,285323,39,0,39,0,3205745
20090108,1461278,1165253,296025,39,0,39,0,3179957
20090109,1461128,1161858,299270,39,0,39,0,3161884
20090112,1522715,1214963,307752,39,0,39,0,3211251
20090113,1552416,1238471,313945,39,0,39,0,3228969
20090114,1561012,1243588,317424,39,0,39,0,3264419
20090115,1612348,1288784,323564,39,0,39,0,3267190
20090116,1632569,1300988,331581,39,0,39,0,3229600
20090119,1571281,1245722,325559,39,0,39,0,3230278
20090120,1610928,1280762,330166,39,0,39,0,3233505
20090121,1622917,1288988,333929,39,0,39,0,3241925
20090122,1607951,1276915,331036,39,0,39,0,3258170
20090123,1617861,1287520,330341,39,0,39,0,3270232
20090128,1643201,1304011,339190,39,0,39,0,3270451
20090129,1634092,1295265,338827,39,0,39,0,3276938
20090130,1633630,1282240,351390,39,0,39,0,3248534
20090202,1588395,1232763,355632,39,0,39,0,3234322
20090203,1604642,1244175,360467,39,0,39,0,3220472
20090204,1626057,1259604,366453,39,0,39,0,3244278
20090205,1663347,1285126,378221,39,0,39,0,3230857
20090206,1686260,1291941,394319,39,0,39,0,3217028
20090209,1670311,1277154,393157,39,0,39,0,3218593
20090210,1757668,1345372,412296,39,0,39,0,3213670
20090211,1757217,1342830,414387,39,0,39,0,3215661
20090212,1802383,1369256,433127,39,0,39,0,3202508
20090213,1850105,1401675,448430,39,0,39,0,3206103
20090216,1894969,1439423,455546,39,0,39,0,3211304
20090217,1944218,1470637,473581,39,0,39,0,3221615
20090218,1954158,1472451,481707,39,0,39,0,3231847
20090219,1902318,1439703,462615,39,0,39,0,3237436
20090220,1979217,1501457,477760,39,0,39,0,3257121
20090223,2005693,1521919,483774,39,0,39,0,3273879
20090224,1937350,1470900,466450,39,0,39,0,3285439
20090225,1963396,1493851,469545,39,0,39,0,3277097
20090226,1946314,1480324,465990,39,0,39,0,3237323
20090227,1935582,1477999,457583,39,0,39,0,3233456
20090302,1914213,1463551,450662,39,0,39,0,3234826
20090303,1896387,1448201,448186,39,0,39,0,3227854
20090304,1877598,1436497,441101,39,0,39,0,3229984
20090305,1874446,1431974,442472,39,0,39,0,3216938
20090306,1893845,1450377,443468,39,0,39,0,3204725
20090309,1872458,1428567,443891,39,0,39,0,3185378
20090310,1913444,1464559,448885,39,0,39,0,3182543
20090311,1927999,1459552,468447,39,0,39,0,3177817
20090312,1946430,1472061,474369,39,0,39,0,3166622
20090313,1917674,1430688,486986,39,0,39,0,3147510
20090316,1896480,1403259,493221,39,0,39,0,3172893
20090317,1969177,1464510,504667,39,0,39,0,3262066
20090318,1989382,1476852,512530,39,0,39,0,3275367
20090319,2010426,1487444,522982,39,0,39,0,3175765
20090320,2009981,1476582,533399,39,0,39,0,3163113
20090323,2014399,1419748,594651,39,0,39,0,3182556
20090324,2057223,1422469,634754,39,0,39,0,3193930
20090325,2112047,1458464,653583,39,0,39,0,3189278
20090326,2106866,1445070,661796,39,0,39,0,3187426
20090327,2197845,1514240,683605,39,0,39,0,3230300
20090330,2245915,1542087,703828,39,0,39,0,3243255
20090331,2234148,1624975,609173,39,0,39,0,3203549
20090401,2245818,1643189,602629,39,0,39,0,3223360
20090402,2324335,1703376,620959,39,0,39,0,3249099
20090403,2317224,1692461,624763,39,0,39,0,3271475
20090406,2371476,1722423,649053,39,0,39,0,3210947
20090407,2352897,1692653,660244,39,0,39,41,3212969
20090408,2451299,1767124,684175,39,0,39,41,3234890
20090409,2517026,1815044,701982,39,0,39,41,3263885
20090410,2587499,1875654,711845,39,0,39,41,3258029
20090413,2705380,1968170,737210,39,0,39,41,3258201
20090414,2792460,2028792,763668,39,0,39,41,3273019
20090415,2863144,2078190,784954,39,0,39,41,3327708
20090416,2953893,2147942,805951,39,0,39,41,3443299
20090417,3025358,2194271,831087,39,0,39,58542,3451416
20090420,3088594,2253109,835485,39,0,39,0,3378275
20090421,3117786,2272310,845476,39,0,39,0,3362011
20090422,3195532,2326607,868925,39,0,39,0,3392374
20090423,3253854,2376213,877641,39,0,39,0,3573726
20090424,3338865,2440948,897917,39,0,39,0,3394563
20090427,3387333,2478825,908508,39,0,39,0,3425037
20090428,3397242,2486332,910910,0,0,0,0,3443592
20090429,3409069,2496149,912920,0,0,0,0,3446295
20090430,3390324,2488703,901621,0,0,0,0,3481020
20090504,3405905,2497031,908874,0,0,0,0,3473306
20090506,3398309,2486129,912180,0,0,0,0,3471708
20090507,3479342,2564275,915067,0,0,0,0,3655290
20090508,3526500,2596752,929748,0,0,0,0,3610352
20090511,3575738,2635355,940383,0,0,0,0,3502393
20090512,3638506,2680344,958162,0,0,0,0,3557746
20090513,3662130,2687039,975091,0,0,0,0,3608755
20090514,3684197,2692779,991418,0,0,0,0,4012052
20090515,3734245,2731301,1002944,0,0,0,0,3903311
20090518,3797442,2789894,1007548,0,0,0,0,3604448
20090519,3814756,2788921,1025835,0,0,0,4,3627333
20090520,3835374,2814117,1021257,0,0,0,4,3723847
20090521,3890280,2853016,1037264,0,0,0,4,3723229
20090522,3905134,2854761,1050373,0,0,0,4,3643287
20090525,3904071,2848676,1055395,0,0,0,4,3702002
20090526,3947553,2884899,1062654,0,0,0,4,3883787
20090527,3921906,2884378,1037528,0,0,0,4,3915237
20090528,3941493,2909362,1032131,0,0,0,4,3898407
20090529,3897586,2881012,1016574,0,0,0,4,3785309
20090601,3871145,2868159,1002986,0,0,0,4,3725687
20090602,3863058,2857983,1005075,0,0,0,4,3724068
20090603,3909464,2889613,1019851,0,0,0,4,3813035
20090604,3918420,2893965,1024455,597,274,323,4,3864269
20090605,3989217,2945237,1043980,1352,688,664,4,3747843
20090608,3992171,2944683,1047488,1793,846,947,177,3766534
20090609,4039570,2988988,1050582,2564,1286,1278,177,3771520
20090610,4045341,2986361,1058980,4025,1773,2252,130595,3778949
20090611,4063026,3005113,1057913,4444,2314,2130,128353,3802715
20090612,4050317,2984120,1066197,6076,2983,3093,177,3800541
20090615,4034703,2966244,1068459,7851,4289,3562,177,3769486
20090616,4053608,2977451,1076157,8210,3690,4520,177,3807791
20090617,4073568,2995478,1078090,9879,4569,5310,496,3826300
20090618,4100815,3019146,1081669,11160,5167,5993,496,3803752
20090619,4124523,3045398,1079125,12796,6750,6046,496,3823855
20090622,4107325,3035863,1071462,15104,8028,7076,0,3812414
20090623,4102783,3040805,1061978,17695,9941,7754,0,3839679
20090624,4102279,3037217,1065062,17904,9953,7951,0,3869796
20090625,4045755,2993349,1052406,18330,9426,8904,0,4168275
20090626,4047592,3004019,1043573,17805,9475,8330,0,3880267
20090629,4032217,2986517,1045700,19779,10489,9290,0,3854836
20090630,4004976,2956740,1048236,21202,11790,9412,0,3866336
20090701,3975972,2933441,1042531,22689,12764,9925,0,3872504
20090702,3915993,2889398,1026595,24159,13716,10443,0,3871068
20090703,3932156,2899707,1032449,25883,14555,11328,0,3852684
20090706,3943062,2908013,1035049,27345,15633,11712,0,3872000
20090707,3937057,2895983,1041074,26519,15086,11433,0,3868976
20090708,3934452,2891771,1042681,27197,15240,11957,0,3881171
20090709,3979102,2922394,1056708,28272,16716,11556,0,3877985
20090710,4009142,2941666,1067476,30022,18642,11380,0,3904806
20090713,4031546,2963071,1068475,30094,18765,11329,0,3909630
20090714,4001600,2938053,1063547,28056,18394,9662,0,3909869
20090715,3901092,2855675,1045417,26350,17299,9051,0,3921914
20090716,3898501,2859498,1039003,27059,18586,8473,0,4025815
20090717,3906235,2866271,1039964,29002,20201,8801,0,4010377
20090720,3856113,2819479,1036634,30077,21118,8959,0,3916011
20090721,3859763,2816554,1043209,28826,20153,8673,0,3898807
20090722,3848825,2799582,1049243,26500,18374,8126,0,3892133
20090723,3853275,2797832,1055443,27482,19216,8266,0,3906340
20090724,3887467,2820807,1066660,27607,19125,8482,23150,3904947
20090727,3882374,2816275,1066099,26353,18148,8205,19752,3905777
20090728,3839897,2776239,1063658,27982,19331,8651,0,3913387
20090729,3863196,2792602,1070594,30148,20955,9193,0,3905228
20090730,3864473,2785711,1078762,29995,21440,8555,0,3893176
20090731,3901841,2815911,1085930,30948,22446,8502,0,3904985
20090803,3944371,2860759,1083612,30080,21541,8539,0,3907939
20090804,3930598,2850498,1080100,30774,22577,8197,0,3894396
20090805,3963044,2881063,1081981,30455,22945,7510,0,3930676
20090806,3957736,2871622,1086114,32992,25546,7446,0,3903546
20090807,3971185,2878179,1093006,33972,25604,8368,0,4017814
20090810,4000794,2904954,1095840,33713,25384,8329,0,4032372
20090811,4032140,2926916,1105224,33825,25213,8612,0,4013086
20090812,4042041,2929425,1112616,34256,24755,9501,0,4044100
20090813,4069314,2949283,1120031,35415,25359,10056,0,4030830
20090814,4137720,3004820,1132900,33704,23873,9831,0,3976640
20090817,4214416,3060470,1153946,31682,22846,8836,0,4015589
20090818,4218402,3065751,1152651,32955,23748,9207,0,4036238
20090819,4233822,3078749,1155073,30330,21853,8477,0,4090453
20090820,4253703,3100464,1153239,30436,21723,8713,0,4096808
20090821,4263319,3113719,1149600,34617,23040,11577,0,4130951
20090824,4301048,3143934,1157114,35153,23724,11429,0,4149631
20090825,4338924,3182716,1156208,35455,23985,11470,0,4171672
20090826,4427716,3267580,1160136,37584,25650,11934,0,4162383
20090827,4437680,3283358,1154322,37234,25174,12060,0,4202361
20090828,4489878,3329418,1160460,37254,24526,12728,0,4207928
20090831,4465550,3307293,1158257,36871,24577,12294,0,4250850
20090901,4470721,3310897,1159824,35881,22894,12987,0,4253992
20090902,4467127,3311770,1155357,35785,22839,12946,0,4281887
20090903,4539442,3377786,1161656,36166,23186,12980,0,4278687
20090904,4577368,3405394,1171974,37488,24109,13379,0,4304454
20090907,4591439,3419626,1171813,37851,24413,13438,0,4295696
20090908,4623648,3440754,1182894,38108,24931,13177,0,4312573
20090909,4664855,3467973,1196882,40202,26013,14189,0,4347437
20090910,4708333,3505379,1202954,41082,27011,14071,0,4312615
20090911,4734150,3527284,1206866,37496,24390,13106,0,4370731
20090914,4694484,3485813,1208671,36784,24437,12347,0,4323873
20090915,4693469,3486006,1207463,37045,24387,12658,0,4301384
20090916,4681772,3480939,1200833,38438,25162,13276,0,4326402
20090917,4739004,3526355,1212649,43685,29735,13950,47991,4307695
20090918,4696949,3480510,1216439,44618,30355,14263,0,4296435
20090921,4719221,3496853,1222368,44334,31173,13161,0,4275972
20090922,4724420,3504658,1219762,43806,31571,12235,0,4360892
20090923,4736247,3515137,1221110,45484,31821,13663,85754,4383660
20090924,4788055,3557589,1230466,47326,32679,14647,83636,4443179
20090925,4829603,3598856,1230747,44468,31698,12770,0,4468685
20090928,4810080,3594062,1216018,42903,30756,12147,0,4364867
20090929,4868686,3657140,1211546,43179,31211,11968,0,4378569
20090930,4879209,3680152,1199057,42387,30248,12139,0,4413603
20091001,4866613,3672556,1194057,40858,28413,12445,0,4416934
20091005,4778829,3602192,1176637,40909,28798,12111,0,4409338
20091006,4751767,3578309,1173458,38782,26503,12279,0,4377818
20091007,4781131,3618994,1162137,34394,23432,10962,0,4396406
20091008,4737743,3584330,1153413,36746,26279,10467,0,4403622
20091009,4691131,3541891,1149240,36006,25584,10422,0,4421783
20091012,4749099,3597881,1151218,34867,24417,10450,0,4423665
20091013,4706371,3556743,1149628,36847,25942,10905,0,4394086
20091014,4721839,3569114,1152725,35024,24263,10761,0,4404936
20091015,4753624,3601920,1151704,36433,25810,10623,0,4412706
20091016,4766099,3610150,1155949,38686,26804,11882,0,4379974
20091019,4733304,3581628,1151676,39609,28601,11008,0,4364379
20091020,4719994,3569084,1150910,39029,27637,11392,19464,4423564
20091021,4747740,3596679,1151061,35828,24343,11485,18955,4416027
20091022,4741391,3586944,1154447,37118,26365,10753,0,4368259
20091023,4728543,3572619,1155924,40360,30009,10351,0,4390502
20091026,4711675,3562508,1149167,40413,31031,9382,0,4414774
20091027,4698883,3548463,1150420,40498,31578,8920,0,4426708
20091028,4658553,3509777,1148776,41864,32596,9268,0,4435977
20091029,4659975,3522460,1137515,37997,28471,9526,0,4490520
20091030,4600520,3476398,1124122,35896,27039,8857,0,4487072
20091102,4608649,3494482,1114167,34193,25985,8208,0,4495918
20091103,4593655,3488016,1105639,34938,25951,8987,27216,4498459
20091104,4519057,3423635,1095422,32120,23242,8878,22427,4531039
20091105,4500845,3414598,1086247,34039,24270,9769,0,4564335
20091106,4495549,3412502,1083047,35996,25754,10242,0,4519034
20091109,4455909,3381292,1074617,37329,26785,10544,0,4537592
20091110,4437525,3364372,1073153,39033,28326,10707,0,4550974
20091111,4406571,3334036,1072535,39186,27742,11444,0,4540739
20091112,4372255,3298127,1074128,41781,30612,11169,0,4567123
20091113,4385213,3309864,1075349,43339,31508,11831,0,4559227
20091116,4403762,3340072,1063690,44282,32686,11596,0,4548199
20091117,4374118,3309701,1064417,41010,29736,11274,88831,4564257
20091118,4366665,3315674,1050991,41083,29479,11604,87789,4541970
20091119,4332552,3288512,1044040,39309,28304,11005,0,4540562
20091120,4334931,3294594,1040337,39552,28267,11285,0,4508987
20091123,4290049,3250130,1039919,42835,30842,11993,0,4505871
20091124,4316065,3271977,1044088,40891,29541,11350,0,4570606
20091125,4336415,3288642,1047773,39564,28171,11393,0,4573986
20091126,4332646,3291371,1041275,39376,28506,10870,0,4548097
20091127,4344229,3302972,1041257,39462,28280,11182,0,4554160
20091130,4318364,3283074,1035290,37548,26879,10669,0,4584306
20091201,4220974,3214056,1006918,31950,23966,7984,0,4589371
20091202,4214569,3215388,999181,36299,27048,9251,0,4593488
20091203,4183873,3188506,995367,34533,23927,10606,0,4568775
20091204,4168764,3168653,1000111,37042,26128,10914,0,4640133
20091207,4150512,3142346,1008166,37302,26792,10510,0,4625937
20091208,4133977,3119832,1014145,38476,28274,10202,0,4654039
20091209,4139302,3119608,1019694,37918,27558,10360,0,4658032
20091210,4151089,3122363,1028726,37701,27555,10146,0,4581369
20091211,4172010,3132205,1039805,38241,27751,10490,0,4685339
20091214,4167800,3123112,1044688,41044,30703,10341,0,4651505
20091215,4219576,3168926,1050650,40831,30684,10147,0,4633460
20091216,4287885,3221038,1066847,39482,29393,10089,0,4665506
20091217,4323352,3239311,1084041,40285,30493,9792,0,4623864
20091218,4341426,3243216,1098210,40512,30223,10289,0,4614597
20091221,4355238,3247334,1107904,40058,29126,10932,0,4647101
20091222,4404241,3273418,1130823,38726,26895,11831,0,4670520
20091223,4423103,3274819,1148284,37154,25476,11678,84350,4725652
20091224,4413418,3251959,1161459,36506,25035,11471,65338,4747982
20091228,4387678,3225201,1162477,36928,25394,11534,0,4781858
20091229,4365719,3196482,1169237,38057,26636,11421,0,4792990
20091230,4385533,3207964,1177569,32980,22071,10909,0,4728216
20091231,4382917,3206115,1176802,32980,22071,10909,0,4732721
20100104,4389590,3207851,1181739,32914,22052,10862,0,4697384
20100105,4345453,3158116,1187337,34223,22960,11263,0,4649921
20100106,4353318,3148767,1204551,36067,23583,12484,0,4650869
20100107,4353321,3132712,1220609,35337,22086,13251,0,4648605
20100108,4374606,3125529,1249077,38344,24337,14007,0,4601052
20100111,4389829,3136682,1253147,35897,21721,14176,0,4615055
20100112,4482262,3205206,1277056,34134,21501,12633,0,4584874
20100113,4526891,3226653,1300238,33426,20857,12569,0,4608156
20100114,4535551,3212730,1322821,34446,21103,13343,0,4601479
20100115,4582457,3245227,1337230,33934,20589,13345,0,4652660
20100118,4614659,3269669,1344990,36606,22469,14137,0,4699837
20100119,4658676,3291890,1366786,38155,23543,14612,0,4719481
20100120,4730995,3335596,1395399,38760,24326,14434,0,4750892
20100121,4779258,3363007,1416251,37795,23746,14049,0,4724200
20100122,4780564,3363738,1416826,38836,24964,13872,0,4874122
20100125,4825655,3388170,1437485,39385,24673,14712,0,4791928
20100126,4859460,3405311,1454149,37389,22824,14565,0,4819904
20100127,4854962,3405052,1449910,33446,20927,12519,0,4928075
20100128,4789657,3358236,1431421,28916,17541,11375,0,4927497
20100129,4771699,3352534,1419165,30093,18748,11345,0,4937559
20100201,4748752,3338598,1410154,30208,18182,12026,0,4948042
20100202,4637653,3258617,1379036,29856,19479,10377,0,4899475
20100203,4655548,3276485,1379063,29791,17754,12037,0,4914690
20100204,4643570,3270067,1373503,32061,18548,13513,0,4897384
20100205,4658881,3276600,1382281,35525,19859,15666,0,4926638
20100208,4666887,3283685,1383202,35607,19763,15844,0,4934077
20100209,4557114,3189366,1367748,33716,19772,13944,0,4925770
20100210,4512480,3169673,1342807,33691,20152,13539,0,4919790
20100211,4519305,3178756,1340549,34085,20204,13881,0,4910493
20100212,4504301,3175325,1328976,35277,22204,13073,0,4874043
20100216,4489779,3161645,1328134,37545,24243,13302,0,4867029
20100217,4523721,3182477,1341244,36596,23175,13421,0,4879770
20100218,4503584,3156201,1347383,37938,23095,14843,0,4879790
20100219,4465231,3104073,1361158,39141,23809,15332,0,4886556
20100222,4457651,3094052,1363599,38450,23769,14681,0,4901517
20100223,4403298,3047057,1356241,37187,22399,14788,0,4948419
20100224,4410173,3036904,1373269,38144,23623,14521,0,4930749
20100225,4415493,3029853,1385640,39535,24609,14926,0,4877977
20100226,4438466,3043268,1395198,38895,24130,14765,0,4885796
20100302,4420068,3037926,1382142,39208,25259,13949,0,4891071
20100303,4438464,3054663,1383801,36636,23553,13083,0,4897549
20100304,4396859,3011143,1385716,36672,23449,13223,0,4892723
20100305,4376322,2989444,1386878,38088,25064,13024,0,4875174
20100308,4362337,2975616,1386721,38001,25087,12914,0,4866454
20100309,4359317,2964742,1394575,37289,24556,12733,0,4860853
20100310,4356571,2947729,1408842,38338,24573,13765,0,5099837
20100311,4371488,2954101,1417387,37579,24409,13170,0,5051479
20100312,4374795,2945638,1429157,38007,24061,13946,0,4844114
20100315,4380997,2954575,1426422,38361,24339,14022,0,4845003
20100316,4375845,2941480,1434365,39575,24880,14695,0,4843105
20100317,4369463,2935009,1434454,39894,25448,14446,0,4892909
20100318,4430999,2982214,1448785,39138,25178,13960,0,4929058
20100319,4403587,2949829,1453758,40076,25802,14274,0,4844385
20100322,4408327,2944273,1464054,39142,25351,13791,0,4829501
20100323,4401876,2931107,1470769,40755,26606,14149,0,4948888
20100324,4436610,2963998,1472612,41507,27239,14268,0,4956426
20100325,4453412,2981684,1471728,41741,27618,14123,0,4840825
20100326,4442107,2974591,1467516,43367,29708,13659,0,4813528
20100329,4461909,2993965,1467944,43535,29778,13757,0,4826188
20100330,4488712,3012091,1476621,43242,29517,13725,0,4810673
20100331,4466272,3001187,1465085,42280,28984,13296,0,4861897
20100401,4488746,3025078,1463668,41079,28384,12695,0,4830215
20100402,4496642,3037095,1459547,38896,27339,11557,0,4813986
20100405,4553406,3090934,1462472,39617,28007,11610,0,4836245
20100406,4593324,3128663,1464661,39959,28967,10992,0,4842897
20100407,4616016,3165297,1450719,39115,28846,10269,0,4836223
20100408,4610037,3165086,1444951,38797,28024,10773,0,4831307
20100409,4615085,3168370,1446715,38849,28017,10832,0,4820324
20100412,4625859,3180022,1445837,40368,29005,11363,0,4852963
20100413,4673708,3229328,1444380,40109,28826,11283,0,4870897
20100414,4660386,3224120,1436266,38870,27464,11406,0,4884382
20100415,4655319,3219241,1436078,38382,27850,10532,0,4978303
20100416,4676713,3239750,1436963,40952,29423,11529,0,4958231
20100419,4643513,3210329,1433184,42354,31309,11045,0,4903150
20100420,4658306,3220535,1437771,40000,29168,10832,0,4943381
20100421,4636534,3217158,1419376,37532,27275,10257,0,4955243
20100422,4674157,3257325,1416832,39908,28758,11150,0,4937031
20100423,4696205,3272429,1423776,41579,30164,11415,0,4901229
20100426,4719270,3292419,1426851,42336,30727,11609,0,4929638
20100427,4732296,3304126,1428170,41136,30083,11053,0,4917118
20100428,4745588,3313406,1432182,41411,30570,10841,0,4950864
20100429,4799208,3354039,1445169,41745,30872,10873,0,4985198
20100430,4848082,3388307,1459775,42970,31785,11185,0,5023078
20100503,4878272,3413875,1464397,43788,32268,11520,0,5188225
20100504,4893387,3416891,1476496,42417,30439,11978,0,6366162
20100506,4895760,3415945,1479815,42381,30069,12312,0,6356190
20100507,4914580,3435941,1478639,42113,30273,11840,0,5182383
20100510,4903363,3434544,1468819,47708,35376,12332,0,5194891
20100511,4856143,3404578,1451565,41285,28853,12432,0,5190362
20100512,4944877,3486644,1458233,46078,33197,12881,0,5576075
20100513,4884612,3436131,1448481,43532,30984,12548,0,5554368
20100514,4915867,3453302,1462565,44315,32314,12001,0,5287010
20100517,4939011,3462254,1476757,45752,33540,12212,0,5305256
20100518,5017763,3514197,1503566,43831,31595,12236,0,5268432
20100519,5010878,3512425,1498453,39844,28514,11330,0,5325630
20100520,4991604,3501457,1490147,33881,22771,11110,0,5269860
20100524,5003942,3519682,1484260,33875,24123,9752,0,5273923
20100525,4925882,3479243,1446639,30521,22012,8509,0,5319793
20100526,4864854,3440269,1424585,30262,21572,8690,0,5283299
20100527,4678467,3315149,1363318,26813,18584,8229,0,5250364
20100528,4688776,3333336,1355440,30666,20616,10050,0,5274477
20100531,4711177,3360943,1350234,33195,22218,10977,0,5335036
20100601,4662773,3314616,1348157,33506,22103,11403,0,5292373
20100603,4703470,3343531,1359939,35849,23311,12538,0,5245571
20100604,4690380,3322569,1367811,35726,23091,12635,0,5297108
20100607,4695643,3313967,1381676,36029,23749,12280,0,5289113
20100608,4703161,3317512,1385649,36755,25085,11670,0,5255057
20100609,4702975,3316361,1386614,39493,27381,12112,0,5266229
20100610,4778103,3380782,1397321,39947,27796,12151,0,5297003
20100611,4762362,3372975,1389387,41616,29676,11940,0,5310464
20100614,4801900,3409280,1392620,40140,27586,12554,0,5276765
20100615,4777914,3378836,1399078,39090,27430,11660,0,5296246
20100616,4748549,3346016,1402533,40279,29040,11239,0,5286047
20100617,4787875,3383663,1404212,41589,30183,11406,0,5293920
20100618,4777073,3358789,1418284,43580,32199,11381,0,5283337
20100621,4778265,3360592,1417673,41730,30547,11183,0,5242887
20100622,4795046,3373637,1421409,42477,31386,11091,0,5374447
20100623,4806228,3378974,1427254,42311,31042,11269,0,5401740
20100624,4843857,3409493,1434364,41853,30939,10914,0,5281642
20100625,4865167,3434758,1430409,40528,29640,10888,0,5311849
20100628,4865970,3431304,1434666,40527,29500,11027,0,5326910
20100629,4872339,3438075,1434264,39246,28623,10623,0,5318013
20100630,4904524,3466482,1438042,38655,28086,10569,0,5368713
20100701,4815311,3396827,1418484,38773,28075,10698,0,5368750
20100702,4855933,3435185,1420748,39576,28625,10951,0,5354586
20100705,4873209,3456515,1416694,39803,28811,10992,0,5382689
20100706,4928888,3513875,1415013,38639,27865,10774,0,5385614
20100707,4945223,3542530,1402693,35269,25319,9950,0,5425831
20100708,4954382,3546918,1407464,35414,25312,10102,0,5428248
20100709,4972867,3566739,1406128,36057,25452,10605,0,5413732
20100712,4966722,3562978,1403744,36886,25764,11122,0,5418411
20100713,4934381,3526999,1407382,36375,24932,11443,0,5440051
20100714,4915029,3503602,1411427,37347,25400,11947,0,5430349
20100715,4910135,3490958,1419177,38107,26992,11115,0,5384109
20100716,4905844,3482808,1423036,37463,26173,11290,0,5442146
20100719,4936520,3509790,1426730,37419,26299,11120,0,5422690
20100720,4937678,3515152,1422526,36127,25991,10136,0,5367812
20100721,4969420,3542296,1427124,35802,25310,10492,0,5438449
20100722,5006608,3582555,1424053,35864,25205,10659,0,5375816
20100723,5020697,3600284,1420413,37302,26840,10462,0,5523758
20100726,4997295,3595103,1402192,36445,27132,9313,0,5373447
20100727,4972635,3572842,1399793,35091,26240,8851,0,5314078
20100728,4974132,3577338,1396794,35568,26099,9469,0,5405201
20100729,4966952,3568310,1398642,35880,26280,9600,0,5401986
20100730,4984040,3580383,1403657,36422,26684,9738,0,5305078
20100802,4971843,3569551,1402292,35252,26153,9099,0,5318687
20100803,4959346,3559412,1399934,35188,26670,8518,0,5315184
20100804,4988261,3597244,1391017,35204,26705,8499,0,5294026
20100805,4967200,3576529,1390671,39216,30186,9030,0,5313870
20100806,5011067,3621386,1389681,40594,31241,9353,0,5312868
20100809,4997007,3617568,1379439,40639,31670,8969,0,5311731
20100810,5008541,3632497,1376044,39695,30389,9306,0,5313002
20100811,5001793,3623257,1378536,39931,29283,10648,0,5333907
20100812,4968769,3595646,1373123,40365,29433,10932,0,5312896
20100813,4971222,3597963,1373259,41101,30150,10951,0,5332087
20100816,4986189,3618967,1367222,34957,25598,9359,0,5364163
20100817,5017597,3651548,1366049,36934,26879,10055,0,5356287
20100818,5040211,3674348,1365863,35688,25052,10636,0,5346337
20100819,5046599,3680313,1366286,37233,25922,11311,0,5371341
20100820,5024049,3661542,1362507,39244,26835,12409,0,5354230
20100823,5000014,3636529,1363485,41369,29240,12129,0,5344772
20100824,5009805,3645600,1364205,42550,30641,11909,0,5359403
20100825,5018801,3660000,1358801,42410,30896,11514,0,5371818
20100826,5026111,3673954,1352157,42581,30027,12554,0,5374098
20100827,5021815,3677976,1343839,40780,28720,12060,0,5357409
20100830,4992199,3661692,1330507,41041,29580,11461,0,5371420
20100831,4987159,3663625,1323534,43553,32161,11392,0,5395737
20100901,4974664,3653639,1321025,45211,32851,12360,0,5389541
20100902,4935763,3621108,1314655,46183,33912,12271,0,5397653
20100903,4988533,3669074,1319459,45973,32873,13100,0,5627976
20100906,4955182,3641294,1313888,47342,34324,13018,0,5615395
20100907,4953379,3634206,1319173,45839,32324,13515,0,5392445
20100908,4986157,3668420,1317737,43432,30424,13008,0,5444632
20100909,5007487,3689379,1318108,40986,28155,12831,0,5413740
20100910,5038417,3716926,1321491,41220,28531,12689,0,5396894
20100913,5056066,3733088,1322978,42419,29045,13374,0,5384082
20100914,5036408,3713034,1323374,42960,29601,13359,0,5527189
20100915,5069539,3747519,1322020,43560,30605,12955,0,5785016
20100916,5071442,3754151,1317291,44678,31982,12696,0,5777347
20100917,5075598,3761294,1314304,44879,32870,12009,0,5534107
20100920,5043716,3735485,1308231,43802,31756,12046,0,5513857
20100924,5031986,3721405,1310581,40936,29572,11364,0,5491184
20100927,5036135,3729379,1306756,39737,29234,10503,0,5559117
20100928,5050303,3745662,1304641,41615,30825,10790,0,5569433
20100929,5085903,3771719,1314184,42781,32111,10670,0,5573599
20100930,5152582,3828654,1323928,42181,31600,10581,0,5631259
20101001,5164082,3836415,1327667,42103,31751,10352,0,5592068
20101004,5154983,3821017,1333966,41694,31296,10398,0,5596527
20101005,5166321,3830237,1336084,40754,30284,10470,0,5801431
20101006,5178296,3841588,1336708,41508,31831,9677,0,5774619
20101007,5219479,3875931,1343548,39724,29615,10109,0,5633721
20101008,5225101,3876079,1349022,40148,30278,9870,0,5619892
20101011,5243643,3894733,1348910,42234,31753,10481,0,5624256
20101012,5288029,3929328,1358701,41983,31670,10313,0,5639571
20101013,5309246,3946944,1362302,41429,31031,10398,0,5669591
20101014,5322556,3961987,1360569,39541,29301,10240,0,5825881
20101015,5349700,3975519,1374181,39793,28608,11185,0,5872264
20101018,5355335,3985806,1369529,41909,30842,11067,0,5709811
20101019,5402250,4013512,1388738,40988,30418,10570,0,5675300
20101020,5454793,4044490,1410303,40028,29186,10842,0,5767728
20101021,5460823,4040810,1420013,38996,28485,10511,0,5786879
20101022,5543535,4100341,1443194,37802,26706,11096,0,5774030
20101025,5563894,4109049,1454845,37124,26250,10874,0,5769276
20101026,5539485,4071984,1467501,38499,28412,10087,0,5782535
20101027,5577645,4092535,1485110,38688,28670,10018,0,5808872
20101028,5616013,4116223,1499790,39509,29965,9544,0,5924517
20101029,5671654,4164411,1507243,39887,30815,9072,0,5908290
20101101,5705403,4185786,1519617,39835,30654,9181,0,5878493
20101102,5734908,4206413,1528495,39648,30169,9479,0,5928807
20101103,5771491,4226472,1545019,41988,32488,9500,0,5912969
20101104,5796435,4254329,1542106,43016,33179,9837,0,5942590
20101105,5793775,4246677,1547098,45318,35205,10113,0,5989248
20101108,5821961,4259278,1562683,44306,34128,10178,0,5921031
20101109,5792359,4226896,1565463,39754,30822,8932,0,5961735
20101110,5810707,4244505,1566202,38590,29378,9212,0,6076955
20101111,5833525,4263902,1569623,38338,29096,9242,0,6089610
20101112,5854461,4284215,1570246,39189,29566,9623,0,6039529
20101115,5935624,4372656,1562968,37521,28424,9097,0,6118826
20101116,5824989,4288794,1536195,36057,28387,7670,0,6115422
20101117,5832171,4302561,1529610,33436,26107,7329,0,6095903
20101118,5811972,4292245,1519727,34009,26141,7868,0,6093271
20101119,5869987,4348711,1521276,36164,28061,8103,0,6166089
20101122,5891148,4374052,1517096,38536,28954,9582,0,6173608
20101123,5880590,4361684,1518906,37594,28632,8962,0,6094440
20101124,5927894,4400065,1527829,36558,28555,8003,0,6176027
20101125,5879506,4364192,1515314,32659,24750,7909,0,6196064
20101126,5795827,4299717,1496110,33634,25560,8074,0,6113814
20101129,5786737,4297314,1489423,33352,24986,8366,0,6129922
20101130,5659961,4194778,1465183,31185,23695,7490,0,6113173
20101201,5654653,4196704,1457949,30803,22713,8090,0,6111016
20101202,5638658,4189189,1449469,33754,25121,8633,0,6102203
20101203,5688108,4233756,1454352,33999,25832,8167,723,6105771
20101206,5700200,4236043,1464157,35456,26708,8748,467,6090084
20101207,5728717,4252897,1475820,34076,26039,8037,0,6137224
20101208,5778004,4299024,1478980,35160,26431,8729,0,6147499
20101209,5810112,4326086,1484026,33774,25459,8315,0,6327233
20101210,5804964,4326538,1478426,33542,25007,8535,0,6345956
20101213,5801863,4318773,1483090,34011,25081,8930,0,6115299
20101214,5853504,4365459,1488045,33277,23890,9387,0,6201078
20101215,5870757,4379303,1491454,33595,23481,10114,0,6255198
20101216,5890885,4398797,1492088,34520,24931,9589,0,6212089
20101217,5931429,4434227,1497202,35895,25429,10466,0,6201476
20101220,5957139,4457453,1499686,34789,25348,9441,0,6237154
20101221,5968416,4467644,1500772,33738,24700,9038,0,6232269
20101222,5882182,4403948,1478234,31044,23612,7432,0,6308825
20101223,6009885,4521651,1488234,32450,24374,8076,0,6257730
20101224,6023695,4537459,1486236,31893,23866,8027,0,6228869
20101227,6020834,4535705,1485129,31106,23300,7806,0,6293850
20101228,6010347,4524629,1485718,28200,21110,7090,0,6317038
20101229,6012831,4528042,1484789,26012,19114,6898,0,6296810
20101230,5976486,4499717,1476769,25576,19152,6424,0,6273978
20101231,5974074,4497878,1476196,25576,19152,6424,0,6267092
20110103,5979140,4498839,1480301,28118,21007,7111,0,6248340
20110104,5955809,4468568,1487241,28886,21660,7226,0,6192063
20110105,5952808,4456679,1496129,30178,22163,8015,0,6209848
20110106,5958501,4449676,1508825,31349,23767,7582,0,6237498
20110107,5975982,4459092,1516890,32694,25813,6881,122956,6277325
20110110,5996695,4464928,1531767,32820,24982,7838,121477,6292866
20110111,6040817,4510027,1530790,32140,24301,7839,0,6241187
20110112,6073015,4528432,1544583,33502,24842,8660,0,6301009
20110113,6122459,4564061,1558398,34836,25291,9545,0,6327284
20110114,6148864,4579984,1568880,36494,27402,9092,0,6421606
20110117,6236363,4663286,1573077,36342,27097,9245,0,6523671
20110118,6276877,4697204,1579673,34494,25806,8688,0,6521723
20110119,6311422,4721651,1589771,36672,26766,9906,0,6551624
20110120,6324356,4741372,1582984,36495,27913,8582,0,6530452
20110121,6372428,4783352,1589076,37178,27859,9319,0,6567432
20110124,6399883,4813655,1586228,38068,28862,9206,0,6431264
20110125,6391116,4808662,1582454,31685,23698,7987,0,6486840
20110126,6394946,4807930,1587016,35493,27083,8410,96970,6488471
20110127,6329621,4747069,1582552,32098,24566,7532,94772,6508945
20110128,6329147,4743068,1586079,34645,26674,7971,0,6508817
20110131,6369571,4784576,1584995,36389,27943,8446,0,6450838
20110201,6372560,4791628,1580932,36231,27553,8678,0,6457629
20110207,6377013,4803909,1573104,34060,25711,8349,0,6488807
20110208,6379872,4809923,1569949,31524,23515,8009,0,6481246
20110209,6383766,4812348,1571418,35028,26606,8422,0,6525566
20110210,6426937,4844787,1582150,34362,25772,8590,0,6928779
20110211,6459308,4871816,1587492,34544,25571,8973,0,6977054
20110214,6523912,4936241,1587671,33569,24509,9060,0,6646519
20110215,6483351,4905132,1578219,31412,22623,8789,0,6622057
20110216,6439169,4852153,1587016,34305,25895,8410,0,6611547
20110217,6423988,4840925,1583063,34190,24368,9822,0,6641060
20110218,6381781,4788870,1592911,34379,25112,9267,0,6715310
20110221,6315980,4738275,1577705,33335,24495,8840,0,6715894
20110222,6329399,4747170,1582229,31049,22619,8430,0,6703341
20110223,6344565,4760788,1583777,33304,24076,9228,0,6716713
20110224,6293421,4713484,1579937,31287,22550,8737,0,6755335
20110225,6268350,4702415,1565935,32387,24479,7908,0,6679114
20110228,6223190,4676706,1546484,27332,19724,7608,0,6776988
20110302,6197342,4659297,1538045,29295,19820,9475,0,6760742
20110303,6129831,4602155,1527676,29783,19509,10274,0,6781858
20110304,6131240,4606161,1525079,31978,21360,10618,0,6771075
20110307,6128075,4602845,1525230,33063,22185,10878,0,6677268
20110308,6030744,4504398,1526346,35219,23722,11497,0,6650649
20110309,6054273,4520948,1533325,36507,25080,11427,0,6682811
20110310,6093274,4543340,1549934,36809,24788,12021,0,6702120
20110311,6086168,4530264,1555904,36679,24809,11870,0,6700933
20110314,6158191,4595981,1562210,35623,23515,12108,0,6758300
20110315,6166012,4608789,1557223,34372,22111,12261,0,6804240
20110316,6086805,4552161,1534644,34336,23240,11096,0,6731950
20110317,5942789,4443796,1498993,30768,20125,10643,0,6749004
20110318,5928424,4432828,1495596,34112,23298,10814,0,6664734
20110321,5935170,4441118,1494052,31632,21250,10382,0,6639021
20110322,5905876,4402100,1503776,31477,22294,9183,0,6628414
20110323,5931693,4415966,1515727,34607,24661,9946,102351,6642932
20110324,5943660,4421072,1522588,37285,27113,10172,0,6651586
20110325,5988729,4462384,1526345,36266,26284,9982,0,6655504
20110328,6015250,4472348,1542902,38613,27912,10701,0,6687521
20110329,6027951,4471346,1556605,37570,27531,10039,0,6698084
20110330,6076078,4516295,1559783,36928,27051,9877,0,6694207
20110331,6114769,4546277,1568492,38657,28514,10143,0,6661436
20110401,6086466,4510502,1575964,39079,29883,9196,0,6610610
20110404,6049217,4471522,1577695,38910,30015,8895,0,6605526
20110405,6042499,4444670,1597829,38623,29375,9248,0,6597441
20110406,6146022,4542506,1603516,36802,26754,10048,0,6642385
20110407,6169312,4556786,1612526,37866,27416,10450,0,6602635
20110408,6196043,4575672,1620371,41410,30806,10604,0,6611450
20110411,6255452,4628425,1627027,41698,30920,10778,0,6630542
20110412,6321566,4685864,1635702,42688,32437,10251,0,6649845
20110413,6380675,4731602,1649073,42718,32913,9805,0,6668321
20110414,6418522,4777570,1640952,38552,28938,9614,0,6717468
20110415,6471752,4820038,1651714,39952,30797,9155,0,6730138
20110418,6525781,4875093,1650688,40406,31180,9226,0,6761773
20110419,6608145,4953879,1654266,41537,32424,9113,0,6816943
20110420,6655942,5004247,1651695,43065,34408,8657,0,6839330
20110421,6723357,5068348,1655009,40588,32202,8386,0,6858203
20110422,6742125,5077416,1664709,42878,34177,8701,0,7006855
20110425,6726848,5066242,1660606,43728,35440,8288,0,6833207
20110426,6794418,5139379,1655039,42040,34216,7824,0,6868565
20110427,6859545,5204430,1655115,44990,36722,8268,0,6911671
20110428,6900403,5253969,1646434,46467,38272,8195,0,6931535
20110429,6896139,5253965,1642174,40858,33113,7745,0,6939681
20110502,6912754,5276055,1636699,41498,34041,7457,0,6904530
20110503,6879678,5250584,1629094,38914,31665,7249,0,6950421
20110504,6877554,5250400,1627154,41725,34461,7264,0,6928547
20110506,6880585,5255959,1624626,37584,29686,7898,0,6964080
20110509,6866450,5250257,1616193,38143,30519,7624,0,6940549
20110511,6870504,5266585,1603919,36480,28466,8014,0,6949680
20110512,6820294,5232711,1587583,40029,31573,8456,0,7157569
20110513,6783339,5204027,1579312,44097,34996,9101,0,7163938
20110516,6862812,5292365,1570447,41769,32416,9353,0,7060866
20110517,6853305,5284894,1568411,39020,29473,9547,0,7084763
20110518,6865560,5309080,1556480,37344,27360,9984,0,7097911
20110519,6875535,5327958,1547577,37382,27446,9936,0,6574408
20110520,6845136,5311540,1533596,38905,29704,9201,0,7139937
20110523,6752136,5248765,1503371,35299,26456,8843,0,7175471
20110524,6707598,5223904,1483694,35000,26441,8559,0,7229705
20110525,6660716,5196706,1464010,30591,22171,8420,0,7352571
20110526,6664313,5210403,1453910,33445,24743,8702,0,7155954
20110527,6563015,5125878,1437137,33651,24970,8681,0,7148084
20110530,6555874,5121764,1434110,39924,30523,9401,0,7116304
20110531,6511139,5083878,1427261,39387,29948,9439,0,7138726
20110601,6503482,5081765,1421717,37545,28233,9312,0,7099403
20110602,6435347,5015246,1420101,44335,34426,9909,0,7018683
20110603,6413172,4995780,1417392,43475,33893,9582,0,7121662
20110607,6415730,5009544,1406186,41460,32799,8661,0,7013193
20110608,6388478,4993271,1395207,42129,33303,8826,0,7003172
20110609,6385199,5001496,1383703,36926,28351,8575,0,7038173
20110610,6389447,5014787,1374660,34723,25995,8728,0,7047049
20110613,6472741,5103885,1368856,36009,27529,8480,0,7064018
20110614,6414759,5057615,1357144,37536,29180,8356,0,7074548
20110615,6331680,4994397,1337283,38336,29914,8422,0,7048892
20110616,6326402,4991691,1334711,41115,32503,8612,0,7025792
20110617,6281575,4948795,1332780,41496,33007,8489,0,7045150
20110620,6278058,4949561,1328497,40445,32008,8437,0,7089981
20110621,6238982,4919843,1319139,39600,31345,8255,0,7038830
20110622,6192131,4888705,1303426,42916,33690,9226,0,7044419
20110623,6171474,4870154,1301320,43411,34162,9249,0,7026135
20110624,6135378,4835682,1299696,46699,36907,9792,0,7213605
20110627,6157799,4857493,1300306,45968,35617,10351,0,7189193
20110628,6139486,4832077,1307409,46773,35705,11068,0,7141720
20110629,6184144,4876426,1307718,45200,33792,11408,0,7188569
20110630,6127337,4822675,1304662,45503,34605,10898,0,7156780
20110701,6088890,4785508,1303382,47179,36331,10848,0,7332053
20110704,6033597,4729259,1304338,49851,38254,11597,0,7288365
20110705,5997600,4686927,1310673,50413,38787,11626,0,7049792
20110706,5977058,4657899,1319159,46218,34087,12131,0,7059929
20110707,5970171,4639105,1331066,46377,33982,12395,0,6998617
20110708,6023048,4684565,1338483,45116,33132,11984,0,6988263
20110711,6002210,4655092,1347118,47239,35283,11956,0,6994496
20110712,6026132,4668352,1357780,46766,34674,12092,33605,7236666
20110713,6041540,4672243,1369297,47292,33890,13402,33587,7279432
20110714,6088158,4719046,1369112,42921,30083,12838,0,7202133
20110715,6155011,4781112,1373899,44707,31764,12943,0,7169086
20110718,6186993,4814364,1372629,45242,32096,13146,0,7174006
20110719,6205112,4827776,1377336,46136,32274,13862,0,7201890
20110720,6226097,4838849,1387248,45800,31946,13854,0,7216438
20110721,6277412,4875213,1402199,45308,31081,14227,0,7209758
20110722,6286148,4866375,1419773,46226,32219,14007,0,7179988
20110725,6279148,4855982,1423166,44494,31067,13427,0,7221902
20110726,6268563,4836330,1432233,44903,31634,13269,64741,7231554
20110727,6251204,4817823,1433381,44759,31656,13103,64719,7441288
20110728,6315514,4869198,1446316,44277,31097,13180,0,7327120
20110729,6330181,4857692,1472489,44436,30781,13655,0,7346163
20110801,6349629,4862960,1486669,43443,30010,13433,0,7264345
20110802,6313588,4828707,1484881,41424,28299,13125,51694,7280350
20110803,6354818,4845748,1509070,43000,29672,13328,50695,7296319
20110804,6391657,4875802,1515855,42733,29680,13053,0,7360560
20110805,6423158,4908035,1515123,38355,25738,12617,0,7480781
20110808,6342425,4841846,1500579,33534,22424,11110,0,7515530
20110809,6041884,4593730,1448154,27317,18321,8996,0,7498348
20110810,5683222,4314466,1368756,25298,17045,8253,0,7459020
20110811,5431630,4158400,1273230,23279,16403,6876,0,7246056
20110812,5393020,4147308,1245712,21260,14599,6661,0,7285333
20110816,5402437,4151504,1250933,19801,13246,6555,0,7229895
20110817,5312446,4066798,1245648,18992,12543,6449,0,7225413
20110818,5293264,4029597,1263667,18153,11881,6272,0,7258403
20110819,5300832,4017347,1283485,17695,11480,6215,0,7277666
20110822,5289174,3997419,1291755,17165,11017,6148,0,7293627
20110823,5111628,3841973,1269655,15504,9551,5953,0,7164735
20110824,4967463,3720652,1246811,14416,8639,5777,0,7084790
20110825,4941447,3687004,1254443,14037,8286,5751,0,7019649
20110826,4885879,3629491,1256388,13204,7569,5635,0,7024606
20110829,4846639,3597288,1249351,12468,6907,5561,0,7021468
20110830,4842819,3591862,1250957,12212,6724,5488,0,7011554
20110831,4856360,3589127,1267233,11968,6519,5449,0,7026937
20110901,4842710,3560474,1282236,11750,6353,5397,0,7055270
20110902,4844018,3553788,1290230,11645,6324,5321,0,6986207
20110905,4791652,3487613,1304039,11367,6110,5257,0,7006242
20110906,4851974,3536067,1315907,11181,5967,5214,0,7026906
20110907,4902815,3594904,1307911,10621,5542,5079,0,7016370
20110908,4860534,3593166,1267368,9759,5409,4350,0,6990704
20110909,4939546,3653241,1286305,9467,5156,4311,0,6961131
20110914,4836735,3559038,1277697,7876,5000,2876,0,6959088
20110915,4831920,3556559,1275361,7076,4624,2452,0,6954620
20110916,4749417,3500455,1248962,6437,4170,2267,0,6958080
20110919,4708721,3481255,1227466,5591,3880,1711,0,6940923
20110920,4686128,3439060,1247068,5018,3842,1176,0,6886914
20110921,4638694,3400285,1238409,4526,3424,1102,0,6895819
20110922,4668690,3419605,1249085,4283,3227,1056,0,6891373
20110923,4692333,3435688,1256645,4126,3127,999,0,6915288
20110926,4695347,3444874,1250473,3990,3003,987,0,6951937
20110927,4620450,3401059,1219391,3186,2247,939,0,6934560
20110928,4298757,3164480,1134277,2882,1970,912,0,6808241
20110929,4281778,3151373,1130405,2547,1656,891,0,6731999
20110930,4221723,3094536,1127187,2289,1402,887,0,6726427
20111004,4252637,3121159,1131478,2198,1325,873,0,6707284
20111005,4248528,3111337,1137191,2112,1252,860,0,6524805
20111006,4244778,3118980,1125798,1998,1206,792,0,6533442
20111007,4156348,3050191,1106157,1650,929,721,0,6501096
20111010,4109916,3006478,1103438,1346,812,534,0,6467095
20111011,4039832,2931159,1108673,1035,623,412,0,6460625
20111012,4090314,2959426,1130888,294,115,179,0,6512110
20111013,4029001,2893312,1135689,5,0,5,0,6524773
20111014,4118838,2946109,1172729,5,0,5,0,6513432
20111017,4123990,2937771,1186219,5,0,5,0,6509041
20111018,4166404,2947427,1218977,5,0,5,0,6497363
20111019,4209818,2970308,1239510,5,0,5,0,6493508
20111020,4248566,2981550,1267016,5,0,5,0,6519477
20111021,4278822,2989559,1289263,5,0,5,0,6564093
20111024,4264448,2984065,1280383,5,0,5,0,6638954
20111025,4316261,3021450,1294811,5,0,5,0,6600216
20111026,4318129,3008415,1309714,5,0,5,0,6584359
20111027,4304232,2980615,1323617,5,0,5,0,6584112
20111028,4375159,3038024,1337135,5,0,5,0,6636647
20111031,4402133,3058560,1343573,5,0,5,0,6642298
20111101,4333447,2977461,1355986,5,0,5,0,6642681
20111102,4370648,3007985,1362663,5,0,5,0,6684486
20111103,4440725,3070286,1370439,5,0,5,0,6758073
20111104,4490821,3117749,1373072,5,0,5,0,6668600
20111107,4449436,3089258,1360178,5,0,5,0,6674450
20111108,4499931,3108209,1391722,5,0,5,0,6634576
20111109,4529505,3132618,1396887,5,0,5,0,6745275
20111110,4492054,3092154,1399900,5,0,5,0,6813151
20111111,4502705,3089942,1412763,5,0,5,0,6720983
20111114,4504030,3094648,1409382,7296,5142,2154,0,6717402
20111115,4549091,3128602,1420489,12378,8807,3571,0,6890895
20111116,4547607,3104705,1442902,18276,12514,5762,0,6905211
20111117,4555998,3105593,1450405,19136,13009,6127,0,6734943
20111118,4518618,3081227,1437391,20490,14482,6008,0,6768680
20111121,4621468,3159635,1461833,19638,13372,6266,0,6780408
20111122,4659360,3189468,1469892,20117,13867,6250,0,6807096
20111123,4637875,3167739,1470136,20563,14062,6501,0,6852184
20111124,4696927,3217299,1479628,23528,15209,8319,0,6916387
20111125,4624453,3164625,1459828,21842,14247,7595,0,6888404
20111128,4618194,3154740,1463454,22606,15024,7582,0,6860913
20111129,4547922,3102991,1444931,22271,15239,7032,0,6881848
20111130,4567642,3116083,1451559,23829,16229,7600,0,6810738
20111201,4495712,3042872,1452840,26421,18943,7478,0,6775906
20111202,4472865,3019778,1453087,27035,18978,8057,0,6756987
20111205,4440329,2968954,1471375,30170,21559,8611,0,6686732
20111206,4452312,2959901,1492411,29392,20950,8442,0,6688087
20111207,4487993,2987934,1500059,30730,21832,8898,0,6699502
20111208,4479435,2968335,1511100,30332,21481,8851,20434,6710937
20111209,4519449,2989865,1529584,31395,22328,9067,8606,6717692
20111212,4555638,3014334,1541304,31544,22382,9162,0,6723363
20111213,4585073,3048802,1536271,27708,18214,9494,0,6769155
20111214,4611037,3068863,1542174,31268,20178,11090,0,6731838
20111215,4661277,3094707,1566570,31475,18637,12838,0,6823091
20111216,4675670,3108589,1567081,31973,19425,12548,0,6919329
20111219,4687951,3125112,1562839,29190,16782,12408,0,6908192
20111220,4699055,3141322,1557733,33404,18791,14613,0,6842481
20111221,4528863,3028011,1500852,30220,16717,13503,0,6822282
20111222,4559334,3040758,1518576,33410,17884,15526,0,6807829
20111223,4547744,3019206,1528538,34530,19537,14993,0,6797616
20111226,4560504,3018041,1542463,36318,20734,15584,0,6984318
20111227,4540105,2987437,1552668,36431,21014,15417,0,7005708
20111228,4560661,2994460,1566201,33813,18475,15338,0,6851950
20111229,4498259,2947102,1551157,30965,16497,14468,0,6827195
20111230,4441111,2912388,1528723,29473,16105,13368,0,6859970
20120102,4496244,2944083,1552161,33441,17461,15980,0,6746043
20120103,4478094,2926496,1551598,33998,17188,16810,0,6729735
20120104,4497537,2929316,1568221,37332,19390,17942,0,6716496
20120105,4486676,2892014,1594662,44338,25289,19049,0,6681542
20120106,4458860,2838736,1620124,47542,27365,20177,0,6672081
20120109,4477287,2836887,1640400,47779,27931,19848,0,6675309
20120110,4509845,2856518,1653327,46952,28215,18737,0,6698131
20120111,4563042,2900762,1662280,46055,27732,18323,0,6828872
20120112,4567422,2886936,1680486,47838,28750,19088,0,6789362
20120113,4543493,2870179,1673314,44777,27768,17009,0,6652616
20120116,4559084,2880624,1678460,44342,27120,17222,0,6644883
20120117,4553986,2871268,1682718,45788,28059,17729,0,6638071
20120118,4591230,2899670,1691560,44772,27153,17619,0,6668410
20120119,4573023,2884055,1688968,45602,28421,17181,0,6656995
20120120,4542797,2864190,1678607,45096,28488,16608,0,6602225
20120125,4510675,2831258,1679417,46701,30584,16117,0,6576645
20120126,4435203,2765868,1669335,45183,30698,14485,0,6554344
20120127,4435283,2762962,1672321,44306,30345,13961,0,6586382
20120130,4436868,2762225,1674643,45394,30588,14806,0,6556742
20120131,4456540,2776568,1679972,44710,30543,14167,0,6577611
20120201,4462985,2786742,1676243,41158,27642,13516,0,6597834
20120202,4490726,2815836,1674890,41347,28296,13051,0,6610429
20120203,4508861,2832027,1676834,47177,33723,13454,0,6569448
20120206,4525000,2840844,1684156,52567,37943,14624,0,6551737
20120207,4595700,2896313,1699387,54967,39389,15578,0,6590361
20120208,4609765,2904487,1705278,56232,39514,16718,0,6599390
20120209,4622695,2907406,1715289,53762,36152,17610,0,6607232
20120210,4677208,2956782,1720426,52901,36017,16884,0,6622076
20120213,4754462,3026595,1727867,54210,37806,16404,0,6606319
20120214,4785559,3045934,1739625,53718,38391,15327,0,6646623
20120215,4825301,3082569,1742732,49749,36803,12946,0,6695417
20120216,4863781,3112972,1750809,50570,37221,13349,0,6699910
20120217,4923660,3154812,1768848,48495,35663,12832,0,6685086
20120220,4932711,3168568,1764143,45781,33829,11952,0,6698593
20120221,4992918,3228243,1764675,45943,34149,11794,0,6721498
20120222,5018308,3246461,1771847,46550,34573,11977,0,6733234
20120223,5050691,3265881,1784810,45727,33974,11753,0,6762379
20120224,5091056,3303120,1787936,46654,35106,11548,0,6760168
20120227,5093787,3308150,1785637,46897,36340,10557,0,6744366
20120228,5088709,3303647,1785062,45558,34366,11192,0,6950864
20120229,5086991,3307324,1779667,46487,35251,11236,0,6967177
20120302,5102224,3322068,1780156,46662,35297,11365,0,6759580
20120305,5079652,3291616,1788036,50942,39834,11108,0,6731186
20120306,5078150,3279565,1798585,52326,41146,11180,0,6729661
20120307,5094260,3295958,1798302,49792,39178,10614,0,6743892
20120308,5113420,3325220,1788200,46377,36741,9636,0,6781142
20120309,5151094,3359798,1791296,45239,35447,9792,0,6795843
20120312,5184650,3388922,1795728,45606,35260,10346,0,6790850
20120313,5188033,3389044,1798989,47427,37482,9945,0,6796097
20120314,5199234,3407596,1791638,47739,37591,10148,0,6839837
20120315,5239157,3439854,1799303,45336,35621,9715,0,6833044
20120316,5214895,3411147,1803748,45189,35092,10097,0,6774171
20120319,5236328,3423047,1813281,45621,34876,10745,0,6786235
20120320,5261805,3446131,1815674,42445,31336,11109,0,6795928
20120321,5288189,3467005,1821184,44031,32606,11425,0,6808103
20120322,5305981,3484714,1821267,43254,31662,11592,0,6828517
20120323,5331523,3506569,1824954,40975,29639,11336,0,6847774
20120326,5289030,3476600,1812430,39585,28532,11053,0,6861097
20120327,5308791,3497551,1811240,40839,29509,11330,0,6867931
20120328,5284344,3483564,1800780,41094,28619,12475,0,7022848
20120329,5253226,3465879,1787347,40774,29262,11512,0,7029491
20120330,5202648,3429577,1773071,41081,28990,12091,0,6920699
20120402,5135593,3386262,1749331,36727,26227,10500,0,6991924
20120403,5119039,3371940,1747099,37016,25649,11367,0,6977165
20120404,5113143,3374708,1738435,36499,24801,11698,0,7019637
20120405,5070063,3339806,1730257,36736,25811,10925,0,7043497
20120406,5004640,3309193,1695447,34791,25272,9519,0,7022819
20120409,5012064,3338978,1673086,39038,28779,10259,0,7034691
20120410,5000053,3336163,1663890,39559,28953,10606,0,7056988
20120412,4922682,3287336,1635346,35737,25825,9912,0,7063764
20120413,4878336,3258595,1619741,35731,25920,9811,0,7052592
20120416,4870933,3265387,1605546,36419,25743,10676,0,7096854
20120417,4857487,3248322,1609165,39746,28315,11431,0,7052283
20120418,4879622,3274838,1604784,38930,26781,12149,0,7091958
20120419,4889429,3274750,1614679,39479,27075,12404,0,7091373
20120420,4912883,3289894,1622989,43649,30812,12837,0,7111787
20120423,4903029,3278796,1624233,42544,29089,13455,0,7131405
20120424,4873951,3262714,1611237,39433,25618,13815,0,7161837
20120425,4822583,3221519,1601064,39862,25659,14203,0,7175563
20120426,4819308,3225472,1593836,37489,25245,12244,0,7217628
20120427,4778365,3198765,1579600,42615,30581,12034,0,7207464
20120430,4674929,3116616,1558313,40841,29326,11515,0,7190109
20120502,4628509,3083628,1544881,43449,30580,12869,0,7171454
20120503,4596215,3062462,1533753,45355,32738,12617,0,7150628
20120504,4608639,3074439,1534200,48350,35045,13305,0,7155175
20120507,4589024,3060213,1528811,45381,31630,13751,0,7174689
20120508,4582839,3057719,1525120,45344,31373,13971,0,7162150
20120509,4582325,3067270,1515055,44578,29744,14834,0,7194775
20120510,4616670,3096151,1520519,47667,30686,16981,0,7189835
20120511,4610120,3093347,1516773,49764,32754,17010,0,7197785
20120514,4631017,3120242,1510775,50245,33514,16731,0,7201082
20120515,4603624,3087873,1515751,46911,31049,15862,0,7233788
20120516,4582489,3076614,1505875,49276,34627,14649,0,7227216
20120517,4554690,3056137,1498553,44146,29936,14210,0,7213034
20120518,4494417,3024144,1470273,40810,28687,12123,0,7199794
20120521,4476280,3022846,1453434,44056,31327,12729,0,7197794
20120522,4391275,2970184,1421091,39146,29499,9647,0,7183163
20120523,4359516,2957633,1401883,39566,30114,9452,0,7156091
20120524,4325969,2929492,1396477,34821,23887,10934,0,7137650
20120525,4283482,2892383,1391099,36152,25342,10810,0,7146378
20120529,4258436,2876803,1381633,46288,34852,11436,0,7150701
20120530,4250438,2865466,1384972,49740,38126,11614,0,7152095
20120531,4217670,2835096,1382574,50299,38202,12097,0,7162868
20120601,4191505,2811330,1380175,50479,38010,12470,0,7164318
20120604,4190110,2815357,1374753,51462,38315,13147,0,7191056
20120605,4183673,2815495,1368178,51897,38459,13438,0,7191093
20120607,4091792,2750405,1341388,49552,38966,10586,0,7171774
20120608,4066061,2728156,1337905,54451,42299,12152,0,7136259
20120611,4026616,2692419,1334197,57998,45162,12836,0,7123612
20120612,3993445,2665133,1328313,59793,47640,12153,0,7194562
20120613,4007389,2677962,1329427,60583,47849,12734,85927,7189859
20120614,4025695,2688390,1337305,63210,50298,12912,28689,7107486
20120615,3986655,2652819,1333836,60430,47348,13081,0,7108484
20120618,3957285,2619060,1338225,60892,49002,11890,0,7112784
20120619,3931038,2600141,1330896,59787,48181,11606,0,7109617
20120620,3910254,2574767,1335488,59785,47301,12484,0,7120957
20120621,3906252,2562198,1344054,60945,47398,13547,0,7113791
20120622,3903810,2549344,1354466,65811,51198,14613,0,7124229
20120625,3915144,2551947,1363197,65950,50919,15031,0,7150719
20120626,3987088,2619424,1367664,63311,48288,15023,0,7177232
20120627,4025244,2655748,1369496,60131,45935,14196,0,7211484
20120628,4057491,2684201,1373290,53201,39172,14029,0,7268431
20120629,4071870,2694797,1377073,53026,38403,14623,0,7268994
20120702,4058170,2678110,1380060,49449,34352,15097,0,7266004
20120703,4058194,2669321,1388873,56669,41539,15129,0,7246092
20120704,4038786,2638815,1399972,55153,40229,14923,0,7208634
20120705,4043956,2628706,1415250,57977,43393,14584,7726,7233327
20120706,4047723,2618070,1429653,56103,41813,14290,7593,7264980
20120709,4049465,2612760,1436705,57649,43391,14258,0,7215541
20120710,4076804,2628691,1448113,57258,42964,14294,0,7294490
20120711,4106081,2649215,1456866,56492,42261,14232,0,7318722
20120712,4122221,2670114,1452106,55852,42163,13689,0,7316417
20120713,4161111,2703897,1457214,52911,38939,13972,0,7333202
20120716,4185731,2732451,1453280,49740,36908,12833,0,7367131
20120717,4156222,2706367,1449854,50072,38617,11455,0,7319304
20120718,4139154,2682174,1456981,49967,38509,11458,0,7357689
20120719,4138047,2675019,1463029,51805,40444,11361,0,7334011
20120720,4105911,2651202,1454708,49451,38037,11415,0,7357522
20120723,4085712,2628053,1457659,56065,43783,12282,0,7348161
20120724,4072014,2611421,1460593,54423,42060,12363,0,7343430
20120725,4047903,2602622,1445281,48097,37506,10591,0,7409179
20120726,4053342,2614015,1439326,47877,37808,10070,0,7388004
20120727,4007799,2585703,1422095,45326,36489,8837,0,7362690
20120730,3994045,2583479,1410566,53270,43965,9305,0,7343383
20120731,3930141,2520233,1409908,55398,45794,9604,0,7323274
20120801,3875525,2465739,1409786,54180,44258,9922,0,7300326
20120802,3827451,2412851,1414600,51667,41906,9761,0,7238269
20120803,3819097,2398759,1420338,52415,42483,9932,0,7231455
20120806,3807804,2385316,1422487,55807,45696,10111,0,7239890
20120807,3829467,2405330,1424137,52699,42612,10087,0,7401259
20120808,3805558,2377574,1427984,53712,42630,11082,0,7371360
20120809,3799177,2364119,1435058,55447,43891,11556,0,7204828
20120810,3733571,2296124,1437447,59142,47566,11576,0,7176040
20120813,3663423,2221323,1442100,52423,40328,12095,0,7071349
20120814,3660457,2212815,1447641,53838,41174,12664,0,7064798
20120816,3622025,2194286,1427739,48495,35466,13029,0,7090371
20120817,3683398,2223761,1459637,47516,35254,12263,0,7066763
20120820,3681543,2214859,1466684,48242,34664,13577,0,7069250
20120821,3672378,2195708,1476669,46938,33713,13225,0,7063793
20120822,3696152,2213694,1482458,47569,34495,13074,0,7073565
20120823,3711869,2214085,1497785,47261,33582,13679,0,7079154
20120824,3740228,2232556,1507673,46667,32699,13968,0,7096720
20120827,3765086,2246705,1518381,45151,30412,14740,0,7130644
20120828,3786136,2260853,1525283,42844,29073,13771,0,7126514
20120829,3784132,2249703,1534429,44123,29482,14641,0,7104335
20120830,3809365,2262647,1546718,43303,28925,14377,0,7117842
20120831,3837381,2273974,1563408,44464,30330,14135,0,7152349
20120903,3858957,2290708,1568249,43057,28648,14409,0,7177812
20120904,3898629,2319112,1579517,42170,28294,13876,0,7194720
20120905,3935237,2329888,1605349,43286,29182,14104,0,7192575
20120906,3968096,2352583,1615514,41812,28472,13340,0,7209276
20120907,4013215,2389751,1623464,40524,27363,13161,0,7230168
20120910,4047929,2413114,1634815,38942,26426,12516,0,7247256
20120911,4026926,2382429,1644497,43628,30832,12796,0,7241496
20120912,4019477,2358374,1661102,42919,29142,13778,0,7241824
20120913,4042337,2365199,1677138,42505,28788,13717,0,7206054
20120914,4059150,2367155,1691995,43799,29734,14065,0,7207789
20120917,4086479,2390187,1696291,42778,29918,12860,0,7213990
20120918,4083478,2373514,1709964,45074,32533,12542,111028,7158901
20120919,4111110,2388769,1722341,44266,32041,12225,0,7172640
20120920,4144196,2410617,1733579,43753,30936,12817,0,7178446
20120921,4219054,2459210,1759844,44304,30226,14079,0,7155597
20120924,4223360,2459773,1763587,41923,29256,12667,0,7192412
20120925,4254682,2481983,1772700,39669,27596,12073,0,7256926
20120926,4281327,2493075,1788252,39682,27253,12429,0,7250950
20120927,4303455,2509589,1793867,38125,26793,11332,0,7237346
20120928,4313448,2517373,1796075,37497,26133,11364,0,7251686
20121002,4342028,2542405,1799624,38334,27058,11276,0,7212752
20121004,4325481,2526899,1798582,40826,28335,12490,0,7192602
20121005,4332670,2524937,1807733,41190,28675,12514,0,7173597
20121008,4382593,2552902,1829691,40984,27918,13066,0,7217549
20121009,4389889,2541695,1848194,41555,28819,12736,0,7223024
20121010,4404428,2540343,1864085,41838,28538,13300,0,7252778
20121011,4420271,2546690,1873581,41686,27630,14055,0,7267192
20121012,4466378,2570579,1895798,39273,25604,13669,0,7262053
20121015,4503995,2610813,1893182,37755,24210,13545,0,7278070
20121016,4524029,2614465,1909564,38983,25011,13971,0,7272079
20121017,4527626,2614943,1912683,35695,22539,13156,0,7256062
20121018,4543819,2625544,1918275,37332,24826,12506,0,7252194
20121019,4527022,2603244,1923778,39615,27142,12472,0,7233532
20121022,4503396,2578093,1925303,38985,27664,11321,0,7246895
20121023,4498658,2573165,1925493,38718,25905,12814,0,7247535
20121024,4505368,2581540,1923828,41004,27549,13456,0,7270379
20121025,4529270,2598791,1930479,42146,28825,13321,0,7287342
20121026,4551204,2623243,1927960,39922,26672,13250,8580,7297522
20121029,4555907,2633905,1922003,35325,22633,12692,8574,7321595
20121030,4497593,2600346,1897247,33865,21971,11894,0,7289290
20121031,4437125,2567532,1869594,32293,21298,10994,0,7241067
20121101,4406531,2550714,1855817,34113,22043,12071,0,7209071
20121102,4402278,2544807,1857472,37056,24059,12996,0,7171405
20121105,4430704,2567558,1863146,39055,25147,13908,0,7174776
20121106,4450388,2581471,1868917,38988,25208,13780,0,7164290
20121107,4477843,2601178,1876664,38434,24490,13944,0,7146442
20121108,4478536,2594434,1884102,37752,23854,13898,0,7186865
20121109,4475963,2581272,1894690,38483,25026,13457,0,7211976
20121112,4512882,2617763,1895119,40121,26888,13233,0,7210390
20121113,4536358,2635810,1900548,35887,22688,13199,0,7205794
20121114,4531481,2626923,1904557,36379,23223,13157,0,7234790
20121115,4500951,2604585,1896367,36383,24444,11939,0,7232387
20121116,4504933,2622260,1882673,34282,22986,11296,0,7244049
20121119,4462031,2601610,1860421,35291,24169,11122,0,7225611
20121120,4412896,2571831,1841065,34203,24913,9290,0,7208033
20121121,4382304,2561232,1821071,34294,24206,10088,0,7190157
20121122,4366756,2554011,1812745,36722,25234,11489,0,7172796
20121123,4336581,2531095,1805486,37633,25862,11771,0,7198968
20121126,4340882,2530415,1810467,39354,26590,12765,0,7193414
20121127,4337279,2523980,1813299,40715,27767,12947,0,7176191
20121128,4316925,2507605,1809320,41805,28369,13437,0,7176411
20121129,4306440,2491949,1814490,38612,26672,11940,0,7177203
20121130,4313973,2493742,1820230,38461,26304,12157,0,7165734
20121203,4292531,2475052,1817480,40761,28093,12669,0,7153910
20121204,4260585,2440912,1819673,40287,27206,13081,0,7148442
20121205,4255218,2434290,1820928,40991,27143,13848,0,7164447
20121206,4236395,2417992,1818403,41063,26738,14325,0,7175495
20121207,4223797,2413644,1810153,41179,27150,14029,0,7174497
20121210,4187244,2385855,1801389,39642,27092,12550,0,7154650
20121211,4151788,2364075,1787713,38676,27122,11554,0,7117991
20121212,4141235,2360239,1780996,37849,26795,11054,0,7128158
20121213,4121988,2344365,1777623,37742,27477,10265,0,7113703
20121214,4101499,2321822,1779677,39364,28979,10385,0,7109929
20121217,4073976,2293809,1780167,41068,29708,11360,0,7095459
20121218,4098634,2319211,1779423,37585,26622,10963,0,7187914
20121220,4092515,2320976,1771538,36294,27135,9159,105842,7264711
20121221,4062513,2302737,1759776,36123,27041,9082,77712,7208198
20121224,4014303,2272624,1741679,35979,27517,8462,0,7180227
20121226,3972994,2251040,1721954,37043,27172,9871,0,7108283
20121227,3954834,2238920,1715914,36196,23865,12331,0,7077425
20121228,3929720,2218076,1711645,33112,22089,11023,0,7084643
20121231,3880530,2191871,1688659,32701,21871,10830,0,7128698
20130102,3921897,2215120,1706777,35415,22586,12830,0,7042287
20130103,3913851,2210954,1702897,34951,23259,11692,0,6993240
20130104,3932807,2218038,1714769,38619,26459,12159,0,6995414
20130107,3955895,2229950,1725944,40325,28724,11601,0,7003333
20130108,3988891,2255095,1733796,40203,27510,12693,0,7016758
20130109,4000529,2260200,1740329,40507,26879,13628,0,6982798
20130110,4022400,2273991,1748409,40778,27391,13388,0,7097457
20130111,4041988,2291609,1750379,41968,27859,14108,0,7091937
20130114,4069704,2316848,1752856,41766,27392,14373,0,7099293
20130115,4094589,2333169,1761420,42238,28458,13780,0,7102161
20130116,4117057,2354963,1762094,42359,28474,13886,0,7118254
20130117,4119352,2351186,1768166,40637,28574,12063,0,7122798
20130118,4131388,2361942,1769446,40874,28669,12205,0,7132031
20130121,4126248,2354790,1771458,41345,28337,13008,0,7139582
20130122,4132027,2354399,1777628,41473,27893,13581,0,7160617
20130123,4142323,2352181,1790141,41601,27541,14060,0,7188867
20130124,4166749,2365170,1801579,43143,28259,14885,0,7177942
20130125,4166572,2356585,1809987,41865,27685,14180,0,7253737
20130128,4163477,2363983,1799494,41635,27577,14058,0,7239874
20130129,4196017,2393288,1802729,39438,26486,12952,0,7251068
20130130,4211218,2409922,1801296,39941,26593,13348,0,7264799
20130131,4204169,2394656,1809513,41166,28475,12691,0,7213613
20130201,4178900,2377709,1801191,39445,25624,13821,0,7272090
20130204,4160000,2363179,1796821,42419,27338,15082,0,7289894
20130205,4142330,2353477,1788852,40819,27049,13770,0,7214852
20130206,4108741,2333027,1775714,40229,27145,13084,0,7220899
20130207,4095732,2330355,1765378,38028,25539,12489,0,7266808
20130208,4096347,2335235,1761112,39006,26491,12515,0,7262702
20130212,4087024,2331839,1755184,38605,26396,12209,0,7222306
20130213,4072301,2320216,1752085,37606,25185,12421,0,7206298
20130214,4061169,2311049,1750120,38438,25585,12853,0,7198098
20130215,4057249,2299623,1757626,41140,28192,12948,0,7188457
20130218,4055496,2290281,1765215,43495,29624,13871,0,7187018
20130219,4065021,2286059,1778962,42645,28779,13866,0,7182149
20130220,4075606,2288138,1787468,41321,27095,14226,0,7199270
20130221,4093310,2291530,1801780,41872,27231,14642,0,7210730
20130222,4089857,2274472,1815385,43146,27715,15431,0,7191330
20130225,4099318,2274053,1825265,42884,27684,15199,0,7210630
20130226,4107140,2269038,1838102,44000,28292,15709,0,7196602
20130227,4114705,2269045,1845660,42437,27431,15006,0,7218181
20130228,4118048,2272200,1845848,41237,26590,14647,0,7245079
20130304,4127308,2273048,1854260,40777,26686,14091,0,7234237
20130305,4104079,2255080,1848999,43016,28186,14830,0,7204946
20130306,4112014,2261732,1850282,42792,28409,14383,0,7186906
20130307,4154370,2288346,1866024,44833,30290,14543,0,7182580
20130308,4173302,2292127,1881175,47222,33089,14133,0,7206363
20130311,4199107,2305061,1894046,44085,30204,13881,0,7244213
20130312,4213456,2306770,1906686,45389,30714,14675,0,7236218
20130313,4199351,2295239,1904113,43298,29817,13481,0,7225865
20130314,4221491,2305893,1915598,42597,28066,14531,0,7252470
20130315,4251727,2326786,1924941,42134,27684,14450,0,7267859
20130318,4320001,2379844,1940157,42995,27580,15415,0,7295593
20130319,4362140,2411046,1951093,41608,27890,13718,0,7301350
20130320,4348959,2405007,1943952,38982,27176,11806,0,7334701
20130321,4364150,2415402,1948747,41830,29450,12380,0,7327477
20130322,4401668,2437372,1964296,41968,28813,13155,0,7398536
20130325,4413375,2455083,1958292,37528,24517,13011,0,7451411
20130326,4426318,2459611,1966707,36823,23949,12874,0,7475634
20130327,4453816,2469565,1984251,36590,24093,12496,0,7455932
20130328,4467262,2471865,1995398,37865,25899,11966,0,7437364
20130329,4471113,2461732,2009381,40035,28377,11659,0,7416032
20130401,4464649,2457015,2007634,41104,28184,12920,0,7425078
20130402,4474410,2449643,2024767,39729,27202,12527,0,7402578
20130403,4486585,2455048,2031537,38163,26232,11930,0,7421872
20130404,4498035,2462283,2035752,38831,27049,11783,0,7425161
20130405,4498551,2457033,2041518,37125,24643,12482,0,7429806
20130408,4471718,2441394,2030324,34859,23489,11370,0,7431819
20130409,4461233,2438873,2022360,30858,20600,10258,0,7432623
20130410,4441988,2432010,2009978,28027,19447,8580,0,7433921
20130411,4389799,2400145,1989654,27663,19358,8305,0,7425563
20130412,4388013,2403641,1984372,28731,19400,9330,0,7407744
20130415,4390971,2398898,1992073,32628,21337,11291,0,7389899
20130416,4410945,2420958,1989987,34211,23686,10526,0,7390745
20130417,4442984,2441246,2001737,37856,26624,11231,0,7389495
20130418,4497420,2467277,2030143,38335,27341,10994,0,7372147
20130419,4528295,2482301,2045994,35010,23738,11272,0,7336279
20130422,4533952,2481905,2052047,34935,23482,11453,0,7359987
20130423,4535583,2488601,2046982,35332,24299,11033,0,7335488
20130424,4524473,2484228,2040245,35245,23981,11264,0,7303355
20130425,4532162,2488033,2044130,34688,23627,11061,0,7297130
20130426,4543608,2484979,2058628,36732,25554,11178,0,7277009
20130429,4546835,2473120,2073715,36668,25256,11412,0,7291855
20130430,4569089,2482736,2086353,36428,24638,11789,0,7261546
20130502,4597497,2486549,2110947,37301,25555,11746,0,7257571
20130503,4597268,2472014,2125254,37646,26687,10959,0,7227357
20130506,4630039,2495620,2134419,36410,25364,11046,0,7242235
20130507,4647147,2503287,2143860,37976,27463,10513,0,7194513
20130508,4673401,2524008,2149393,36177,25421,10757,0,7270201
20130509,4714797,2548047,2166750,35245,23939,11306,0,7268958
20130510,4749063,2564622,2184441,36932,24528,12404,0,7268679
20130513,4746994,2538251,2208744,36053,24521,11532,0,7265065
20130514,4784126,2565104,2219022,35382,24932,10450,0,7322278
20130515,4782206,2566101,2216105,34323,23975,10348,0,7334380
20130516,4788939,2550745,2238195,32993,23633,9360,0,7245866
20130520,4795728,2550679,2245049,34051,24366,9685,0,7270712
20130521,4779098,2535541,2243557,35194,25648,9547,0,7237172
20130522,4799104,2548705,2250399,36306,26821,9484,0,7249167
20130523,4825290,2559617,2265674,38160,28021,10139,0,7250094
20130524,4855460,2567759,2287701,37469,27057,10412,0,7258286
20130527,4869378,2575270,2294108,38223,27133,11090,0,7314324
20130528,4905879,2595535,2310344,37281,26003,11279,0,7329145
20130529,4931261,2604151,2327110,37068,26261,10806,0,7351826
20130530,4952648,2609860,2342787,38043,26870,11173,0,7382382
20130531,4967028,2610344,2356684,38974,27881,11093,0,7381327
20130603,4962569,2609922,2352647,40697,29590,11106,0,7395301
20130604,4971260,2604120,2367140,38861,28843,10018,0,7367245
20130605,4987880,2618477,2369404,39215,29326,9889,0,7395728
20130607,4992282,2623297,2368985,39866,30090,9776,0,7430325
20130610,4965393,2609087,2356306,36015,26541,9474,0,7457724
20130611,4924649,2599154,2325495,34323,24818,9506,0,7483532
20130612,4913760,2607077,2306683,37175,26500,10675,0,7471875
20130613,4950270,2638619,2311651,35674,25237,10437,0,7498190
20130614,4960314,2648062,2312252,32948,23079,9869,0,7523340
20130617,4970508,2667328,2303180,32317,22182,10135,0,7554795
20130618,4929010,2642596,2286414,32513,22766,9747,0,7530206
20130619,4893305,2637526,2255780,30772,21493,9279,0,7489939
20130620,4876956,2630398,2246558,32710,22705,10004,0,7488412
20130621,4847008,2611041,2235968,31695,21778,9917,0,7512323
20130624,4808099,2596264,2211835,32196,22256,9940,0,7511822
20130625,4761232,2577276,2183956,29874,20756,9119,0,7525464
20130626,4694742,2549032,2145710,29166,21604,7563,0,7531772
20130627,4549923,2484648,2065274,26756,20303,6454,0,7476186
20130628,4671839,2562471,2109368,29766,22360,7407,0,7449397
20130701,4485941,2470309,2015632,30446,22621,7825,0,7414934
20130702,4443705,2428798,2014908,31989,24520,7469,0,7395582
20130703,4469624,2443343,2026281,31726,23855,7871,0,7456372
20130704,4498237,2456707,2041529,30800,23028,7771,0,7447211
20130705,4501946,2464783,2037163,29979,22379,7600,0,7431521
20130708,4504156,2460748,2043408,31149,22629,8520,0,7425483
20130709,4548972,2490151,2058821,30681,22232,8449,0,7450269
20130710,4525144,2472694,2052450,29074,21161,7913,0,7456314
20130711,4529235,2474532,2054703,29910,21891,8020,0,7419344
20130712,4520502,2470336,2050165,29149,21305,7844,0,7421448
20130715,4483825,2425035,2058791,30986,22845,8141,0,7436155
20130716,4491038,2427708,2063330,28249,20239,8011,0,7461229
20130717,4521172,2440908,2080265,27064,18885,8179,0,7475154
20130718,4543447,2455538,2087909,27270,19007,8263,0,7451920
20130719,4525322,2421284,2104038,28773,20484,8289,0,7426174
20130722,4553882,2448766,2105116,28031,19758,8273,0,7457831
20130723,4582120,2469382,2112738,29144,20240,8905,0,7475031
20130724,4578021,2466192,2111829,28913,20355,8558,0,7471323
20130725,4566286,2451863,2114423,29210,20924,8287,0,7502838
20130726,4566078,2440062,2126016,31169,22333,8836,0,7488760
20130729,4554704,2428177,2126527,31913,23163,8750,0,7465644
20130730,4560734,2426281,2134453,30213,22041,8173,0,7460311
20130731,4555449,2427121,2128328,29296,21515,7782,0,7465256
20130801,4549198,2420575,2128623,30298,22006,8292,0,7445395
20130802,4556847,2423982,2132865,30239,21963,8276,0,7427063
20130805,4579729,2434138,2145592,29985,21692,8293,0,7439495
20130806,4586071,2426209,2159862,30158,21591,8567,0,7429039
20130807,4589666,2420996,2168670,30155,21349,8806,0,7454585
20130808,4616479,2434198,2182281,29800,20784,9017,0,7470638
20130809,4642525,2452305,2190221,28763,19547,9216,0,7495918
20130812,4660165,2466720,2193444,29869,20175,9694,0,7502616
20130813,4668004,2463348,2204656,28544,18885,9659,0,7502095
20130814,4663803,2454469,2209334,28820,18753,10067,0,7503192
20130816,4630412,2419956,2210456,28512,18285,10227,0,7480155
20130819,4596150,2388150,2208000,28467,18081,10387,0,7471662
20130820,4575732,2371330,2204402,28112,17689,10423,0,7481441
20130821,4584839,2383811,2201028,27891,17433,10457,0,7510551
20130822,4534851,2361614,2173237,25844,16353,9491,0,7554924
20130823,4519784,2371801,2147983,23999,15403,8597,0,7542509
20130826,4490025,2364034,2125991,22543,14807,7736,0,7526684
20130827,4487884,2371495,2116389,25182,16288,8893,0,7466127
20130828,4460554,2339623,2120931,25538,16802,8736,0,7523728
20130829,4439762,2315655,2124107,24755,16404,8351,0,7521137
20130830,4415049,2296028,2119021,23392,15689,7702,0,7522968
20130902,4381874,2265950,2115924,24370,16200,8170,0,7516671
20130903,4330063,2222149,2107914,25426,17341,8084,0,7494711
20130904,4324655,2225482,2099173,24890,16203,8687,0,7493987
20130905,4317711,2210149,2107562,25371,16249,9122,0,7524234
20130906,4338606,2219199,2119407,26427,17366,9061,0,7536180
20130909,4320976,2199041,2121935,28466,18758,9708,0,7493253
20130910,4310190,2182572,2127618,28467,18550,9918,0,7498422
20130911,4313323,2182444,2130878,28478,19708,8769,0,7484959
20130912,4312929,2170579,2142350,29046,20155,8891,0,7472909
20130913,4328792,2179814,2148978,29540,20452,9088,0,7488276
20130916,4324327,2169837,2154490,28444,20188,8256,0,7492900
20130917,4322483,2174503,2147980,27623,19259,8364,0,7448215
20130923,4329107,2186857,2142250,27148,18195,8953,0,7484277
20130924,4327626,2192230,2135396,27906,19183,8722,0,7512391
20130925,4340490,2212126,2128364,28556,19752,8804,0,7528885
20130926,4338913,2212431,2126481,26677,18595,8083,0,7520298
20130927,4353909,2228138,2125771,27334,18103,9231,0,7637978
20130930,4380077,2244853,2135223,28144,19157,8988,0,7625773
20131001,4389115,2248788,2140328,29135,19568,9568,0,7682337
20131002,4363981,2239843,2124139,27920,18881,9039,0,7663598
20131004,4369565,2244435,2125130,26298,18572,7726,0,7615246
20131007,4375390,2246718,2128672,27731,19042,8689,0,7640552
20131008,4359970,2233172,2126798,26011,17552,8459,0,7589308
20131010,4346202,2229322,2116880,26113,17673,8440,0,7582474
20131011,4361095,2240777,2120318,26637,17776,8861,0,7573185
20131014,4396447,2274976,2121471,26647,17949,8698,0,7590093
20131015,4409868,2279126,2130743,26160,18279,7881,0,7558192
20131016,4423525,2291699,2131825,26770,19346,7424,0,7599344
20131017,4449034,2308500,2140535,26434,19180,7253,0,7606578
20131018,4455973,2315308,2140664,25350,18990,6360,0,7622073
20131021,4467518,2334829,2132689,26219,19891,6328,0,7617906
20131022,4480290,2347558,2132733,27706,20974,6733,0,7662011
20131023,4499931,2363348,2136583,27245,20226,7019,0,7936549
20131024,4513113,2375300,2137813,25647,18873,6774,0,7670251
20131025,4517733,2380292,2137442,24647,18097,6550,0,7714481
20131028,4531850,2395057,2136792,24950,18049,6901,0,7661108
20131029,4548538,2409515,2139024,23852,16957,6895,0,7633040
20131030,4566750,2424769,2141981,24984,17178,7806,0,7654705
20131031,4568458,2417033,2151426,25755,17707,8048,0,7672546
20131101,4578927,2418849,2160078,25541,17313,8228,0,7669670
20131104,4573992,2419438,2154555,24629,15876,8753,0,7700291
20131105,4573931,2411407,2162524,25195,16849,8346,0,7691167
20131106,4598819,2428661,2170159,23498,15675,7823,0,7726011
20131107,4606737,2443113,2163624,22473,14717,7756,0,7695186
20131108,4614844,2450993,2163851,22298,14668,7631,0,7787373
20131111,4609803,2462320,2147483,22688,15493,7194,0,7774899
20131112,4586426,2455848,2130578,19759,12714,7045,0,7768302
20131113,4528355,2426094,2102261,22880,16065,6815,0,7801999
20131114,4501251,2414240,2087011,26158,18514,7643,0,7752116
20131115,4496354,2419906,2076448,26363,19285,7078,0,7742951
20131118,4502272,2430633,2071639,25940,17968,7972,0,7730364
20131119,4492567,2425319,2067248,26506,18665,7840,0,7692977
20131120,4475499,2411943,2063556,27045,18656,8388,0,7736820
20131121,4432187,2381116,2051071,23704,16491,7213,0,7742759
20131122,4429699,2385126,2044573,23257,16058,7199,0,7737575
20131125,4434192,2396674,2037518,23332,16202,7130,0,7760545
20131126,4414933,2388534,2026399,24161,17265,6896,0,7807749
20131127,4404899,2380766,2024133,25689,18075,7614,0,7795824
20131128,4412365,2383537,2028828,26568,18846,7723,0,7797861
20131129,4424054,2388189,2035866,27187,19604,7583,0,7789308
20131202,4407738,2371078,2036660,28177,20219,7958,0,7817162
20131203,4407925,2363560,2044365,28361,20768,7594,0,7843646
20131204,4426032,2386329,2039703,27823,20511,7311,0,7855302
20131205,4432031,2399043,2032988,25439,18781,6658,0,7881489
20131206,4454475,2425456,2029019,25627,18580,7048,0,7893444
20131209,4468040,2443297,2024743,24888,17989,6899,0,7926426
20131210,4454037,2435055,2018983,26021,18816,7206,0,7951865
20131211,4422961,2416984,2005976,27115,20411,6704,0,7931364
20131212,4394266,2403088,1991178,26661,20359,6302,0,7940307
20131213,4376084,2400845,1975239,26293,19876,6417,0,7954286
20131216,4400055,2432354,1967701,25735,19030,6705,0,8005484
20131217,4393093,2430716,1962376,26131,19562,6569,0,7990098
20131218,4363253,2412273,1950979,26799,20459,6340,0,8016326
20131219,4320496,2389602,1930894,26215,19916,6299,0,7951109
20131220,4304898,2386133,1918765,25791,19294,6497,0,7978322
20131223,4270257,2360484,1909773,26362,19873,6489,0,7945889
20131224,4257362,2350628,1906734,25750,19328,6423,0,7875867
20131226,4256404,2354294,1902111,26192,19745,6447,0,7825591
20131227,4239757,2337103,1902654,27309,21083,6226,0,7744610
20131230,4193763,2300591,1893171,26034,19906,6128,0,7732918
20131231,4191830,2299693,1892137,26034,19906,6128,0,7755508
20140102,4172037,2289815,1882223,27428,21087,6341,0,7739903
20140103,4154002,2268402,1885599,28656,22296,6360,0,7789909
20140106,4183963,2303168,1880795,29028,22226,6801,0,7789216
20140107,4216728,2334332,1882396,27729,20703,7027,0,7817967
20140108,4214866,2332819,1882047,29976,22478,7498,3643,7800962
20140109,4220280,2330594,1889687,30350,22486,7864,3509,7831320
20140110,4230247,2329775,1900472,30761,22520,8241,0,7842121
20140113,4259841,2357622,1902218,29477,21069,8408,0,7862055
20140114,4299955,2382262,1917693,28040,20167,7873,0,7880761
20140115,4318487,2391343,1927144,28180,20454,7726,0,7894995
20140116,4337242,2396546,1940697,27262,20006,7257,0,7908701
20140117,4355713,2407382,1948331,26613,18939,7674,0,7895011
20140120,4359689,2399678,1960011,27806,19842,7964,0,7890556
20140121,4372839,2408561,1964278,27268,19286,7983,0,7897750
20140122,4376474,2406441,1970033,26968,19086,7882,0,7920657
20140123,4387622,2413734,1973888,26996,18998,7997,0,7931443
20140124,4382244,2401061,1981183,27199,18497,8702,26807,8082379
20140127,4392956,2420666,1972290,26413,18167,8245,12499,8018917
20140128,4385748,2423037,1962711,23276,15220,8056,0,8035330
20140129,4364378,2409653,1954725,21625,14236,7389,5961,8013230
20140203,4334786,2393285,1941501,22299,14385,7914,0,8018289
20140204,4293680,2357296,1936384,24381,16238,8143,0,8021041
20140205,4323969,2390191,1933778,24235,16147,8088,0,8052763
20140206,4346638,2420252,1926386,20888,13376,7513,0,8063922
20140207,4314678,2395810,1918868,22808,15505,7303,0,8048150
20140210,4295828,2380229,1915598,25407,18212,7195,0,8066781
20140211,4297977,2375818,1922159,26262,19129,7132,0,8020969
20140212,4323260,2386995,1936265,27208,19813,7394,0,8020057
20140213,4340913,2393609,1947304,26990,19506,7485,0,8030343
20140214,4356636,2407095,1949541,27251,19832,7420,0,8026097
20140217,4368762,2409909,1958853,28440,20493,7947,0,8099951
20140218,4378010,2408725,1969284,27917,19775,8142,0,8106425
20140219,4387242,2410224,1977018,28272,20003,8268,0,8108336
20140220,4410477,2418607,1991869,27935,19512,8422,0,8137228
20140221,4428540,2433191,1995349,27934,19511,8423,0,8113112
20140224,4440691,2447774,1992918,25462,17660,7802,0,8160147
20140225,4439782,2439050,2000732,25822,17961,7861,0,8149799
20140226,4449863,2445548,2004315,25890,18038,7852,0,8167190
20140227,4441020,2439029,2001991,27237,19161,8076,0,8159914
20140228,4441287,2433875,2007411,28402,20519,7884,0,8168124
20140303,4439879,2425067,2014812,28712,20992,7721,0,8152137
20140304,4421583,2417619,2003964,27389,20191,7198,0,8204131
20140305,4431146,2428719,2002428,27249,20007,7243,0,8206627
20140306,4468571,2460322,2008249,27484,19882,7602,0,8209494
20140307,4476512,2463392,2013121,28091,20231,7860,0,8196841
20140310,4490374,2465027,2025347,27456,19920,7536,0,8203402
20140311,4498640,2467080,2031560,27467,19984,7483,0,8263587
20140312,4546536,2507277,2039258,26743,19202,7541,0,8246136
20140313,4581286,2531647,2049639,26777,19108,7669,0,8241902
20140314,4637119,2579854,2057265,26121,19008,7113,0,8302247
20140317,4677919,2611098,2066820,25975,18111,7864,0,8331733
20140318,4704920,2621690,2083230,24852,17185,7667,0,8314952
20140319,4695068,2611909,2083160,23304,16334,6970,0,8329333
20140320,4701265,2610453,2090812,24112,16890,7223,0,8349097
20140321,4709412,2599784,2109628,24866,17690,7176,0,8346274
20140324,4732373,2620333,2112040,24339,17390,6949,0,8380104
20140325,4742639,2618372,2124267,24785,18134,6651,0,8392780
20140326,4743896,2607842,2136054,24446,17781,6665,0,8389014
20140327,4744784,2593906,2150878,23217,17463,5754,0,8380623
20140328,4721389,2566145,2155244,24065,18500,5565,0,8388216
20140331,4727107,2554083,2173024,23241,17542,5699,0,8434707
20140401,4720776,2540671,2180105,23302,17698,5604,0,8421582
20140402,4701419,2523735,2177684,23025,17767,5258,0,8431593
20140403,4692476,2511213,2181263,24149,18118,6031,0,8446241
20140404,4699845,2512892,2186953,25112,17939,7173,0,8419185
20140407,4732471,2525613,2206859,25098,17633,7465,0,8443628
20140408,4747160,2521236,2225924,25134,17290,7844,0,8428685
20140409,4764741,2525760,2238981,23410,16091,7318,0,8447526
20140410,4788471,2538605,2249866,23586,16256,7330,0,8548989
20140411,4772240,2510326,2261914,22832,15857,6975,0,8424718
20140414,4766826,2501319,2265508,22901,15573,7328,0,8450757
20140415,4785908,2508710,2277198,22277,14825,7453,0,8464176
20140416,4809015,2512902,2296113,21746,14470,7275,0,8457442
20140417,4849893,2533278,2316615,21899,13839,8059,0,8503275
20140418,4890882,2558030,2332852,21794,13437,8357,0,8500491
20140421,4896045,2551418,2344627,22481,13908,8572,0,8496469
20140422,4886316,2533138,2353178,22504,14378,8126,0,8477072
20140423,4903565,2540512,2363053,22226,14418,7808,0,8518133
20140424,4907187,2539830,2367357,23060,15053,8006,0,8534178
20140425,4907426,2536832,2370594,23371,15149,8222,0,8571013
20140428,4922310,2546334,2375976,21695,14605,7090,0,8584144
20140429,4918945,2550774,2368171,21121,13956,7165,0,8596159
20140430,4912600,2553272,2359328,20105,12517,7589,0,8592273
20140502,4902511,2550083,2352428,20031,12414,7617,0,8615138
20140507,4889760,2534658,2355102,21755,13753,8002,0,8649851
20140508,4888739,2532823,2355916,21471,13286,8185,0,8899838
20140509,4901970,2548561,2353409,20784,12870,7914,0,8814218
20140512,4922471,2568396,2354075,20190,12334,7855,0,8623323
20140513,4922525,2561622,2360903,20431,12135,8296,0,8611329
20140514,4939105,2569487,2369619,19779,11340,8439,0,8582050
20140515,4920703,2541403,2379300,22362,13808,8554,0,8549281
20140516,4908722,2515210,2393512,22090,13485,8605,0,8542694
20140519,4910436,2509281,2401155,22154,13591,8563,0,8563705
20140520,4944235,2528745,2415490,21113,13233,7880,0,8553858
20140521,4935004,2535879,2399125,19425,12266,7159,0,8561649
20140522,4921545,2541424,2380121,19180,12338,6842,0,8545482
20140523,4923119,2544238,2378881,19724,12679,7045,0,8522461
20140526,4905580,2530477,2375103,19972,12831,7141,0,8517418
20140527,4911456,2528782,2382673,20001,13040,6961,0,8563681
20140528,4919725,2531050,2388675,19900,12741,7159,0,8588633
20140529,4931775,2541105,2390670,19495,12735,6760,0,8706634
20140530,4926816,2531605,2395211,19778,13192,6586,0,8629733
20140602,4941495,2537995,2403500,18699,11858,6842,0,8657467
20140603,4923983,2527056,2396928,19001,12800,6201,0,8670582
20140605,4876006,2503583,2372423,18344,12819,5525,373,8656835
20140609,4848400,2497732,2350668,18453,13389,5063,0,8649563
20140610,4811946,2492697,2319248,17962,13215,4747,0,8642729
20140611,4788600,2487841,2300759,17731,12961,4770,0,8623944
20140612,4773136,2479639,2293498,19168,14159,5009,0,8607532
20140613,4779900,2474479,2305421,19650,14367,5283,0,8612107
20140616,4808306,2494883,2313423,19740,14275,5465,0,8651498
20140617,4839646,2523531,2316115,18841,13690,5151,0,8708488
20140618,4839891,2525596,2314296,19545,14191,5354,0,8703130
20140619,4845603,2525007,2320596,19199,13838,5361,0,8698513
20140620,4853910,2534596,2319313,19424,13875,5549,0,8729450
20140623,4853237,2537757,2315480,19029,13832,5197,0,8732289
20140624,4878890,2563891,2314999,18504,13334,5170,0,8737654
20140625,4837540,2545109,2292431,18785,14153,4632,0,8740977
20140626,4806795,2520319,2286476,19005,14466,4538,0,8722429
20140627,4798211,2509794,2288417,19642,14761,4881,0,8726481
20140630,4775650,2487387,2288263,20624,15843,4782,0,8767901
20140701,4763051,2478076,2284975,19673,15104,4568,0,8392493
20140702,4738820,2448226,2290594,20611,15846,4765,0,8402017
20140703,4761931,2474227,2287704,21017,15800,5218,0,8414763
20140704,4770913,2468953,2301960,21324,15815,5509,0,8400010
20140707,4792122,2480395,2311727,20983,15297,5686,0,8437891
20140708,4820582,2483111,2337471,19950,14643,5307,0,8442218
20140709,4844390,2498201,2346189,20335,14980,5355,0,8477397
20140710,4875237,2513739,2361498,20314,14702,5612,81220,8516741
20140711,4911559,2540911,2370648,19417,13488,5929,0,8522674
20140714,4941788,2559587,2382201,19666,13426,6241,0,8498235
20140715,4966167,2578508,2387659,18759,12718,6041,0,8557504
20140716,4984674,2585438,2399235,19048,12754,6294,0,8557546
20140717,4999214,2585025,2414189,17942,12112,5831,0,8546582
20140718,5003733,2587210,2416523,17127,11692,5434,0,8567719
20140721,5007922,2583534,2424388,17982,12155,5827,0,8556786
20140722,5023484,2592375,2431109,17930,11727,6203,0,8586581
20140723,5049979,2602974,2447005,17559,11157,6401,0,8606411
20140724,5061651,2611595,2450057,18112,11636,6477,0,8706470
20140725,5083537,2620747,2462791,18263,11671,6592,0,8720905
20140728,5090513,2635615,2454898,17931,11797,6134,0,8663277
20140729,5092535,2635975,2456560,17936,11728,6208,0,8683688
20140730,5098579,2643408,2455171,17332,11449,5882,0,8926669
20140731,5073795,2629891,2443904,15416,10264,5153,0,8942130
20140801,5046085,2605151,2440935,15860,10699,5160,0,8671644
20140804,4996994,2583710,2413284,15683,10737,4946,0,8664791
20140805,4970569,2560752,2409817,16499,11161,5338,0,8693310
20140806,4992398,2576323,2416075,16097,10497,5600,0,8700976
20140807,5030471,2605152,2425320,15971,10379,5591,0,8752063
20140808,5050690,2620354,2430336,15100,9206,5894,0,8743710
20140811,5077779,2640713,2437067,15196,9014,6182,0,8768188
20140812,5075306,2654243,2421064,14332,8521,5811,0,8754612
20140813,5084367,2657677,2426690,13922,7843,6079,0,8752238
20140814,5071746,2641037,2430709,14074,8173,5902,0,8747684
20140818,5060105,2619876,2440229,14354,8936,5418,0,8748627
20140819,5072415,2617965,2454450,14343,9081,5262,0,8777713
20140820,5111615,2639944,2471670,14702,8833,5869,0,8796463
20140821,5135553,2644636,2490917,14931,9236,5696,0,8712178
20140822,5149076,2647397,2501679,14741,9206,5535,0,8732374
20140825,5179722,2678037,2501684,13776,8324,5452,0,8776181
20140826,5181439,2669095,2512345,14600,8491,6109,0,8762560
20140827,5189432,2674004,2515429,14202,8691,5511,0,8811917
20140828,5183953,2663169,2520784,14631,9062,5568,0,8803230
20140829,5219086,2686520,2532566,15085,9796,5289,0,8801325
20140901,5217035,2679017,2538018,14653,9362,5291,0,8829201
20140902,5229716,2682396,2547319,14427,9266,5161,0,8837795
20140903,5235212,2689855,2545357,13362,8440,4922,0,8856740
20140904,5231199,2691704,2539494,12985,7908,5077,0,8865314
20140905,5254577,2706776,2547801,12849,8189,4660,0,8851721
20140911,5240379,2704792,2535587,12274,7900,4373,0,8830539
20140912,5229801,2701931,2527870,12554,8095,4460,0,8817340
20140915,5298983,2746291,2552692,12684,8000,4684,0,8866029
20140916,5301275,2739194,2562082,12495,7908,4587,0,8855114
20140917,5281705,2724592,2557113,12390,7863,4527,0,8851600
20140918,5279934,2713485,2566449,12697,7725,4971,0,8876658
20140919,5278924,2698003,2580921,13131,8059,5072,0,8890804
20140922,5336834,2743235,2593600,13719,8914,4805,0,8929405
20140923,5366289,2759774,2606515,13751,9085,4666,0,8970028
20140924,5390459,2768559,2621900,13342,8154,5188,0,9016166
20140925,5400587,2770102,2630485,14116,8971,5145,0,9217530
20140926,5404712,2764184,2640528,14936,9714,5223,0,9171961
20140929,5413723,2756027,2657695,14612,9328,5284,0,9070018
20140930,5413880,2744291,2669589,14218,9193,5025,0,9067150
20141001,5378137,2716728,2661409,14435,9693,4742,0,9065844
20141002,5350112,2702057,2648055,13868,9073,4795,0,9038767
20141006,5331354,2698426,2632928,13043,8371,4672,0,9034621
20141007,5306114,2691414,2614700,12142,7507,4635,0,9015192
20141008,5325980,2699049,2626930,11683,7109,4574,0,9010477
20141010,5308963,2684849,2624114,10688,6476,4212,0,8995168
20141013,5297302,2682797,2614505,10914,6586,4328,0,8996854
20141014,5280491,2675772,2604719,10012,6084,3928,0,9025277
20141015,5216996,2644516,2572480,9742,6553,3189,0,8998086
20141016,5202626,2641730,2560896,9962,6751,3211,0,8953702
20141017,5192032,2636961,2555070,10470,7080,3390,0,8959670
20141020,5175542,2621790,2553752,10946,7740,3205,0,8971796
20141021,5191274,2636177,2555097,11057,7906,3151,0,8974625
20141022,5163368,2614788,2548580,11811,8683,3128,0,8957684
20141023,5169326,2618383,2550943,12472,9164,3308,0,8945879
20141024,5160543,2610195,2550348,13091,9590,3501,0,8918161
20141027,5177055,2623971,2553084,13171,9713,3458,0,8938297
20141028,5197130,2634073,2563057,12926,10096,2830,3687,8977135
20141029,5189725,2619001,2570725,12353,9505,2848,3534,9002109
20141030,5225975,2646349,2579625,12578,9654,2924,0,8951169
20141031,5215643,2622119,2593524,13539,10654,2885,0,8954659
20141103,5238327,2636966,2601361,12121,9392,2729,0,9018538
20141104,5238941,2638196,2600745,12040,9329,2711,0,9182611
20141105,5214541,2628224,2586317,12407,9674,2733,12965,9355976
20141106,5188923,2614543,2574380,12151,9477,2674,14249,10506694
20141107,5151824,2594200,2557624,12253,9560,2693,0,10420807
20141110,5123598,2572081,2551517,12477,9925,2552,0,8957741
20141111,5117178,2560440,2556738,12688,9909,2780,0,8928951
20141112,5122285,2554750,2567534,12681,10060,2621,0,8956959
20141113,5114680,2545777,2568902,13227,10562,2665,23870,8978846
20141114,5128576,2550920,2577655,13281,10650,2631,16568,9007681
20141117,5138748,2564924,2573824,13529,10673,2856,0,9009225
20141118,5164942,2595115,2569827,12098,9486,2611,0,9070808
20141119,5156280,2602727,2553553,10607,8750,1857,0,8988651
20141120,5121828,2582026,2539802,11097,9278,1819,0,9049731
20141121,5135862,2592906,2542956,11900,9965,1935,0,9062071
20141124,5171816,2624444,2547371,12124,9854,2270,0,9013588
20141125,5181946,2627484,2554462,11685,9319,2365,0,9064500
20141126,5177689,2611885,2565804,11342,9336,2006,0,9087751
20141127,5147705,2596053,2551652,11710,9707,2003,0,9061352
20141128,5174007,2617645,2556362,11122,9244,1878,0,9096298
20141201,5197967,2643203,2554765,10681,8797,1884,0,9082121
20141202,5190846,2634985,2555861,10556,8793,1762,0,9076259
20141203,5165969,2636808,2529162,10700,8937,1763,0,9093261
20141204,5164373,2630338,2534036,10687,8862,1825,0,9164029
20141205,5172993,2621052,2551941,11166,9320,1846,0,9120253
20141208,5164661,2598865,2565796,11596,9620,1976,0,9119314
20141209,5177095,2594630,2582465,11860,10017,1843,0,9392421
20141210,5205024,2604238,2600786,11217,9328,1889,0,9799261
20141211,5221535,2617205,2604329,11125,9244,1880,0,11993100
20141212,5215121,2616539,2598582,10537,8483,2054,0,11985228
20141215,5231360,2639707,2591653,10260,7988,2272,0,9262175
20141216,5208995,2619968,2589027,10487,8455,2032,0,9250085
20141217,5201014,2624687,2576327,11139,8833,2306,0,9211257
20141218,5202453,2643817,2558635,10330,7823,2508,0,9193765
20141219,5171634,2616017,2555618,10471,8177,2295,0,9197006
20141222,5139667,2597016,2542651,9343,7191,2152,0,9195587
20141223,5126004,2585056,2540948,10046,7620,2426,0,9180583
20141224,5123679,2574651,2549028,10447,7930,2517,0,9159223
20141226,5097204,2560456,2536748,9873,7612,2260,0,9192338
20141229,5084163,2553582,2530581,9453,7336,2118,0,9192886
20141230,5079737,2542265,2537472,9380,7258,2123,0,8909589
20141231,5077037,2540645,2536392,9380,7258,2123,0,9253610
20150102,5059561,2533350,2526211,9719,7345,2373,0,9159984
20150105,5059394,2534490,2524904,9801,7107,2694,0,9179871
20150106,5076037,2544208,2531829,10151,7242,2908,0,9188862
20150107,5096299,2540969,2555330,10661,7580,3081,0,9192825
20150108,5138648,2563768,2574880,10244,6998,3245,0,9219920
20150109,5169632,2580842,2588790,11120,7625,3495,0,9227436
20150112,5194887,2585364,2609523,12844,9285,3559,0,9234059
20150113,5214986,2563327,2651659,13568,9730,3838,0,9234064
20150114,5238025,2559352,2678673,13852,9851,4001,0,9259844
20150115,5279549,2582133,2697415,12792,8764,4028,0,9328687
20150116,5307928,2608108,2699821,12961,8654,4307,0,9322890
20150119,5327521,2612596,2714925,13346,9037,4309,0,9324394
20150120,5359068,2635840,2723228,11938,7529,4409,0,9347807
20150121,5371963,2631318,2740645,12093,7646,4446,0,9322355
20150122,5401498,2631253,2770246,12081,7703,4378,0,9297941
20150123,5426346,2640100,2786245,13611,8633,4978,0,9308002
20150126,5419840,2632075,2787765,12889,8258,4631,0,9368756
20150127,5410061,2615567,2794494,12945,8077,4868,0,9365147
20150128,5453663,2634535,2819128,13746,8726,5020,0,9369219
20150129,5462372,2626772,2835600,14322,9490,4831,0,9390588
20150130,5499606,2644847,2854759,14265,9472,4794,0,9401714
20150202,5565487,2671386,2894101,13543,8930,4612,0,9435331
20150203,5595136,2698508,2896628,13197,8675,4522,0,9466096
20150204,5612234,2703550,2908684,12768,8364,4404,0,9435941
20150205,5639837,2708844,2930993,13126,8408,4718,0,9442594
20150206,5659613,2694248,2965365,14212,9057,5156,0,9427775
20150209,5718733,2727691,2991042,13632,8173,5459,0,9422920
20150210,5758169,2761703,2996467,13153,7780,5373,0,9446256
20150211,5763730,2759161,3004570,13532,8379,5153,0,9469694
20150212,5754447,2763681,2990766,13110,8146,4964,0,9484098
20150213,5760713,2758698,3002015,12640,8085,4555,0,9472924
20150216,5763765,2762029,3001735,12548,7768,4779,0,9501043
20150217,5743979,2735018,3008961,12847,8179,4668,0,9457042
20150223,5751093,2735552,3015541,12343,7734,4610,0,9471211
20150224,5738637,2729395,3009243,12014,7607,4407,0,9462643
20150225,5760153,2718266,3041887,11569,7216,4353,0,9497278
20150226,5786470,2724925,3061546,12235,7713,4522,0,9608667
20150227,5811100,2722202,3088897,12167,7704,4463,0,9654375
20150302,5819529,2710268,3109262,12021,8151,3871,0,9659621
20150303,5866235,2735223,3131012,12126,8146,3979,0,9662059
20150304,5915660,2774910,3140750,12522,8595,3928,0,9680764
20150305,5963416,2793993,3169423,12086,8172,3915,0,9687573
20150306,6019395,2828318,3191077,12054,7925,4129,0,9703677
20150309,6047796,2847963,3199833,12238,8116,4122,0,9725143
20150310,6064605,2855443,3209162,12971,8354,4617,0,9779917
20150311,6109999,2879136,3230864,11545,7553,3992,0,9835002
20150312,6107078,2870570,3236508,11126,7387,3739,0,9852553
20150313,6141225,2897533,3243691,11437,7894,3543,0,9885653
20150316,6172172,2919857,3252315,10683,7064,3619,0,9899669
20150317,6194189,2913090,3281099,10892,7284,3608,0,10141462
20150318,6223932,2927021,3296911,11027,7300,3728,0,10213114
20150319,6246690,2917346,3329344,12030,8367,3663,0,9910570
20150320,6288750,2940748,3348002,12361,8591,3770,0,9925304
20150323,6315315,2955457,3359858,13531,9770,3761,0,9949445
20150324,6356203,2966820,3389383,13276,9322,3954,0,9948746
20150325,6361282,2954233,3407050,13142,9380,3762,0,9983794
20150326,6389230,2963375,3425854,13193,9406,3787,0,10007118
20150327,6442010,2979829,3462181,13396,9357,4038,0,10041367
20150330,6470536,2994423,3476113,12610,8993,3617,0,10048638
20150331,6483410,2990018,3493393,11556,8281,3275,0,10067982
20150401,6532805,3024277,3508528,12106,8635,3471,0,10054150
20150402,6567932,3039809,3528124,12503,9060,3443,0,10055659
20150403,6618280,3078788,3539492,13028,9753,3275,0,10127823
20150406,6660768,3114072,3546696,13569,9889,3680,0,10146387
20150407,6686703,3124922,3561781,14220,10782,3439,0,9999505
20150408,6740870,3147134,3593736,13933,10612,3321,0,10006184
20150409,6778071,3157538,3620533,14491,10993,3498,0,10043526
20150410,6826685,3184517,3642169,15989,12324,3665,0,10077534
20150413,6912141,3228278,3683862,16814,12592,4222,0,10129364
20150414,6972428,3237083,3735345,16756,12458,4298,0,10121085
20150415,7075854,3292908,3782946,16946,12843,4103,0,10173985
20150416,7114433,3332089,3782344,15453,11660,3793,0,10197403
20150417,7189210,3383588,3805622,16790,12446,4344,0,10232212
20150420,7254145,3409496,3844649,17471,12730,4741,0,10269375
20150421,7312979,3429533,3883447,18075,12896,5179,0,10290706
20150422,7403011,3492738,3910273,18697,13380,5317,0,10331315
20150423,7540272,3590689,3949583,18216,12772,5443,0,10364974
20150424,7426269,3481935,3944333,16724,12126,4598,0,10324454
20150427,7443352,3509596,3933755,17837,13036,4800,0,10322304
20150428,7455730,3509095,3946635,17661,13086,4575,0,10353063
20150429,7478270,3526509,3951761,17564,12988,4575,0,10416310
20150430,7465088,3524147,3940941,18974,13415,5559,0,10384529
20150504,7470472,3542637,3927835,19447,13583,5864,0,10402955
20150506,7435634,3507056,3928578,17484,12371,5112,0,10396820
20150507,7430321,3535224,3895097,17881,12794,5087,0,10407934
20150508,7283279,3459081,3824198,16608,12102,4506,0,10211161
20150511,7346913,3498350,3848563,16122,11697,4425,0,10394651
20150512,7377473,3516264,3861209,17406,12418,4988,0,10372793
20150513,7399189,3525274,3873915,18607,13193,5414,0,10384294
20150514,7422345,3536999,3885346,18053,12604,5449,0,10419126
20150515,7446578,3552535,3894043,17901,12770,5131,0,10428612
20150518,7512454,3578280,3934174,18211,12670,5541,0,10441869
20150519,7567220,3609224,3957997,18143,11747,6396,0,10482777
20150520,7573464,3599844,3973621,19963,13232,6731,0,10520613
20150521,7618249,3630092,3988158,19907,13029,6877,0,10509639
20150522,7646374,3644813,4001562,20727,13799,6928,0,10507490
20150526,7677250,3671238,4006012,20014,13195,6819,0,10536308
20150527,7682595,3664502,4018093,19765,13346,6419,0,10536899
20150528,7680080,3678708,4001371,20320,13971,6348,0,10549494
20150529,7671376,3698536,3972840,18418,12253,6164,0,10550023
20150601,7655535,3692758,3962776,18340,12182,6158,0,10576801
20150602,7638444,3694226,3944218,18686,12211,6475,0,10591814
20150603,7637879,3698446,3939433,19271,12606,6664,0,10587696
20150604,7610376,3692528,3917847,18858,12706,6152,0,10574003
20150605,7550089,3659088,3891001,19173,13088,6085,0,10568720
20150608,7541308,3665874,3875434,19529,12818,6711,0,10642398
20150609,7535047,3658127,3876920,20050,13083,6967,0,10645844
20150610,7531231,3649362,3881870,20698,13608,7090,0,10683172
20150611,7562127,3666245,3895882,21128,14200,6927,0,10843728
20150612,7567161,3683638,3883523,20270,13385,6884,0,10824342
20150615,7548478,3681873,3866605,21860,14726,7134,0,10718808
20150616,7508811,3664506,3844306,20647,13692,6956,0,10715972
20150617,7398834,3624397,3774436,20055,13326,6729,0,10707565
20150618,7346967,3604451,3742516,20101,13614,6487,0,10772451
20150619,7351347,3611005,3740343,21229,14376,6854,0,11036957
20150622,7381551,3616597,3764954,22802,15235,7567,0,10891434
20150623,7433480,3637957,3795524,22738,15534,7204,0,10909942
20150624,7469845,3639580,3830265,22122,15020,7101,0,10896628
20150625,7493712,3635941,3857771,22599,15251,7348,0,10777112
20150626,7533469,3658196,3875273,23503,15798,7705,0,10802671
20150629,7583825,3681426,3902399,24334,16494,7841,0,10841882
20150630,7607562,3695605,3911957,23104,15416,7688,0,11013048
20150701,7538129,3663389,3874740,20657,14207,6450,0,10993259
20150702,7543279,3660851,3882428,20073,13508,6565,0,11328689
20150703,7600183,3684649,3915535,21957,14981,6976,0,11334726
20150706,7653757,3709058,3944699,22898,15665,7234,0,10955407
20150707,7706398,3726344,3980055,23921,16828,7093,0,11017040
20150708,7711850,3734488,3977362,22006,15583,6424,0,11033994
20150709,7642913,3707887,3935026,16952,12382,4570,0,11423666
20150710,7608923,3702252,3906670,16626,11574,5052,0,11412157
20150713,7643085,3721447,3921639,16932,11892,5040,0,11019513
20150714,7644856,3720929,3923927,17430,12564,4866,0,11041415
20150715,7690450,3741053,3949397,18469,13312,5157,0,11055875
20150716,7750582,3775366,3975216,20265,14664,5602,0,11363936
20150717,7784982,3769876,4015106,20027,14382,5645,0,11369365
20150720,7862406,3797707,4064698,20808,14466,6341,0,11043218
20150721,7913067,3822472,4090595,20366,14071,6296,0,11095648
20150722,7937803,3843115,4094688,20712,14140,6573,0,11120494
20150723,7984343,3867687,4116656,21311,14739,6572,0,11066874
20150724,8044007,3903319,4140689,21649,14905,6744,0,11169812
20150727,8073363,3915513,4157850,20472,14246,6227,0,11198520
20150728,8062597,3913949,4148648,21325,14920,6405,0,11260307
20150729,7984333,3870183,4114150,19972,14420,5552,0,11240795
20150730,7924542,3849575,4074967,20300,14321,5979,0,11319874
20150731,7807354,3793095,4014259,19751,13589,6162,0,11278852
20150803,7653005,3724434,3928571,19523,13754,5769,0,11160237
20150804,7564388,3669012,3895376,20092,14020,6072,0,11080172
20150805,7535553,3652320,3883233,18813,12919,5895,0,11106607
20150806,7522451,3646518,3875933,21173,14822,6351,0,11172898
20150807,7571584,3661659,3909925,22512,15827,6685,0,11125978
20150810,7620580,3685166,3935414,22719,16037,6682,0,11199449
20150811,7648863,3691660,3957203,21469,15280,6189,0,11209083
20150812,7677804,3703761,3974043,20731,14493,6238,0,11233427
20150813,7629480,3672216,3957265,20692,14337,6355,0,11185350
20150817,7495293,3612996,3882297,17755,12966,4789,0,11161124
20150818,7492735,3609316,3883420,19808,15035,4773,0,11087148
20150819,7473049,3604070,3868979,20501,15386,5115,0,11133915
20150820,7362971,3550335,3812636,18962,14389,4572,0,11084691
20150821,7182876,3456842,3726034,17299,13430,3870,0,10999160
20150824,7031860,3402590,3629270,18253,13906,4347,0,10915614
20150825,6620612,3206183,3414429,17424,13298,4127,0,10662897
20150826,6431984,3137569,3294415,16444,11721,4723,0,10551837
20150827,6424876,3172724,3252152,18975,14023,4953,0,10491167
20150828,6415428,3155930,3259497,20904,15315,5590,0,10503056
20150831,6436112,3172594,3263518,22167,16253,5915,0,10510184
20150901,6475019,3192202,3282817,23396,17487,5910,0,10501547
20150902,6479974,3179144,3300830,22907,16757,6150,0,10517790
20150903,6511759,3212602,3299157,21060,15431,5629,0,10541779
20150904,6550414,3226539,3323875,20739,15406,5332,0,10554129
20150907,6570316,3247275,3323041,20683,14982,5701,0,10558876
20150908,6505890,3220606,3285284,19430,14411,5019,0,10746355
20150909,6469962,3208476,3261486,18792,13967,4824,0,10722702
20150910,6439173,3196003,3243170,18881,14234,4646,0,10563448
20150911,6425265,3179796,3245469,19957,15176,4781,0,10539681
20150914,6418902,3157150,3261752,21799,16801,4998,0,10572240
20150915,6475179,3191895,3283284,21077,15965,5112,0,10523647
20150916,6489633,3198658,3290975,20322,15742,4580,0,10682013
20150917,6503631,3200183,3303448,20271,15354,4918,0,10709199
20150918,6502993,3171148,3331845,22206,17368,4838,0,10515298
20150921,6504189,3154268,3349921,22156,17360,4796,0,10531059
20150922,6523798,3141525,3382272,22464,17158,5307,0,10499666
20150923,6578391,3174686,3403705,20711,14970,5741,0,10569732
20150924,6612596,3167427,3445169,20141,14968,5173,0,10575965
20150925,6639107,3187869,3451239,19230,14259,4971,0,10569054
20150930,6643241,3199756,3443485,19046,13827,5219,0,10612254
20151001,6651738,3201513,3450225,19263,13858,5405,0,10601434
20151002,6665709,3199483,3466226,20049,14705,5344,0,10603142
20151005,6661598,3184935,3476663,21352,15806,5545,0,10607067
20151006,6695689,3203154,3492534,21805,16057,5748,0,10622749
20151007,6704697,3214754,3489943,21647,16832,4815,0,10649781
20151008,6705370,3210502,3494868,22339,17683,4656,0,10695975
20151012,6700368,3202697,3497671,21001,16836,4165,0,10720201
20151013,6675978,3183141,3492837,22401,18321,4080,0,10699951
20151014,6655631,3168687,3486944,21552,17660,3892,0,10679630
20151015,6660839,3170275,3490563,20958,17016,3942,0,10741628
20151016,6667856,3182214,3485642,21933,17857,4077,0,10820292
20151019,6677551,3178603,3498948,22797,18798,3999,0,10780322
20151020,6695491,3181711,3513780,23516,19172,4344,0,10839406
20151021,6711594,3180747,3530847,23943,19443,4500,0,10880133
20151022,6734464,3194916,3539548,24808,20059,4749,0,10916171
20151023,6772072,3219970,3552102,24994,20370,4624,0,11020447
20151026,6780455,3240794,3539661,23929,19565,4364,0,11057316
20151027,6764929,3220589,3544340,25838,21417,4420,0,11155564
20151028,6751281,3208185,3543096,26404,21509,4896,0,11183206
20151029,6785693,3233397,3552295,25906,21590,4316,0,11190067
20151030,6814725,3252293,3562432,25078,20752,4326,0,11308018
20151102,6832435,3269264,3563171,24625,20363,4263,0,11002337
20151103,6807208,3251740,3555468,23065,19011,4055,0,11054595
20151104,6792144,3231749,3560395,24508,20370,4138,0,11085320
20151105,6782605,3215526,3567079,24897,20740,4157,0,11212577
20151106,6771192,3199432,3571760,25832,21911,3921,0,11213737
20151109,6803798,3214589,3589209,25083,20730,4353,0,11040136
20151110,6839407,3227699,3611708,24074,20152,3922,0,11085614
20151111,6783103,3205788,3577316,21639,18104,3534,0,11067446
20151112,6689917,3165235,3524682,20092,17117,2975,0,11042023
20151113,6685136,3169647,3515489,21056,17333,3723,0,11019425
20151116,6707659,3186614,3521046,21215,16745,4470,0,11014077
20151117,6716407,3192246,3524161,21206,16911,4295,0,11039282
20151118,6665157,3163263,3501894,21055,16762,4292,0,11032501
20151119,6675694,3174308,3501386,21556,17011,4545,0,11027062
20151120,6683325,3180146,3503179,22040,17457,4583,0,11020455
20151123,6694395,3177055,3517340,22726,18226,4500,0,10927437
20151124,6707428,3178542,3528885,23036,18137,4899,0,10947687
20151125,6723619,3189990,3533629,25570,20382,5187,0,10940045
20151126,6723915,3190401,3533514,25136,20457,4678,0,10962944
20151127,6748099,3204276,3543823,24234,19279,4955,0,10988372
20151130,6765377,3206638,3558740,25436,20201,5235,0,11042021
20151201,6753851,3190811,3563039,23779,18695,5084,0,11055952
20151202,6762733,3207170,3555564,22296,17329,4966,0,11049433
20151203,6752609,3187457,3565152,23938,18638,5300,0,11044615
20151204,6779339,3200130,3579209,23583,17910,5673,0,11024694
20151207,6806069,3222969,3583100,22605,16725,5880,0,11044520
20151208,6815455,3236038,3579417,21518,15443,6075,0,11061523
20151209,6811737,3233359,3578378,21358,15546,5812,0,11096274
20151210,6755463,3209491,3545972,19158,14393,4765,0,11082720
20151211,6727405,3197418,3529987,19961,15145,4817,0,11069312
20151214,6681634,3175326,3506308,19345,14507,4838,0,11121183
20151215,6664598,3172455,3492143,19465,14515,4949,0,11145872
20151216,6568137,3121023,3447114,18513,13309,5204,0,11125796
20151217,6542353,3115267,3427086,18409,12876,5533,0,11091873
20151218,6538618,3105512,3433106,20519,14832,5686,0,11176638
20151221,6520135,3094035,3426100,22328,16009,6318,0,11029930
20151222,6547984,3109369,3438615,21354,15198,6156,0,11174186
20151223,6586190,3120495,3465695,21877,15546,6331,0,11047279
20151224,6592565,3107627,3484938,22887,16411,6476,0,11062490
20151228,6553622,3068104,3485518,21900,16043,5857,0,11075231
20151229,6535556,3046039,3489518,20597,15005,5592,0,11082500
20151230,6526846,3035620,3491226,17215,12126,5089,0,10950795
20151231,6523716,3034006,3489710,17215,12126,5089,0,10955707
20160104,6535156,3060848,3474308,19257,13407,5850,0,11000072
20160105,6549613,3066359,3483255,19509,13524,5985,0,11015958
20160106,6540008,3073628,3466380,21117,14379,6738,0,11049040
20160107,6558205,3082786,3475419,21362,14547,6816,0,11022721
20160108,6605306,3107986,3497320,23430,16177,7253,0,11049272
20160111,6593048,3108658,3484390,22367,15658,6709,0,11070661
20160112,6623406,3119184,3504222,22835,16655,6181,0,11118932
20160113,6646085,3137159,3508926,22835,16633,6202,0,11117297
20160114,6646241,3136605,3509636,22515,15693,6822,0,11167080
20160115,6664697,3133048,3531649,24178,17700,6478,0,11086266
20160118,6689757,3148953,3540804,22658,15816,6842,0,11114671
20160119,6677601,3136709,3540892,22812,16007,6806,0,11174401
20160120,6684846,3143114,3541731,23101,15366,7735,0,11196566
20160121,6745734,3181003,3564731,22787,15384,7403,0,11097349
20160122,6704321,3180781,3523540,22354,14946,7408,0,11110419
20160125,6680761,3172776,3507985,24498,16485,8013,0,11119888
20160126,6679377,3152087,3527290,25180,17163,8017,0,11091340
20160127,6672139,3132946,3539193,27298,18850,8448,0,11277332
20160128,6711030,3161118,3549911,26137,17978,8159,0,11302718
20160129,6678755,3123309,3555446,27222,18531,8691,0,11172405
20160201,6701204,3134644,3566560,28256,18725,9531,0,11191735
20160202,6738209,3165750,3572459,28434,19394,9040,0,11242535
20160203,6731004,3141546,3589458,30620,20819,9800,0,11235013
20160204,6755745,3156357,3599388,30213,20556,9657,0,11212989
20160205,6769899,3168055,3601844,28768,19626,9142,0,11243573
20160211,6734084,3139200,3594884,29042,19329,9713,0,11266434
20160212,6688828,3102779,3586049,28028,19143,8886,0,11291921
20160215,6593066,3060446,3532621,24830,16655,8175,0,11349593
20160216,6373370,2961811,3411559,20277,13937,6340,0,11289600
20160217,6314672,2937830,3376841,22451,15567,6884,0,11215929
20160218,6307922,2931691,3376232,24341,17154,7188,0,11177583
20160219,6273953,2922266,3351687,27141,18606,8535,0,11207301
20160222,6282059,2905050,3377010,29669,19905,9764,0,11213097
20160223,6296054,2902929,3393125,30645,20586,10059,0,11151807
20160224,6334999,2919330,3415668,29868,20147,9721,0,11225446
20160225,6346379,2915887,3430493,29883,20513,9371,0,11231922
20160226,6369688,2933754,3435934,31752,21181,10572,0,11189597
20160229,6384527,2942685,3441841,32216,21704,10512,0,11247005
20160302,6394351,2951777,3442575,31785,21358,10427,0,11356860
20160303,6379510,2943507,3436003,31341,20493,10848,0,11405073
20160304,6399797,2948773,3451024,32346,21827,10519,0,11380182
20160307,6434052,2948996,3485056,30726,21849,8877,0,11355478
20160308,6480028,2983922,3496107,30780,22054,8726,0,11365518
20160309,6529670,2997727,3531943,30444,21622,8823,0,11369192
20160310,6568786,3018657,3550129,29601,21026,8575,0,11425737
20160311,6604263,3036693,3567570,29711,20940,8771,0,11410608
20160314,6628972,3057331,3571641,31195,22408,8787,0,11451170
20160315,6669868,3078776,3591092,30662,21882,8780,0,11467500
20160316,6701580,3101505,3600076,29888,21509,8379,0,11479645
20160317,6697473,3101286,3596187,30269,21680,8589,0,11554714
20160318,6738415,3122173,3616242,30232,21575,8657,0,11557994
20160321,6732082,3103697,3628385,31985,23000,8986,0,11561871
20160322,6754307,3118645,3635662,32003,22865,9138,0,11608534
20160323,6793730,3134793,3658938,32588,23206,9382,0,11652361
20160324,6801187,3129360,3671826,33551,24102,9448,0,11579263
20160325,6807542,3122605,3684937,32678,23539,9139,0,11616330
20160328,6810884,3125252,3685632,32328,23439,8889,0,11620344
20160329,6829212,3132557,3696656,32097,23371,8726,0,11636062
20160330,6825931,3129441,3696490,31054,22686,8368,0,11654328
20160331,6841321,3129925,3711397,31847,22816,9032,0,11728792
20160401,6860838,3143334,3717504,33300,23864,9436,0,11689771
20160404,6878443,3154949,3723494,32603,23375,9227,0,11668049
20160405,6908287,3184307,3723980,31083,22547,8536,0,11712856
20160406,6950870,3205267,3745603,32329,23229,9100,0,11716529
20160407,6985199,3224795,3760404,31510,22532,8978,0,11753978
20160408,7051038,3268279,3782759,32081,23179,8902,0,11761507
20160411,7071851,3273155,3798696,32283,23594,8689,0,11677510
20160412,7099449,3287969,3811480,31631,23245,8387,0,11658861
20160414,7103347,3284893,3818454,30851,22992,7860,0,11749015
20160415,7091184,3271319,3819865,31148,23098,8051,0,11733269
20160418,7036575,3228159,3808417,32352,25247,7106,0,11717425
20160419,7041032,3225992,3815040,31112,24342,6771,0,11725858
20160420,7051292,3229795,3821497,30432,23786,6646,0,11730437
20160421,7077886,3232742,3845144,30731,23862,6868,0,11742021
20160422,7096317,3239761,3856556,31994,24470,7524,0,11740979
20160425,7105175,3241098,3864077,32010,24720,7290,0,11742807
20160426,7143330,3263510,3879821,32275,24745,7530,0,11890700
20160427,7169068,3271708,3897360,31713,24352,7360,0,11944316
20160428,7199375,3287830,3911545,30426,23690,6736,0,11990946
20160429,7170947,3277177,3893769,29766,22728,7039,0,12018142
20160502,7185514,3276370,3909144,30546,22573,7973,0,11943177
20160503,7204977,3293273,3911705,29596,21808,7788,0,11906299
20160504,7181693,3289937,3891756,28297,21231,7067,0,11913148
20160509,7177657,3283937,3893720,29946,21999,7946,0,11953617
20160510,7194409,3305300,3889109,27210,19742,7468,0,11984204
20160511,7186922,3310815,3876107,26806,20051,6755,0,12002082
20160512,7181499,3301850,3879649,27828,20421,7408,0,11969809
20160513,7210341,3314085,3896256,29027,21587,7439,0,12052915
20160516,7256701,3347741,3908960,30080,22260,7820,0,12073939
20160517,7248713,3333715,3914999,30450,22379,8071,0,12007824
20160518,7244475,3326960,3917515,33211,25196,8015,0,12078406
20160519,7232707,3326930,3905777,30493,22909,7584,0,12085018
20160520,7183925,3306669,3877256,29784,22416,7368,0,12012354
20160523,7133863,3285480,3848384,27433,20242,7191,0,12015352
20160524,7134300,3284803,3849497,29836,21672,8164,0,12021952
20160525,7149754,3274612,3875142,30503,22194,8309,0,12045846
20160526,7170926,3291953,3878973,30406,21818,8588,0,12060011
20160527,7136616,3256680,3879936,29550,21278,8273,0,12023304
20160530,7107610,3228656,3878954,30283,21672,8611,0,12054004
20160531,7087107,3206364,3880743,30447,21988,8459,0,12076833
20160601,7095623,3204923,3890700,28778,20434,8344,0,12111393
20160602,7078605,3206656,3871949,29654,20952,8702,0,12130289
20160603,7111213,3237723,3873489,30589,21755,8834,0,12201460
20160607,7146629,3253494,3893135,31045,22037,9007,0,12236034
20160608,7162916,3252738,3910178,31311,21908,9403,0,12281807
20160609,7184669,3252828,3931841,32789,23152,9637,0,12301866
20160610,7204842,3244255,3960587,33665,23987,9678,0,12253458
20160613,7219896,3232465,3987431,34137,24692,9446,0,12260494
20160614,7259554,3252783,4006771,33770,24296,9474,0,12260448
20160615,7253898,3253729,4000169,31638,22435,9203,0,12281236
20160616,7279512,3273834,4005678,30975,20872,10103,0,12611542
20160617,7304134,3301844,4002291,32295,20777,11518,0,12637237
20160620,7245985,3271511,3974474,30262,20498,9764,0,12439807
20160621,7194393,3253031,3941362,29679,19558,10121,0,12420274
20160622,7187775,3248204,3939571,29977,19515,10462,0,12418125
20160623,7219015,3263675,3955340,30032,19336,10697,0,12449455
20160624,7197142,3248745,3948396,30377,21077,9300,0,12361175
20160627,7126181,3207862,3918319,27315,19458,7857,0,12302054
20160628,6829391,3097759,3731633,22702,15675,7027,0,12212101
20160629,6734745,3063168,3671576,23784,16094,7690,0,12196203
20160630,6788652,3109059,3679593,25106,16589,8517,0,12191520
20160701,6826402,3116514,3709888,28597,18813,9784,0,12198621
20160704,6865805,3128284,3737521,31323,20573,10750,0,12200154
20160705,6899720,3138175,3761545,32746,21210,11536,0,12226278
20160706,6946812,3146187,3800625,33629,21722,11907,0,12253742
20160707,7018512,3172243,3846269,33038,21589,11448,0,12242265
20160708,7055229,3196502,3858728,32568,20644,11924,0,12298014
20160711,7088095,3213007,3875087,34243,21267,12977,0,12263663
20160712,7130618,3232138,3898480,33323,20250,13073,0,12243825
20160713,7161568,3235503,3926065,34002,20446,13556,0,12240380
20160714,7203613,3232354,3971259,34493,20649,13843,0,12244784
20160715,7236409,3242380,3994029,35826,21688,14138,0,12255857
20160718,7275290,3254611,4020680,34713,21531,13182,0,12290958
20160719,7304513,3258054,4046459,33970,21273,12698,0,12351594
20160720,7350663,3279945,4070718,34737,21928,12810,0,12424224
20160721,7394796,3300159,4094637,35135,21489,13645,0,12355208
20160722,7439102,3313841,4125261,36047,21834,14213,0,12311941
20160725,7471545,3326647,4144898,36516,21931,14586,0,12355289
20160726,7489121,3333323,4155798,36353,21963,14390,0,12362704
20160727,7502808,3335510,4167298,35559,21372,14187,0,12468442
20160728,7535070,3342554,4192517,35306,21198,14108,0,12518720
20160729,7542856,3341800,4201057,35318,21720,13599,0,12403783
20160801,7548839,3339247,4209592,36283,22027,14256,0,12455582
20160802,7579141,3346208,4232933,36195,21399,14796,0,12469777
20160803,7576983,3336247,4240736,36392,22060,14332,0,12472956
20160804,7603443,3337599,4265844,35661,21833,13829,0,12479319
20160805,7624608,3342438,4282170,34745,20909,13836,0,12446142
20160808,7650375,3340712,4309662,34524,20112,14411,0,12506650
20160809,7650768,3325400,4325368,35509,20800,14708,0,12499604
20160810,7634818,3292516,4342302,35334,21580,13754,0,12536057
20160811,7645271,3287356,4357915,36856,21546,15309,0,12525524
20160812,7670160,3299496,4370664,37559,22050,15508,0,12523537
20160816,7720193,3320199,4399994,36445,21534,14912,0,12579188
20160817,7721163,3323277,4397886,36336,21853,14483,0,12568806
20160818,7751801,3336932,4414868,36742,22252,14489,0,12575849
20160819,7736721,3340273,4396448,35975,21750,14225,0,12588603
20160822,7760949,3367957,4392992,37382,22569,14813,0,12611439
20160823,7773218,3380145,4393073,37292,22290,15001,0,12630841
20160824,7785503,3386160,4399343,36129,22071,14058,0,12637400
20160825,7787080,3386832,4400248,36147,22264,13883,0,12665412
20160826,7793694,3389301,4404393,35813,22369,13444,0,12705653
20160829,7777228,3379748,4397480,34761,21857,12904,0,12732265
20160830,7767990,3381070,4386921,33782,21364,12418,0,12666967
20160831,7689201,3351147,4338054,31199,20176,11023,0,12661436
20160901,7635671,3320151,4315521,32118,20993,11125,0,12648038
20160902,7611245,3300256,4310989,30845,20791,10054,0,12604523
20160905,7635575,3322327,4313248,30941,20936,10004,0,12630453
20160906,7648821,3320185,4328635,31308,21020,10288,0,12642226
20160907,7652712,3315727,4336985,33082,23076,10006,0,12626432
20160908,7703295,3336501,4366794,32758,23142,9616,0,12646119
20160909,7719568,3347142,4372426,32859,23744,9115,0,12741833
20160912,7682618,3344754,4337864,30329,21355,8974,0,12758856
20160913,7628675,3323969,4304706,28000,18501,9499,0,12731518
20160919,7566997,3311523,4255474,25196,17445,7751,0,12727879
20160920,7554162,3313777,4240385,25657,17243,8414,0,12727478
20160921,7576229,3334444,4241785,26832,18052,8780,0,12741637
20160922,7628540,3362167,4266373,28086,19022,9064,0,12759762
20160923,7666867,3384465,4282402,30010,20482,9529,0,12794466
20160926,7678632,3382271,4296361,31532,21719,9814,0,12828228
20160927,7673914,3358879,4315035,32619,22742,9877,0,12818598
20160928,7704909,3372276,4332634,32348,22646,9702,0,12804233
20160929,7709159,3374299,4334860,33161,23394,9768,0,12846772
20160930,7710065,3367061,4343004,34060,24444,9617,0,12902375
20161004,7725846,3371655,4354191,34866,25033,9833,0,12911755
20161005,7692468,3354982,4337487,32683,23556,9127,0,13054791
20161006,7681036,3351410,4329625,33238,23925,9314,0,13021687
20161007,7688075,3354240,4333835,33277,23406,9871,0,12903975
20161010,7736405,3398582,4337823,33850,24497,9353,0,12915399
20161011,7746767,3424625,4322142,31335,22816,8519,0,12952708
20161012,7713355,3394422,4318933,30296,22796,7500,0,12935552
20161013,7694680,3372398,4322282,29388,22215,7173,0,12913571
20161014,7701836,3372133,4329704,27160,19953,7207,0,12907661
20161017,7707836,3385653,4322183,25551,18451,7101,0,12941067
20161018,7691730,3375079,4316651,25424,18051,7373,0,12957477
20161019,7680866,3367887,4312979,23856,17074,6782,0,13063515
20161020,7647655,3340730,4306926,22673,16434,6238,0,13113247
20161021,7661887,3358077,4303809,22419,15989,6430,0,12870786
20161024,7642957,3351327,4291630,21660,15744,5916,0,12822188
20161025,7594812,3329338,4265474,21592,15764,5828,0,12885843
20161026,7555315,3313520,4241795,21007,15317,5690,0,12878241
20161027,7504713,3290849,4213864,19844,14218,5626,0,13045657
20161028,7439550,3270357,4169193,18107,12992,5115,0,13025229
20161031,7403996,3254559,4149437,17827,12774,5053,0,12922902
20161101,7382004,3238095,4143909,17199,12355,4844,0,12983685
20161102,7275985,3192810,4083175,15731,11246,4485,0,13031519
20161103,7207031,3173828,4033203,14715,10468,4247,0,13848747
20161104,7074916,3112905,3962012,13845,10013,3832,0,13788735
20161107,6986643,3070296,3916347,13640,9926,3714,0,12870743
20161108,6946826,3053168,3893658,13042,9512,3530,0,12876599
20161109,6943784,3053802,3889982,12718,9268,3450,0,12885597
20161110,6946894,3053042,3893852,12449,9241,3207,0,12909669
20161111,6762881,2971053,3791828,9871,7301,2570,0,12864560
20161114,6786105,2979955,3806151,10383,7763,2620,0,12837025
20161115,6851785,3022550,3829235,10272,7747,2525,0,12820820
20161116,6893322,3045968,3847354,10238,7741,2496,0,12826579
20161117,6933709,3064479,3869231,9798,7365,2433,0,12829961
20161118,6946833,3073149,3873684,9712,7312,2400,0,12802403
20161121,6970918,3080071,3890846,9596,7271,2325,0,12811584
20161122,6977002,3081801,3895201,8990,6627,2363,0,12911342
20161123,6940248,3069055,3871193,7094,4960,2134,0,12899562
20161124,6924052,3063594,3860458,7052,4937,2115,0,12854776
20161125,6860048,3023017,3837031,6765,4707,2058,0,12833412
20161128,6789254,2987570,3801684,6961,4986,1975,0,12812260
20161129,6760473,2976676,3783797,6861,5086,1775,0,12855223
20161130,6765414,2984112,3781302,6131,3935,2196,0,12900156
20161201,6732687,2969496,3763191,6567,4889,1678,0,12828362
20161202,6742982,2981741,3761241,5371,3474,1898,0,12788209
20161205,6729197,2975946,3753251,6022,4136,1886,0,12797184
20161206,6680456,2949845,3730611,6838,5119,1720,0,12777083
20161207,6594406,2909216,3685190,6514,5039,1475,0,12749358
20161208,6560161,2895800,3664362,6364,4873,1491,0,12704135
20161209,6537227,2889280,3647947,6436,4998,1438,0,12654508
20161212,6494335,2867572,3626763,6540,5164,1377,0,12575381
20161213,6501138,2869576,3631562,6436,5196,1240,0,12572260
20161214,6537130,2888362,3648769,6675,5373,1302,0,12566123
20161215,6571575,2895032,3676543,6617,5356,1261,0,12584802
20161216,6601494,2903776,3697717,6824,5498,1326,0,12583598
20161219,6652416,2924348,3728067,6419,5038,1381,0,12574490
20161220,6693083,2939882,3753201,6478,5136,1342,0,12566345
20161221,6726894,2954090,3772804,6936,5519,1417,0,12574493
20161222,6754646,2957706,3796940,6722,5297,1425,0,12584751
20161223,6778181,2964418,3813763,6746,5601,1145,0,12640905
20161226,6792122,2963108,3829014,6451,5422,1029,0,12677764
20161227,6791285,2957402,3833884,6528,5500,1028,0,12676454
20161228,6803251,2957251,3846000,6396,5540,855,0,12732811
20161229,6777871,2929130,3848741,5739,4959,781,0,12725139
20161230,6773760,2927076,3846684,5739,4959,781,0,12802683
20170102,6808265,2944184,3864081,5941,4835,1106,0,12716998
20170103,6827474,2950109,3877365,5951,4809,1142,0,12708494
20170104,6863834,2965129,3898705,5802,4579,1224,0,12682645
20170105,6928667,2980998,3947669,5825,4633,1192,0,12643140
20170106,6981799,3009233,3972567,6128,4784,1344,0,12670273
20170109,7026729,3023900,4002828,6182,4795,1387,0,12705136
20170110,7075290,3033524,4041766,6059,4724,1335,0,12719299
20170111,7143905,3073732,4070173,6081,4803,1278,0,12720589
20170112,7179615,3086329,4093286,5155,3962,1193,0,12767762
20170113,7187960,3071496,4116464,5280,4029,1251,0,12767010
20170116,7194444,3070225,4124219,5729,4521,1207,0,12801529
20170117,7191854,3068051,4123803,5928,4523,1406,0,12817707
20170118,7221613,3083565,4138049,5928,4581,1347,0,12777836
20170119,7210167,3078711,4131456,5750,4425,1324,0,12853038
20170120,7210752,3076840,4133912,5449,4119,1330,0,12856818
20170123,7226867,3092853,4134014,5686,4294,1392,0,12968654
20170124,7216655,3093763,4122892,5448,4152,1296,0,12952257
20170125,7173538,3076936,4096602,5419,4053,1367,0,13048388
20170126,7128796,3057191,4071605,6175,4780,1396,0,13011442
20170131,7129266,3071735,4057532,5191,3758,1433,0,13076725
20170201,7095302,3049831,4045471,5309,3852,1458,0,13063521
20170202,7105995,3065896,4040099,5395,3986,1409,0,13052753
20170203,7109434,3067368,4042065,5147,3710,1437,0,13064960
20170206,7084097,3057804,4026293,5546,4170,1377,0,13058969
20170207,7003025,3039223,3963801,5260,3924,1336,0,13108395
20170208,6992452,3047509,3944943,5322,4071,1251,0,13150348
20170209,6988237,3039381,3948857,5204,3983,1222,0,13125131
20170210,7002033,3056147,3945886,5284,4145,1139,0,13136396
20170213,7023948,3077101,3946846,5239,4096,1143,0,13135016
20170214,7006486,3064889,3941597,5126,3881,1245,0,13121947
20170215,6990799,3053915,3936884,5156,3976,1180,0,13108009
20170216,6990751,3053127,3937624,5230,4101,1130,0,13110956
20170217,7001107,3053304,3947803,5415,4256,1159,0,13147024
20170220,7026475,3067843,3958632,5286,4080,1207,0,13179935
20170221,7025484,3057205,3968279,5366,4153,1213,0,13155781
20170222,7055635,3082734,3972901,5351,4106,1245,0,13154308
20170223,7060876,3080288,3980588,5457,4242,1214,0,13171044
20170224,7085328,3099447,3985880,5492,4269,1223,0,13183210
20170227,7095245,3110884,3984361,5977,4719,1258,0,13225939
20170228,7076078,3100595,3975482,5893,4691,1202,0,13257963
20170302,7068537,3112168,3956369,5970,4992,978,0,13289114
20170303,7063607,3118073,3945534,6175,5142,1033,0,13266769
20170306,7061948,3135421,3926527,6480,5516,964,0,13466208
20170307,6998485,3111029,3887456,5891,4886,1005,0,13531003
20170308,6976735,3111191,3865544,6046,5004,1041,0,13509093
20170309,6977950,3105679,3872270,6357,5279,1078,0,13459780
20170310,6998243,3117099,3881144,6803,5320,1483,0,13616038
20170313,7014657,3140513,3874144,6631,5182,1449,0,13660238
20170314,7012953,3135042,3877912,6978,5323,1654,0,13664528
20170315,7043082,3149157,3893926,7088,5477,1610,0,13737933
20170316,7097977,3172588,3925388,7378,5706,1672,0,13613791
20170317,7112682,3178108,3934574,7443,5752,1691,0,13652560
20170320,7105120,3167202,3937918,7466,5643,1823,0,13693163
20170321,7140178,3191538,3948640,7139,5344,1795,0,13649621
20170322,7167144,3211816,3955328,7152,5409,1743,0,13683787
20170323,7195990,3244250,3951740,7191,5415,1776,0,13719928
20170324,7202279,3250434,3951844,7323,5603,1720,0,13724069
20170327,7215385,3262884,3952502,7310,5619,1691,0,13712066
20170328,7192848,3249569,3943279,7162,5444,1718,0,13698379
20170329,7207916,3249250,3958666,6938,5300,1638,0,13694259
20170330,7218983,3264205,3954778,7100,5499,1601,0,13723362
20170331,7245390,3286353,3959036,6945,5382,1563,0,13682064
20170403,7266688,3300108,3966580,6650,5020,1629,0,13740938
20170404,7253066,3288514,3964552,6638,4992,1646,0,13650169
20170405,7245712,3286686,3959026,6821,4905,1916,0,13705244
20170406,7253955,3293848,3960107,6789,5037,1752,0,13739658
20170407,7267063,3294809,3972254,6624,4938,1685,0,13763428
20170410,7285058,3296030,3989028,6747,4898,1850,0,13795007
20170411,7301590,3306402,3995188,6780,4973,1807,0,13789791
20170412,7258685,3275608,3983077,6335,4692,1642,0,13770326
20170413,7223390,3267553,3955837,6348,4728,1620,0,13775807
20170414,7233000,3279681,3953320,6700,5046,1655,0,13799799
20170417,7231534,3276003,3955531,7027,5197,1830,0,13817934
20170418,7210145,3279736,3930409,7055,5182,1873,0,13839326
20170419,7216908,3290023,3926885,7112,5229,1883,0,13878333
20170420,7255765,3299934,3955832,7304,5445,1860,0,13911905
20170421,7297919,3316004,3981916,7374,5466,1908,0,13868783
20170424,7308971,3306748,4002222,7309,5411,1898,0,13920207
20170425,7299043,3293430,4005613,7503,5615,1887,0,13981165
20170426,7273593,3268461,4005133,7462,5551,1911,0,14645350
20170427,7262358,3262154,4000205,7481,5593,1888,0,14568823
20170428,7251612,3244965,4006647,8265,6333,1931,0,14135240
20170502,7319841,3300381,4019459,8591,6675,1916,0,14244394
20170504,7323443,3323809,3999634,7711,5758,1953,0,14154358
20170508,7293102,3306587,3986515,7546,5666,1880,0,14142540
20170510,7295159,3326274,3968885,7551,5635,1916,0,14176401
20170511,7297150,3313725,3983425,9213,7302,1911,0,14197441
20170512,7347788,3337368,4010419,8614,6811,1804,0,14244842
20170515,7381848,3349014,4032834,8865,7045,1819,0,14255798
20170516,7447509,3397056,4050453,9010,7168,1842,0,14273283
20170517,7490997,3429786,4061210,8866,7153,1713,0,14257918
20170518,7519239,3445242,4073998,7743,6205,1538,0,14288656
20170519,7555136,3475830,4079307,7558,6156,1401,0,14300564
20170522,7586131,3497955,4088176,7567,6109,1458,0,14276901
20170523,7602860,3507438,4095422,7399,6075,1324,0,14426664
20170524,7669334,3556477,4112856,7988,6648,1340,0,14560886
20170525,7694349,3561435,4132914,7972,6779,1193,0,14549033
20170526,7729523,3597998,4131525,7843,6610,1233,0,14476758
20170529,7741170,3599140,4142030,7971,6783,1188,0,14502415
20170530,7773457,3627091,4146366,8105,6920,1185,0,14616738
20170531,7815409,3651266,4164143,8137,6999,1138,0,14665860
20170601,7829698,3649261,4180437,8288,7155,1133,0,14657526
20170602,7883323,3682303,4201020,8540,7394,1147,0,14706965
20170605,7929220,3705562,4223658,8661,7539,1121,0,14746531
20170607,7964315,3720780,4243535,8500,7331,1169,0,14743581
20170608,8011345,3751660,4259684,8705,7456,1249,0,14707048
20170609,8056093,3787565,4268528,8628,7372,1257,0,14749362
20170612,8118319,3830393,4287926,8668,7446,1222,0,14819320
20170613,8188026,3879415,4308611,8979,7770,1208,0,14802614
20170614,8281175,3936857,4344318,8365,7161,1204,0,14879084
20170615,8323060,3969334,4353726,8697,7410,1286,0,14897038
20170616,8344233,3980980,4363254,9106,7855,1250,0,14863806
20170619,8408860,4032029,4376831,8608,7379,1230,0,14909338
20170620,8430749,4043714,4387035,8694,7315,1379,0,15047961
20170621,8456282,4047758,4408524,8914,7533,1381,0,15100127
20170622,8472965,4074903,4398062,8976,7711,1265,0,15081190
20170623,8465743,4094227,4371516,9287,7707,1580,0,15148412
20170626,8460283,4098073,4362210,9809,8315,1493,0,15153952
20170627,8466325,4104323,4362002,9562,8020,1542,0,15190273
20170628,8510308,4134638,4375670,9613,8107,1506,0,15239075
20170629,8552547,4171077,4381471,9875,8109,1766,0,15172352
20170630,8547772,4156239,4391533,9565,7936,1629,0,15263441
20170703,8542470,4154330,4388140,9559,7972,1587,0,15222185
20170704,8540775,4155572,4385204,9628,7926,1701,0,15300319
20170705,8525081,4140979,4384102,9864,8185,1679,0,15282284
20170706,8486502,4122524,4363978,9920,8235,1684,0,15247176
20170707,8518920,4141363,4377557,10461,8743,1718,0,15179338
20170710,8543236,4231111,4312125,10493,9090,1403,0,15212473
20170711,8503679,4198405,4305274,10735,9333,1403,0,15234580
20170712,8467124,4184049,4283075,9813,8342,1471,0,15297260
20170713,8465215,4174075,4291141,10349,8813,1536,0,15284051
20170714,8456427,4166432,4289995,10597,8657,1940,0,15264456
20170717,8481947,4191515,4290432,11037,9242,1795,0,15261204
20170718,8471213,4184190,4287022,11061,9333,1727,0,15216180
20170719,8472137,4176258,4295880,11191,9337,1854,0,15175967
20170720,8513061,4190516,4322546,11648,9753,1895,0,15291062
20170721,8543669,4191362,4352307,11534,9361,2174,0,15310468
20170724,8583348,4197676,4385672,11378,9313,2064,0,15310683
20170725,8615959,4194284,4421675,11522,9387,2135,0,15445417
20170726,8657040,4214819,4442221,11764,9578,2185,0,15493567
20170727,8667963,4215006,4452957,12026,9716,2311,0,15412113
20170728,8628143,4176010,4452134,11503,9252,2251,0,15713512
20170731,8607764,4158263,4449500,12184,9872,2312,0,15598080
20170801,8540156,4113743,4426413,10920,8810,2110,0,15472942
20170802,8488120,4092474,4395646,11250,9300,1950,0,15425981
20170803,8490483,4100328,4390155,11614,9723,1891,0,15393019
20170804,8496425,4100202,4396223,11560,9571,1989,0,15388644
20170807,8456553,4083562,4372991,11495,9580,1915,0,15431441
20170808,8420466,4062687,4357779,11541,9639,1902,0,15471167
20170809,8423127,4063603,4359524,11723,9695,2028,0,15458468
20170810,8428670,4062967,4365702,11743,9722,2021,0,15505397
20170811,8400556,4041102,4359454,12251,9874,2377,0,15523637
20170814,8330826,4009923,4320902,11878,9679,2199,0,15526916
20170816,8282918,3999189,4283728,11717,9751,1966,0,15518857
20170817,8226649,3980395,4246254,11499,9613,1885,0,15427521
20170818,8190411,3966177,4224235,12299,9973,2326,0,15420862
20170821,8202438,3980655,4221783,12263,9967,2296,0,15455891
20170822,8213725,3979995,4233730,12301,9919,2382,0,15444046
20170823,8235321,3992126,4243195,12338,9939,2399,0,15483299
20170824,8252723,4002170,4250553,12528,9891,2636,0,15522542
20170825,8281405,4013192,4268213,12065,9434,2631,0,15549625
20170828,8288780,4011218,4277562,12453,9712,2741,0,15543763
20170829,8284542,3996851,4287691,12652,9977,2675,0,15533158
20170830,8294341,3999721,4294620,12639,9937,2703,0,15633713
20170831,8316125,4022046,4294079,12374,9627,2747,0,15704095
20170901,8349773,4038347,4311427,12531,9682,2849,0,15700640
20170904,8386512,4059187,4327325,12456,9623,2834,0,15750702
20170905,8422865,4074971,4347894,11887,8966,2922,0,15817504
20170906,8383332,4033249,4350083,11773,8999,2775,0,15774290
20170907,8398619,4042235,4356384,12046,9292,2754,0,15631864
20170908,8420991,4048798,4372192,12370,9489,2881,0,15700125
20170911,8410062,4020676,4389387,12640,9798,2841,0,15704110
20170912,8415318,4015484,4399835,12292,9499,2793,0,15766464
20170913,8411474,4008289,4403185,12667,9778,2889,0,15679450
20170914,8462755,4031337,4431418,12771,9677,3094,0,15639605
20170915,8490706,4051639,4439067,12480,9420,3060,0,15721038
20170918,8529807,4068648,4461158,12658,9433,3225,0,15796326
20170919,8578196,4093798,4484398,12292,9149,3143,0,15874953
20170920,8620517,4103129,4517388,12006,8955,3051,0,15898840
20170921,8685097,4138517,4546580,13002,8979,4023,0,15823346
20170922,8702773,4161678,4541095,12041,8919,3121,0,15876202
20170925,8665517,4172478,4493039,12161,9159,3002,0,15933370
20170926,8524448,4100449,4423999,12107,9038,3068,0,15997665
20170927,8410395,4057700,4352695,11548,8395,3154,0,15956979
20170928,8327405,4024999,4302405,11852,8541,3311,0,15932066
20170929,8311647,4019003,4292644,11932,8649,3283,0,15904305
20171010,8305879,4024956,4280923,12059,8831,3228,0,15965078
20171011,8242167,3984779,4257388,11621,8288,3332,0,15948010
20171012,8275243,4008025,4267217,11648,8146,3502,0,15934484
20171013,8316291,4043577,4272713,11861,8418,3443,0,15931369
20171016,8384693,4074535,4310157,11977,8461,3516,0,16011034
20171017,8409148,4087060,4322089,12616,9187,3429,0,15934812
20171018,8403831,4080945,4322887,11633,8636,2997,0,15938343
20171019,8462552,4121988,4340564,11413,8573,2840,0,15986663
20171020,8482755,4133804,4348951,11324,8343,2981,0,15987602
20171023,8529853,4176622,4353231,11406,8411,2995,0,16016927
20171024,8545290,4173969,4371321,11817,9078,2739,0,16339362
20171025,8635177,4242691,4392486,11891,9266,2625,0,16414069
20171026,8676829,4257705,4419125,11673,9199,2473,0,16148409
20171027,8726786,4287085,4439700,11231,8798,2433,0,16162113
20171030,8763990,4308602,4455388,11167,8905,2263,0,16259130
20171031,8782092,4313232,4468860,11101,8800,2301,0,16305481
20171101,8857469,4359896,4497574,11061,8792,2269,0,16336794
20171102,8937410,4419053,4518357,11261,9006,2255,0,16310844
20171103,8995361,4450010,4545351,11652,9431,2221,0,16273995
20171106,9040335,4462858,4577478,10565,8332,2232,0,16350895
20171107,9071659,4447833,4623826,10026,7923,2103,0,16354736
20171108,9131285,4484548,4646737,9747,7744,2004,0,16392995
20171109,9172888,4506610,4666278,9698,7547,2151,0,16421538
20171110,9232715,4542674,4690041,9739,7580,2159,0,16407572
20171113,9293621,4573997,4719624,9352,7187,2165,0,16495795
20171114,9340208,4599475,4740732,9471,7158,2313,0,16595459
20171115,9385575,4609839,4775736,9339,7079,2260,0,16684207
20171116,9432795,4632633,4800163,9247,6989,2259,0,16705195
20171117,9503194,4658759,4844435,9231,6915,2315,0,17069813
20171120,9575491,4675447,4900045,9158,6859,2299,0,16721476
20171121,9658332,4685569,4972763,9133,6854,2279,0,16766207
20171122,9708152,4699889,5008263,9253,6895,2359,0,16876791
20171123,9809749,4707101,5102648,9343,6946,2397,0,16930546
20171124,9889178,4733991,5155188,9325,7014,2311,0,16894517
20171127,9908753,4722323,5186430,9185,6913,2272,0,16805257
20171128,9980907,4736343,5244564,9126,6841,2284,0,17098884
20171129,10045649,4785129,5260520,8451,6284,2167,0,17172117
20171130,10030194,4758513,5271681,8109,6119,1990,0,17205371
20171201,10021501,4744775,5276726,8243,6162,2080,0,17169288
20171204,10051431,4775623,5275807,8133,5870,2263,0,16890722
20171205,10086305,4780411,5305894,8648,5904,2743,0,16920669
20171206,10144106,4800654,5343451,8492,5802,2690,0,16919433
20171207,10112544,4766633,5345912,8370,5756,2614,0,16914611
20171208,10165623,4798163,5367460,7779,5591,2188,0,16998056
20171211,10140182,4784388,5355794,7488,5283,2205,0,16973792
20171212,10070124,4743815,5326309,7043,5101,1943,0,16907492
20171213,10017054,4715934,5301121,7036,5088,1948,0,16870462
20171214,10070519,4730400,5340119,6448,4484,1963,0,16935122
20171215,10052577,4672201,5380376,6552,4534,2018,0,16861122
20171218,10138559,4705366,5433193,6590,4542,2048,0,16870903
20171219,10106441,4651103,5455338,6598,4596,2003,0,16904224
20171220,10102726,4647035,5455692,6115,4162,1953,0,16938850
20171221,10042286,4604545,5437741,5842,4008,1834,0,16892290
20171222,9997067,4569593,5427474,5896,4031,1865,0,16862539
20171226,9936809,4554702,5382107,5494,3752,1742,0,16857266
20171227,9857132,4513564,5343568,4962,3431,1530,0,16858498
20171228,9867021,4485532,5381489,4712,3235,1477,0,16644543
20171229,9860832,4482550,5378282,4712,3235,1477,0,16672391
20180102,9893540,4514000,5379540,4933,3346,1587,0,16696052
20180103,9922278,4498266,5424012,4821,3322,1499,0,16703748
20180104,10021972,4505679,5516292,4807,3199,1608,0,16780322
20180105,10155535,4538262,5617273,4844,3294,1550,0,16885353
20180108,10286437,4567468,5718969,4999,3290,1710,0,17055289
20180109,10322561,4545828,5776733,6255,4173,2082,0,17082305
20180110,10454941,4577636,5877305,5392,3487,1904,0,17133841
20180111,10524284,4604796,5919487,5714,3733,1981,0,17236898
20180112,10616452,4679806,5936646,5847,3880,1967,0,17322793
20180115,10684463,4705792,5978671,5753,3651,2101,0,17428759
20180116,10711339,4702555,6008785,5929,3868,2060,0,17463986
20180117,10772621,4711052,6061568,6088,4012,2076,0,17565436
20180118,10821377,4720340,6101037,6120,4016,2104,0,17489221
20180119,10862582,4753899,6108683,6174,3980,2194,0,17572660
20180122,10926507,4771933,6154574,6102,3982,2120,0,17562111
20180123,10993974,4791479,6202496,6109,3987,2122,0,17627974
20180124,10984827,4780210,6204617,6036,3988,2048,0,17707678
20180125,10976295,4748811,6227484,6394,4179,2215,0,17587018
20180126,11064792,4759863,6304928,6250,4058,2192,0,17607222
20180129,11086562,4767047,6319515,6229,4075,2154,0,17676381
20180130,11180828,4783411,6397417,6242,4033,2209,0,17655395
20180131,11277646,4800856,6476790,6284,4032,2251,0,17978804
20180201,11360065,4847695,6512371,6239,4005,2235,0,18054138
20180202,11419254,4903472,6515782,6054,3932,2122,0,18070186
20180205,11424798,4911630,6513168,6475,4148,2327,0,18069723
20180206,11403767,4918220,6485547,6295,4040,2255,0,18289120
20180207,11340221,4933199,6407022,6265,4033,2233,0,18278303
20180208,11050131,4836633,6213498,5500,3284,2216,0,18160026
20180209,11048740,5271435,5777305,5308,3673,1634,0,18211577
20180212,11042223,5311800,5730423,6375,3932,2443,0,18233498
20180213,11030497,5301674,5728823,5998,4223,1775,0,18145003
20180214,11085800,5331041,5754759,6143,4191,1952,0,18114001
20180219,11016497,5280461,5736036,6681,4774,1907,0,18154773
20180220,10992392,5254694,5737697,6678,4734,1944,0,18126708
20180221,11041890,5273354,5768536,7045,4811,2235,0,18071202
20180222,11146234,5296649,5849585,6820,4632,2187,0,18197854
20180223,11192280,5326398,5865882,7028,4668,2361,0,18192402
20180226,11250929,5352264,5898666,7231,4781,2451,0,18208877
20180227,11249734,5333939,5915795,7503,5224,2279,0,18210933
20180228,11241258,5316450,5924808,7899,5412,2487,0,18203470
20180302,11231632,5303763,5927869,7966,5515,2452,0,18247918
20180305,11202462,5290635,5911827,7480,5087,2393,0,18247511
20180306,11241904,5338206,5903698,8028,5474,2554,0,18316991
20180307,11243393,5343421,5899972,7943,5541,2403,0,18320422
20180308,11240381,5359432,5880950,8730,5812,2918,0,18287402
20180309,11204235,5324096,5880139,8592,5783,2809,0,18408403
20180312,11177177,5295034,5882144,9318,6046,3272,0,18335623
20180313,11239162,5347757,5891405,9574,6247,3327,0,18356643
20180314,11296003,5334755,5961248,9471,6180,3291,0,18358412
20180315,11422319,5400526,6021793,9491,6174,3317,0,18342698
20180316,11516579,5434333,6082246,9917,6388,3530,0,18172990
20180319,11592388,5459581,6132807,9737,6291,3446,0,18211482
20180320,11607735,5456079,6151656,10136,6248,3888,0,18259794
20180321,11631060,5483711,6147349,9828,6222,3605,0,18254903
20180322,11665677,5499976,6165701,9969,6188,3780,0,18205401
20180323,11679962,5479163,6200798,9616,6023,3593,0,18269174
20180326,11607756,5451397,6156359,10023,6431,3592,0,18315866
20180327,11348266,5371923,5976344,9173,6118,3056,0,18402531
20180328,11223566,5360773,5862793,10132,6866,3265,0,18327031
20180329,11300850,5374727,5926123,10507,7057,3450,0,18154670
20180330,11340934,5411440,5929494,10335,6792,3543,0,18185144
20180402,11412678,5465552,5947126,10869,6807,4062,0,18289359
20180403,11475741,5484710,5991030,10852,6901,3952,0,18274016
20180404,11530059,5495134,6034925,10926,6695,4231,0,18271013
20180405,11571593,5526990,6044603,11159,6704,4455,0,18234817
20180406,11644798,5558475,6086323,10573,6438,4135,0,18317429
20180409,11668089,5553665,6114424,10808,6706,4102,0,18273146
20180410,11694341,5573726,6120614,10882,6526,4357,0,18321772
20180411,11745792,5589765,6156027,11475,6617,4859,0,18304032
20180412,11788414,5593854,6194560,11185,6648,4536,0,18430189
20180413,11854687,5626041,6228646,11474,6831,4644,0,18429316
20180416,11901236,5649506,6251730,11568,7097,4471,0,18514672
20180417,11938143,5678660,6259483,11520,7053,4467,0,18463602
20180418,11993371,5706294,6287078,11771,7280,4491,0,18461169
20180419,12064215,5744780,6319435,11545,7248,4296,0,18554455
20180420,12065219,5722517,6342702,12388,8064,4324,0,18504884
20180423,12120343,5809902,6310441,12460,8109,4351,0,18531405
20180424,12164747,5851500,6313247,11547,7324,4223,0,18544995
20180425,12178824,5901367,6277456,11373,7457,3915,0,18623989
20180426,12175945,5918337,6257608,10943,6756,4187,0,18568936
20180427,12184500,5943821,6240679,10955,6738,4217,0,18598058
20180430,12221227,5974872,6246355,11507,7066,4442,0,18619482
20180502,12266918,6015290,6251628,12228,8051,4176,0,18619852
20180503,12254127,6018629,6235498,12202,8051,4151,0,18589674
20180504,12289802,6068644,6221158,12160,7714,4446,0,18653372
20180508,12283271,6066251,6217021,11543,7372,4172,0,18698559
20180509,12309224,6107021,6202203,11807,7683,4124,0,18732763
20180510,12229357,6069171,6160186,10643,7268,3375,0,18688305
20180511,12154416,6050566,6103850,11634,7833,3801,0,18556616
20180514,12237407,6071419,6165987,13110,9044,4065,0,18638603
20180515,12279208,6086607,6192601,13791,9607,4184,0,18611663
20180516,12394384,6145673,6248711,13633,9296,4337,0,18620810
20180517,12486376,6221309,6265066,13068,8796,4272,0,18637251
20180518,12462279,6214627,6247652,11924,8261,3663,0,18508074
20180521,12432299,6210205,6222094,11690,7982,3707,0,18513757
20180523,12410024,6199449,6210575,12331,8305,4027,0,18460389
20180524,12481165,6214901,6266264,12919,8697,4222,0,18453313
20180525,12525161,6244133,6281028,13309,9015,4294,0,18535766
20180528,12519983,6232201,6287782,13451,8920,4531,0,18524649
20180529,12342004,6079977,6262027,11895,7938,3956,0,18466642
20180530,12406529,6146111,6260418,12897,8548,4349,0,18606652
20180531,12498500,6192201,6306299,12420,8395,4025,0,18690691
20180601,12537994,6244364,6293630,12798,8598,4200,0,18723207
20180604,12563954,6281162,6282791,13052,8606,4445,0,18692403
20180605,12568690,6273435,6295256,13055,8786,4269,0,18660467
20180607,12576013,6264749,6311264,13161,8774,4387,0,18685025
20180608,12577850,6268086,6309764,13948,9617,4331,0,18674489
20180611,12623033,6288518,6334516,14553,9472,5080,0,18673724
20180612,12647993,6294547,6353446,13900,8751,5148,0,18732624
20180614,12598398,6262046,6336352,14531,9413,5118,0,18725644
20180615,12564547,6245942,6318605,14750,9277,5472,0,18753002
20180618,12518130,6262175,6255956,14072,8611,5461,0,18858181
20180619,12458749,6250561,6208188,14203,8974,5229,0,19018079
20180620,12272523,6144777,6127747,12555,7922,4633,0,18976562
20180621,12038126,6053030,5985097,11853,7802,4051,0,18787225
20180622,11968910,6050610,5918301,13871,8887,4984,0,18622888
20180625,11999470,6077817,5921653,14675,9355,5321,0,18656206
20180626,11921247,6050279,5870969,14365,9474,4891,0,18626755
20180627,11914676,6045150,5869527,13619,8227,5392,0,18582793
20180628,11888265,6034358,5853907,13173,8210,4963,0,18732312
20180629,11818300,5997545,5820755,13163,8264,4900,0,18717145
20180702,11694405,5931653,5762752,12524,8014,4510,0,18699566
20180703,11572374,5887006,5685368,13872,8479,5393,0,18608086
20180704,11448067,5836316,5611751,12959,8440,4518,0,18638478
20180705,11250459,5749994,5500466,14457,9231,5226,0,18639101
20180706,11247976,5756591,5491385,15285,9739,5546,0,18587492
20180709,11209923,5725018,5484905,15009,9286,5723,0,18524102
20180710,11184835,5712924,5471911,15819,10558,5261,0,18678153
20180711,11187545,5720626,5466919,16299,10970,5329,0,18665115
20180712,11179916,5702354,5477562,16732,11157,5575,0,18460183
20180713,11229054,5726530,5502524,16421,11181,5240,0,18497976
20180716,11270244,5759802,5510442,16853,10869,5983,0,18570319
20180717,11297543,5758084,5539459,17277,11314,5963,0,18526389
20180718,11366261,5795362,5570899,16767,10847,5920,0,18646196
20180719,11412674,5818023,5594651,16988,10945,6043,0,18692211
20180720,11393726,5809759,5583967,16667,10940,5727,0,18653688
20180723,11320106,5766281,5553825,17075,11687,5388,0,18654219
20180724,11258392,5741837,5516554,16531,11162,5369,0,18640763
20180725,11073549,5655812,5417737,14970,10105,4864,0,18662242
20180726,10919273,5591694,5327579,16718,11764,4954,0,18599433
20180727,10883668,5576517,5307151,15667,11046,4621,0,18604701
20180730,10824627,5555128,5269498,17017,12179,4838,0,18522530
20180731,10867332,5568107,5299225,17774,12863,4912,0,18545020
20180801,10905019,5573620,5331399,17182,12501,4681,0,18598361
20180802,10931504,5578640,5352864,16052,11550,4502,0,18592495
20180803,10948806,5591092,5357714,17103,12005,5098,0,18596376
20180806,11063340,5664463,5398877,16558,11022,5536,0,18680475
20180807,11082447,5671911,5410536,17701,11730,5970,0,18655502
20180808,11108726,5672566,5436159,17064,11378,5685,0,18675429
20180809,11139902,5687397,5452506,16854,10910,5944,0,18688121
20180810,11185688,5704662,5481026,17328,11033,6295,0,18746619
20180813,11201053,5700895,5500158,17718,10957,6761,0,18778011
20180814,11232015,5714266,5517748,17450,10813,6637,0,18804223
20180816,11162969,5679648,5483321,16459,10516,5943,0,18836860
20180817,11050264,5623876,5426388,17048,10848,6200,0,18729737
20180820,11060106,5655676,5404430,16736,10812,5924,0,18715925
20180821,11077961,5670763,5407198,17538,10799,6739,0,18701732
20180822,11143723,5699800,5443923,17860,11474,6386,0,18714755
20180823,11153938,5713825,5440114,18945,12572,6373,0,18705092
20180824,11212162,5736316,5475845,19279,12746,6533,0,18753577
20180827,11273599,5766567,5507032,19227,12830,6398,0,18772951
20180828,11305717,5774907,5530810,19767,13191,6575,0,18743954
20180829,11287616,5758336,5529280,18966,12708,6258,0,18747286
20180830,11285609,5722137,5563472,18379,12328,6051,0,18804258
20180831,11305720,5711382,5594337,18965,12572,6393,0,18842911
20180903,11358777,5738762,5620015,18836,12374,6462,0,18836728
20180904,11376523,5743252,5633271,19116,12303,6813,0,18772588
20180905,11465253,5783793,5681460,17668,11108,6560,0,18899577
20180906,11499946,5801132,5698814,18757,11941,6816,0,18854208
20180907,11593873,5845278,5748595,18138,11100,7038,0,18826716
20180910,11598854,5863808,5735046,18295,11710,6585,0,18888203
20180911,11607642,5868856,5738786,18225,11316,6909,0,18893040
20180912,11626679,5874456,5752223,18815,11924,6892,0,18903977
20180913,11702272,5930355,5771916,19175,11838,7337,0,18939170
20180914,11752244,5976992,5775252,19163,11153,8011,0,18969406
20180917,11780929,6001281,5779648,18765,11114,7651,0,19013765
20180918,11770841,5963656,5807185,20028,12080,7948,0,18988741
20180919,11805556,5989622,5815934,20270,12215,8055,0,19039565
20180920,11836039,6007945,5828095,19761,11566,8195,0,19062324
20180921,11832746,5990345,5842401,18413,10792,7621,0,18983071
20180927,11788945,5934884,5854061,17817,10141,7676,0,18957519
20180928,11784115,5926685,5857430,18272,10912,7360,0,18945536
20181001,11810309,5944638,5865670,17998,10728,7271,0,19022309
20181002,11857786,5969706,5888080,16072,9499,6572,0,19132458
20181004,11855553,5973780,5881773,16208,9441,6768,0,19126796
20181005,11830058,5960689,5869369,16188,9705,6483,0,19120255
20181008,11784651,5980496,5804155,15704,9641,6063,0,19116455
20181010,11699244,5959768,5739476,14397,8949,5448,0,19073400
20181011,11573387,5926897,5646491,14837,8955,5882,0,19093376
20181012,11364173,5823397,5540776,12077,7278,4799,0,19039446
20181015,10882195,5616803,5265392,9767,6104,3663,0,18857257
20181016,10689794,5527788,5162006,11662,7329,4333,0,18658290
20181017,10696343,5524761,5171582,12160,7245,4915,0,18725863
20181018,10690323,5526614,5163709,13794,8185,5608,0,18778309
20181019,10729911,5529135,5200775,15062,9117,5944,0,18610944
20181022,10795812,5566442,5229370,14487,8822,5665,0,18712040
20181023,10803831,5564627,5239204,14778,8941,5837,0,18690254
20181024,10816087,5566367,5249720,14824,8779,6045,0,18730264
20181025,10783370,5574928,5208442,12700,7101,5599,0,18793366
20181026,10507100,5406359,5100741,11419,6830,4589,0,18660952
20181029,10156820,5236992,4919828,12107,7584,4523,0,18392035
20181030,9847651,5080743,4766908,11612,7495,4117,0,18320368
20181031,9364986,4850285,4514700,11216,7262,3954,0,18195654
20181101,8999314,4683858,4315456,13318,8428,4890,0,17904309
20181102,9024745,4705429,4319316,14901,9379,5522,0,17905332
20181105,9037398,4706812,4330586,16140,10557,5583,0,17889483
20181106,8983997,4644308,4339689,18318,12194,6123,0,17855246
20181107,9163242,4751522,4411720,18620,12315,6306,0,17909275
20181108,9266976,4803082,4463893,18376,11933,6442,0,17965672
20181109,9355111,4832387,4522723,17839,11716,6124,0,17992868
20181112,9382185,4840072,4542113,19387,12717,6671,0,17976103
20181113,9440532,4873106,4567426,18572,12055,6517,0,18056773
20181114,9412466,4862463,4550002,18326,12155,6170,0,18083932
20181115,9389910,4849186,4540724,17151,11085,6066,0,17882129
20181116,9417809,4861620,4556189,17506,11028,6478,0,17875396
20181119,9424033,4860167,4563866,18813,12407,6406,0,17848075
20181120,9445513,4874998,4570515,19796,12786,7010,0,17933727
20181121,9490587,4890815,4599772,20117,13018,7099,0,17949843
20181122,9585204,4924905,4660299,19866,12801,7065,0,17912667
20181123,9649902,4964522,4685380,19397,11945,7452,0,17907783
20181126,9697277,4988723,4708554,19111,12019,7092,0,17905565
20181127,9659583,4972610,4686973,19168,12360,6808,0,17897757
20181128,9586839,4923533,4663305,20077,12828,7249,0,17905530
20181129,9581632,4912287,4669345,21191,13770,7421,0,17926919
20181130,9613581,4907434,4706147,21466,14160,7306,0,17955709
20181203,9593227,4870637,4722590,21575,14738,6837,0,17999264
20181204,9617453,4906677,4710776,21106,14350,6756,0,18062223
20181205,9611431,4888551,4722880,22348,15154,7194,0,18003094
20181206,9693522,4936469,4757053,22319,14999,7320,0,18113300
20181207,9744417,4963085,4781332,21331,14240,7091,0,18035959
20181210,9723045,4965268,4757776,19891,13573,6319,0,18075235
20181211,9683234,4950758,4732476,19631,13215,6416,0,18045645
20181212,9652991,4930412,4722579,18462,12579,5884,0,18034202
20181213,9601976,4924219,4677756,19083,12900,6184,0,18021697
20181214,9562040,4908032,4654008,20120,13428,6693,0,18019996
20181217,9570122,4899722,4670400,21498,14648,6850,0,18004797
20181218,9604634,4914525,4690109,20149,13925,6224,0,18014338
20181219,9543984,4883057,4660926,19221,13466,5755,0,17942180
20181220,9488830,4858237,4630593,18584,12729,5855,0,17995504
20181221,9485382,4856811,4628571,18356,12365,5990,0,17964842
20181224,9473035,4853594,4619440,18570,12571,5999,0,17975359
20181226,9458057,4848134,4609924,18844,12183,6661,0,17974719
20181227,9453651,4860254,4593397,18592,11920,6672,0,17906165
20181228,9412173,4847280,4564894,16073,10263,5810,0,17833291
20181231,9407585,4844817,4562768,16073,10263,5810,0,17861297
20190102,9355478,4806579,4548899,17300,10967,6332,0,17695158
20190103,9354756,4786784,4567971,18195,11819,6376,0,17633953
20190104,9423103,4822346,4600757,17256,10915,6342,0,17725633
20190107,9388335,4785337,4602998,18347,11771,6576,0,17729530
20190108,9393464,4784175,4609289,18881,11808,7073,0,17738539
20190109,9404679,4760340,4644339,20267,12586,7681,0,17731479
20190110,9442340,4777281,4665059,20378,12816,7563,0,17814999
20190111,9435441,4751100,4684341,22949,14985,7964,0,17764262
20190114,9476579,4770180,4706399,23230,15148,8082,0,17737342
20190115,9463145,4740012,4723133,24093,15789,8304,0,17753590
20190116,9520685,4769841,4750844,23734,15353,8381,0,17779662
20190117,9529113,4751691,4777422,23751,15349,8401,0,17813265
20190118,9594719,4776095,4818624,24392,15888,8505,0,17836132
20190121,9656448,4799205,4857243,24348,16118,8230,0,17833569
20190122,9676579,4808583,4867996,25133,16040,9093,0,17831111
20190123,9763655,4835375,4928281,25563,16194,9369,0,17875797
20190124,9805258,4850931,4954327,25280,16022,9258,0,17859604
20190125,9818135,4838221,4979914,25740,16304,9436,0,17937802
20190128,9853900,4851902,5001999,26353,17099,9253,0,17975476
20190129,9785253,4785212,5000041,28690,19219,9471,0,18139603
20190130,9868170,4839729,5028441,29270,19643,9627,0,18185494
20190131,9926859,4873375,5053484,27229,18069,9160,0,18065708
20190201,9932411,4869131,5063280,28361,19291,9070,0,18047433
20190207,9986958,4897966,5088992,28971,19341,9630,0,18058539
20190208,9971963,4890795,5081168,29315,19393,9923,0,18103488
20190211,9994249,4920916,5073333,29811,19586,10225,0,18100142
20190212,10102031,4977791,5124240,28308,17744,10564,0,18198766
20190213,10187298,5021681,5165616,28054,17485,10569,0,18242634
20190214,10229396,5029134,5200262,27955,17380,10576,0,18167644
20190215,10249827,5028759,5221068,28894,17975,10919,0,18170213
20190218,10300975,5037381,5263595,29398,18176,11222,0,18168238
20190219,10382106,5077352,5304754,28363,17394,10968,0,18188406
20190220,10370978,5052992,5317985,28846,17812,11034,0,18218563
20190221,10395912,5052295,5343618,29078,17838,11240,0,18246627
20190222,10413002,5039774,5373227,29405,18305,11101,0,18442987
20190225,10446526,5056102,5390424,29006,17628,11379,0,18509043
20190226,10459698,5047484,5412215,29043,17939,11104,0,18339018
20190227,10471354,5060771,5410584,28134,17351,10784,0,18421013
20190228,10495466,5055904,5439562,28858,17855,11003,0,18411401
20190304,10507953,5038866,5469087,29579,18231,11348,0,18414511
20190305,10353358,4939988,5413370,22185,14095,8090,0,18570411
20190306,10248151,4921641,5326511,23596,14110,9486,0,18493734
20190307,10312952,4959025,5353927,24077,14406,9671,0,18329557
20190308,10372930,4977421,5395509,24340,14251,10089,0,18396522
20190311,10373317,4976619,5396698,23018,13385,9633,0,18402070
20190312,10368358,5000325,5368032,22645,12724,9920,0,18369526
20190313,10386812,4997362,5389451,22225,12392,9833,0,18456900
20190314,10377974,4977619,5400355,23345,12911,10434,0,18461444
20190315,10428192,4982638,5445554,23202,12893,10308,0,18412276
20190318,10481397,5008935,5472461,23549,12926,10623,0,18419559
20190319,10433290,4922828,5510462,22410,13197,9214,0,18429448
20190320,10426243,4910496,5515747,23200,13671,9529,0,18713012
20190321,10467812,4919721,5548091,22451,13357,9094,0,18709711
20190322,10493977,4927330,5566647,22856,12975,9881,0,18472262
20190325,10479607,4894786,5584822,22316,12952,9364,0,18499014
20190326,10439214,4876924,5562290,22509,12819,9690,0,18548604
20190327,10401833,4868233,5533601,20573,11637,8937,0,18558046
20190328,10384631,4867341,5517290,21539,12168,9371,0,18528493
20190329,10394712,4862281,5532431,21339,12169,9170,0,18540062
20190401,10319065,4826848,5492217,21346,11983,9363,0,18534468
20190402,10238126,4786017,5452109,22009,13223,8786,0,18447342
20190403,10199105,4725030,5474075,23188,14014,9174,0,18403086
20190404,10226907,4719595,5507312,23958,14991,8967,0,18398224
20190405,10250846,4714720,5536126,24488,15226,9262,0,18343623
20190408,10274512,4702459,5572054,24908,15427,9481,0,18384793
20190409,10335838,4714118,5621719,25006,15565,9441,0,18399522
20190410,10356905,4721970,5634935,26037,16980,9057,0,18482751
20190411,10393545,4720663,5672882,25930,16774,9155,0,18481634
20190412,10441240,4729050,5712190,26656,17476,9179,0,18462801
20190415,10466597,4735037,5731560,26965,17781,9184,0,18484749
20190416,10504987,4746255,5758733,26709,17698,9010,0,18484659
20190417,10568269,4783615,5784654,25359,16495,8864,0,18523602
20190418,10590483,4784569,5805914,24874,16483,8391,0,18556051
20190419,10613281,4785984,5827297,25134,16591,8543,0,18553001
20190422,10625746,4795635,5830112,23543,15505,8038,0,18604589
20190423,10621734,4800196,5821538,23339,15303,8036,0,18542892
20190424,10678980,4832229,5846751,23600,15420,8180,0,18640983
20190425,10715109,4841824,5873285,23380,15365,8015,0,18732349
20190426,10780516,4894437,5886080,23102,15108,7994,0,18791177
20190429,10751403,4873025,5878379,22774,15365,7409,0,18804951
20190430,10682613,4855889,5826724,21898,15090,6808,0,18694965
20190502,10649973,4830708,5819265,22823,15700,7123,0,18657426
20190503,10647470,4831290,5816179,22923,15638,7285,0,18674948
20190507,10666719,4828809,5837910,22879,15625,7254,0,18679306
20190508,10718047,4877447,5840600,22243,14993,7250,0,18713657
20190509,10681676,4875487,5806189,20936,14691,6245,0,18761410
20190510,10632620,4859404,5773216,21039,14889,6149,0,18770843
20190513,10562454,4879696,5682758,17949,12145,5804,0,18848550
20190514,10432674,4839318,5593355,17508,11877,5631,0,18836452
20190515,10401084,4823605,5577479,16569,11230,5339,0,18810443
20190516,10319329,4795439,5523890,17443,12237,5206,0,18725102
20190517,10350206,4798950,5551256,17726,12041,5685,0,18703103
20190520,10414085,4831663,5582423,16668,11346,5322,0,18754102
20190521,10402366,4834991,5567376,16204,10964,5240,0,18757442
20190522,10355910,4817698,5538212,16133,10351,5782,0,18727283
20190523,10327289,4806806,5520484,16619,10366,6254,0,18717106
20190524,10337829,4812788,5525042,17062,10716,6346,0,18765782
20190527,10302833,4794506,5508327,16547,10469,6078,0,18768640
20190528,10237544,4773234,5464310,16190,10370,5820,0,18757733
20190529,10211139,4794940,5416199,15994,10365,5629,0,18788279
20190530,10237966,4822638,5415328,17871,11730,6142,0,18774398
20190531,10252568,4830467,5422101,16802,10631,6171,0,18756484
20190603,10197269,4809183,5388086,16534,10253,6280,0,18735102
20190604,10163620,4798182,5365438,17724,11056,6668,0,18859086
20190605,10150952,4777056,5373897,18446,11603,6843,0,18837618
20190607,10163454,4780521,5382934,18344,11280,7063,0,18720097
20190610,10194359,4793793,5400566,19460,11960,7500,0,18766940
20190611,10227782,4807049,5420733,20058,12065,7993,0,18782104
20190612,10262589,4786561,5476028,20864,12647,8217,0,18783070
20190613,10299978,4784919,5515059,21803,13289,8513,0,18783583
20190614,10373026,4809582,5563445,21415,13401,8014,0,18809784
20190617,10435142,4849537,5585605,21196,12907,8289,0,18807295
20190618,10502406,4866411,5635995,19266,11780,7485,0,18821069
20190619,10509245,4869916,5639329,19489,12033,7456,0,18841460
20190620,10499060,4854850,5644211,19621,12112,7509,0,18998676
20190621,10446261,4805613,5640647,19582,12530,7053,0,18992102
20190624,10451477,4796069,5655409,20001,12202,7798,0,18811432
20190625,10500369,4828799,5671571,18782,11217,7565,0,18914785
20190626,10507230,4821181,5686050,19052,11592,7459,0,18934611
20190627,10509358,4817620,5691738,18019,11198,6821,0,18980072
20190628,10470084,4797569,5672515,18490,11351,7139,0,18977754
20190701,10363157,4746018,5617139,18948,11757,7191,0,19001094
20190702,10229631,4701294,5528337,18620,11530,7090,0,18946443
20190703,10155636,4693039,5462598,18712,11999,6713,0,18899664
20190704,10177149,4698718,5478432,19253,12101,7152,0,18902542
20190705,10218816,4716213,5502603,18400,11255,7145,0,18930350
20190708,10196553,4702165,5494388,19315,12029,7286,0,18926650
20190709,10175629,4684010,5491619,19044,12034,7010,0,18937519
20190710,10104223,4662353,5441870,17162,10687,6475,0,18962947
20190711,9922814,4591919,5330896,16969,10620,6349,0,18841415
20190712,9895327,4581738,5313589,17407,10952,6455,0,18743212
20190715,9907626,4577611,5330014,18715,11925,6790,0,18756966
20190716,9956900,4590256,5366644,24688,16252,8436,0,18788280
20190717,9994453,4596310,5398143,25502,17174,8328,0,18833240
20190718,10011677,4600396,5411281,24250,16388,7863,0,18780898
20190719,10013610,4595892,5417717,22954,15885,7069,0,18759445
20190722,10002609,4595517,5407092,23135,15338,7797,0,18733882
20190723,9973524,4558872,5414652,23424,15516,7909,0,18672977
20190724,10010990,4580190,5430799,24036,16137,7899,0,18735755
20190725,10009021,4561859,5447161,24122,16411,7711,0,18832685
20190726,9929168,4534931,5394237,23755,16134,7620,0,18797023
20190729,9800245,4484791,5315454,23999,16113,7887,0,18806497
20190730,9675175,4434918,5240258,23267,15778,7489,0,18788226
20190731,9478770,4355804,5122966,21383,15096,6287,0,18759875
20190801,9288614,4282736,5005878,22033,15158,6875,0,18635225
20190802,9242534,4257176,4985358,22938,15223,7715,0,18560782
20190805,9154754,4208565,4946189,23287,15754,7534,0,18536060
20190806,9016402,4171844,4844558,23442,16182,7260,0,18385615
20190807,8710453,4012046,4698407,19312,13205,6107,0,18170187
20190808,8182084,3815489,4366595,17350,12107,5244,0,17799963
20190809,8012969,3775022,4237947,18842,12490,6352,0,17574499
20190812,8030941,3794451,4236490,20200,13313,6887,0,17511011
20190813,8100533,3818906,4281627,22327,14677,7650,0,17548720
20190814,8183078,3863059,4320019,23185,15351,7834,0,17558636
20190816,8244789,3886762,4358027,23785,15604,8181,0,17524126
20190819,8291745,3903204,4388540,24339,15735,8604,0,17511171
20190820,8306839,3911120,4395719,24007,15409,8598,0,17494265
20190821,8297276,3902050,4395226,23984,15639,8345,0,17483383
20190822,8316775,3904483,4412292,25030,16686,8344,0,17473653
20190823,8382159,3937111,4445048,25413,16846,8567,0,17489187
20190826,8464107,3965727,4498380,24295,15658,8637,0,17516540
20190827,8450707,3950438,4500269,24397,15660,8737,0,17478062
20190828,8419192,3919110,4500082,22531,14767,7763,0,17496180
20190829,8395412,3921212,4474200,23440,15173,8267,0,17454003
20190830,8386204,3917172,4469032,24069,15850,8219,0,17531504
20190902,8419905,3926877,4493028,23680,15717,7963,0,17595442
20190903,8369900,3877621,4492279,26012,17607,8406,0,17511701
20190904,8416318,3897903,4518415,26388,17606,8782,0,17460890
20190905,8475479,3913396,4562084,25890,17768,8122,0,17525039
20190906,8517052,3921634,4595418,26902,18538,8364,0,17503679
20190909,8580318,3922583,4657735,27959,19659,8300,0,17488577
20190910,8628248,3931210,4697039,27568,19070,8498,0,17487430
20190911,8647851,3925793,4722058,26570,18425,8146,0,17477612
20190916,8635583,3900274,4735309,26938,18620,8318,0,17481951
20190917,8622005,3882522,4739483,27165,18726,8439,0,17443224
20190918,8672650,3909432,4763219,25417,16777,8640,0,17481481
20190919,8769853,3946095,4823757,25787,17076,8711,0,17449580
20190920,8844500,3976314,4868185,26450,17294,9157,0,17464313
20190923,8893348,4018734,4874614,26889,17527,9362,0,17467732
20190924,8897850,4008791,4889059,27383,17437,9946,0,17442344
20190925,8933022,4022167,4910854,26703,17118,9586,0,17531362
20190926,8928174,4011505,4916669,27179,17234,9945,0,17547213
20190927,8897889,4010688,4887202,26012,17003,9009,0,17473229
20190930,8800162,3990492,4809670,25948,16556,9392,0,17419438
20191001,8811165,4006064,4805101,25700,16433,9267,0,17417342
20191002,8790081,3988276,4801805,24836,16091,8746,0,17626184
20191004,8761980,3963476,4798503,25489,16342,9147,0,17514659
20191007,8818667,4019936,4798731,24400,15071,9330,0,17509841
20191008,8807064,4014698,4792366,23882,14862,9021,0,17605552
20191010,8734941,3971637,4763304,23373,14887,8486,0,17625339
20191011,8696836,3940348,4756488,24726,15949,8777,0,17828729
20191014,8777677,3977741,4799936,23336,14834,8502,0,17869471
20191015,8775707,3959240,4816467,22911,14888,8023,0,17509028
20191016,8788438,3963905,4824533,24014,15874,8140,0,17499546
20191017,8840561,3995624,4844936,23607,15358,8249,0,17478466
20191018,8856031,3997255,4858777,24882,16446,8436,0,17458235
20191021,8902811,4008826,4893985,24786,15954,8832,0,17483558
20191022,8948999,4021429,4927570,23586,15159,8427,0,17544365
20191023,8990248,4031643,4958604,23757,15558,8199,0,17547250
20191024,8978307,4006546,4971761,24228,16045,8183,0,17497428
20191025,9020048,4052862,4967186,23034,15128,7906,0,17566712
20191028,9017607,4029438,4988169,23196,15451,7744,0,17555651
20191029,9032858,4014682,5018176,22831,15241,7591,0,17642635
20191030,9001505,4005076,4996429,23704,15997,7708,0,17671856
20191031,9042509,4017381,5025128,23830,16253,7577,0,17699162
20191101,9088107,4037535,5050573,22898,15779,7119,0,17695599
20191104,9106562,4055022,5051540,22908,15792,7116,0,17576068
20191105,9130253,4070574,5059679,23436,16138,7298,0,17570747
20191106,9166723,4056690,5110033,23623,16445,7178,0,17545873
20191107,9207486,4055996,5151490,23634,16730,6904,0,17569665
20191108,9262262,4072080,5190182,23788,16686,7103,0,17625929
20191111,9335383,4105232,5230151,23703,16789,6914,0,17554444
20191112,9359712,4110386,5249326,22889,16121,6768,0,17645995
20191113,9415204,4153035,5262168,22256,15704,6552,0,17602080
20191114,9439948,4166038,5273909,22541,15655,6887,0,17560648
20191115,9501520,4195864,5305656,22475,15531,6944,0,17615682
20191118,9493619,4188843,5304777,22773,16089,6684,0,17583642
20191119,9460855,4148798,5312057,23194,16565,6628,0,17542713
20191120,9514533,4177320,5337213,23371,16448,6924,0,17988521
20191121,9529267,4176215,5353052,22977,16198,6779,0,18014199
20191122,9516341,4181524,5334817,22316,15719,6597,0,17615520
20191125,9442350,4163948,5278401,20677,14679,5998,0,17618825
20191126,9365651,4128072,5237580,20673,14669,6003,0,17576328
20191127,9323554,4105176,5218378,21834,15488,6345,0,17600974
20191128,9372229,4142343,5229886,21348,14989,6359,0,17631505
20191129,9415811,4153904,5261907,21851,16030,5821,0,17641733
20191202,9406400,4162279,5244121,22490,16360,6130,0,17638262
20191203,9409198,4188339,5220859,20936,14764,6172,0,17583366
20191204,9357303,4175384,5181919,21569,15467,6102,0,17525178
20191205,9347183,4163309,5183874,20734,14559,6176,0,17506484
20191206,9342633,4177890,5164744,20076,13944,6132,0,17478714
20191209,9265999,4152353,5113646,19428,13659,5769,0,17433255
20191210,9192732,4119981,5072752,21989,15586,6403,0,17404673
20191211,9219240,4126897,5092343,21743,15163,6579,0,17569261
20191212,9219118,4116813,5102304,22027,15609,6418,0,17499838
20191213,9239557,4135569,5103988,22216,15841,6375,0,17466137
20191216,9204628,4093147,5111481,23915,17538,6377,0,17433516
20191217,9188995,4069163,5119833,24648,17872,6777,0,17419446
20191218,9220299,4070838,5149461,24213,17585,6629,0,17424261
20191219,9241484,4080345,5161139,24854,17702,7153,0,17361522
20191220,9297119,4103733,5193386,25352,17854,7498,0,17389003
20191223,9304967,4085645,5219322,25421,17914,7507,0,17401612
20191224,9288611,4060742,5227869,25318,17965,7353,0,17326716
20191226,9269390,4045785,5223604,24788,17506,7282,0,17385431
20191227,9233752,4040789,5192963,22895,15734,7161,0,17352556
20191230,9218105,4054522,5163582,23722,16482,7241,0,17241508
20191231,9213276,4052361,5160915,23722,16482,7241,0,17307819
20200102,9207175,4061820,5145354,23321,15790,7531,0,17232050
20200103,9231595,4080601,5150994,23862,15954,7908,0,17218834
20200106,9376932,4162646,5214286,23951,15717,8234,0,17292078
20200107,9479197,4191505,5287692,23441,15303,8138,0,17330236
20200108,9531604,4211678,5319927,23344,15388,7956,0,17402757
20200109,9532312,4202096,5330216,25053,16424,8629,0,17356740
20200110,9493450,4201428,5292021,24263,15904,8360,0,17424289
20200113,9459644,4194931,5264712,25932,17164,8768,0,17356949
20200114,9543165,4228913,5314252,27031,17740,9291,0,17394323
20200115,9644538,4262453,5382085,27328,18161,9168,0,17415164
20200116,9695465,4277367,5418098,27259,17816,9443,0,17432645
20200117,9773968,4317402,5456566,27714,17990,9724,0,17457957
20200120,9879240,4379350,5499890,27945,18135,9810,0,17492539
20200121,9892463,4390841,5501622,28578,18413,10164,0,17514375
20200122,9950474,4394250,5556224,28328,18425,9903,0,17541850
20200123,9999563,4398996,5600568,27121,17702,9419,0,17591052
20200128,10019726,4414481,5605245,28239,18316,9923,0,17595282
20200129,10092624,4453538,5639085,27632,17890,9741,0,17618750
20200130,10106988,4491672,5615316,25924,16208,9715,0,17740949
20200131,10080631,4478932,5601700,26211,16868,9342,0,17739394
20200203,10038047,4456013,5582034,24412,15288,9123,0,17811552
20200204,9914933,4420757,5494175,24251,15584,8668,0,17771104
20200205,9818154,4407226,5410928,24115,15311,8804,0,17681316
20200206,9853155,4427494,5425662,25751,16874,8877,0,17673062
20200207,9941547,4476895,5464652,27669,18140,9530,0,17704063
20200210,9941121,4433371,5507750,29691,19730,9961,0,17700603
20200211,10085083,4505514,5579569,28707,19046,9661,0,17775087
20200212,10182059,4553515,5628544,27164,17751,9414,0,17799632
20200213,10231273,4557718,5673554,27721,17826,9895,0,17767193
20200214,10294979,4568265,5726714,28309,18762,9547,0,17773009
20200217,10351033,4572985,5778049,28968,18647,10321,0,17815678
20200218,10405212,4573679,5831533,29836,19521,10315,0,17871495
20200219,10462694,4609629,5853064,29711,19024,10687,0,17879138
20200220,10514123,4646824,5867299,28365,18138,10227,0,17996810
20200221,10516321,4630141,5886180,28430,18321,10109,0,17999785
20200224,10543567,4628986,5914581,27877,17511,10365,0,18083593
20200225,10486371,4596876,5889495,26210,16990,9219,0,18123417
20200226,10350972,4558505,5792466,22947,15179,7767,0,18101295
20200227,10296179,4584084,5712095,22099,13824,8274,0,17999399
20200228,10372604,4638838,5733766,20456,12290,8166,0,18097360
20200302,10278525,4577856,5700670,18909,11332,7577,0,18120847
20200303,10010245,4476958,5533288,17856,10857,6999,0,18030604
20200304,9941075,4490105,5450970,19897,11935,7962,0,17887346
20200305,9996896,4503827,5493070,20321,12257,8064,0,17888270
20200306,10024660,4520719,5503941,22057,13450,8607,0,17856977
20200309,10106442,4535825,5570617,24062,14754,9308,0,17854897
20200310,10187397,4564823,5622574,22565,13284,9281,0,17960284
20200311,10134516,4551238,5583278,18822,10421,8401,0,18019009
20200312,10026043,4562258,5463785,18724,10662,8061,0,17966311
20200313,9862825,4515814,5347011,16649,9602,7047,0,17937364
20200316,9419006,4335190,5083816,15176,8565,6611,0,17660596
20200317,8542175,4004707,4537468,13218,7827,5391,0,17126403
20200318,8141754,3861952,4279802,11253,6651,4602,0,16961719
20200319,7828321,3765934,4062386,10103,6067,4036,0,16628441
20200320,7524496,3611615,3912881,8917,5142,3775,0,16244888
20200323,6767275,3261445,3505831,7626,4475,3151,0,15662857
20200324,6447040,3109784,3337256,7122,4093,3030,0,15297205
20200325,6407513,3094150,3313363,6582,3810,2772,0,15384462
20200326,6436078,3087901,3348177,6318,3643,2675,0,15326477
20200327,6440447,3075317,3365130,5937,3510,2427,0,15311379
20200330,6525697,3162910,3362787,5872,3475,2397,0,15370627
20200331,6578263,3177419,3400844,5760,3437,2323,0,15406579
20200401,6688864,3267548,3421316,5515,3273,2242,0,15420231
20200402,6878091,3394622,3483469,5308,3158,2151,0,15422722
20200403,7032108,3498367,3533741,5245,3141,2104,0,15430382
20200406,7155893,3558211,3597681,5223,3124,2099,0,15376347
20200407,7260190,3583672,3676517,5130,3049,2081,0,15356194
20200408,7359432,3623878,3735554,5019,3005,2014,0,15350674
20200409,7527286,3639332,3887954,4911,2915,1996,0,15393954
20200410,7705349,3733604,3971745,4875,2888,1987,0,15401054
20200413,7880698,3829387,4051311,4843,2881,1962,0,15384441
20200414,7997588,3898863,4098724,4786,2829,1957,0,15425213
20200416,8079877,3955720,4124157,4729,2815,1913,0,15455156
20200417,8107056,3972464,4134592,4683,2790,1893,0,15396705
20200420,8254649,4071625,4183024,4573,2718,1855,0,15406867
20200421,8367401,4127843,4239559,4501,2662,1839,0,15473188
20200422,8522089,4179004,4343086,4320,2590,1730,0,15531353
20200423,8658274,4253828,4404446,4297,2581,1717,0,15554415
20200424,8798606,4332268,4466338,4141,2478,1663,0,15517989
20200427,8896308,4355786,4540522,4085,2447,1638,0,15533884
20200428,8981254,4392990,4588264,3963,2420,1543,0,15577120
20200429,9043411,4404068,4639343,3920,2389,1531,0,15496771
20200504,9138226,4433182,4705044,3654,2179,1476,0,15535009
20200506,9148258,4401936,4746322,3451,2070,1381,0,15562635
20200507,9293246,4530159,4763087,3230,1999,1231,0,15516356
20200508,9401611,4563522,4838089,3031,1952,1079,0,15444616
20200511,9495912,4600257,4895655,2982,1951,1031,0,15461752
20200512,9554894,4601329,4953565,2894,1896,999,0,15500584
20200513,9718147,4662897,5055251,2481,1656,825,0,15641217
20200514,9866508,4741597,5124911,2284,1492,792,0,15760825
20200515,9953379,4778023,5175356,2229,1450,779,0,15810808
20200518,10078261,4844962,5233299,2134,1420,714,0,15850918
20200519,10141020,4885114,5255906,1929,1271,658,0,15922132
20200520,10211538,4907866,5303672,1512,1023,488,0,15899060
20200521,10224752,4856053,5368699,1193,884,309,0,15878093
20200522,10306919,4876718,5430201,1193,884,309,0,15847063
20200525,10464548,4938915,5525633,1191,882,309,0,15899727
20200526,10586867,4988712,5598155,1189,882,307,0,15961408
20200527,10666167,5006717,5659450,1188,881,307,0,15970370
20200528,10807273,5049512,5757761,1188,881,307,0,16044846
20200529,10927629,5098097,5829532,1186,881,305,0,16084758
20200601,10931475,5097836,5833640,1186,881,305,0,16145057
20200602,10938529,5132557,5805973,1166,881,285,0,16119428
20200603,11046726,5143636,5903090,1165,881,285,0,16051658
20200604,11203225,5195804,6007421,1165,881,285,0,16145259
20200605,11316308,5204555,6111754,1165,880,284,0,16257388
20200608,11377741,5214633,6163109,1164,880,284,0,16198708
20200609,11510879,5274149,6236731,1164,879,284,0,16233492
20200610,11647126,5359046,6288080,1162,878,284,0,16338079
20200611,11790940,5462319,6328622,1162,878,284,0,16407470
20200612,11862769,5488142,6374628,1161,877,284,0,16574497
20200615,12059783,5629068,6430715,1159,876,283,0,16793203
20200616,12026250,5665639,6360611,1159,876,283,0,16814471
20200617,11838634,5621144,6217490,1159,876,283,0,16754248
20200618,11770096,5609864,6160232,1158,876,283,0,16567722
20200619,11966742,5728395,6238347,1158,876,283,0,16523758
20200622,12096181,5792974,6303207,1158,876,283,0,16580403
20200623,12198340,5839087,6359253,1155,876,279,0,16792919
20200624,12329436,5907243,6422194,1149,876,274,0,18353591
20200625,12435670,5973351,6462319,1148,875,273,0,18407619
20200626,12545180,6022139,6523041,1148,875,273,0,17118870
20200629,12662372,6108030,6554343,1148,875,273,0,17097862
20200630,12660430,6076065,6584365,1148,875,273,0,17216067
20200701,12647151,6085328,6561823,1148,875,273,0,17288250
20200702,12670466,6101548,6568918,1148,875,273,0,17203150
20200703,12637552,6075167,6562385,1148,875,273,0,17098542
20200706,12622960,6055296,6567663,1148,875,273,0,17080775
20200707,12703556,6073997,6629559,1148,875,273,0,17109544
20200708,12857427,6145781,6711647,1148,875,273,0,17152104
20200709,12982025,6181832,6800194,1148,875,273,0,17242843
20200710,13092258,6244345,6847913,1148,875,273,0,17275509
20200713,13201365,6316662,6884703,1148,875,273,0,17234594
20200714,13299590,6375530,6924060,1148,875,273,0,17338387
20200715,13416155,6400605,7015551,1148,875,273,0,17519236
20200716,13516970,6454911,7062059,1148,875,273,0,17493437
20200717,13535803,6454866,7080937,1148,875,273,0,17441858
20200720,13568102,6470721,7097380,1143,875,268,0,17458507
20200721,13669002,6529115,7139887,1143,875,268,0,17459457
20200722,13767873,6595837,7172036,1141,873,268,0,17849873
20200723,13862346,6656111,7206235,1141,873,268,0,17831921
20200724,14049616,6742179,7307437,1141,873,268,0,17740596
20200727,14030241,6726623,7303618,1141,873,268,0,17771105
20200728,13953742,6685312,7268430,1141,873,268,0,17832688
20200729,14057681,6697553,7360128,1141,873,268,0,17733143
20200730,14211958,6735070,7476889,1140,873,267,0,17787908
20200731,14325916,6771467,7554449,1135,873,262,0,17682223
20200803,14420830,6789876,7630955,1130,868,262,0,17591192
20200804,14544653,6841859,7702794,1130,868,262,0,17687392
20200805,14667003,6917019,7749984,1130,868,262,0,17693016
20200806,14814683,7010331,7804352,1130,868,262,0,17917145
20200807,15053761,7160223,7893537,1130,868,262,0,17770568
20200810,15172725,7211608,7961116,1127,865,262,0,17756912
20200811,15380515,7339907,8040608,1102,865,238,0,17796123
20200812,15628748,7504874,8123874,1102,865,238,0,17805650
20200813,15794045,7602319,8191726,1102,865,238,0,17798775
20200814,15900133,7674329,8225803,1102,865,238,0,17792117
20200818,16032616,7774092,8258524,1102,865,238,0,17775337
20200819,16032402,7852596,8179806,1102,865,238,0,17751357
20200820,15794864,7685747,8109117,1102,865,238,0,17674558
20200821,15766837,7710580,8056257,1101,863,238,0,17534862
20200824,15726699,7712160,8014540,1098,861,237,0,17620213
20200825,15639371,7641320,7998051,1098,861,237,0,17529899
20200826,15705646,7686737,8018909,1098,861,237,0,17419759
20200827,15878468,7770529,8107939,1098,861,237,0,17487810
20200828,16129883,7886560,8243323,1098,861,237,0,17576556
20200831,16215052,7905165,8309888,1096,861,235,0,17846645
20200901,16272830,7965359,8307471,1068,861,207,0,18197933
20200902,16555494,8196804,8358690,1068,861,207,0,18650709
20200903,16681901,8272257,8409643,1068,861,207,0,18612702
20200904,16807937,8339386,8468550,1068,861,207,0,17836077
20200907,16954815,8441476,8513339,1068,861,207,0,17809799
20200908,16920201,8470106,8450096,1068,861,207,0,17822442
20200909,17064588,8540578,8524010,1068,861,207,0,17863097
20200910,17212114,8618706,8593407,1068,861,207,0,18027173
20200911,17337903,8698199,8639704,1068,861,207,0,17862590
20200914,17447700,8739381,8708319,1068,861,207,0,17704220
20200915,17568429,8765831,8802597,1068,861,207,0,17742205
20200916,17758971,8843568,8915404,1068,861,207,0,17870401
20200917,17902311,8911459,8990852,1068,861,207,0,17804797
20200918,17819113,8864810,8954303,1059,861,198,0,17802760
20200921,17685994,8809995,8875999,1059,861,198,0,17733855
20200922,17656834,8800586,8856248,1055,857,198,0,17693897
20200923,17366059,8635684,8730375,1046,857,189,0,17767186
20200924,17246673,8593285,8653388,1046,857,189,0,17717591
20200925,17062500,8495000,8567499,1046,857,189,0,17666396
20200928,16647762,8278141,8369621,1046,857,189,0,17636348
20200929,16350517,8130867,8219651,1046,857,189,0,17329385
20201005,16393484,8127818,8265666,1046,857,189,0,17425043
20201006,16504366,8173863,8330503,1046,857,189,0,18666807
20201007,16604514,8218684,8385830,1046,857,189,0,18667133
20201008,16695026,8252884,8442142,1046,857,189,0,17340503
20201012,16883772,8345772,8538000,1046,857,189,0,17356359
20201013,17068390,8438455,8629935,1046,857,189,0,17352984
20201014,17210599,8497169,8713430,1045,856,189,0,17420946
20201015,17324552,8524655,8799897,1045,856,189,0,17511776
20201016,17377687,8534413,8843274,1045,856,189,0,17537172
20201019,17242556,8465206,8777350,1042,855,187,0,17511210
20201020,17082727,8384223,8698504,1038,855,184,0,17492792
20201021,16941214,8301852,8639362,1038,855,183,0,17571018
20201022,16827580,8250315,8577265,1038,855,183,0,17370602
20201023,16893825,8290387,8603437,1038,855,183,0,17255703
20201026,16860047,8285910,8574137,1037,855,182,0,17331861
20201027,16802834,8280291,8522544,1027,855,172,0,17307318
20201028,16593264,8213740,8379524,1008,837,171,0,17291475
20201029,16416295,8169019,8247276,931,760,171,0,17229873
20201030,16429418,8196845,8232573,753,582,171,0,17299132
20201102,16560446,8304168,8256278,751,581,171,0,17344177
20201103,16610095,8316579,8293516,750,580,171,0,17410813
20201104,16528662,8263877,8264785,750,580,170,0,17578059
20201105,16552389,8261745,8290644,749,579,170,0,17562332
20201106,16679975,8342160,8337815,745,577,168,0,17431974
20201109,16679074,8294722,8384352,745,577,168,0,17389458
20201110,16852798,8331880,8520918,745,577,168,0,17757928
20201111,16968506,8403434,8565072,735,567,168,0,17595458
20201112,17197501,8558568,8638933,735,566,168,0,17780242
20201113,17173259,8520563,8652696,735,566,168,0,17840120
20201116,17241281,8588365,8652916,735,566,168,0,17895806
20201117,17244112,8598677,8645435,734,566,168,0,17900778
20201118,17374217,8716094,8658123,734,566,168,0,18017314
20201119,17388376,8729590,8658786,734,566,168,0,18011970
20201120,17382266,8742485,8639782,734,566,168,0,17827829
20201123,17597514,8840327,8757187,734,566,168,0,17920361
20201124,17673843,8894901,8778942,734,566,168,0,18331814
20201125,17799285,8947463,8851821,734,566,168,0,18386898
20201126,17805936,8961411,8844525,734,566,168,0,18027290
20201127,17868832,8996285,8872548,734,566,168,0,18193936
20201130,17940139,9072684,8867455,734,566,168,0,18607202
20201201,18027477,9144550,8882926,733,566,167,0,18080820
20201202,18275039,9303999,8971040,732,565,167,0,18440158
20201203,18382247,9341345,9040902,731,565,166,0,18391753
20201204,18509988,9384700,9125288,731,565,166,0,18372574
20201207,18573426,9412038,9161387,730,564,166,0,18316570
20201208,18530688,9354462,9176226,311,144,166,0,18406316
20201209,18633020,9425706,9207314,307,142,165,0,18456685
20201210,18703568,9443662,9259906,307,142,165,0,18519000
20201211,18848687,9500987,9347700,307,142,165,0,18434617
20201214,19004198,9614375,9389823,307,142,165,0,18187982
20201215,19124125,9669194,9454931,306,141,165,0,18485649
20201216,19246932,9761707,9485224,306,141,165,0,18402411
20201217,19323325,9779870,9543455,303,141,162,0,18167089
20201218,19423798,9821231,9602567,303,141,162,0,18119806
20201221,19392421,9790535,9601886,303,141,162,0,18129589
20201222,19432606,9819962,9612645,299,136,162,0,18207521
20201223,19403857,9778989,9624869,299,136,162,0,18252793
20201224,19453603,9766850,9686754,299,136,162,0,18208712
20201228,19340097,9718782,9621314,299,136,162,0,18235256
20201229,19212869,9633490,9579379,297,136,160,0,18011715
20201230,19229664,9616509,9613155,297,136,160,0,17652418
20201231,19221357,9612222,9609135,297,136,160,0,16501299
20210104,19352288,9704993,9647295,293,136,157,0,17644862
20210105,19624196,9819434,9804762,282,126,156,0,17602283
20210106,19955656,10038805,9916851,282,126,156,0,17754635
20210107,20122262,10131926,9990336,280,124,156,0,17826127
20210108,20322133,10275702,10046430,280,124,156,0,18005486
20210111,20511099,10370667,10140432,280,124,156,0,18078444
20210112,20787198,10546554,10240644,280,124,156,0,18130086
20210113,20980012,10755824,10224188,280,124,156,0,18377417
20210114,21282624,11009321,10273304,280,124,156,0,18463379
20210115,21296255,11033406,10262850,280,124,156,0,18298567
20210118,21346534,11061810,10284724,280,124,156,0,18308837
20210119,21263717,11039067,10224651,280,124,156,0,18539786
20210120,21030412,10938733,10091679,280,124,156,0,18595671
20210121,21079439,10977889,10101550,280,124,156,0,18210194
20210122,21445981,11271326,10174655,280,124,156,0,18377562
20210125,21633107,11369969,10263138,280,124,156,0,18381670
20210126,21574401,11343477,10230924,280,124,156,0,18439205
20210127,21376968,11205593,10171375,280,124,156,0,18355645
20210128,21244438,11142352,10102087,280,124,156,0,18316104
20210129,21013879,10995791,10018088,280,124,156,0,18366296
20210201,20596405,10769771,9826634,279,123,156,0,18143999
20210202,19989535,10422508,9567027,279,123,156,0,17978356
20210203,20152598,10579583,9573015,279,123,156,0,17621858
20210204,20262871,10636204,9626667,279,123,156,0,17588736
20210205,20985698,11137555,9848142,279,123,156,0,17714514
20210208,21583304,11603990,9979314,279,123,156,0,17789768
20210209,21631413,11598320,10033093,279,123,156,0,17753069
20210210,21635413,11612796,10022617,279,123,156,0,17775075
20210215,21662791,11626814,10035977,279,123,156,0,17611766
20210216,21704333,11657095,10047238,279,123,156,0,17664457
20210217,21822035,11727185,10094849,279,123,156,0,17681356
20210218,21902600,11765052,10137548,279,123,156,0,17791902
20210219,22223258,12017421,10205837,279,123,156,0,17893171
20210222,22216174,12014999,10201175,279,123,156,0,17931851
20210223,22152314,11984983,10167330,279,123,156,0,17864926
20210224,21948783,11873145,10075638,279,123,156,0,17810620
20210225,21724162,11772797,9951365,279,123,156,0,17787773
20210226,21179639,11438232,9741407,274,123,151,0,17721117
20210302,21270051,11501752,9768299,264,113,151,0,17570662
20210303,21383550,11675755,9707795,211,77,134,0,17676292
20210304,21302443,11629327,9673116,211,77,134,0,17567326
20210305,21322788,11621989,9700799,211,77,134,0,17608675
20210308,21469679,11750194,9719485,204,77,126,0,17718464
20210309,21444634,11755693,9688941,204,77,126,0,18181098
20210310,21318531,11691975,9626557,204,77,126,0,18883792
20210311,21347571,11775990,9571581,204,77,126,0,18976648
20210312,21229942,11683996,9545945,204,77,126,0,17724635
20210315,21141826,11619610,9522216,204,77,126,0,17584905
20210316,21130800,11601101,9529698,204,77,126,0,17580887
20210317,21242772,11679650,9563121,204,77,126,0,17671149
20210318,21331119,11725055,9606064,204,77,126,0,17641477
20210319,21658610,11958213,9700397,204,77,126,0,17733213
20210322,21793730,12022670,9771060,204,77,126,0,17752120
20210323,21978891,12183423,9795468,204,77,126,0,17900640
20210324,22116807,12260283,9856524,204,77,126,0,17973079
20210325,22093377,12243516,9849860,204,77,126,0,17901936
20210326,22160828,12295133,9865695,204,77,126,0,17943125
20210329,22238838,12325627,9913211,204,77,126,0,17977553
20210330,22222592,12301340,9921252,204,77,126,0,17999169
20210331,22235476,12309180,9926295,204,77,126,0,18072166
20210401,22200167,12282020,9918147,204,77,126,0,18069003
20210402,22259753,12333632,9926121,204,77,126,0,18137209
20210405,22194386,12285581,9908805,166,77,88,0,18072658
20210406,22163483,12235520,9927963,166,77,88,0,18037339
20210407,22206980,12252867,9954113,166,77,88,0,18088988
20210408,22164531,12200606,9963926,166,77,88,0,18129669
20210409,22156032,12186582,9969450,166,77,88,0,18108236
20210412,22235845,12239000,9996845,166,77,88,0,18178309
20210413,22278534,12252524,10026010,166,77,88,0,18313282
20210414,22384179,12303063,10081116,166,77,88,0,18320614
20210415,22421043,12300722,10120321,166,77,88,0,18212039
20210416,22455611,12308495,10147117,166,77,88,0,17837577
20210419,22541610,12330652,10210958,166,77,88,0,18247026
20210420,22904590,12564616,10339974,166,77,88,0,18474909
20210421,23090501,12669844,10420657,166,77,88,0,18521173
20210422,23199424,12690322,10509103,166,77,88,0,18329681
20210423,23376887,12839500,10537387,137,49,88,0,18463659
20210426,23375883,12839405,10536478,137,49,88,0,18700128
20210427,23374934,12834898,10540037,123,34,88,0,18651407
20210428,23450995,12895357,10555638,123,34,88,0,18853622
20210429,23545395,12968919,10576477,123,34,88,0,20440633
20210430,23374796,12877528,10497268,123,34,88,0,20431014
20210503,23207071,12766155,10440916,108,20,88,0,18937695
20210504,23054668,12681636,10373032,89,1,88,0,18773335
20210506,22818405,12542924,10275481,8797,6036,2761,0,18609152
20210507,22611400,12434073,10177326,15664,10542,5123,0,18471814
20210510,22781825,12549600,10232226,21474,16201,5273,0,18375413
20210511,22922181,12648770,10273411,23454,17766,5688,0,18455612
20210512,23071504,12735925,10335580,26983,20876,6107,0,18529909
20210513,23420100,13005600,10414500,27025,21314,5711,0,18326661
20210514,23362263,13010439,10351825,25850,19996,5854,0,18698991
20210517,23261661,12967069,10294591,22954,18147,4807,0,18729596
20210518,23191411,12926744,10264667,26201,19862,6340,0,18410437
20210520,23228305,12960927,10267378,26163,19340,6823,0,18404532
20210521,23152896,12909392,10243503,29045,21711,7335,0,18332362
20210524,23189845,12946222,10243622,30696,22483,8213,0,18323990
20210525,23108295,12890759,10217536,29389,21153,8236,0,18437884
20210526,22921540,12780780,10140760,28074,20673,7401,0,18477712
20210527,22986929,12817972,10168957,31804,23827,7977,0,18327793
20210528,23119818,12889597,10230221,33570,25523,8047,0,18318672
20210531,23174810,12908115,10266695,34950,26457,8493,0,18368493
20210601,23200434,12900456,10299978,33756,26137,7619,0,18334081
20210602,23308023,12971625,10336399,33894,25973,7920,0,18413843
20210603,23281532,12923240,10358292,36858,28884,7974,0,18447255
20210604,23451900,13050848,10401052,38982,30605,8377,0,18740163
20210607,23575951,13118422,10457529,38512,30599,7913,0,18648161
20210608,23665623,13172943,10492680,40580,32411,8169,0,18443348
20210609,23747298,13220231,10527067,40215,32328,7886,0,18548686
20210610,23660630,13171082,10489549,39328,31529,7800,0,18592555
20210611,23563962,13089462,10474501,39404,31232,8171,0,18502806
20210614,23499310,13060479,10438831,40444,31821,8624,0,18471509
20210615,23498832,13030765,10468066,42172,33308,8864,0,18623481
20210616,23494332,13034842,10459490,42585,32892,9694,0,18640613
20210617,23546482,13038845,10507637,42776,33353,9423,0,18557170
20210618,23601994,13081850,10520144,42884,33635,9249,0,18533381
20210621,23644811,13115305,10529506,42971,33146,9825,0,18572405
20210622,23719033,13181294,10537739,43350,33129,10221,0,18587690
20210623,23692760,13162460,10530300,40585,30841,9744,0,18661061
20210624,23733047,13167450,10565596,43230,33821,9410,0,18677890
20210625,23789142,13188829,10600314,46748,37084,9665,0,18775450
20210628,23849446,13226876,10622570,46241,36665,9576,0,18703721
20210629,23777511,13137142,10640369,44365,34795,9569,0,18690136
20210630,23831339,13168313,10663026,44808,35334,9474,0,18692783
20210701,24181595,13386091,10795504,45764,35372,10392,0,18727681
20210702,24302284,13450893,10851391,47976,37406,10570,0,18746668
20210705,24445239,13538474,10906765,47657,36636,11021,0,18730072
20210706,24533546,13605224,10928322,49435,36688,12747,0,18764725
20210707,24584072,13634584,10949488,49736,36791,12945,0,18753742
20210708,24597762,13605252,10992510,49792,37627,12165,0,18743948
20210709,24614273,13624727,10989545,49564,36459,13105,0,19337209
20210712,24536954,13554418,10982536,44722,32157,12565,0,19333506
20210713,24482559,13549162,10933397,41467,28517,12951,0,18776173
20210714,24476658,13534076,10942582,43541,30175,13366,0,18713598
20210715,24535029,13527985,11007044,47033,33028,14005,0,18719882
20210716,24670163,13618679,11051484,47780,33105,14674,0,18742498
20210719,24771342,13663649,11107693,48615,33902,14713,0,18776210
20210720,24730390,13632058,11098332,45821,32223,13598,0,18815754
20210721,24718434,13640762,11077672,44826,30070,14756,0,18897306
20210722,24620008,13583437,11036571,41867,28552,13315,0,18909423
20210723,24648295,13571776,11076519,40517,27250,13267,0,18860026
20210726,24584625,13525453,11059171,42943,29392,13551,0,18817654
20210727,24600173,13518061,11082112,44255,31045,13210,0,19199803
20210728,24596804,13516577,11080227,43000,29650,13351,0,19180151
20210729,24548178,13469764,11078414,41842,29134,12708,0,18716532
20210730,24453486,13410691,11042795,41481,28983,12498,0,18801346
20210802,24446487,13403042,11043444,43976,30284,13692,0,18750811
20210803,24368595,13370940,10997655,40937,28382,12555,0,18637904
20210804,24281884,13300789,10981095,41182,27880,13302,0,18599925
20210805,24215780,13245133,10970647,39919,27112,12807,0,18591987
20210806,24162399,13170546,10991853,41647,28566,13081,0,18537867
20210809,24438735,13325915,11112820,42755,29275,13480,0,18576530
20210810,24659764,13443268,11216496,43702,29931,13771,0,19224019
20210811,24892165,13562405,11329759,42143,27865,14277,0,19253245
20210812,24955770,13600731,11355040,41422,28727,12696,0,19174297
20210813,25095596,13703405,11392191,42126,28032,14094,0,19224527
20210817,25471210,13936664,11534547,42657,28508,14149,0,19352607
20210818,25611163,14068634,11542530,37755,25043,12712,0,19430448
20210819,25365647,13915041,11450606,35349,23528,11821,0,19355074
20210820,25195666,13822522,11373144,36217,23676,12542,0,19158189
20210823,25067634,13748793,11318841,34500,22588,11912,0,19326499
20210824,24578003,13475901,11102102,32081,21812,10268,0,19341536
20210825,24454159,13414752,11039407,36684,24615,12069,0,19710248
20210826,24457367,13366287,11091080,37458,24049,13408,0,19619369
20210827,24676283,13436649,11239635,39651,25947,13704,0,18975962
20210830,24821640,13516394,11305245,39365,25013,14352,0,19033803
20210831,24920586,13560413,11360173,39337,26272,13065,0,19108338
20210901,25035680,13632462,11403219,41234,27468,13766,0,19382620
20210902,25022853,13578649,11444204,42506,29176,13330,0,19385352
20210903,25140378,13631146,11509232,43569,30152,13418,0,19128735
20210906,25310527,13748305,11562222,42568,30120,12448,0,19257516
20210907,25360955,13746922,11614033,43135,30498,12637,0,19249527
20210908,25417204,13766007,11651197,42893,30560,12333,0,20085391
20210909,25575066,13873906,11701160,44220,30227,13993,0,20049176
20210910,25574883,13868919,11705964,43687,30276,13411,0,19283400
20210913,25654021,13978781,11675240,40594,27712,12882,0,19359594
20210914,25590363,13927495,11662867,42837,29437,13400,0,19287168
20210915,25528134,13882859,11645275,42898,29766,13132,0,19518646
20210916,25456203,13814222,11641981,43098,29372,13726,0,19325827
20210917,25385292,13778377,11606915,44856,31212,13644,0,19210669
20210923,25353582,13773643,11579939,43997,30723,13274,0,19269124
20210924,25283980,13753441,11530539,44379,30940,13439,0,19257734
20210927,25148681,13683739,11464942,43441,30246,13195,0,19319549
20210928,25047389,13621950,11425439,42104,28841,13263,0,19515007
20210929,24985917,13577708,11408208,43207,30324,12882,0,19575974
20210930,24839347,13521609,11317737,40706,28658,12048,0,19475477
20211001,24583790,13414966,11168824,37856,26359,11497,0,19456973
20211005,24480696,13344231,11136466,38604,26837,11768,0,19351304
20211006,24104167,13145765,10958402,37936,26503,11433,0,19397811
20211007,23642581,12915060,10727522,37715,26268,11447,0,19307911
20211008,23035479,12587651,10447828,33168,22395,10773,0,19255595
20211012,22806895,12460712,10346184,39222,26789,12433,0,19070012
20211013,22897012,12488309,10408703,39344,26964,12380,0,19131557
20211014,23053869,12614451,10439417,39400,27901,11498,0,19187767
20211015,23068727,12625333,10443393,41854,29463,12391,0,19012744
20211018,23228797,12718277,10510520,40627,27650,12977,0,19026458
20211019,23400028,12778896,10621132,42116,28583,13533,0,19095580
20211020,23586306,12897770,10688535,43636,28193,15443,0,19194376
20211021,23694826,12923943,10770883,44277,29489,14789,0,19238198
20211022,23792347,12945036,10847310,45078,29796,15282,0,19455900
20211025,23814096,12934199,10879897,46763,32425,14338,0,19450192
20211026,23807091,12923772,10883320,46424,30991,15433,0,19214625
20211027,23866013,12955707,10910306,47106,32585,14521,0,19286406
20211028,23901726,12951747,10949979,44552,30161,14391,0,19284749
20211029,24031375,13039442,10991932,47671,31822,15849,0,19299308
20211101,24027491,13042899,10984592,45030,30534,14496,0,19448808
20211102,24017293,13057278,10960014,46787,28810,17977,0,19670535
20211103,23912168,12962094,10950074,46902,29943,16959,0,19711397
20211104,23895532,12893610,11001922,47967,30840,17127,0,19358807
20211105,24029192,12985283,11043908,49188,30569,18619,0,19522368
20211108,23887522,12916502,10971020,51620,30926,20694,0,19554844
20211109,23845711,12930255,10915456,52143,31674,20468,0,19471754
20211110,23857455,12946243,10911212,51317,29993,21324,0,19456774
20211111,23785205,12885260,10899945,52407,31116,21292,0,19430563
20211112,23645909,12804123,10841786,48608,30257,18350,0,19555371
20211115,23520807,12736559,10784248,49942,30656,19286,0,19510086
20211116,23449150,12651316,10797834,48936,29098,19838,0,19433700
20211117,23498514,12666175,10832339,50564,30097,20467,0,19536918
20211118,23593283,12699121,10894162,51755,30468,21287,0,19492981
20211119,23669913,12724451,10945462,50289,29337,20952,0,19475940
20211122,23727238,12730088,10997150,51484,30233,21252,0,19547834
20211123,23697880,12704234,10993646,51264,30153,21111,0,19514184
20211124,23573751,12623095,10950656,51032,31084,19948,0,19651972
20211125,23483054,12608148,10874906,48554,29207,19348,0,19646755
20211126,23587909,12660924,10926985,46997,27350,19646,0,19602277
20211129,23660985,12687009,10973976,46558,27059,19499,0,19678363
20211130,23452952,12575931,10877020,44931,25473,19458,0,19818948
20211201,23123702,12348004,10775698,43718,25102,18616,0,19687968
20211202,22747343,12117083,10630260,45975,26501,19474,0,19584423
20211203,22549889,11997217,10552672,46312,27208,19104,0,19433903
20211206,22494713,11956541,10538172,43749,25413,18336,0,19404622
20211207,22551210,11991179,10560031,46898,26532,20366,0,19366982
20211208,22706533,12068215,10638318,46887,25633,21254,0,19503037
20211209,22802418,12132685,10669733,47882,27315,20568,0,19568572
20211210,22846417,12118299,10728119,49922,27580,22343,0,19516921
20211213,22909187,12100935,10808252,50121,29852,20269,0,19411337
20211214,23085989,12161409,10924580,46975,28098,18876,0,19505058
20211215,23117514,12144011,10973503,48208,28565,19644,0,19612230
20211216,23152454,12187843,10964611,46215,28045,18170,0,19667131
20211217,23218882,12236225,10982656,49452,30500,18952,0,19630547
20211220,23267297,12238146,11029151,51287,32221,19066,0,19631364
20211221,23209709,12197981,11011728,49598,32359,17239,0,19592407
20211222,23235946,12257653,10978292,45133,27627,17505,0,19645590
20211223,23186091,12219912,10966179,47434,29312,18121,0,19554878
20211224,23168552,12185136,10983416,47544,29373,18171,0,19454231
20211227,23132544,12158952,10973593,50668,31799,18869,0,19461632
20211228,23093351,12111776,10981575,49621,30858,18763,0,19422538
20211229,23148833,12125530,11023303,48265,29884,18381,0,19296889
20211230,23097232,12055232,11042000,51399,31522,19877,0,19236990
20211231,23088636,12050221,11038416,51399,31522,19877,0,18170955
20220103,23328429,12127414,11201015,50456,30821,19635,0,19096569
20220104,23419619,12175889,11243731,50364,30053,20311,0,19132085
20220105,23509968,12194716,11315251,50631,31277,19354,0,19161119
20220106,23714954,12319329,11395625,51323,32936,18387,0,19307369
20220107,23810574,12400119,11410454,46202,30225,15977,0,19394488
20220110,23533304,12281537,11251766,44324,30646,13677,0,19424075
20220111,23518198,12257587,11260611,47202,32711,14491,0,19313769
20220112,23650966,12340602,11310364,45764,33619,12145,0,19396874
20220113,23501679,12267449,11234230,46518,34290,12228,0,19436704
20220114,23483136,12218831,11264305,55274,42070,13204,0,19298292
20220117,23563629,12241326,11322303,54620,40823,13797,0,19505089
20220118,23569248,12303746,11265502,54616,40767,13849,0,19890455
20220119,23431541,12258738,11172803,51377,37800,13577,0,21349109
20220120,23171662,12140197,11031465,52098,38088,14009,0,21240860
20220121,22947376,12020913,10926463,50696,36931,13765,0,19450827
20220124,22914746,12034229,10880517,54094,38680,15414,0,19288764
20220125,22798985,11964333,10834652,50437,36110,14327,0,19420544
20220126,22523668,11806290,10717378,46916,33651,13265,0,19500810
20220127,22004783,11564647,10440136,43391,29994,13397,0,19454964
20220128,21672907,11402456,10270452,46006,32209,13797,0,19401156
20220203,21338454,11264984,10073470,39863,27731,12133,0,19410734
20220204,21039007,11113785,9925222,44468,32169,12299,0,19195606
20220207,21043823,11108241,9935582,50806,35506,15300,0,19180696
20220208,21217966,11200992,10016974,55602,39240,16362,0,19281094
20220209,21470552,11344767,10125785,52649,36734,15915,0,19327780
20220210,21502782,11332070,10170711,48997,34252,14745,0,19414859
20220211,21547518,11342377,10205141,53160,37384,15776,0,19382758
20220214,21591794,11350318,10241476,56780,41858,14922,0,19452364
20220215,21434887,11289407,10145479,54760,39478,15281,0,19505526
20220216,21126391,11154822,9971570,50740,36586,14154,0,19530673
20220217,20809249,11006546,9802704,49439,35592,13847,0,19436793
20220218,20741207,10965814,9775393,55488,39214,16274,0,19253009
20220221,20725079,10903614,9821465,56305,41148,15158,0,19219622
20220222,20793075,10949855,9843220,54931,39442,15489,0,19278759
20220223,20893038,11006491,9886548,53451,37825,15627,0,19314928
20220224,20885110,11031413,9853697,50027,34703,15324,0,19491809
20220225,20954940,11082929,9872011,55259,39355,15905,0,19542666
20220228,20896955,11079456,9817499,48244,34148,14096,0,19710880
20220302,20813376,11032679,9780697,50618,34427,16191,0,19596872
20220303,20835203,11046603,9788600,52973,36470,16503,0,19622978
20220304,20990852,11152215,9838638,55194,37250,17943,0,19579413
20220307,21105441,11184605,9920836,58454,39473,18981,0,19574269
20220308,21387164,11351841,10035324,60191,41855,18336,0,19763146
20220310,21454023,11459121,9994902,56483,39852,16632,0,19784713
20220311,21389889,11427829,9962060,53489,37641,15848,0,19711170
20220314,21308276,11373904,9934372,57377,39570,17807,0,19650467
20220315,21427883,11464926,9962956,55244,37292,17952,0,19809668
20220316,21547021,11519665,10027356,54938,38872,16066,0,19906326
20220317,21475271,11480182,9995090,52064,35043,17021,0,19856427
20220318,21479837,11474401,10005436,54937,37693,17244,0,19730240
20220321,21433493,11404150,10029343,59584,39887,19697,0,19781348
20220322,21530209,11448115,10082094,61959,41932,20027,0,19916433
20220323,21656751,11533950,10122801,62352,42244,20108,0,19989934
20220324,21679863,11533463,10146400,63879,43997,19883,0,19875715
20220325,21741598,11545062,10196536,64076,43399,20677,0,19935960
20220328,21880133,11649296,10230837,68435,46859,21576,0,20062944
20220329,21983613,11719038,10264574,65434,44463,20971,0,20124767
20220330,22069590,11737201,10332389,65028,44643,20385,0,20163824
20220331,22042773,11726009,10316764,64991,43320,21671,0,20182864
20220401,22019164,11684528,10334636,64885,42565,22320,0,20182189
20220404,22045489,11664937,10380552,67465,44174,23291,0,20029288
20220405,22158391,11737710,10420681,64948,41719,23228,0,20044826
20220406,22187053,11742571,10444482,65515,41965,23550,0,20017849
20220407,22258795,11791381,10467413,66772,42170,24602,0,20023666
20220408,22329923,11832408,10497515,65784,42218,23566,0,20072688
20220411,22336306,11850293,10486013,62981,41060,21921,0,20135998
20220412,22281005,11836172,10444833,62944,41554,21390,0,20092330
20220413,22299814,11839882,10459932,61257,40132,21125,0,20057626
20220414,22234523,11833922,10400602,60490,39351,21139,0,20085007
20220415,22206741,11784786,10421955,63392,41689,21704,0,19975692
20220418,22289037,11822313,10466724,63730,42232,21497,0,20011787
20220419,22362495,11883173,10479322,64682,42971,21710,0,20051591
20220420,22346500,11882687,10463813,62014,41042,20971,0,20149604
20220421,22330790,11888089,10442701,65358,42887,22471,0,20108301
20220422,22397774,11921590,10476184,66712,42766,23946,0,20028660
20220425,22375257,11880530,10494727,66775,42617,24158,0,19596036
20220426,22460483,11946382,10514101,65278,41456,23822,0,19690255
20220427,22336199,11899416,10436784,60802,38877,21926,0,19774561
20220428,22296373,11890269,10406105,61489,39376,22113,0,19737581
20220429,22261673,11885863,10375810,58086,38181,19905,0,20050417
20220502,22205399,11861981,10343417,58162,39536,18627,0,20076096
20220503,22182399,11842385,10340014,59676,39912,19763,0,19943005
20220504,22262456,11897800,10364656,61440,41622,19818,0,20015344
20220506,22299126,11922670,10376456,62556,41738,20818,0,20039409
20220509,22336606,11936163,10400443,62334,42018,20316,0,20112779
20220510,22267353,11920922,10346431,62232,42252,19980,0,20113597
20220511,22028053,11826079,10201974,56170,39445,16725,0,20069896
20220512,21824778,11748172,10076605,50834,34913,15922,0,20045805
20220513,21841090,11789749,10051341,53778,35938,17841,0,20096020
20220516,21678767,11691337,9987430,50442,34385,16057,0,20209083
20220517,21490694,11573312,9917383,55694,37376,18319,0,19957356
20220518,21516951,11573160,9943791,54604,35655,18950,0,19912263
20220519,21553691,11589087,9964604,58373,37124,21250,0,19901195
20220520,21625820,11601277,10024544,58402,37107,21295,0,19905361
20220523,21645776,11612718,10033058,54523,34122,20402,0,19984728
20220524,21587710,11540996,10046714,58532,37083,21449,0,19886586
20220525,21665118,11547537,10117581,58793,37045,21748,0,19938819
20220526,21665154,11545951,10119203,56517,35240,21277,0,20044677
20220527,21607210,11508680,10098530,58757,37567,21190,0,19910098
20220530,21624695,11514613,10110082,59666,38979,20686,0,19898349
20220531,21564642,11428017,10136624,60625,39871,20754,0,19924966
20220602,21531304,11372768,10158536,62064,41290,20774,0,19882997
20220603,21575125,11368465,10206660,67103,45192,21911,0,19865842
20220607,21711107,11473724,10237384,65136,43620,21516,0,19922214
20220608,21643371,11407057,10236314,65318,44164,21154,0,19942815
20220609,21713490,11486635,10226855,63997,44443,19554,0,20066965
20220610,21639268,11447891,10191377,64649,44752,19897,0,20035023
20220613,21619749,11443889,10175860,66686,45828,20858,0,20152586
20220614,21608580,11473743,10134837,63761,43528,20233,0,20217872
20220615,21144204,11241869,9902334,56717,38587,18130,0,20260665
20220616,20686265,11025062,9661203,52258,33827,18432,0,20123890
20220617,20357337,10857224,9500113,50937,33707,17229,0,19995116
20220620,20030041,10702065,9327976,53247,35209,18039,0,19862227
20220621,19854560,10607865,9246695,53295,36241,17054,0,19803307
20220622,19530818,10454875,9075943,50212,32873,17339,0,19790390
20220623,19216099,10313420,8902679,53251,36538,16712,0,19704110
20220624,18891898,10140864,8751034,48062,31699,16362,0,19717561
20220627,18044310,9716626,8327684,42458,30014,12444,0,19589298
20220628,17715553,9573192,8142361,49470,33644,15826,0,19344265
20220629,17752911,9573056,8179855,52548,36114,16434,0,19331671
20220630,17868304,9628880,8239424,53871,37666,16205,0,19385100
20220701,17989175,9716934,8272241,52793,39639,13154,0,19471959
20220704,17938978,9705861,8233116,50566,39023,11543,0,19495372
20220705,17763610,9621088,8142522,50129,39789,10340,0,19456860
20220706,17585926,9522216,8063710,47658,36494,11164,0,19387515
20220707,17494596,9472652,8021945,56334,41154,15180,0,19315920
20220708,17647338,9580983,8066355,54988,39025,15963,0,19374762
20220711,17650486,9549614,8100872,58916,42452,16464,0,19264977
20220712,17710299,9567337,8142962,59749,41681,18068,0,19239849
20220713,17818888,9616086,8202802,59651,42634,17016,0,19295155
20220714,17864833,9613411,8251422,57943,41973,15970,0,19349822
20220715,17849439,9586449,8262990,62826,44239,18587,0,19352574
20220718,17919285,9608793,8310492,65037,46189,18849,0,19359534
20220719,18005320,9626556,8378764,62122,44477,17645,0,19642568
20220720,18011795,9593521,8418275,62907,46034,16873,0,19611999
20220721,18146994,9653611,8493383,64851,46712,18138,0,19389143
20220722,18242032,9684155,8557877,65858,47263,18596,0,19441571
20220725,18272101,9665624,8606478,67129,48091,19038,0,19506987
20220726,18368908,9720848,8648060,68562,49250,19312,0,19507124
20220727,18381463,9704297,8677166,72809,53793,19015,0,19572720
20220728,18462659,9747928,8714731,73299,54038,19261,0,19581332
20220729,18561878,9817129,8744749,70029,51696,18333,0,19613455
20220801,18629993,9852750,8777244,75600,57182,18418,0,19689767
20220802,18643116,9844416,8798700,78474,59786,18688,0,19641049
20220803,18717412,9880985,8836427,80385,60421,19964,0,19582041
20220804,18839029,9928956,8910072,77973,58155,19818,0,19631583
20220805,18836376,9907623,8928753,79674,58626,21048,0,19631413
20220808,18946270,9963151,8983119,79949,59331,20618,0,19668720
20220809,18967829,9938398,9029431,79737,58792,20945,0,19650111
20220810,19093064,9985971,9107093,80421,58972,21449,0,19723837
20220811,19210997,10037079,9173918,83318,61558,21761,0,19748611
20220812,19326657,10090990,9235667,81405,60196,21210,0,19759771
20220816,19306626,10079844,9226782,80260,59877,20382,0,19718729
20220817,19376373,10108248,9268125,80511,60145,20366,0,19735228
20220818,19415177,10119500,9295678,82058,60979,21079,0,19735388
20220819,19458848,10128782,9330065,79093,57941,21152,0,19871569
20220822,19544968,10185282,9359686,81436,60161,21275,0,19879503
20220823,19531315,10168837,9362479,79399,59149,20250,0,19907353
20220824,19418527,10119872,9298655,76714,58177,18537,0,19948965
20220825,19305036,10088105,9216931,74866,56804,18062,0,19964975
20220826,19300069,10103301,9196768,79580,61681,17899,0,20015015
20220829,19338100,10146126,9191974,77416,59620,17796,0,19995157
20220830,19397498,10156323,9241175,79225,61910,17315,0,20051971
20220831,19346495,10175386,9171109,75213,58826,16387,0,20138867
20220901,19387812,10229925,9157887,76633,59069,17564,0,20089614
20220902,19428052,10236617,9191435,80365,61921,18444,0,20070757
20220905,19504650,10319173,9185477,77083,58999,18085,0,20181086
20220906,19458229,10314065,9144163,77517,59618,17899,0,20187708
20220907,19294761,10226910,9067851,78451,61004,17446,0,20146425
20220908,19262269,10230224,9032045,80079,62671,17408,0,20153750
20220913,19272864,10259069,9013796,77044,59660,17384,0,20242929
20220914,19202948,10223910,8979038,76434,58568,17866,0,20238822
20220915,19077042,10109761,8967281,76736,58707,18029,0,20139466
20220916,19188604,10163561,9025044,75113,57034,18080,0,20195414
20220919,19295046,10220472,9074574,78313,59138,19175,0,20255839
20220920,19258952,10200022,9058930,73748,54469,19278,0,20293213
20220921,19046770,10099575,8947195,70983,52729,18254,0,20312325
20220922,18913448,10032824,8880624,74190,55442,18748,0,20231117
20220923,18892818,10027870,8864948,70413,52277,18136,0,20245245
20220926,18776731,9988302,8788430,70574,52882,17692,0,20230043
20220927,18592848,9898062,8694786,62600,47298,15302,0,20286579
20220928,17909552,9562389,8347163,51709,38697,13012,0,20206651
20220929,17461184,9364631,8096553,52862,39506,13356,0,19995816
20220930,17164768,9217312,7947456,46717,34786,11930,0,20011326
20221004,16848300,9058777,7789523,49455,36321,13133,0,19872736
20221005,16613701,8931636,7682065,49354,36582,12773,0,19802563
20221006,16564059,8915468,7648591,53762,39625,14137,0,19721883
20221007,16690982,8973900,7717082,56071,42265,13806,0,19770252
20221011,16630623,8927146,7703477,60100,44714,15386,0,19749831
20221012,16628151,8907220,7720931,61487,46872,14614,0,19777115
20221013,16437449,8813814,7623635,58666,45591,13075,0,19772057
20221014,16270374,8728822,7541552,62027,48099,13928,0,19644928
20221017,16044694,8621074,7423620,59545,45494,14051,0,19640656
20221018,15962165,8576074,7386091,63727,46931,16795,0,19560466
20221019,16022454,8606583,7415871,67394,49114,18281,0,19540690
20221020,16117418,8628378,7489040,67852,49968,17883,0,19553220
20221021,16171616,8654491,7517125,70294,51226,19067,0,19588690
20221024,16257659,8706308,7551351,67443,49637,17806,0,19638045
20221025,16225053,8688015,7537038,68793,50561,18231,0,19622123
20221026,16142800,8661569,7481231,70660,51172,19488,0,19559682
20221027,16155635,8657578,7498057,72910,52756,20155,0,19590417
20221028,16156230,8640754,7515477,76090,56160,19930,0,19559266
20221031,16075686,8570354,7505331,79083,58844,20239,0,19535622
20221101,16104147,8585938,7518209,77103,56756,20347,0,19583183
20221102,16111596,8594966,7516630,77693,57170,20523,0,19535693
20221103,16115114,8618106,7497008,80378,59535,20843,0,19460522
20221104,16158220,8622471,7535749,79681,58224,21457,0,19532638
20221107,16290081,8727634,7562447,78491,57253,21238,0,19562719
20221108,16334254,8720638,7613616,78388,58737,19651,0,19564888
20221109,16353345,8728105,7625240,80828,61462,19366,0,19582627
20221110,16308811,8671595,7637215,81446,62247,19199,0,19510615
20221111,16341819,8637646,7704172,83875,64158,19717,0,19498076
20221114,16484209,8696304,7787906,83610,63696,19914,0,19573106
20221115,16420768,8646214,7774554,84154,63942,20212,0,19504800
20221116,16577275,8713267,7864008,85336,64484,20852,0,19504579
20221117,16704597,8838738,7865859,85225,63314,21911,0,19525601
20221118,16879353,8935195,7944158,85280,62942,22339,0,19485460
20221121,17011185,9010571,8000614,85289,62514,22774,0,19525435
20221122,17008772,8995049,8013723,84859,62629,22230,0,19491632
20221123,17007738,8989091,8018647,84444,62478,21966,0,19496012
20221124,17024872,9009073,8015800,82626,61737,20889,0,19505686
20221125,17023766,9030135,7993630,83467,62605,20863,0,19526710
20221128,17044250,9047163,7997087,84490,63002,21488,0,19497094
20221129,17085870,9057001,8028869,83842,62281,21561,0,19521158
20221130,17134051,9093792,8040259,81927,61011,20916,0,19611286
20221201,17095973,9057199,8038775,82516,61999,20517,0,19503366
20221202,17114273,9039166,8075108,86849,66154,20694,0,19433642
20221205,17137011,9062708,8074303,82763,61604,21160,0,19433504
20221206,17298472,9173793,8124679,80276,59833,20444,0,19512522
20221207,17346495,9231439,8115056,79135,58555,20580,0,19469710
20221208,17362742,9244127,8118615,77480,57551,19929,0,19456775
20221209,17335296,9238147,8097148,78364,57583,20781,0,19433465
20221212,17313237,9245175,8068062,76716,57202,19514,0,19392108
20221213,17177454,9140402,8037052,73008,52687,20321,0,19336577
20221214,17186985,9151121,8035864,71488,51623,19865,0,19344458
20221215,17190258,9161363,8028895,70537,51067,19470,0,19366001
20221216,17145631,9131520,8014110,72802,53309,19493,0,19267990
20221219,17235131,9193897,8041234,71611,52696,18915,0,19306980
20221220,17200640,9164215,8036426,72757,53879,18878,0,19316493
20221221,17210218,9169467,8040751,71554,51530,20024,0,19253012
20221222,17131497,9122316,8009181,69935,51808,18127,0,19288584
20221223,17075345,9106802,7968543,71024,52435,18588,0,19264917
20221226,16965981,9026292,7939689,71946,52420,19526,0,19192871
20221227,16875777,8962157,7913620,63689,46633,17055,0,19208617
20221228,16707097,8876504,7830592,65494,46810,18684,0,19014031
20221229,16528598,8763315,7765283,67335,48876,18459,0,18869259
20221230,16518648,8757709,7760939,67335,48876,18459,0,18868972
20230102,16531124,8774253,7756871,64821,46775,18047,0,18841502
20230103,16363193,8703528,7659665,61023,42650,18372,0,18751081
20230104,16120145,8584731,7535413,60684,40059,20625,0,18680101
20230105,15930721,8495597,7435125,60883,38762,22121,0,18636238
20230106,15888251,8445969,7442282,63587,40362,23226,0,18615054
20230109,15944623,8447158,7497465,67283,43967,23316,0,18660955
20230110,15911221,8407498,7503723,71217,46812,24404,0,18635665
20230111,15810249,8273092,7537157,75216,50276,24941,0,18576403
20230112,15898255,8279231,7619025,78060,52394,25666,0,18620312
20230113,15892806,8277407,7615399,79855,53774,26081,0,18588129
20230116,15982012,8317573,7664439,78909,52856,26053,0,18656201
20230117,15988999,8283035,7705964,80944,54812,26133,0,18642181
20230118,16018218,8279019,7739199,82753,56776,25977,0,18648508
20230119,16089327,8304533,7784794,81166,55248,25918,0,18701215
20230120,16138275,8331672,7806603,80886,55201,25684,0,18707507
20230125,16135544,8319966,7815578,81186,54190,26996,0,18757566
20230126,16118704,8279852,7838851,80798,54470,26328,0,18744840
20230127,16091337,8259842,7831495,86458,58192,28266,0,18787515
20230130,16099786,8231160,7868626,87573,59191,28382,0,18903992
20230131,16094408,8176539,7917870,89883,60977,28905,0,18894849
20230201,16253586,8286862,7966724,88557,58031,30526,0,18977847
20230202,16348403,8351784,7996619,86290,56648,29642,0,19019132
20230203,16361368,8369013,7992355,87309,57130,30179,0,18992206
20230206,16426136,8390875,8035261,87617,57055,30563,0,18955660
20230207,16452740,8359178,8093562,90103,58216,31887,0,19015020
20230208,16625379,8472581,8152798,87013,55192,31821,0,19135186
20230209,16715548,8537952,8177596,88392,54841,33550,0,19090558
20230210,16792153,8544226,8247927,90329,56387,33943,0,19078466
20230213,16969041,8615561,8353480,90970,54851,36118,0,19125951
20230214,17120952,8692633,8428319,89926,53837,36089,0,19198472
20230215,17189102,8732042,8457060,89446,51554,37893,0,19213243
20230216,17142333,8689457,8452877,91344,52860,38484,0,19186337
20230217,17316884,8798839,8518045,91272,52075,39198,0,19303194
20230220,17222068,8742770,8479297,94018,53503,40515,0,19262346
20230221,17362177,8800511,8561666,90474,51726,38748,0,19477279
20230222,17418153,8840472,8577681,88284,50086,38198,0,19510173
20230223,17540081,8868323,8671758,89147,50827,38321,0,19379283
20230224,17716154,8972045,8744108,86310,48508,37802,0,19523234
20230227,17712291,8947940,8764351,88277,51725,36552,0,19541923
20230228,17761244,8959082,8802162,88684,50891,37793,0,19571476
20230302,17812457,9002552,8809905,86743,47196,39548,0,19582705
20230303,17787710,8965707,8822003,89069,47122,41947,0,19544881
20230306,17862774,8964255,8898519,90786,50429,40357,0,19556467
20230307,17889930,8981893,8908037,94011,50490,43521,0,19548767
20230308,17999914,8978232,9021683,92137,50406,41731,0,19566081
20230309,18126053,9060893,9065160,92800,51976,40824,0,19695864
20230310,18338677,9207576,9131101,89400,49273,40127,0,19761788
20230313,18347660,9193778,9153882,83784,44694,39090,0,19795073
20230314,18263407,9164644,9098763,81097,43324,37773,0,19892496
20230315,18094700,9092063,9002637,79742,42910,36832,0,19849288
20230316,17934572,9015526,8919046,74042,38206,35836,0,19873753
20230317,17823975,8952402,8871573,78998,40916,38082,0,19799602
20230320,17966348,9006268,8960080,79211,41826,37385,0,19790016
20230321,17947307,8986430,8960877,76772,39868,36904,0,19820009
20230322,18069027,9000306,9068720,77713,38897,38816,0,19818488
20230323,18175106,9050676,9124430,79969,39608,40361,0,19842649
20230324,18220352,9039890,9180462,82333,40617,41716,0,19796382
20230327,18274079,9031788,9242290,83475,39751,43724,0,19890740
20230328,18408545,9065458,9343088,82984,38341,44643,0,19917527
20230329,18548983,9096747,9452237,84250,38460,45790,0,19928448
20230330,18583772,9073018,9510755,83441,38882,44558,0,19965046
20230331,18694062,9074207,9619855,85076,39659,45417,0,20010795
20230403,18769081,9096849,9672232,87182,39432,47750,0,20119931
20230404,18775466,9056425,9719041,87588,39999,47589,0,20256913
20230405,18977994,9184193,9793800,87302,39832,47470,0,20168747
20230406,19048679,9220316,9828363,87175,40477,46698,0,20144447
20230407,19219393,9289426,9929967,87322,40962,46360,0,20118474
20230410,19394554,9418106,9976448,87631,40486,47145,0,20274527
20230411,19434606,9423459,10011146,87831,42067,45764,0,20193342
20230412,19595143,9444699,10150444,87137,43285,43851,0,20173941
20230413,19593348,9451069,10142279,87528,44808,42720,0,20130486
20230414,19742505,9515459,10227046,85740,43636,42105,0,20275061
20230417,19794145,9521196,10272949,88312,43147,45166,0,20201441
20230418,19907010,9572938,10334072,91157,45994,45163,0,20199208
20230419,20136930,9743372,10393558,91369,46368,45001,0,20302364
20230420,20286314,9824549,10461765,86904,44361,42543,0,20339699
20230421,20401766,9863224,10538542,90154,45741,44413,0,20336909
20230424,20431902,9868829,10563073,91065,45734,45331,0,20382411
20230425,20240821,9766372,10474449,86621,42933,43688,0,20403193
20230426,20085663,9698326,10387337,83909,44556,39353,0,20317795
20230427,19778649,9572931,10205718,77130,40981,36149,0,20277115
20230428,19457779,9458494,9999285,74068,39620,34449,0,21919510
20230502,19136392,9212010,9924382,77141,39219,37922,0,21819886
20230503,18914913,9059730,9855183,77510,38426,39084,0,21854493
20230504,18794323,9005845,9788478,80490,40138,40352,0,21692019
20230508,18853337,9044909,9808428,79118,40570,38548,0,21767208
20230509,18852582,9068691,9783891,76019,39216,36802,0,21887195
20230510,18727392,8978403,9748989,74359,38862,35497,0,21841560
20230511,18657429,8949370,9708059,71532,39199,32334,0,21768941
20230512,18644875,8957925,9686950,72300,39844,32457,0,21771720
20230515,18564019,8931012,9633007,72688,41179,31508,0,21706778
20230516,18528968,8925938,9603030,71489,39147,32342,0,21865052
20230517,18386122,8865172,9520950,67886,38298,29588,0,21788709
20230518,18438460,8898401,9540060,69559,39019,30540,0,21553673
20230519,18427169,8893582,9533586,73351,40516,32835,0,21496767
20230522,18472420,8887717,9584703,75135,42755,32380,0,21514305
20230523,18429102,8843883,9585219,75959,43936,32023,0,21602838
20230524,18447742,8828771,9618971,75704,44548,31156,0,21534044
20230525,18499953,8835678,9664276,78736,46431,32305,0,21544097
20230526,18592380,8889735,9702645,76929,45449,31481,0,21636110
20230530,18662327,8948976,9713351,76116,45973,30143,0,21653499
20230531,18631509,8926546,9704963,79117,49932,29185,0,21684466
20230601,18596084,8909944,9686140,80631,51404,29228,0,21690330
20230602,18623839,8940872,9682966,82623,52350,30273,0,21647858
20230605,18687223,8995558,9691665,82738,52201,30537,0,21631342
20230607,18685133,8967657,9717476,85339,55223,30116,0,21647242
20230608,18746827,8985364,9761463,84363,55308,29055,0,21663819
20230609,18800482,8993373,9807109,85788,55543,30245,0,21813135
20230612,18910465,9052530,9857935,85667,55992,29675,0,21884512
20230613,18935574,9048314,9887259,87556,57947,29610,0,21817359
20230614,19070426,9142445,9927981,87965,57684,30281,0,21863979
20230615,19136966,9183295,9953671,89461,58177,31283,0,21850819
20230616,19149533,9187876,9961657,86260,57139,29121,0,21932530
20230619,19160378,9197013,9963365,87650,57612,30037,0,21840737
20230620,19190636,9265020,9925616,88219,58399,29819,0,21814743
20230621,19327416,9375280,9952136,88488,59270,29219,0,22106394
20230622,19428951,9465881,9963070,88590,59803,28787,0,22218262
20230623,19484994,9504295,9980699,86124,57746,28378,0,22102329
20230626,19462914,9500828,9962085,87743,59327,28417,0,22093026
20230627,19475562,9536266,9939296,86156,57790,28366,0,22080827
20230628,19436254,9529394,9906861,85676,57543,28133,0,22078788
20230629,19455179,9526753,9928426,82831,55585,27246,0,22072629
20230630,19400232,9507951,9892281,80955,54316,26639,0,21971986
20230703,19335782,9483962,9851820,80859,54042,26817,0,21934019
20230704,19284002,9464822,9819180,80599,54272,26327,0,21842970
20230705,19261451,9426130,9835321,81164,55550,25613,0,21897920
20230706,19333392,9467251,9866141,81543,56260,25283,0,22219807
20230707,19427985,9524185,9903800,82037,56895,25142,0,22286910
20230710,19393297,9545991,9847306,80165,55260,24904,0,21963940
20230711,19387078,9589046,9798032,78888,54821,24067,0,22039918
20230712,19351337,9600544,9750793,76523,52517,24006,0,22111722
20230713,19276995,9552958,9724037,80938,55501,25437,0,21873740
20230714,19360057,9580642,9779415,82277,56671,25606,0,21955431
20230717,19365741,9559973,9805768,82804,56497,26307,0,22059071
20230718,19451634,9579024,9872610,83121,57354,25767,0,22283200
20230719,19621415,9698846,9922569,81409,56028,25381,0,22286903
20230720,19733250,9794294,9938956,80529,55181,25348,0,22081360
20230721,19857521,9853081,10004440,79859,54057,25802,0,22034280
20230724,19940894,9884673,10056221,80565,54233,26332,0,22157524
20230725,20059696,9919761,10139935,80597,53903,26694,0,22281224
20230726,20117885,9978581,10139304,80007,53322,26685,0,22368059
20230727,20170517,10082565,10087952,80609,54786,25823,0,22437522
20230728,19967344,10117925,9849419,70884,47487,23397,0,22478133
20230731,19738339,10059280,9679059,67829,46546,21283,0,22638937
20230801,19786504,10126380,9660123,70403,47966,22438,0,22183701
20230802,20000061,10249203,9750858,74217,51320,22897,0,22193913
20230803,20193259,10315893,9877365,75009,52137,22872,0,22252322
20230804,20318813,10383133,9935680,71035,48520,22514,0,22412029
20230807,20344813,10464015,9880798,69819,47627,22192,0,22336084
20230808,20432262,10528278,9903984,70743,48874,21869,0,22290386
20230809,20373295,10479513,9893783,69073,47138,21935,0,22325610
20230810,20373838,10506458,9867380,70235,48429,21806,0,22295814
20230811,20343690,10511246,9832444,73903,51777,22126,0,22239169
20230814,20469697,10595048,9874649,75473,53228,22245,0,22303260
20230816,20504084,10607898,9896186,71820,50834,20986,0,22384913
20230817,20557264,10647240,9910024,70840,50802,20037,0,22416817
20230818,20438892,10592414,9846478,65040,46366,18675,0,22396055
20230821,20265086,10514828,9750258,67059,46178,20882,0,22284058
20230822,20188361,10477857,9710504,67140,46995,20145,0,22332130
20230823,20124629,10481408,9643221,67758,46590,21169,0,22294416
20230824,20019711,10431940,9587771,68182,46593,21589,0,22258994
20230825,20140439,10482502,9657937,66046,45434,20613,0,22293745
20230828,20123962,10457938,9666024,70110,48503,21607,0,22254488
20230829,20174253,10496903,9677350,68773,47337,21435,0,22310939
20230830,20178181,10504636,9673545,72134,49543,22591,0,22270387
20230831,20226086,10531635,9694451,72928,50762,22166,0,22309519
20230901,20265424,10546307,9719118,73595,51219,22376,0,22329199
20230904,20337756,10577140,9760616,75496,53185,22311,0,22336594
20230905,20388406,10595126,9793280,71784,49780,22004,0,22424762
20230906,20384683,10545990,9838693,73991,51619,22372,0,22396183
20230907,20430875,10555263,9875612,75230,52807,22423,0,22295085
20230908,20491168,10596658,9894510,74736,51861,22875,0,22395520
20230911,20444508,10569202,9875306,72174,50017,22157,0,22417703
20230912,20416156,10567249,9848907,71971,49151,22820,0,22532869
20230913,20459389,10601211,9858178,73068,49846,23222,0,22524198
20230914,20417607,10595419,9822188,71542,48623,22919,0,22516529
20230915,20278567,10515873,9762695,70060,47206,22854,0,22643457
20230918,20181167,10452782,9728386,74630,51051,23579,0,22360346
20230919,20139073,10383534,9755539,79235,57089,22147,0,22291640
20230920,20198869,10452108,9746760,80139,58043,22096,0,22603580
20230921,20230780,10495867,9734913,79002,56541,22461,0,22593891
20230922,20210011,10503263,9706748,77600,55072,22528,0,23399721
20230925,20120189,10519976,9600214,70290,49583,20707,0,23428547
20230926,19913980,10436170,9477810,68608,48055,20553,0,22356528
20230927,19702877,10322852,9380025,64689,44518,20170,0,22264215
20231004,19453398,10217396,9236002,63541,43482,20059,0,22253502
20231005,19322028,10156354,9165674,59798,40789,19008,0,22132949
20231006,19175026,10092430,9082596,54960,38435,16525,0,22199259
20231010,18810618,9910343,8900275,56871,38257,18615,0,22144575
20231011,18716588,9878016,8838572,58950,39731,19219,0,22138507
20231012,18546147,9759554,8786593,56854,39470,17384,0,22208371
20231013,18464129,9714863,8749266,59307,42149,17158,0,21864284
20231016,18508093,9729069,8779024,63854,44743,19111,0,21849302
20231017,18607893,9795973,8811921,62696,43686,19010,0,21981439
20231018,18561836,9791627,8770209,57290,40055,17235,0,21729989
20231019,18517531,9764796,8752735,62506,43915,18591,0,21436113
20231020,18460509,9718004,8742505,63239,44799,18441,0,21461237
20231023,18226806,9615347,8611458,56452,39959,16493,0,21473095
20231024,17823435,9413233,8410201,51371,36358,15013,0,21412944
20231025,17617064,9308824,8308239,50448,35863,14585,0,21330561
20231026,17479130,9254713,8224417,51380,35876,15505,0,21153839
20231027,17484300,9250731,8233569,53155,37467,15689,0,21183445
20231030,17183887,9087995,8095891,47699,34157,13542,0,21198599
20231031,16970414,8976975,7993439,48382,33769,14613,0,21175790
20231101,16877675,8929140,7948535,51178,36129,15049,0,21143378
20231102,16799902,8888666,7911237,48955,35454,13501,0,21187806
20231103,16624782,8790986,7833796,51076,37638,13438,0,21104647
20231106,16576692,8763558,7813134,55879,40305,15575,0,21173711
20231107,16603948,8750454,7853494,59237,43772,15465,0,21252746
20231108,16750663,8806006,7944657,49116,35992,13124,0,21174744
20231109,17094532,8998629,8095903,47160,34684,12476,0,21424215
20231110,17117318,9014289,8103029,46148,33868,12280,0,21425623
20231113,17106930,9005893,8101037,44918,33061,11857,0,21207090
20231114,17044270,8978347,8065923,43556,32025,11532,0,21223586
20231115,16948521,8946334,8002188,42530,31573,10958,0,21237845
20231116,16867920,8890639,7977281,41961,31151,10810,0,21008295
20231117,16825264,8806404,8018860,41265,30713,10553,0,21016304
20231120,16913181,8849621,8063560,40797,30399,10397,0,21010022
20231121,17015909,8895576,8120334,39623,29884,9740,0,21011937
20231122,16982502,8874898,8107603,39062,29567,9496,0,20979033
20231123,17032884,8858682,8174202,38717,29296,9421,0,21006172
20231124,17085931,8877668,8208263,38179,28842,9337,0,21027369
20231127,17137230,8899107,8238123,37962,28680,9282,0,21069216
20231128,17204508,8941956,8262552,37537,28271,9267,0,21132785
20231129,17217895,8930779,8287116,37049,28046,9003,0,21145902
20231130,17207523,8911389,8296134,36243,27515,8728,0,21126106
20231201,17266144,8953049,8313094,35672,27134,8538,0,21124276
20231204,17273794,8947115,8326680,35454,27033,8421,0,21277319
20231205,17381164,9013998,8367166,35050,26857,8193,0,21432002
20231206,17364222,8976905,8387317,34538,26644,7894,0,21162255
20231207,17335839,8995017,8340823,34105,26414,7692,0,21209831
20231208,17378403,9031602,8346801,33909,26291,7618,0,21152297
20231211,17421574,9049168,8372406,33505,26011,7494,0,21176810
20231212,17353956,8999820,8354136,32828,25385,7443,0,21133140
20231213,17438579,9071530,8367048,32499,25136,7364,0,21213959
20231214,17458224,9065184,8393039,31730,24832,6898,0,21258829
20231215,17464651,9062811,8401840,31195,24397,6798,0,21421761
20231218,17331076,8952652,8378424,30326,23719,6607,0,21266954
20231219,17285259,8888516,8396743,29846,23419,6426,0,21009208
20231220,17429356,8998888,8430468,29413,23116,6297,0,21030743
20231221,17521731,9043745,8477985,28953,22776,6177,0,20979000
20231222,17537875,9002578,8535297,28737,22612,6125,0,20971800
20231226,17626497,9046744,8579754,28590,22520,6070,0,21133845
20231227,17626142,9041967,8584175,28354,22339,6015,0,21068052
20231228,17566961,8969894,8597067,27781,21904,5878,0,21064918
20231229,17558435,9016558,8541877,27781,21976,5806,0,21097845
20240102,17537053,9020034,8517019,27446,21792,5654,0,21000850
20240103,17444859,8909730,8535129,27286,21667,5619,0,20781133
20240104,17563677,9025416,8538261,26049,20530,5519,0,20798839
20240105,17810007,9217408,8592599,25562,20228,5333,0,20909704
20240108,17934888,9321932,8612956,25260,19970,5291,0,20966375
20240109,18004831,9375560,8629270,24909,19716,5194,0,20932927
20240110,18091620,9423920,8667700,24574,19508,5067,0,20972334
20240111,18131910,9445734,8686176,24404,19388,5016,0,20955498
20240112,18267949,9629335,8638615,23979,19039,4939,0,20962349
20240115,18348086,9719650,8628436,23766,18895,4870,0,21010644
20240116,18381436,9745068,8636368,23287,18471,4816,0,20925777
20240117,18312194,9720228,8591965,23072,18326,4746,0,20940416
20240118,18313827,9761124,8552703,22336,17833,4504,0,21255271
20240119,18213057,9723063,8489994,21588,17183,4405,0,21124644
20240122,18077715,9661683,8416032,21094,16794,4300,0,20887484
20240123,17960100,9561393,8398708,20606,16393,4213,0,20326546
20240124,17902835,9503905,8398930,19771,15775,3996,0,20428372
20240125,17861814,9443374,8418440,19355,15506,3849,0,20437635
20240126,17938095,9470308,8467787,18983,15250,3733,0,20322914
20240129,17873778,9565054,8308725,18644,15097,3546,0,20324687
20240130,17810901,9515642,8295259,18135,14650,3485,0,20186247
20240131,17809048,9516584,8292464,17425,14126,3300,0,20207302
20240201,17736319,9490531,8245788,16469,13325,3144,0,20204369
20240202,17689970,9485200,8204770,15725,12747,2978,0,20159669
20240205,17617352,9509309,8108042,14984,12169,2816,0,20126771
20240206,17559426,9451409,8108017,14419,11686,2734,0,20069467
20240207,17826104,9680465,8145639,13323,10691,2632,0,20098245
20240208,17815317,9672012,8143305,12791,10230,2561,0,20119237
20240213,17772175,9632045,8140129,12686,10140,2546,0,20100677
20240214,17752337,9606068,8146269,12450,10128,2322,0,20148369
20240215,17781038,9568702,8212336,12362,10070,2292,0,20487212
20240216,17949055,9667839,8281216,12237,9984,2252,0,20387022
20240219,18130150,9769668,8360482,12205,9955,2250,0,20204190
20240220,18194737,9759904,8434833,12187,9939,2248,0,20206766
20240221,18286013,9805727,8480287,12082,9857,2225,0,20226240
20240222,18376631,9847676,8528955,12012,9796,2217,0,20167523
20240223,18433885,9859338,8574547,12012,9795,2217,0,20214147
20240226,18536989,9911448,8625541,11813,9603,2210,0,20238822
20240227,18598943,9946358,8652585,11503,9297,2206,0,20403904
20240228,18612731,9934044,8678687,11438,9250,2188,0,20425977
20240229,18526205,9880182,8646023,11374,9211,2163,0,20399374
20240304,18473874,9863323,8610552,11337,9190,2147,0,20395632
20240305,18545794,9923483,8622311,11287,9170,2117,0,20458014
20240306,18559406,9918967,8640438,11104,8988,2115,0,20423494
20240307,18726028,10031302,8694726,11023,8961,2062,0,20434088
20240308,18845107,10120651,8724456,10947,8886,2061,0,20444371
20240311,18926750,10154791,8771960,10895,8847,2048,0,20450197
20240312,18838651,10074296,8764354,10521,8476,2045,0,20357915
20240313,18936461,10121469,8814991,10498,8454,2044,0,20573640
20240314,19025319,10171337,8853982,10478,8434,2044,0,20558409
20240315,19155442,10243711,8911730,10426,8383,2043,0,20548381
20240318,19214441,10270574,8943867,10418,8380,2038,0,20551942
20240319,19299581,10379816,8919765,10326,8289,2037,0,20489941
20240320,19379677,10434940,8944737,10309,8273,2036,0,20490138
20240321,19516178,10515794,9000385,10290,8265,2025,0,20522782
20240322,19483688,10494591,8989097,10245,8221,2024,0,20546800
20240325,19348400,10352055,8996345,10193,8176,2017,0,20445497
20240326,19378607,10339877,9038730,9966,7951,2014,0,20558679
20240327,19458439,10399671,9058767,9911,7905,2006,0,20559205
20240328,19479918,10382037,9097881,9857,7877,1980,0,20432283
20240329,19477200,10366689,9110512,9718,7807,1912,0,20497983
20240401,19532217,10432136,9100081,9606,7697,1908,0,20585544
20240402,19532702,10429393,9103309,9557,7661,1897,0,20592579
20240403,19531879,10425939,9105940,9284,7392,1892,0,20572567
20240404,19515242,10439907,9075335,9264,7372,1892,0,20638328
20240405,19482640,10462241,9020399,9134,7251,1883,0,20668670
20240408,19463495,10431156,9032339,9049,7197,1853,0,20423600
20240409,19457129,10452946,9004184,9006,7166,1840,0,20395682
20240411,19363965,10370917,8993048,8969,7139,1830,0,20335199
20240412,19317418,10367052,8950366,8931,7104,1827,0,20306188
20240415,19282630,10358305,8924325,8836,7033,1803,0,19834849
20240416,19348467,10396984,8951482,8782,7000,1782,0,19806700
20240417,19410242,10464353,8945889,8720,6942,1779,0,19896051
20240418,19181558,10350406,8831152,8153,6381,1771,0,19965160
20240419,19062449,10283943,8778506,8075,6308,1767,0,19892634
20240422,19032581,10239254,8793328,8072,6306,1766,0,19703838
20240423,19036068,10267509,8768559,7995,6242,1753,0,19805461
20240424,18991231,10237663,8753568,7970,6221,1749,0,19926320
20240425,19065329,10291737,8773592,7941,6196,1745,0,19772088
20240426,19060984,10277111,8783873,7936,6191,1745,0,20084053
20240429,19187592,10377359,8810233,7914,6173,1741,0,20519699
20240430,19173006,10346808,8826198,7893,6155,1738,0,19966318
20240502,19153451,10305449,8848003,7852,6115,1736,0,19916625
20240503,19201028,10296308,8904720,7452,5721,1731,0,19936150
20240507,19271388,10324552,8946836,7446,5718,1728,0,19963745
20240508,19269959,10301211,8968748,7310,5604,1706,0,19997433
20240509,19190416,10186599,9003817,7294,5591,1703,0,19898422
20240510,19268463,10208121,9060342,7265,5563,1702,0,19882439
20240513,19418258,10297237,9121021,7250,5549,1701,0,19938791
20240514,19386789,10244983,9141806,7248,5549,1699,0,19964344
20240516,19406293,10254138,9152155,7200,5526,1674,0,20001307
20240517,19399888,10253141,9146748,7159,5499,1660,0,19951417
20240520,19444928,10231286,9213642,7121,5467,1654,0,19960605
20240521,19478176,10296188,9181988,7074,5420,1653,0,20037616
20240522,19442795,10286985,9155810,6902,5360,1542,0,19986387
20240523,19491761,10347705,9144056,6853,5354,1498,0,20008886
20240524,19530732,10391391,9139340,6844,5347,1497,0,20019457
20240527,19593535,10445804,9147731,6815,5340,1475,0,20017654
20240528,19619806,10507427,9112379,6790,5339,1451,0,20028614
20240529,19633248,10540901,9092347,6770,5336,1433,0,19996921
20240530,19756774,10608235,9148539,6727,5322,1405,0,20012011
20240531,19817480,10670227,9147253,6708,5313,1395,0,20144449
20240603,19746554,10653324,9093230,6697,5307,1390,0,20221548
20240604,19684773,10633754,9051019,6631,5291,1340,0,20095406
20240605,19662939,10589749,9073190,6625,5291,1334,0,20126460
20240607,19728918,10656916,9072002,6562,5231,1331,0,20207808
20240610,19724265,10668505,9055760,6547,5224,1322,0,20198491
20240611,19775049,10699329,9075720,6501,5216,1285,0,20243348
20240612,19990034,10877842,9112192,6483,5207,1277,0,20270148
20240613,20121669,10939477,9182192,6461,5185,1276,0,20172556
20240614,20083102,10924036,9159066,6448,5179,1269,0,20274091
20240617,20171795,10948667,9223128,6418,5151,1267,0,20255859
20240618,20198364,10986349,9212015,6398,5134,1264,0,20335905
20240619,20243090,11058552,9184538,6334,5073,1261,0,20358305
20240620,20209741,11051668,9158072,6244,4989,1255,0,20395339
20240621,20188101,11046556,9141545,6099,4851,1248,0,20389993
20240624,20247734,11111781,9135954,6037,4794,1242,0,20353955
20240625,20231298,11105081,9126217,5734,4596,1138,0,20379786
20240626,20178992,11101734,9077259,5693,4558,1135,0,20394223
20240627,20089121,11053685,9035436,5660,4534,1126,0,20275854
20240628,20107741,11064074,9043667,5627,4531,1096,0,20267702
20240701,20077586,11046291,9031295,5562,4465,1096,0,20291027
20240702,20021932,11009493,9012438,5552,4460,1092,0,20275774
20240703,20025886,11007690,9018196,5517,4426,1092,0,20647597
20240704,19968252,11003019,8965233,5496,4404,1092,0,20705112
20240705,19874382,10954159,8920223,5482,4390,1091,0,20239731
20240708,19889991,10969405,8920586,5479,4389,1090,0,20205141
20240709,19885491,10931735,8953756,5478,4388,1090,0,20145654
20240710,19935211,10967543,8967668,5437,4349,1089,0,20144343
20240711,20055688,10994786,9060902,5408,4319,1088,0,20180137
20240712,20163858,11055121,9108736,5379,4297,1082,0,20226053
20240715,20200025,11064220,9135805,5349,4268,1082,0,20258542
20240716,20157093,11069393,9087701,5333,4266,1067,0,20292916
20240717,20203110,11125226,9077884,5282,4215,1067,0,20263686
20240718,20163966,11106118,9057848,5257,4206,1051,0,20225920
20240719,20098282,11099074,8999208,5234,4196,1038,0,20531370
20240722,19958316,11056948,8901369,5204,4193,1011,0,20607810
20240723,19965332,11091282,8874049,5196,4190,1006,0,20286969
20240724,19917334,11075626,8841709,4996,4010,985,0,20316142
20240725,19804528,11022948,8781580,4950,3976,974,0,20291520
20240726,19792960,11030490,8762470,4911,3937,974,0,20261903
20240729,19590527,10918837,8671690,4833,3890,943,0,20294010
20240730,19457643,10846476,8611167,4800,3860,940,0,20170927
20240731,19428713,10826888,8601825,4790,3850,939,0,20143263
20240801,19516041,10925073,8590968,4754,3828,926,0,20310363
20240802,19422564,10870001,8552564,4730,3805,925,0,20333535
20240805,19294137,10812363,8481774,4712,3788,924,0,20462469
20240806,19055440,10745268,8310172,4665,3774,891,0,20624618
20240807,17719139,10116450,7602689,4291,3535,756,0,20325975
20240808,17126813,9813218,7313596,4196,3448,748,0,19847356
20240809,17204040,9839165,7364875,4171,3424,747,0,19798473
20240812,17366025,9943760,7422265,4141,3398,743,0,19956773
20240813,17478790,10012553,7466237,4129,3395,734,0,19826377
20240814,17551171,10006838,7544332,4127,3393,734,0,19778430
20240816,17613037,10051397,7561640,4123,3388,734,0,19837891
20240819,17605085,10030903,7574182,4115,3382,732,0,19767531
20240820,17571016,9950018,7620998,4108,3376,732,0,19705143
20240821,17654784,10010932,7643853,4098,3376,722,0,19774484
20240822,17716526,10045704,7670821,4096,3374,722,0,19842771
20240823,17818128,10096515,7721613,4088,3367,721,0,19875284
20240826,17804677,10084715,7719963,4077,3358,719,0,19906433
20240827,17790650,10068238,7722412,4074,3357,717,0,19880946
20240828,17820941,10095306,7725635,4057,3341,717,0,19886290
20240829,17844082,10126243,7717839,4038,3328,709,0,19945808
20240830,17855724,10139560,7716164,3986,3279,707,0,19956078
20240902,17878472,10166367,7712105,3962,3263,699,0,20067645
20240903,17828904,10134935,7693970,3962,3263,699,0,19888161
20240904,17891078,10179148,7711930,3922,3262,660,0,19911536
20240905,17890520,10178758,7711762,3921,3261,659,0,19980468
20240906,17675817,10116071,7559746,3877,3234,643,0,19947246
20240909,17357529,9943070,7414459,3868,3226,642,0,19838230
20240910,17105992,9801651,7304341,3810,3204,606,0,19752286
20240911,17016904,9782112,7234792,3797,3191,605,0,19636489
20240912,17034197,9773779,7260418,3755,3156,599,0,19629872
20240913,17042079,9808992,7233088,3748,3153,595,0,19566143
20240919,16992656,9770667,7221989,3683,3132,552,0,19462329
20240920,17103393,9841643,7261750,3663,3113,550,0,19549607
20240923,17282466,9979018,7303448,3629,3079,550,0,19573483
20240924,17330564,9997053,7333511,3621,3072,550,0,19568135
20240925,17439419,10094978,7344440,3589,3048,541,0,19664881
20240926,17491414,10133853,7357561,3587,3048,540,0,19647211
20240927,17550909,10183873,7367036,3587,3048,540,0,19735835
20240930,17464263,10101865,7362398,3572,3048,525,0,19745371
20241002,17583190,10169343,7413847,3449,2925,525,0,19764289
20241004,17703702,10279610,7424092,3436,2911,525,0,19780439
20241007,17765620,10361229,7404391,3392,2868,524,0,19791306
20241008,17730717,10339243,7391475,3354,2832,522,0,19835737
20241010,17787412,10370181,7417232,3307,2785,522,0,19873555
20241011,17950233,10484563,7465670,3286,2767,519,0,19858597
20241014,17999735,10479644,7520091,3239,2720,519,0,19910442
20241015,18019624,10507832,7511792,3180,2661,519,0,19933079
20241016,18017027,10488200,7528828,3163,2644,519,0,19884624
20241017,18057297,10491693,7565604,3151,2643,508,0,19930716
20241018,18162793,10576830,7585963,3131,2623,508,0,19982373
20241021,18215705,10624148,7591557,3087,2579,508,0,19941260
20241022,18227524,10642171,7585353,3073,2565,508,0,20030881
20241023,18152847,10586623,7566225,3051,2543,508,0,19975509
20241024,18093672,10562656,7531016,3012,2504,508,0,20055854
20241025,17958135,10490205,7467930,2999,2491,508,0,20010023
20241028,18000306,10530566,7469740,2993,2485,508,0,19996754
20241029,17886967,10481702,7405265,2961,2474,487,0,20093976
20241030,17832614,10449268,7383346,2957,2470,487,0,20063458
20241031,17886113,10478109,7408005,2943,2460,483,0,20038465
20241101,17935008,10509148,7425860,2940,2457,483,0,20011630
20241104,17943777,10546983,7396795,2936,2454,482,0,20100818
20241105,17881627,10497396,7384231,2929,2446,482,0,20071850
20241106,17840541,10486959,7353582,2921,2444,478,0,20034466
20241107,17963496,10568985,7394511,2918,2441,478,0,20090500
20241108,17971966,10548028,7423939,2911,2437,474,0,20100407
20241111,17935741,10515347,7420394,2906,2432,474,0,20135260
20241112,17899937,10499533,7400404,2884,2420,464,0,20143639
20241113,17871630,10502856,7368774,2814,2416,398,0,20193266
20241114,17576936,10351813,7225123,2767,2369,398,0,20109554
20241115,17249731,10190440,7059291,2698,2344,354,0,20022548
20241118,16946947,10021349,6925598,2672,2326,347,0,19841494
20241119,16712993,9887960,6825033,2600,2255,344,0,19710865
20241120,16692178,9845131,6847047,2587,2247,340,0,19632669
20241121,16692591,9823928,6868663,2585,2245,339,0,19617410
20241122,16678188,9816658,6861530,2572,2234,338,0,19615777
20241125,16633643,9805588,6828055,2566,2228,337,0,19694838
20241126,16495171,9715400,6779771,2552,2220,332,0,19674349
20241127,16500905,9711306,6789599,2533,2201,332,0,19635691
20241128,16589271,9764255,6825016,2529,2200,329,0,19631429
20241129,16587727,9743782,6843944,2529,2200,329,0,19677429
20241202,16581881,9725177,6856705,2527,2198,329,0,19713705
20241203,16565842,9738377,6827466,2523,2194,329,0,19799193
20241204,16385514,9625400,6760113,2467,2138,329,0,19687283
20241205,16313586,9565426,6748160,2466,2137,329,0,19587339
20241206,16204590,9506188,6698402,2432,2103,329,0,19659070
20241209,16040171,9423523,6616648,2425,2097,328,0,19637528
20241210,15746728,9239432,6507297,2415,2087,328,0,19566938
20241211,15310680,9000395,6310285,2359,2031,328,0,19453311
20241212,15163222,8921701,6241520,2349,2021,328,0,19263639
20241213,15249382,8967905,6281477,2337,2010,328,0,19300897
20241216,15361608,8983725,6377883,2337,2009,328,0,19354934
20241217,15480560,9041286,6439274,2337,2009,328,0,19422076
20241218,15690283,9166716,6523567,2336,2008,328,0,19402793
20241219,15867032,9291728,6575304,2330,2002,328,0,19470724
20241220,15818225,9227051,6591174,2330,2002,328,0,19433727
20241223,15926811,9329189,6597622,2328,2000,328,0,19522055
20241224,15865397,9325924,6539473,2326,1998,328,0,19590373
20241226,15732552,9228137,6504414,2325,1997,328,0,19502579
20241227,15819370,9253167,6566203,2306,1978,328,0,19408420
20241230,15824314,9238235,6586079,2306,1978,328,0,19443902
20241231,15817022,9233106,6583917,2306,1978,328,0,19489336
20250102,15682329,9157739,6524590,2290,1978,313,0,19360517
20250103,15573950,9086402,6487547,2289,1976,313,0,19228465
20250106,15702169,9158732,6543437,2287,1974,312,0,19292621
20250107,15722877,9127923,6594953,2280,1971,309,0,19265304
20250108,15875647,9180615,6695032,2280,1970,309,0,19277072
20250109,16023716,9246064,6777652,2263,1954,309,0,19339286
20250110,16103352,9283924,6819428,2257,1948,309,0,19382301
20250113,16185153,9334350,6850803,2256,1947,309,0,19347439
20250114,16319765,9416909,6902855,2256,1947,309,0,19405607
20250115,16421466,9512084,6909382,2256,1947,309,0,19526334
20250116,16493331,9573337,6919994,2256,1947,309,0,19503016
20250117,16505549,9574819,6930729,2255,1946,309,0,19495575
20250120,16459176,9535325,6923851,2255,1945,309,0,19457807
20250121,16576883,9612611,6964273,2245,1936,309,0,19532339
20250122,16680980,9671522,7009458,2234,1926,308,0,20207983
20250123,16750402,9692008,7058394,2208,1900,308,0,20194325
20250124,16684449,9616470,7067979,2170,1862,308,0,19594979
20250131,16839177,9749706,7089470,2160,1855,305,0,19739214
20250203,16760700,9698159,7062541,2158,1854,305,0,19736475
20250204,16903481,9812658,7090823,2153,1848,305,0,19750953
20250205,16805748,9777558,7028190,2130,1826,304,0,19820457
20250206,16707656,9698274,7009382,2126,1825,301,0,19734457
20250207,16764741,9679071,7085670,2126,1825,301,0,19655840
20250210,16840047,9697606,7142441,2126,1825,301,0,19630634
20250211,16996929,9787129,7209800,2123,1822,301,0,19739256
20250212,17128833,9829573,7299260,2123,1822,301,0,19825831
20250213,17213172,9848546,7364626,2123,1822,301,0,19758638
20250214,17332547,9917520,7415027,2104,1803,301,0,19809777
20250217,17364181,9910257,7453924,2102,1801,301,0,19871717
20250218,17503973,9997489,7506484,2102,1801,301,0,19918562
20250219,17603974,10047493,7556481,2101,1800,301,0,19905799
20250220,17791501,10155673,7635829,2082,1781,301,0,19926105
20250221,17811023,10113861,7697162,2043,1755,288,0,19993846
20250224,17888934,10165093,7723842,2031,1743,288,0,20067300
20250225,17945977,10219147,7726829,2027,1739,288,0,20004993
20250226,18083895,10311218,7772676,2015,1727,288,0,20023055
20250227,18192707,10385323,7807384,1983,1696,287,0,20107950
20250228,18233130,10380302,7852828,1972,1695,277,0,20188369
20250304,18304523,10453130,7851394,1969,1694,275,0,20235465
20250305,18353700,10563162,7790538,1968,1694,275,0,20303900
20250306,18196932,10512408,7684523,1965,1690,275,0,20216103
20250307,18206048,10512298,7693750,1961,1687,275,0,20136718
20250310,18241209,10504529,7736680,1960,1685,275,0,20174733
20250311,18144678,10463440,7681238,1949,1675,275,0,20212685
20250312,18172788,10506064,7666724,1940,1665,275,0,20231335
20250313,18146713,10506329,7640383,1939,1664,275,0,20199291
20250314,18099015,10453373,7645642,1938,1664,275,0,20187368
20250317,18160400,10464216,7696183,1938,1664,275,0,20190659
20250318,18198104,10509310,7688794,1937,1662,275,0,20191242
20250319,18215689,10456380,7759309,1937,1662,275,0,20188705
20250320,18284161,10480543,7803618,1936,1661,275,0,20215409
20250321,18285672,10451212,7834460,1936,1661,275,0,20220786
20250324,18152379,10366091,7786289,1935,1660,275,0,20203122
20250325,17962715,10267447,7695268,1934,1660,275,0,20158856
20250326,17952563,10278840,7673723,1934,1660,275,0,20131264
20250327,17842252,10217637,7624615,1934,1660,275,0,20135578
20250328,17695083,10131656,7563427,1934,1660,275,0,19959352
20250331,17593874,10082573,7511301,1934,1660,275,0,20072384
20250401,17379043,9976634,7402408,1934,1660,274,0,20036229
20250402,17110247,9856385,7253862,9816,8468,1347,0,19919852
20250403,16972050,9785909,7186141,13372,11204,2168,0,19789585
20250404,17040431,9834305,7206125,14406,12175,2231,0,19906793
20250407,16957730,9807787,7149943,16832,14198,2634,0,19928347
20250408,16961627,9841672,7119956,17220,14341,2879,0,19873374
20250409,16790753,9793716,6997037,13490,11177,2312,0,19904375
20250410,16546680,9658973,6887707,17212,14344,2868,0,19780253
20250411,16446368,9625170,6821197,17369,14582,2787,0,19764510
20250414,16304549,9484851,6819697,19736,16450,3286,0,19646723
20250415,16576036,9681165,6894871,21147,17427,3721,0,19703320
20250416,16784156,9802423,6981734,23273,19052,4221,0,19701928
20250417,16898742,9835763,7062979,24524,20444,4081,0,19687726
20250418,17019019,9887019,7132000,25707,21212,4495,0,19735550
20250421,17074966,9930822,7144144,28996,23591,5405,0,19698559
20250422,17173562,9971957,7201605,30930,23876,7053,0,19705686
20250423,17274295,10020770,7253525,31300,24768,6531,0,19746367
20250424,17428186,10128336,7299850,33041,26325,6716,0,19807277
20250425,17392718,10077141,7315577,33410,26080,7331,0,19825918
20250428,17511981,10179417,7332565,35959,27078,8881,0,19950177
20250429,17522377,10154141,7368236,36749,27717,9032,0,22204659
20250430,17557971,10160895,7397076,38317,29163,9154,0,22256308
20250502,17532962,10161121,7371841,38244,29041,9202,0,22165994
20250507,17615566,10226886,7388679,39439,29957,9482,0,22178299
20250508,17515303,10156702,7358601,40531,31105,9427,0,22128589
20250509,17527903,10146178,7381725,41612,31561,10051,0,22149726
20250512,17662560,10247522,7415038,41563,31252,10312,0,22424700
20250513,17787241,10289814,7497427,42759,32398,10361,0,22356488
20250514,17729978,10224374,7505604,39183,28626,10557,0,22374692
20250515,17805327,10275507,7529819,42221,31046,11175,0,22307619
20250516,17780241,10236751,7543490,43659,32990,10669,0,22234241
20250519,17921741,10314544,7607196,43638,33033,10604,0,22293977
20250520,17943890,10320861,7623029,46089,35596,10493,0,22313655
20250521,17973528,10349223,7624305,45535,35500,10035,0,22332749
20250522,17976527,10383768,7592759,48112,37847,10265,0,22326673
20250523,17997714,10393950,7603765,50602,39922,10681,0,22318260
20250526,18146008,10525098,7620909,49797,38932,10865,0,22374055
20250527,18175374,10548986,7626388,50487,39785,10703,0,22300325
20250528,18163966,10538853,7625113,52007,40370,11637,0,22273517
20250529,18341038,10667364,7673673,53122,41618,11504,0,22327854
20250530,18273909,10613462,7660447,50187,38861,11325,0,22359970
20250602,18346307,10657652,7688655,50129,39883,10246,0,22372323
20250604,18514411,10792422,7721989,49492,39467,10026,0,22500665
20250605,18553009,10840298,7712711,49143,39884,9259,0,22424613
20250609,18533053,10820009,7713043,50073,41955,8118,0,22415430
20250610,18516888,10778179,7738709,49443,41724,7719,0,22476967
20250611,18724192,10946786,7777406,47874,40417,7457,0,22467106
20250612,18850001,11003767,7846233,49998,42496,7502,0,22552175
20250613,18988848,11119042,7869806,51370,43364,8007,0,22690224
20250616,19211834,11253046,7958788,53952,45932,8021,0,22746403
20250617,19385645,11371795,8013850,50407,43181,7226,0,22920010
20250618,19560301,11534234,8026067,51684,44394,7290,0,22872741
20250619,19608433,11588069,8020364,51734,44280,7454,0,22886900
20250620,19819766,11801082,8018685,52715,45096,7619,0,22970505
20250623,20096580,12022555,8074025,52562,45092,7470,0,23105439
20250624,20139329,12049286,8090043,52610,45168,7442,0,23203454
20250625,20572623,12420269,8152354,52062,44752,7310,0,23361775
20250626,20535166,12412998,8122168,50706,44033,6673,0,23331251
20250627,20683061,12523813,8159248,49099,42781,6318,0,23379833
20250630,20786831,12656094,8130737,46997,40991,6006,0,23606437
20250701,20879816,12760534,8119282,47023,41155,5868,0,23463750
20250702,20879543,12779641,8099902,48531,42303,6228,0,23336365
20250703,20779661,12671212,8108449,48907,42915,5992,0,23374382
20250704,20807425,12699280,8108145,47673,41420,6252,0,23474714
20250707,20798770,12679792,8118978,50220,43623,6597,0,23365149
20250708,20828141,12678451,8149690,48428,42253,6175,0,23381789
20250709,20860067,12731010,8129057,49324,42974,6350,0,23298402
20250710,21015000,12871177,8143822,51940,45199,6741,0,23345191
20250711,21266974,13088846,8178128,53358,45924,7434,0,23418376
20250714,21335168,13114660,8220508,52635,45963,6672,0,23474930
20250715,21400892,13171409,8229484,50627,43729,6897,0,23525689
20250716,21471790,13206751,8265039,50850,43808,7042,0,23696178
20250717,21588086,13277329,8310757,51460,44515,6945,0,23569524
20250718,21747933,13372123,8375809,51586,44127,7459,0,23513329
20250721,21755412,13339937,8415474,52346,45092,7255,0,23598892
20250722,21727258,13302983,8424275,53117,45623,7495,0,23554131
20250723,21724910,13274363,8450547,53015,45685,7330,0,24044845
20250724,21827783,13354413,8473370,51433,44299,7134,0,24121387
20250725,21830926,13344173,8486752,53726,45784,7943,0,23732824
20250728,21783598,13292496,8491102,52784,45609,7175,0,23686735
20250729,21788326,13298339,8489987,52448,45439,7009,0,23569282
20250730,21858078,13353527,8504551,51597,44525,7072,0,23597360
20250731,21791845,13292465,8499381,52183,44796,7388,0,23563977
20250801,21769976,13273097,8496879,52372,44935,7437,0,23526067
20250804,21780212,13299641,8480571,53219,46001,7217,0,23533836
20250805,21651178,13261987,8389191,48137,41398,6740,0,23609771
20250806,21500301,13139218,8361083,48001,41158,6843,0,23731330
20250807,21575253,13174212,8401041,50353,43160,7193,0,23692639
20250808,21787908,13351229,8436679,51436,44165,7270,0,23465196
20250811,22036242,13528166,8508077,52204,44843,7361,0,23512731
20250812,22189194,13639210,8549984,52940,44072,8868,0,23628009
20250813,22203145,13623810,8579335,52823,43413,9410,0,23648586
20250814,22211235,13616811,8594424,51490,42246,9245,0,23440426
20250818,22238800,13599863,8638937,51442,42437,9004,0,23399291
20250819,22085156,13512563,8572593,49802,41315,8487,0,23314873
20250820,22287340,13635068,8652272,48304,40385,7919,0,23358711
20250821,22150954,13552476,8598477,48108,39856,8252,0,23351504
20250822,21939038,13403698,8535340,47039,39082,7957,0,23329611
20250825,21940022,13406947,8533076,50638,42732,7906,0,23267730
20250826,21850072,13318556,8531516,52519,44726,7793,0,23190846
20250827,21887288,13347855,8539433,53355,45147,8209,0,23145016
20250828,22071192,13505217,8565975,52734,45020,7714,0,23294868
20250829,22155070,13570237,8584833,55033,47126,7906,0,23376667
20250901,22222669,13617025,8605644,55484,47674,7809,0,23373464
20250902,22260275,13649154,8611122,54921,47273,7648,0,23402791
20250903,22185984,13609001,8576984,53465,45709,7757,0,23377021
20250904,22151248,13578947,8572301,54565,46667,7898,0,23336126
20250905,22220955,13623224,8597731,54251,46528,7723,0,23440139
20250908,22253675,13619560,8634115,55306,46983,8323,0,23418062
20250909,22342404,13678072,8664332,55804,46450,9354,0,23486001
20250910,22380974,13671464,8709510,56415,46511,9904,0,23506967
20250911,22436243,13678776,8757467,58842,48632,10210,0,23539616
20250912,22407225,13620011,8787213,62008,51212,10796,0,23544263
20250915,22501290,13643602,8857688,57699,47975,9725,0,23610307
20250916,22527934,13648284,8879650,59030,49368,9662,0,23688839
20250917,22779657,13800184,8979473,59275,49384,9892,0,23917093
20250918,22881480,13841904,9039576,61439,51870,9569,0,23913538
20250919,23036952,13959176,9077777,59951,50410,9541,0,24375267
20250922,23160995,14046911,9114083,59607,49415,10191,0,24419284
20250923,23286691,14134036,9152655,59443,49143,10300,0,24099990
20250924,23364313,14151139,9213174,59584,48053,11531,0,24201864
20250925,23519906,14226035,9293871,59982,49073,10910,0,24274132
20250926,23537790,14223322,9314468,58619,48483,10136,0,24331809
20250929,23463228,14164543,9298686,58202,48522,9680,0,24372598
20250930,23492840,14244693,9248147,55945,46252,9693,0,24552093
20251001,23345839,14121818,9224021,56685,47111,9574,0,24077105
20251002,23341255,14078990,9262265,55716,46281,9435,0,24191570
20251010,23243706,13985986,9257721,57162,46867,10295,0,24384798
20251013,23267748,14003454,9264294,55564,46260,9304,0,24440584
20251014,23558561,14243392,9315170,55631,46743,8889,0,24463317
20251015,23828839,14483809,9345029,50872,42439,8433,0,24561782
20251016,23775822,14415042,9360779,49614,41673,7941,0,24776373
20251017,23879969,14479035,9400933,54204,46000,8204,0,24946784
20251020,24055155,14604406,9450749,53812,45683,8129,0,24924807
20251021,23926313,14491256,9435056,48865,41806,7059,0,25127408
20251022,24241954,14766954,9475000,51359,43982,7377,0,25010147
20251023,24419952,14890560,9529392,52413,44403,8010,0,25161233
20251024,24651838,15083364,9568474,52706,45404,7302,0,25319153
20251027,24776660,15186978,9589681,53782,46281,7501,0,25424107
20251028,24823045,15206652,9616393,55412,47967,7445,0,25496582
20251029,25096806,15460011,9636795,55093,48006,7087,0,25397779
20251030,25272595,15605150,9667445,54670,47424,7246,0,25655898
20251031,25526891,15817250,9709640,55638,48160,7478,0,25805834
20251103,25461864,15781983,9679880,55484,48196,7288,0,25946831
20251104,25511751,15797236,9714514,55089,48416,6673,0,25991812
20251105,25822465,16062683,9759782,55077,48580,6497,0,24715377
20251106,25878152,16093351,9784801,53164,46173,6991,0,24532886
20251107,26216547,16346519,9870028,51585,46029,5555,0,24785407
20251110,26119765,16291077,9828688,51805,45093,6712,0,24487370
20251111,25991776,16225900,9765876,49681,43558,6122,0,24723059
20251112,26009766,16255034,9754732,52775,46295,6480,0,24387496
20251113,26251500,16481350,9770150,52033,45573,6461,0,24014884
20251114,26403331,16631690,9771641,52725,44758,7967,0,24116105
20251117,26602943,16743159,9859785,50599,43952,6646,0,24091756
20251118,26796568,16946970,9849598,45789,39914,5876,0,24421384
20251119,26835841,17015793,9820048,48664,42587,6077,0,24211283
20251120,26847120,17058191,9788929,47491,41420,6070,0,24385678
20251121,26761247,17028465,9732782,45806,40038,5768,0,24336830
20251124,26761702,17034147,9727555,49326,42903,6423,0,24372226
20251125,26666986,16989274,9677712,44026,38767,5259,0,24600149
20251126,26492119,16861010,9631109,46678,40737,5942,0,24151979
20251127,26444082,16855553,9588529,46291,40502,5789,0,24142673
20251128,26445065,16853654,9591410,49973,43787,6185,0,24088155
20251201,26582351,16941967,9640385,50954,44667,6287,0,24072838
20251202,26799037,17163357,9635680,49967,41580,8386,0,24268584
20251203,26831012,17114607,9716405,51796,42485,9311,0,24322510
20251204,26895874,17094623,9801251,53484,44403,9081,0,24510221
20251205,27076309,17184317,9891992,55912,46060,9851,0,24629129
20251208,27355467,17432956,9922511,54575,45418,9157,0,24588196
20251209,27333487,17414901,9918586,57228,48469,8759,0,24691134
20251210,27406497,17451839,9954659,51456,42614,8842,0,24906443
20251211,27391215,17389363,10001852,49266,40476,8790,0,24898635
20251212,27379592,17340889,10038703,49903,41162,8741,0,24742339
20251215,27418784,17353166,10065618,47851,39261,8590,0,24799249
20251216,27337687,17271577,10066110,48783,40162,8621,0,24819131
20251217,27528779,17389027,10139752,45995,37737,8258,0,24800628
20251218,27344532,17264651,10079881,43004,35722,7282,0,24809428
20251219,27266021,17213669,10052352,44547,37222,7325,0,24804408
20251222,27243930,17207819,10036111,42763,34757,8006,0,24748010
20251223,27265131,17231418,10033713,44242,35862,8380,0,24821866
20251224,27270110,17197544,10072566,46112,36355,9757,0,24894221
20251226,27247572,17131457,10116116,46670,36917,9753,0,24872412
20251229,27294510,17167807,10126703,46075,36560,9515,0,24866774
20251230,27299548,17136086,10163462,44425,34842,9583,0,24938420
20251231,27286469,17126099,10160370,44425,34842,9583,0,24051075
20260102,27420700,17235406,10185294,47132,36327,10804,0,24806213
20260105,27622356,17419695,10202661,46331,35942,10389,0,25061051
20260106,27796261,17590138,10206123,48274,37882,10392,0,25140232
20260107,27870759,17593221,10277538,50746,41039,9707,0,25246373
20260108,28190294,17864561,10325733,51079,41363,9717,0,25471208
20260109,28349745,17941133,10408612,55531,45679,9851,0,25405189
20260112,28522408,18116833,10405575,55150,46559,8591,0,25489776
20260113,28657441,18266333,10391107,55199,46851,8348,0,25691419
20260114,28599293,18198979,10400314,55043,47118,7926,0,25572544
20260115,28745580,18290635,10454945,55422,47392,8030,0,25759047
20260116,28933786,18447408,10486379,55602,47885,7717,0,25803527
20260119,28995014,18472188,10522826,54172,46642,7530,0,25908298
20260120,29058554,18551999,10506554,54240,46580,7659,0,26114853
20260121,29082114,18509121,10572993,56612,48967,7644,0,26111469
20260122,28925745,18452386,10473358,51272,44277,6995,0,26147971
20260123,29055410,18599163,10456247,53725,46635,7090,0,25934005
20260126,29346682,18862856,10483826,53758,46336,7422,0,26074107
20260127,29244996,18784747,10460249,54148,45759,8389,0,26217066
20260128,29596166,19151033,10445133,52074,42642,9433,0,26096824
20260129,30092487,19592259,10500228,53106,43656,9450,0,26124828
20260130,30277851,19854894,10422957,52027,42466,9561,0,26124342
20260202,30473064,20098211,10374853,52364,42791,9573,0,26215337
20260203,30539766,20268065,10271701,52261,43002,9259,0,26457724
20260204,30935180,20623891,10311289,46004,37767,8237,0,26638491
20260205,30786792,20466799,10319994,50455,42228,8226,0,26038299
20260206,31099495,20668013,10431482,49842,41901,7942,0,26223893
20260209,31607698,21182942,10424756,47244,40026,7218,0,26678323
20260210,31560720,21185393,10375327,42448,35923,6525,0,26438217
20260211,31318010,20918416,10399594,44492,37403,7089,0,25790247
20260212,31466410,20960376,10506034,46775,39520,7255,0,25807248
20260213,31476674,20942212,10534462,49414,42330,7084,0,25838624
20260219,31593229,20944448,10648781,47974,41079,6896,0,25702226
20260220,31638448,20977105,10661343,46150,39426,6724,0,25922730
20260223,31712325,21121450,10590875,47994,40467,7527,0,25739862
20260224,31960208,21279520,10680687,49136,41621,7515,0,26426052
20260225,32134040,21399130,10734910,49217,41723,7494,0,26249395
20260226,32368488,21496796,10871692,50269,42871,7398,0,26361958
20260227,32668983,21672790,10996193,50719,43664,7054,0,26328386
20260303,32804073,21778077,11025996,51979,45411,6568,0,26603635
20260304,33197791,22231204,10966587,50315,44080,6235,0,27162713
20260305,33694521,22815279,10879241,44672,39499,5174,0,28084542
20260306,32789896,22348354,10441542,33840,30243,3598,0,27674123
20260309,31690508,21562347,10128161,40838,35790,5048,0,25679556
20260310,31803317,21631564,10171753,39138,34451,4687,0,25946412
20260311,31758385,21609005,10149380,41601,37589,4012,0,26252211
20260312,32141942,21821252,10320690,41684,37298,4386,0,25922737
20260313,32683362,22185649,10497713,41064,36733,4331,0,25985351
20260316,33219147,22620778,10598370,37034,32675,4359,0,25882090
20260317,33331617,22706498,10625120,36858,32053,4806,0,26044707
20260318,33487589,22846034,10641555,35408,30946,4462,0,26188633
20260319,33307626,22691397,10616230,34239,29854,4386,0,25837580
20260320,33255008,22616375,10638633,37001,32352,4649,0,25907368
20260323,33348618,22725036,10623582,37265,33006,4259,0,26107959
20260324,33421855,22845615,10576239,36436,32013,4422,0,26247257
20260325,33028524,22634659,10393864,31501,27264,4237,0,26268882
20260326,32752416,22447926,10304490,35229,30426,4803,0,25774976
20260327,32784474,22456119,10328355,37313,31943,5371,0,25748838
20260330,32601763,22284736,10317027,36820,31458,5363,0,25594865
20260331,32922615,22559682,10362934,37389,32175,5214,0,25676887
20260401,32981021,22609406,10371616,36077,30954,5123,0,25966684
20260402,32725506,22506384,10219122,31566,26681,4885,0,26224496
20260403,32443983,22278863,10165120,37238,32350,4888,0,25296762
20260406,32845902,22643583,10202318,34745,29933,4813,0,25523015
20260407,32657681,22468639,10189042,37576,32642,4934,0,25391936
20260408,32730005,22573506,10156499,37325,32469,4855,0,25435315
20260409,32720017,22636117,10083900,37546,32752,4794,0,25856913
20260410,32901431,22750606,10150824,40803,35864,4939,0,25721893
20260413,33216818,22986628,10230189,37721,33737,3984,0,24994153
20260414,33282445,23040602,10241844,37126,33223,3903,0,24911979
20260415,33356678,23096979,10259698,38360,34186,4174,0,25185591
20260416,33872266,23425867,10446400,38616,34446,4170,0,25043657
20260417,34027932,23509583,10518349,41514,37140,4374,0,24931955
20260420,34259238,23625640,10633598,45554,40485,5070,0,24850982
20260421,34694635,23994978,10699657,45414,40223,5192,0,25048441
20260422,34810689,24058499,10752190,46783,40943,5840,0,25107236
20260423,35079918,24243090,10836828,49415,43469,5947,0,25311616
20260424,35463009,24579345,10883664,48509,42822,5687,0,25287311
20260427,35537755,24652710,10885045,47436,42071,5365,0,25415695
20260428,35689655,24811639,10878016,47536,41406,6130,0,25434889
20260429,36068250,25017693,11050556,50596,44128,6469,0,25171986
20260430,35713079,24683557,11029522,50072,44174,5898,0,25291961
20260504,35838919,24816912,11022007,50724,44859,5865,0,25507473
20260506,35429768,24500853,10928915,49775,44127,5648,0,25636717
20260507,35507187,24553059,10954128,54247,48467,5781,0,25419631
20260508,35950018,24942683,11007335,58321,52207,6114,0,25685928
20260511,35998500,25046079,10952421,52872,46956,5917,0,25857514
20260512,36267738,25403831,10863907,50447,44548,5900,0,26480312
20260513,36074005,25313547,10760457,54626,48367,6258,0,25919934
20260514,36469784,25826781,10643004,52896,46918,5978,0,26329967
20260515,36567516,25987572,10579943,55298,47282,8016,0,26364517
20260518,36396655,25899488,10497167,49069,43797,5273,0,25929748
20260519,35856070,25523374,10332696,44847,39875,4972,0,26534193
20260520,36237024,26003624,10233400,43920,39189,4731,0,26052925
20260521,36472380,26364442,10107938,39910,35744,4166,0,26326553
20260522,36355524,26419905,9935618,40510,36059,4451,0,25729842
20260526,36254787,26399276,9855511,43254,38524,4730,0,25281662
20260527,36690036,26833716,9856320,42397,36999,5398,0,25803160
20260528,37068718,27184083,9884635,44015,38832,5183,0,26190119
20260529,38022681,28024472,9998209,43642,39213,4429,0,26317824
20260601,37681169,27845647,9835522,46368,42406,3962,0,26211625
20260602,37709128,27924185,9784943,46177,42244,3933,0,26216206
20260604,37737597,28031687,9705910,51336,47352,3984,0,26402454
20260605,37838377,28273482,9564895,46310,41257,5054,0,26243312
20260608,37790396,28326450,9463946,42638,37033,5605,0,26550969
20260609,37929018,28573169,9355849,38193,34212,3981,0,26292257
20260610,36773649,27807841,8965807,34808,31288,3520,0,26048685
20260611,36656474,27874378,8782096,38886,33952,4934,0,24672893
20260612,36879281,28110836,8768446,36302,31923,4379,0,25420553
20260615,37076954,28296079,8780874,31000,26437,4563,0,25097917
20260616,37385632,28531116,8854516,35691,30961,4730,0,25290136
20260617,37800525,28843289,8957236,43217,38471,4746,0,25280087
20260618,37979688,28927467,9052221,40700,36314,4386,0,25570729
20260619,38478688,29397728,9080960,38454,34136,4318,0,26026160
20260622,38531191,29470718,9060472,39530,35457,4073,0,25950087
20260623,38093622,29133243,8960378,39435,35533,3902,0,26053308
20260624,38632824,29754263,8878561,38412,33965,4447,0,26346187
20260625,38048381,29389386,8658995,31651,28151,3500,0,26162923
20260626,37761576,29329632,8431944,34700,30272,4428,0,25459898
20260629,37807006,29425399,8381608,37049,32823,4225,0,25181088
20260630,37328228,29234568,8093660,31659,27991,3668,0,25494840
20260701,37339343,29338829,8000514,35077,30698,4379,0,25042032
20260702,37718683,29634401,8084282,34891,30354,4537,0,25004481
20260703,37792211,29677370,8114841,37345,32910,4434,0,24914753
20260706,37660002,29561210,8098792,34927,31155,3771,0,25285096
20260707,37065396,29074973,7990423,32838,29110,3728,0,24357516
20260708,37199867,29239165,7960702,30962,27544,3418,0,24705070
20260709,36633641,28837405,7796236,27897,23808,4089,0,25223393
20260710,35573983,28019642,7554341,25460,21695,3765,0,25237585
20260713,34788619,27447168,7341451,24200,21049,3151,0,24872258
20260714,34707755,27452720,7255034,28580,25297,3283,0,24804274
20260715,34370184,27135448,7234735,26953,23784,3169,0,25877910
20260716,33362442,26253368,7109075,24274,21166,3109,0,25195635
20260720,33332642,26206459,7126183,30774,27808,2966,0,24782509
20260721,33558388,26420477,7137911,25257,22382,2875,0,24912476
20260722,33042098,26028687,7013411,20774,18117,2658,0,25067386
20260723,32749219,25838628,6910591,25929,23360,2569,0,24838296
20260724,32671670,25745724,6925945,23451,20912,2539,0,24709692
20260727,32741063,25835506,6905557,30074,26854,3220,0,24690322
20260728,33194040,26271969,6922071,24959,22370,2590,0,25159474
20260729,32995046,26175088,6819958,24791,22172,2619,0,25515482
20260730,32153119,25508658,6644461,19393,17391,2002,0,25819358
20260731,28934997,22840599,6094398,14438,12450,1988,0,25449338
20260803,27443854,21614091,5829763,17040,14936,2104,0,24871213
20260804,27403828,21589188,5814640,26324,23811,2513,0,24137875
20260805,28417966,22520319,5897647,19019,16207,2812,0,24604608
20260806,28794010,22868507,5925503,24744,21450,3295,0,24371411
20260807,29230368,23099946,6130422,27780,24486,3294,0,24415045
20260810,30023768,23838401,6185366,25621,22208,3413,0,24672334
20260811,30038722,23770378,6268345,26310,22936,3374,0,24657728
20260812,30418753,24198821,6219932,27295,23814,3481,0,24715601
20260813,30926266,24534908,6391359,27985,24582,3403,0,24862321
20260814,30867510,24327182,6540328,31067,26799,4268,0,24918140
20260818,31104533,24394711,6709822,33446,29841,3605,0,25194954
20260819,31312008,24487369,6824640,33918,31037,2881,0,25126144
20260820,31893895,24974174,6919721,31482,28792,2690,0,25378522
20260821,32416288,25561165,6855123,27147,24621,2526,0,25576085
20260824,32628246,25753152,6875094,30955,28122,2833,0,25303427
20260825,32848307,25902153,6946154,29319,26681,2638,0,25646931
20260826,33102367,26246926,6855441,32977,29912,3065,0,25763003
