일자,투자자예탁금,장내파생상품_거래예수금,대고객RP_매도잔고,위탁매매_미수금,반대매매금액,미수금대비_반대매매비중
19980618,1957824,561845,404865,166456,0,0
19980619,1907064,486467,4355259,175954,0,0
19980620,1885424,485194,4373248,192697,0,0
19980622,1950155,497507,4326370,194277,0,0
19980623,1936932,502410,4431383,185484,0,0
19980624,1918299,511721,4198738,179358,0,0
19980625,1902122,514737,4192443,182386,0,0
19980626,1893517,496495,4026402,189068,0,0
19980627,1867476,492490,3966295,189483,0,0
19980629,1812484,506390,3788371,179748,0,0
19980630,1804736,503224,3748051,169108,0,0
19980701,1884070,513475,3577265,16798,0,0
19980702,1848895,542974,3708369,170209,0,0
19980703,1850024,539627,3740675,188410,0,0
19980704,1891582,536007,3710134,198793,0,0
19980706,1919233,542220,3634118,192251,0,0
19980707,1914182,545017,3649493,180797,0,0
19980708,1887352,536745,3415882,176098,0,0
19980709,1925613,551148,3375079,181033,0,0
19980710,1943536,540974,3021560,182654,0,0
19980711,1906807,550870,3269404,186709,0,0
19980713,1885312,571223,3169982,199413,0,0
19980714,1874918,578413,3230368,189918,0,0
19980715,1884199,578328,3203857,180340,0,0
19980716,1840788,576546,3237169,179980,0,0
19980718,1893721,549473,3088812,189893,0,0
19980720,2029982,615011,2997419,194549,0,0
19980721,2189071,644074,3052253,195949,0,0
19980722,2317687,664451,3022020,201883,0,0
19980723,2305181,664163,3020671,234134,0,0
19980724,2195924,671088,3117295,237594,0,0
19980725,2216177,675374,3043923,252871,0,0
19980727,2168290,695489,2955637,241197,0,0
19980728,2074602,568049,3030200,221498,0,0
19980729,2013813,576404,3075276,208642,0,0
19980730,1989352,574132,2974904,198863,0,0
19980731,2004741,609924,3133523,199864,0,0
19980801,1987945,610427,3081494,203290,0,0
19980803,1954157,608883,3028930,209693,0,0
19980804,1969728,619119,2917822,203896,0,0
19980805,1971002,567746,2899732,191264,0,0
19980806,0,0,0,0,0,0
19980807,1944273,600603,2815233,193029,0,0
19980808,1911136,596731,2784264,193788,0,0
19980810,1906655,614605,2697202,185345,0,0
19980811,1887518,593656,2681586,174349,0,0
19980812,1892084,604993,2601107,173981,0,0
19980813,1867155,584949,2599892,173444,0,0
19980814,1854808,577770,2473751,177522,0,0
19980817,1877044,548717,2410826,175711,0,0
19980818,1857801,529410,2516280,174448,0,0
19980819,1854099,530598,2513515,169369,0,0
19980820,1870843,522613,2471202,171023,0,0
19980821,1876852,573135,2495345,175659,0,0
19980822,1844862,572358,2500682,186844,0,0
19980824,1863866,595900,2555569,192885,0,0
19980825,1841567,565539,2508615,185287,0,0
19980826,1865843,564912,2481265,180461,0,0
19980827,1857156,556349,2541163,183681,0,0
19980828,1889096,580042,2580263,189978,0,0
19980829,1857135,583262,2520169,187146,0,0
19980831,1846571,580293,2603954,182574,0,0
19980901,1836800,576017,2513210,177328,0,0
19980902,1815176,574645,2463190,172941,0,0
19980903,1809666,571017,2317679,176235,0,0
19980904,1824013,561156,2339769,176450,0,0
19980905,1805666,561834,2309609,178237,0,0
19980907,1851681,567386,2346667,171651,0,0
19980908,1897970,582057,2296183,161509,0,0
19980909,1942766,587960,2377464,176925,0,0
19980910,1951322,606276,2268484,186911,0,0
19980911,1977546,528850,2205646,180830,0,0
19980912,2003512,524995,2209985,177895,0,0
19980914,2003675,535100,2213843,181911,0,0
19980915,1928996,531702,2213029,178357,0,0
19980916,1892477,523868,2213022,176839,0,0
19980917,1870988,534431,2317010,186502,0,0
19980918,1874634,549010,2179877,181406,0,0
19980919,1850824,549785,2179665,178664,0,0
19980921,1780866,538459,2164380,179374,0,0
19980922,1768000,501217,2163265,172508,0,0
19980923,1721254,503908,2134053,170789,0,0
19980924,1750676,523677,2102475,171257,0,0
19980925,1727309,540307,2074861,172531,0,0
19980926,1770310,530986,2118158,178031,0,0
19980928,1665554,498696,2155154,164825,0,0
19980929,1759531,549180,2220676,171343,0,0
19980930,1704581,532174,2556499,165305,0,0
19981001,1697613,532972,2310696,164020,0,0
19981002,1603336,496592,2161385,163065,0,0
19981007,1665554,498696,2155154,164825,0,0
19981008,1704017,501921,2336442,161911,0,0
19981009,1709531,494380,2212491,166791,0,0
19981010,1766961,536550,2201294,173847,0,0
19981012,1912656,538863,2326194,183057,0,0
19981013,2069401,597597,2368274,178498,0,0
19981014,2162990,597068,2319377,191519,0,0
19981015,2275038,600342,2194124,212898,0,0
19981016,2283076,655040,2191350,216979,0,0
19981017,2310764,636423,2205781,221406,0,0
19981019,2473574,677464,2003949,222203,0,0
19981020,2470247,677796,2044438,209253,0,0
19981021,2506922,691907,2143997,210230,0,0
19981022,2500293,686595,2139899,215348,0,0
19981023,2484933,688443,2184591,223415,0,0
19981024,2426052,681950,2210558,217571,0,0
19981026,2425414,681269,1847889,214658,0,0
19981027,2421455,674371,1752165,202621,0,0
19981028,2380685,665610,1750720,196711,0,0
19981029,2310942,660830,1817572,208586,0,0
19981030,2240941,674832,2019294,203697,0,0
19981031,2215648,677843,2020219,196934,0,0
19981102,2334480,692200,1876137,198356,0,0
19981103,2447094,686279,1915007,200574,0,0
19981104,2541650,683508,1818726,211662,0,0
19981105,2639922,698531,2134613,214074,0,0
19981106,2689308,698400,2012911,219924,0,0
19981107,2733866,685470,2070909,228458,0,0
19981109,2777826,665215,2098895,249038,0,0
19981110,2785087,647815,2090988,235817,0,0
19981111,2733167,627750,2103272,222291,0,0
19981112,2824749,610867,2058705,239801,0,0
19981113,2752214,610174,2081487,226372,0,0
19981114,2731467,605444,2099947,218402,0,0
19981116,2737681,611650,2092470,209433,0,0
19981117,2776530,624009,2091358,206594,0,0
19981118,2781050,620024,2279977,220705,0,0
19981119,2812091,655123,2105220,232786,0,0
19981120,2814110,668815,2321069,241535,0,0
19981121,2812306,670587,2324123,248624,0,0
19981123,2987889,674324,2165749,259719,0,0
19981124,3030191,662273,2217456,252897,0,0
19981125,3143566,640230,2160172,240237,0,0
19981126,3191384,644972,2161327,245829,0,0
19981127,3182541,641734,2142221,249459,0,0
19981128,3141380,640864,2141289,262887,0,0
19981130,3153503,647367,2123230,248388,0,0
19981201,3224519,645926,2150380,230970,0,0
19981202,3255949,637369,2141527,248779,0,0
19981203,3271933,634756,2107984,171400,0,0
19981204,3300230,627854,2214474,273674,0,0
19981205,3337682,659907,2208548,270820,0,0
19981207,3745225,698752,2165826,277415,0,0
19981208,4255042,708403,2150044,287763,0,0
19981209,4421065,694727,2176208,317447,0,0
19981210,4738193,724791,2221340,356893,0,0
19981211,4898318,636997,2182920,376817,0,0
19981212,4915197,603342,2168195,375636,0,0
19981214,5220885,570653,2129979,436125,0,0
19981215,5276819,561455,2034347,489340,0,0
19981216,5216256,553038,2010760,572288,0,0
19981217,4946002,543736,1989375,642656,0,0
19981218,4888406,538130,2039341,729147,0,0
19981219,4924348,537951,2072924,720134,0,0
19981221,5022500,540060,2056322,641788,0,0
19981222,4859073,558267,2009269,501785,0,0
19981223,4735600,501901,2284729,470327,0,0
19981224,4754798,493894,2426164,438301,0,0
19981226,4765027,490829,2490482,436695,0,0
19981228,4759300,467229,2487507,386195,0,0
19981229,4326701,440964,2554404,357379,0,0
19981230,3786703,435023,2258410,229401,0,0
19981231,3777343,432705,2524667,219486,0,0
19990102,3774793,433005,2723329,213157,0,0
19990104,4154377,466609,2445942,183952,0,0
19990105,4457525,501379,2346620,182072,0,0
19990106,4658458,505864,2200758,285731,0,0
19990107,4968626,535803,2130936,330054,0,0
19990108,5076990,557598,2157336,337246,0,0
19990109,5078399,570877,2160775,335991,0,0
19990111,5391635,561390,2511519,366241,0,0
19990112,5605769,564262,2149419,391711,0,0
19990113,5609160,539146,1980394,427188,0,0
19990114,5398697,563753,2086361,480932,0,0
19990115,5439199,538644,1980741,485428,0,0
19990116,5424892,536809,1974778,482481,0,0
19990118,5575602,568470,2023940,523020,0,0
19990119,5444073,569916,2034565,434045,0,0
19990120,5261745,574235,2035052,427104,0,0
19990121,5304404,595938,1960371,445623,0,0
19990122,5296436,594793,1960688,413348,0,0
19990123,5278493,601305,1980001,408524,0,0
19990125,5290107,604061,1794660,408570,0,0
19990126,5156500,607720,1795310,399577,0,0
19990127,5061364,611830,2041248,370885,0,0
19990128,5022555,636087,1755796,330774,0,0
19990129,4915947,611467,2009920,311941,0,0
19990130,4900804,623442,2058197,306549,0,0
19990201,4928910,622698,2050763,297431,0,0
19990202,5004330,624113,2023993,295863,0,0
19990203,4995190,601991,1829390,303099,0,0
19990204,4739434,607399,1847850,343311,0,0
19990205,4578035,602373,1790868,368517,0,0
19990206,4601440,609988,1804978,370339,0,0
19990208,4519177,625064,1770202,340145,0,0
19990209,4547245,637340,1825767,310804,0,0
19990210,4173457,636788,1759947,297646,0,0
19990211,4352549,656369,1674776,289789,0,0
19990212,4213045,641769,1751407,297374,0,0
19990213,4173457,636788,1759947,297646,0,0
19990218,4371616,667182,1667248,271398,0,0
19990219,4359958,865833,1663248,267321,0,0
19990220,4362392,673610,1665608,267427,0,0
19990222,4305400,665912,1693773,276645,0,0
19990223,4209348,669914,2119412,295314,0,0
19990224,4174194,670941,2094077,297682,0,0
19990225,4035004,653513,1974027,267189,0,0
19990226,3983868,656103,1808325,216011,0,0
19990227,4016659,661966,1866127,216954,0,0
19990302,4135237,673958,1844606,207274,0,0
19990303,4336405,644830,1914108,205325,0,0
19990304,4511137,707175,1811237,231499,0,0
19990305,4531400,696310,1808654,248263,0,0
19990306,4530527,701141,1824078,251072,0,0
19990308,4657519,683377,1841203,257809,0,0
19990309,4768639,732641,1803983,252378,0,0
19990310,4962168,712730,1795413,306791,0,0
19990311,5233453,682505,1693371,356132,0,0
19990312,5233802,689182,1679233,316843,0,0
19990313,5226631,673049,1680974,310147,0,0
19990315,5430050,648773,1715495,339160,0,0
19990316,5329146,645056,1688730,357870,0,0
19990317,5233453,682505,1693371,356132,0,0
19990318,5239835,697595,1704993,355224,0,0
19990319,5127158,683455,1692692,409963,0,0
19990320,5123283,676674,1693090,406731,0,0
19990322,5753149,699585,1677846,406503,0,0
19990323,5843463,701185,1670654,351150,0,0
19990324,5433471,702483,1649282,335039,0,0
19990325,5402919,694943,1918123,309544,0,0
19990326,5304744,694878,1934703,318966,0,0
19990327,5339224,696756,1919669,317229,0,0
19990329,5573431,666991,1898558,297107,0,0
19990330,5352886,668735,1915445,279222,0,0
19990331,5329672,673515,2108984,279239,0,0
19990401,5354708,673991,1740260,270040,0,0
19990402,5454305,694514,1739936,264323,0,0
19990403,5471827,693594,1728224,266280,0,0
19990406,5769430,704988,1634446,278599,0,0
19990407,5855940,717164,1611081,307014,0,0
19990408,5974927,712029,1517864,324004,0,0
19990409,6145590,720115,1634166,339959,0,0
19990410,6172762,719456,1564046,335322,0,0
19990412,6881184,731098,1582356,351718,0,0
19990413,7114460,649453,1570923,381284,0,0
19990414,6852889,730801,1602383,410480,0,0
19990415,7070050,744199,1568979,401553,0,0
19990416,6973680,774780,1536152,387874,0,0
19990417,7008471,781528,1537349,385820,0,0
19990419,7821034,807364,1541310,445417,0,0
19990420,8081133,854782,1536372,481675,0,0
19990421,8257168,849862,1637313,477953,0,0
19990422,8396855,844193,1629555,474588,0,0
19990423,8279837,844234,1566397,515670,0,0
19990424,8425452,854080,1602074,534880,0,0
19990426,8506917,866541,1603530,582818,0,0
19990427,8586966,886978,1597072,484911,0,0
19990428,8822351,891726,1605967,472331,0,0
19990429,8874414,871437,1603161,506541,0,0
19990430,8911887,878019,1643289,530687,0,0
19990503,9056955,879945,1587797,593164,0,0
19990504,8827869,890553,1544855,592058,0,0
19990506,8876783,900718,1548690,526999,0,0
19990507,8907554,919870,1546296,480357,0,0
19990508,8832982,897378,1537193,480513,0,0
19990510,9014756,878631,1590364,504559,0,0
19990511,9040936,895150,1600082,541713,0,0
19990512,9166588,884512,1559735,555012,0,0
19990513,9139277,910822,1551196,596610,0,0
19990514,8944954,884624,1561368,641078,0,0
19990515,9038089,858872,1559667,635145,0,0
19990517,9015721,879188,1647108,614952,0,0
19990518,8682879,876370,1535681,533260,0,0
19990519,8548320,872978,1560071,446837,0,0
19990520,8404680,847830,1570048,366441,0,0
19990521,8146666,848388,1586222,344119,0,0
19990524,7981906,847924,1531593,381253,0,0
19990525,7882477,842097,1521232,488948,0,0
19990526,8085304,843150,1510232,316314,0,0
19990527,8121165,844579,1512278,298475,0,0
19990528,8392009,833186,1455586,325369,0,0
19990529,8314047,829562,1461029,327011,0,0
19990531,8348832,827662,1473427,333616,0,0
19990601,8410336,845372,1474564,356033,0,0
19990602,8486244,822959,1468154,350354,0,0
19990603,8586790,873688,1505834,359708,0,0
19990604,8349084,876634,1528005,377682,0,0
19990605,8316643,877946,1544053,377778,0,0
19990607,8698433,905020,1546790,387422,0,0
19990608,8742319,980395,1483869,393848,0,0
19990609,8822319,988488,1503920,429396,0,0
19990610,8663085,960253,1505317,481908,0,0
19990611,8908324,943228,1498830,542154,0,0
19990612,8702524,913895,1526562,548164,0,0
19990614,8862425,899757,1554694,461487,0,0
19990615,8529047,895551,1515332,450362,0,0
19990616,8481930,885639,1539399,479675,0,0
19990617,8628878,892775,1621452,449013,0,0
19990618,8182380,884081,1752907,400073,0,0
19990619,8073001,892620,1578556,399325,0,0
19990621,8217790,926695,1689466,395507,0,0
19990622,8552396,955219,1721089,380447,0,0
19990623,9002732,970348,1481496,387464,0,0
19990624,8902415,987615,1500170,430641,0,0
19990625,8709714,987692,1547175,438134,0,0
19990626,9030142,986920,1537855,436989,0,0
19990628,8961119,1011034,1547182,449253,0,0
19990629,8543904,1044544,1893970,441486,0,0
19990630,8145608,1068560,1656050,441108,0,0
19990701,8012206,1064031,1793288,431081,0,0
19990702,8031683,1054309,1688861,457081,0,0
19990703,7968996,1057902,1672583,451023,0,0
19990705,8390801,1043514,1457615,523484,0,0
19990706,9402684,1097960,1558589,453889,0,0
19990707,9164017,1021061,1538656,511885,0,0
19990708,9278874,1047424,1444200,543941,0,0
19990709,9659809,1018614,1316520,614728,0,0
19990710,9628684,996718,1379396,605585,0,0
19990712,10061797,1012896,1443124,652400,0,0
19990713,10962172,1004801,1453672,648279,0,0
19990714,11044442,993898,1407069,705460,0,0
19990715,11533203,1001946,1456078,763156,0,0
19990716,11078722,1018266,1571688,753870,0,0
19990719,10789348,1063727,1400862,632552,0,0
19990720,10813349,1147382,1429570,721247,0,0
19990721,10705104,1233451,1387934,774968,0,0
19990722,10875958,1228794,1429919,780202,0,0
19990723,10596137,1179154,1429516,780554,0,0
19990724,10624529,1173096,1405285,776308,0,0
19990726,10634087,1216400,1281287,776721,0,0
19990727,10842023,1289110,1358379,729769,0,0
19990728,10451293,1281651,1342129,714647,0,0
19990729,10309657,1276451,1348762,586607,0,0
19990730,10504661,1356768,1379538,543402,0,0
19990731,10555762,1380628,1356637,538100,0,0
19990802,11015305,1353355,1398706,553659,0,0
19990803,11342919,1349659,1453339,628353,0,0
19990804,10914647,1381021,1412476,728167,0,0
19990805,10624605,1369148,1445455,745517,0,0
19990806,10371087,1339875,1386367,703837,0,0
19990807,10343963,1340464,1383384,685352,0,0
19990809,10936729,1327361,1438995,639381,0,0
19990810,10234417,1313022,1383900,567574,0,0
19990811,10228715,1352655,1413081,567010,0,0
19990812,10193507,1318504,1409577,594540,0,0
19990813,10155710,1268240,1419504,626164,0,0
19990814,10755101,1314434,1429180,620222,0,0
19990816,10500734,1342574,1425643,574407,0,0
19990817,10194660,1327510,1470649,606788,0,0
19990818,10035320,1314215,1484653,567883,0,0
19990819,9920272,1305444,1496866,565303,0,0
19990820,9864240,1229190,1468782,654651,0,0
19990821,9880417,1292314,1480143,573320,0,0
19990823,9901939,1211026,1406908,506625,0,0
19990824,9796103,1297119,1429631,445083,0,0
19990825,9859941,1274111,1422839,452429,0,0
19990826,9903072,1274587,1534952,491463,0,0
19990827,10085680,1261200,1427071,560008,0,0
19990828,10216572,1269215,1435284,555870,0,0
19990830,10285645,1264275,1564342,611517,0,0
19990831,10090248,1332157,1451141,632952,0,0
19990901,9873439,1307899,1408797,610762,0,0
19990902,9688364,1278270,1285307,576054,0,0
19990903,9289679,1263867,1284466,645247,0,0
19990904,9295432,1280044,1259131,642272,0,0
19990906,9277843,1277877,1294401,632822,0,0
19990907,9052251,1306333,1305802,628799,0,0
19990908,8910477,1281821,1336512,580656,0,0
19990909,9442844,1270027,1294575,541340,0,0
19990910,9297774,1209671,1297295,556138,0,0
19990911,9135951,1211485,1316010,555204,0,0
19990913,9075320,1213159,1276053,551835,0,0
19990914,9229278,1195432,1227959,532013,0,0
19990915,8190843,1172531,1230577,551484,0,0
19990916,8082542,1186560,1231268,580324,0,0
19990917,7850777,1189307,1250573,602042,0,0
19990918,7888023,1198964,1235731,596237,0,0
19990920,7952936,1238189,1213987,617375,0,0
19990921,7681098,1241563,1297210,553996,0,0
19990922,7559384,1201672,1255900,478601,0,0
19990927,7792309,1227839,1272703,486532,0,0
19990928,7656722,1230761,1284322,604633,0,0
19990929,12458219,1225869,1337592,622646,0,0
19990930,10621671,1219892,1336465,582187,0,0
19991001,9674413,1197980,1355342,570805,0,0
19991002,9557657,1209884,1367682,572876,0,0
19991004,9191849,1215971,1433130,550286,0,0
19991005,9013833,1214447,1361010,558153,0,0
19991006,8857279,1210882,1429940,482622,0,0
19991007,8866245,1258298,1458220,478399,0,0
19991008,8647022,1263424,1532583,438380,0,0
19991009,8632571,1266022,1485334,456818,0,0
19991011,8865322,1122225,1473758,439203,0,0
19991012,8676474,1045029,1485823,471280,0,0
19991013,8694406,1067105,1490728,521370,0,0
19991014,8754639,1069566,1495697,515759,0,0
19991015,8714806,1018546,1500105,544340,0,0
19991016,8806819,1022244,1618636,541305,0,0
19991018,8851970,1001356,1497637,591133,0,0
19991019,8889697,936775,1501256,627539,0,0
19991020,9061851,994683,1517117,640409,0,0
19991021,8858128,1013237,1474559,664523,0,0
19991022,8650308,1001609,1568596,619149,0,0
19991023,8563892,1003300,1559914,603076,0,0
19991025,8290901,1028520,1562901,623663,0,0
19991026,8103577,1024739,1576335,574298,0,0
19991027,8008586,1035257,1571349,580339,0,0
19991028,8058955,1031790,1539167,509849,0,0
19991029,7826124,1084550,1510902,435342,0,0
19991030,7822704,1045120,1513198,432214,0,0
19991101,8144849,1071546,1479001,428727,0,0
19991102,8620157,1058047,1476575,460473,0,0
19991103,8793296,1109801,1475295,532655,0,0
19991104,9408591,1130951,1356507,590193,0,0
19991105,9313075,1129796,1532803,659045,0,0
19991106,9299919,1120955,1232727,654430,0,0
19991108,9709220,1120811,1266260,659250,0,0
19991109,9746278,1132933,1195229,686588,0,0
19991110,10105408,1176815,1474512,760122,0,0
19991111,10393392,1175380,1483754,765949,0,0
19991112,10081737,1122720,1482760,801704,0,0
19991113,10058790,1135455,1467966,790195,0,0
19991115,10503070,1144243,1489212,887456,0,0
19991116,10686422,1151646,1488658,986087,0,0
19991117,10949412,1193652,1516067,1038469,0,0
19991118,10644771,1187607,1430047,1034206,0,0
19991119,10381423,1178277,1429056,1148940,0,0
19991120,10314317,1181743,1382468,1134217,0,0
19991122,10108886,1174784,1359665,1059947,0,0
19991123,9667690,1179680,1349693,834228,0,0
19991124,9252185,1174816,1341105,784515,0,0
19991125,9355858,1174317,1341674,767472,0,0
19991126,9222193,1156186,1291791,774032,0,0
19991127,9195851,1158635,1312738,758203,0,0
19991129,9503558,1152486,1273107,822727,0,0
19991130,9609397,1169597,1271597,875406,0,0
19991201,9607961,1202885,1266919,795815,0,0
19991202,9686349,1184942,1285405,784150,0,0
19991203,10525093,1136948,1291928,854356,0,0
19991204,10069202,1137426,1269805,824776,0,0
19991206,9092997,1147016,1230747,834486,0,0
19991207,9119265,1188119,1250539,705106,0,0
19991208,9539309,1203747,1248377,685639,0,0
19991209,9759620,1232952,1245455,783379,0,0
19991210,8877969,1061926,1223936,779099,0,0
19991211,9238583,1063460,1222313,767649,0,0
19991213,10037567,1082215,1248931,900964,0,0
19991214,11583307,1086004,1365847,901288,0,0
19991215,10466792,1073216,1315391,921222,0,0
19991216,10407965,1010995,1283480,938326,0,0
19991217,10257418,1067846,1274400,1047047,0,0
19991218,10169792,1073104,1300898,1036998,0,0
19991220,10639335,1087848,1297339,992536,0,0
19991221,10226951,1101011,1299442,954108,0,0
19991222,10772885,1102132,1278262,868333,0,0
19991223,10638231,1103374,1364127,810610,0,0
19991224,10439879,1094732,1409022,749931,0,0
19991227,10397739,1096595,1341428,734084,0,0
19991228,9582120,1057178,1298870,715883,0,0
19991229,8273461,1024601,1266638,767227,0,0
19991230,6991887,1015873,1314948,438296,0,0
20000104,8451625,1065633,1285320,372587,0,0
20000105,9139456,1172747,1282425,364373,0,0
20000106,9613794,1095507,1306804,468893,0,0
20000107,9705361,1046388,1092048,670490,0,0
20000108,9623957,1054794,1319574,655463,0,0
20000110,9441447,1068858,1314462,849252,0,0
20000111,10216462,1103962,1313477,788174,0,0
20000112,9770623,1094076,1400321,674996,0,0
20000113,9780512,1088400,1381935,621433,0,0
20000114,9522483,1085965,1356733,617441,0,0
20000115,9456558,1095422,1364697,608352,0,0
20000117,9501527,1079934,1374028,701514,0,0
20000118,9545109,1112031,1366217,688454,0,0
20000119,9756851,1119416,1361323,619222,0,0
20000120,9784241,1122160,1359654,570526,0,0
20000121,9626571,1117541,1405876,660717,0,0
20000122,9580960,1108224,1390716,657935,0,0
20000124,9607415,1102113,1365832,637326,0,0
20000125,9496705,1134215,1387122,571543,0,0
20000126,9338659,1089807,1319365,543880,0,0
20000127,9422414,1094625,1347731,541593,0,0
20000128,9252605,1128108,1303840,533161,0,0
20000129,9202369,1122193,1330368,530979,0,0
20000131,9407493,1149267,1342547,533299,0,0
20000201,9460551,1162464,1320639,509163,0,0
20000202,9474471,1142691,1322377,500223,0,0
20000203,9206838,1159391,1282136,595560,0,0
20000207,9754444,1164787,1318513,627484,0,0
20000208,10010720,1178707,1275448,654129,0,0
20000209,10144738,1146600,1263357,749484,0,0
20000210,10980621,1162705,1295300,819401,0,0
20000211,10898458,1134200,1304179,773789,0,0
20000212,10843197,1135878,1321292,763192,0,0
20000214,11042955,1121734,1227162,807948,0,0
20000215,11164777,1136739,1211727,873204,0,0
20000216,11146578,1152211,1207752,928792,0,0
20000217,11462519,1147762,1273856,948859,0,0
20000218,10836660,1137889,1305563,832587,0,0
20000219,10660182,1139245,1242193,822308,0,0
20000221,10797160,1141771,1231920,762495,0,0
20000222,11002126,1152862,1256530,811688,0,0
20000223,11104889,1072581,1240517,822247,0,0
20000224,11303518,1169719,1219119,876510,0,0
20000225,10839076,1157956,1262935,815872,0,0
20000226,10976597,1170126,1247472,845822,0,0
20000228,10841544,1212028,1238327,809837,0,0
20000229,10597295,1202094,1227344,723619,0,0
20000302,10733797,1241023,1203269,781670,0,0
20000303,10242070,1303189,1217021,806917,0,0
20000304,10245892,1276887,1235035,804965,0,0
20000306,10863421,1274309,1236432,824795,0,0
20000307,11361998,1247900,1237234,809646,0,0
20000308,11411810,1221228,1280647,863900,0,0
20000309,11968193,1248617,1268148,846912,0,0
20000310,12460090,1023866,1303224,772654,0,0
20000311,12306124,1075300,1302943,783224,0,0
20000313,11925602,1063447,1287596,928154,0,0
20000314,11972315,1062642,1322468,949295,0,0
20000315,11464016,1106939,1314550,1019353,0,0
20000316,11169468,1139488,1288792,1009082,0,0
20000317,10830106,1100826,1312462,944415,0,0
20000318,10774969,1103277,1322693,934384,0,0
20000320,11076706,1107950,1321741,832208,0,0
20000321,11034791,1133576,1297392,779120,0,0
20000322,11126996,1119809,1270838,705422,0,0
20000323,11656019,1115276,1398486,646894,0,0
20000324,11607893,1118049,1460821,617149,0,0
20000325,11805784,1088223,1460079,612288,0,0
20000327,11632719,1088761,1513197,647933,0,0
20000328,11526651,1046793,1466430,699225,0,0
20000329,11235448,1034190,1487576,730192,0,0
20000330,11284492,1045179,1446418,760820,0,0
20000331,10813502,981418,1607009,782860,0,0
20000401,10904966,990098,1593144,768654,0,0
20000403,11705014,991377,1359750,735778,0,0
20000404,11278409,1002907,1308841,635744,0,0
20000406,11068606,1000493,1279529,641509,0,0
20000407,10636904,967350,1262242,633975,0,0
20000408,10743710,970604,1269221,612280,0,0
20000410,10897724,993633,1215103,537053,0,0
20000411,10673175,1027012,1227589,487228,0,0
20000412,10423170,1010322,1168223,627898,0,0
20000414,10556430,925440,1117045,636004,0,0
20000415,10614275,923876,1117071,630272,0,0
20000417,11924409,1000555,1146284,552175,0,0
20000418,11616117,1031356,1253454,561373,0,0
20000419,12012215,1029984,1270164,586828,0,0
20000420,11745281,1027389,1274716,589713,0,0
20000421,11107883,1014448,1313664,567703,0,0
20000422,10950602,1023450,1319817,562556,0,0
20000424,10743943,1024304,1267242,513353,0,0
20000425,10562392,1027672,1278615,486241,0,0
20000426,10720421,1042878,1283877,471883,0,0
20000427,10496837,1065897,1269975,477247,0,0
20000428,10076570,1050220,1254290,554651,0,0
20000429,10131791,1035123,1251891,538249,0,0
20000502,9973391,1068254,1245865,555913,0,0
20000503,9918471,1063309,1212388,459683,0,0
20000504,9489661,1043228,1212810,478445,0,0
20000506,9462978,1042019,1181050,467719,0,0
20000508,10414862,1069342,1209831,462379,0,0
20000509,9991952,1066557,1219252,462363,0,0
20000510,9485697,1091619,1204172,489564,0,0
20000512,9678010,1024072,1262755,534904,0,0
20000513,9653615,1027734,1271201,532275,0,0
20000515,9596609,1021081,1276324,543257,0,0
20000516,9227830,1032879,1242436,581617,0,0
20000517,10208742,1055214,1259064,656145,0,0
20000518,9688997,1064397,1238200,605261,0,0
20000519,9072239,1063098,1219053,604772,0,0
20000520,9043665,1063252,1215606,595262,0,0
20000522,9125290,1089187,1227319,594584,0,0
20000523,9284972,1099237,1257388,546729,0,0
20000524,9197692,1135464,1238749,461436,0,0
20000525,9362758,1124321,1337680,425107,0,0
20000526,9001234,1120932,1292307,467246,0,0
20000527,9026116,1137298,1297126,447031,0,0
20000529,9533075,1132539,1369551,507309,0,0
20000530,9339167,1129153,1388896,488667,0,0
20000531,9714322,1183453,1381334,514806,0,0
20000601,9907625,1172546,1380062,494530,0,0
20000602,9386194,1199161,1295696,569028,0,0
20000603,9409611,1197247,1300672,552357,0,0
20000605,9849985,1196713,1286055,510833,0,0
20000607,10273810,1260612,1283052,521811,0,0
20000608,10715556,1321735,1293611,626531,0,0
20000609,10492487,1204364,1273836,760990,0,0
20000610,10905576,1204678,1262310,756206,0,0
20000612,11854155,1219358,1328985,954352,0,0
20000613,11389635,1216010,1376043,865161,0,0
20000614,10400748,1210047,1389905,836360,0,0
20000615,10749247,1226160,1395317,811538,0,0
20000616,10349501,1194215,1369309,737025,0,0
20000617,10375599,1213618,1380670,730264,0,0
20000619,10357285,1213490,1363819,672343,0,0
20000620,9931325,1210325,1339937,556244,0,0
20000621,10162280,1291620,1319205,498446,0,0
20000622,10196865,1238414,1305623,492426,0,0
20000623,9907864,1157614,1317596,528155,0,0
20000624,10148593,1160483,1336632,524056,0,0
20000626,10331756,1184407,1268452,551691,0,0
20000627,10560359,1151353,1401833,550787,0,0
20000628,10725164,1109273,1428757,538096,0,0
20000629,10315206,1112554,1381997,583380,0,0
20000630,9613517,1124585,1442488,604650,0,0
20000701,9713276,1126323,1461015,618988,0,0
20000703,10122530,1113992,1382685,657207,0,0
20000704,9777376,1157431,1373772,660658,0,0
20000705,9648088,1149171,1280571,617586,0,0
20000706,9687122,1169630,1284748,625305,0,0
20000707,9536828,1164341,1294482,666251,0,0
20000708,9634813,1162945,1371348,674248,0,0
20000710,10756549,1164347,1319819,685559,0,0
20000711,10348302,1192776,1249834,727721,0,0
20000712,10488112,1161653,1350898,668544,0,0
20000713,10661369,1151157,1336287,767488,0,0
20000714,10158211,1105943,1360398,791342,0,0
20000715,10017393,1106984,1367141,785801,0,0
20000718,10281643,1096652,1389076,715175,0,0
20000719,9928745,1112636,1345387,652805,0,0
20000720,9860035,1132216,1372065,614872,0,0
20000721,9726848,1109942,1323678,615385,0,0
20000722,9669074,1099050,1332523,634254,0,0
20000724,10205002,1130854,1407655,604589,0,0
20000725,9733971,1112528,1307186,562909,0,0
20000726,9695005,1150644,1316472,566579,0,0
20000727,9437734,1191690,1353046,536431,0,0
20000728,9244214,1244532,1470413,509034,0,0
20000729,9205566,1240636,1471698,503788,0,0
20000731,9239574,1220919,1350494,486385,0,0
20000801,9209340,1283714,1472543,494941,0,0
20000802,9085425,1318401,1553367,460791,0,0
20000803,9130183,1307894,1655733,458181,0,0
20000804,8983761,1287873,1693478,462950,0,0
20000805,8938072,1298813,1697643,459910,0,0
20000807,9120217,1292358,1735128,479388,0,0
20000808,9302592,1309573,1679451,542392,0,0
20000809,9216310,1322296,1662400,588626,0,0
20000810,9148901,1414305,1655638,554417,0,0
20000811,8867431,1331417,1599853,519698,0,0
20000812,8834950,1328794,1593525,516541,0,0
20000814,8885610,1341702,1558000,474677,0,0
20000816,8852686,1350501,1573770,482509,0,0
20000817,8800527,1354215,1563473,511749,0,0
20000818,8999950,1307178,1568751,518430,0,0
20000819,8939638,1302862,1571661,514520,0,0
20000821,8921135,1272429,1582223,513365,0,0
20000822,8778922,1292670,1646232,532447,0,0
20000823,8678940,1305466,1654773,536450,0,0
20000824,8711538,1257675,1658297,509416,0,0
20000825,8413645,1260245,1624550,493240,0,0
20000826,8373962,1270465,1654705,492348,0,0
20000828,8329403,1289464,1669647,494683,0,0
20000829,8324590,1309078,1639792,443238,0,0
20000830,8427944,1247597,1625982,441885,0,0
20000831,8475653,1315555,1640745,438810,0,0
20000901,8424068,1249427,1665538,462363,0,0
20000902,8382811,1256354,1685597,456857,0,0
20000904,8101195,1293668,1678781,543848,0,0
20000905,8011802,1299144,1676847,516359,0,0
20000906,7925569,1282171,1645416,464955,0,0
20000907,7880471,1324955,1668059,434815,0,0
20000908,7757422,1279445,1669440,398543,0,0
20000909,7717407,1285207,1678293,394261,0,0
20000914,7845105,1302582,1643240,412596,0,0
20000915,7753694,1257356,1539822,386825,0,0
20000916,7756358,1253921,1549868,383126,0,0
20000918,7677888,1274644,1524062,457548,0,0
20000919,7665123,1284219,1513589,485225,0,0
20000920,7897337,1261653,1496138,508355,0,0
20000921,7785161,1266842,1509580,455445,0,0
20000922,7714283,1278048,1555528,410662,0,0
20000923,7695512,1288299,1524406,400415,0,0
20000925,7823224,1320057,1300980,371977,0,0
20000926,7685619,1305783,1321108,454243,0,0
20000927,7651680,1297697,1324457,378608,0,0
20000928,7624454,1283573,1318366,363065,0,0
20000929,7506470,1290568,1315407,361198,0,0
20000930,7537045,1259678,1265013,365756,0,0
20001002,7619300,1280935,1327856,371428,0,0
20001004,7658175,1297684,1354667,379247,0,0
20001005,7518416,1287342,1330972,444998,0,0
20001006,7467840,1242151,1376932,489451,0,0
20001007,7472196,1273325,1385356,481755,0,0
20001009,7616520,1293399,1382413,477197,0,0
20001010,7585225,1304643,1379752,443192,0,0
20001011,7491498,1311225,1408814,491924,0,0
20001012,7543757,1341054,1354911,518862,0,0
20001013,7435183,1259156,1362228,553804,0,0
20001014,7389672,1269217,1371719,541794,0,0
20001016,7390436,1280286,1363895,488056,0,0
20001017,7286844,1279309,1333045,455230,0,0
20001018,7226268,1292085,1318333,480878,0,0
20001019,7313511,1297035,1327556,482385,0,0
20001020,7213739,1280585,1314805,459398,0,0
20001021,7218548,1317137,1314276,464732,0,0
20001023,7134176,1303000,1306240,450925,0,0
20001024,7259074,1318411,1323801,423063,0,0
20001025,7199009,1266842,1306368,424962,0,0
20001026,7211567,1285378,1288752,406775,0,0
20001027,7049970,1283786,1306061,406881,0,0
20001028,7034408,1287698,1313180,408100,0,0
20001030,6914401,1262433,1300754,426431,0,0
20001031,7029036,1272797,1273046,403728,0,0
20001101,7055822,1286839,1287571,400362,0,0
20001102,7191667,1259699,1328254,376618,0,0
20001103,7332330,1271903,1299198,384108,0,0
20001104,7286467,1262265,1299490,381868,0,0
20001106,7578648,1290160,1315601,371883,0,0
20001107,7524635,1278409,1305721,385987,0,0
20001108,7550991,1254211,1311730,419438,0,0
20001109,7477133,1247902,1350811,467411,0,0
20001110,7442016,1187534,1339257,472568,0,0
20001111,7419513,1186316,1342959,469088,0,0
20001113,7332165,1167140,1274712,437184,0,0
20001114,7345074,1155021,1248386,391295,0,0
20001115,7296151,1173051,1277764,421894,0,0
20001116,7313942,1173456,1347477,411530,0,0
20001117,7222160,1183720,1320957,437869,0,0
20001118,7198103,1181980,1312412,433495,0,0
20001120,7218724,1191629,1334245,426824,0,0
20001121,7109575,1220730,1337505,414004,0,0
20001122,7093200,1211876,1347423,422922,0,0
20001123,6946619,1219272,1394384,469059,0,0
20001124,6744261,1178036,1405500,448847,0,0
20001125,6757697,1226913,1417252,445357,0,0
20001127,6906828,1207539,1411827,432147,0,0
20001128,6865856,1243527,1596224,401535,0,0
20001129,7067650,1232000,1642642,416167,0,0
20001130,7079419,1243106,1754449,403352,0,0
20001201,6818351,1229186,1815626,419289,0,0
20001202,6805399,1237293,1879978,412346,0,0
20001204,6799162,1260588,1848229,414935,0,0
20001205,6634697,1250040,1874266,398360,0,0
20001206,6591265,1305942,1845999,395897,0,0
20001207,6536736,1295399,1855702,387072,0,0
20001208,6664550,1256160,2008755,397274,0,0
20001209,6678208,1257681,2005254,392560,0,0
20001211,6726855,1271801,1956377,370138,0,0
20001212,6754526,1273090,1934382,358702,0,0
20001213,7030283,1228159,2089349,391600,0,0
20001214,7142826,1267575,2199394,382910,0,0
20001215,7089870,1145568,2247516,362287,0,0
20001216,7100642,1135995,2305314,359923,0,0
20001218,7210121,1122414,2238801,402076,0,0
20001219,7035873,1101931,2233839,432868,0,0
20001220,6869664,1118310,2223683,388828,0,0
20001221,7080711,1066939,2258232,380018,0,0
20001222,6796540,1073163,2282067,389525,0,0
20001223,6777577,1067446,2262256,392041,0,0
20001226,6651938,1005255,2268292,357219,0,0
20001227,6356556,974736,2264065,313904,0,0
20001228,6177648,934767,2378837,203701,0,0
20001229,6056918,930082,2357933,188696,0,0
20001230,6057559,936724,2420407,174011,0,0
20010102,6490790,1009410,2419427,158523,0,0
20010103,6579579,1025278,2378459,149773,0,0
20010104,6853392,1090889,2452956,193106,0,0
20010105,6999321,1140303,2354143,249246,0,0
20010106,6990643,1142797,2425326,247526,0,0
20010108,7630841,1174953,2467475,342054,0,0
20010109,8193529,1187302,2521758,353525,0,0
20010110,8378340,1198625,2519492,398055,0,0
20010111,8527281,1167687,2605968,454329,0,0
20010112,8644008,1120407,2581165,564788,0,0
20010113,8680870,1119678,2593564,560521,0,0
20010115,8511599,1135175,2690662,536023,0,0
20010116,8894947,1125975,2696024,546625,0,0
20010117,8978820,1137102,2671140,606076,0,0
20010118,9092727,1132937,2643014,650727,0,0
20010119,9001003,1141124,2655097,728568,0,0
20010120,8939622,1144594,2661146,721592,0,0
20010122,8949786,1160147,2688879,616308,0,0
20010126,8930851,1126033,2640620,537783,0,0
20010127,8974764,1159210,2684278,558150,0,0
20010129,8973673,1147993,2725360,548085,0,0
20010130,8818293,1147816,2776447,641911,0,0
20010131,8717044,1186497,2817055,658394,0,0
20010201,8717031,1190557,2827353,676077,0,0
20010202,8693955,1228613,2900926,667564,0,0
20010203,8683379,1233484,2979000,666340,0,0
20010205,8828022,1255717,3025457,601930,0,0
20010206,8861594,1220885,3035137,570088,0,0
20010207,8847173,1209307,3092409,661290,0,0
20010208,8788674,1205040,3056264,577757,0,0
20010209,8544798,1169497,3131748,521546,0,0
20010210,8511596,1140071,3115667,518229,0,0
20010212,8640707,1138538,3126347,479158,0,0
20010213,8623408,1149206,3096354,486248,0,0
20010214,8666782,1153859,3134470,530490,0,0
20010215,8860465,1148729,3110093,610443,0,0
20010216,8928034,1137701,3119772,616826,0,0
20010217,8888250,1131405,3118628,611505,0,0
20010219,8960362,1138269,3019155,648675,0,0
20010220,8831896,1135890,3092144,644126,0,0
20010221,8688853,1162122,3150835,641629,0,0
20010222,8754142,1163901,3198815,721542,0,0
20010223,8959756,1150189,3118957,737401,0,0
20010224,8846084,1162795,3150209,720181,0,0
20010226,8605049,1175621,3140495,741100,0,0
20010227,8286101,1181085,3019496,651589,0,0
20010228,8160622,1185585,2949109,554044,0,0
20010302,8153165,1192929,2987247,534021,0,0
20010303,8124450,1191091,2978808,527370,0,0
20010305,8170137,1197692,3012249,477224,0,0
20010306,8057102,1200654,3012819,517097,0,0
20010307,8118113,1197631,3019074,497576,0,0
20010308,8166117,1173244,2970600,457339,0,0
20010309,8145586,1114050,2966834,448077,0,0
20010310,8114649,1107972,2965780,446184,0,0
20010312,8112705,1122046,2958748,446897,0,0
20010313,8088142,1185560,2953010,443136,0,0
20010314,8260573,1197049,2939763,507620,0,0
20010315,8156746,1217250,2950254,522196,0,0
20010316,8034597,1211813,3189846,493540,0,0
20010317,8004401,1205023,3217587,492147,0,0
20010319,8032609,1219277,3255907,475784,0,0
20010320,7933192,1213585,3284445,429546,0,0
20010321,7999089,1247407,3244635,419252,0,0
20010322,7941383,1231122,3192838,455101,0,0
20010323,7707873,1218530,3216118,445953,0,0
20010324,7676995,1224333,3328366,442647,0,0
20010326,7660808,1221619,3332556,437133,0,0
20010327,7897047,1238733,3475339,422600,0,0
20010328,7932629,1228251,3460863,423646,0,0
20010329,7844871,1208623,3532643,416615,0,0
20010330,7639270,1193276,3452364,439849,0,0
20010331,7644483,1187645,3442600,443089,0,0
20010402,7609776,1183325,3438804,406909,0,0
20010403,7662283,1210088,3465980,393310,0,0
20010404,7569751,1190285,3417164,385722,0,0
20010406,7617151,1167549,3445235,390647,0,0
20010407,7665119,1166422,3458359,387225,0,0
20010409,7685426,1167839,3466692,367923,0,0
20010410,7703451,1175457,3476408,355868,0,0
20010411,7608294,1189222,3428477,333299,0,0
20010412,7697146,1185997,3450285,340133,0,0
20010413,7778263,1084387,3459008,354706,0,0
20010414,7819474,1083113,3455768,351528,0,0
20010416,7924667,1097007,3435789,395338,0,0
20010417,7879288,1106825,3403901,371454,0,0
20010418,8018932,1140433,3426824,352584,0,0
20010419,8063510,1194118,3448736,354960,0,0
20010420,8215545,1214714,3480109,441753,0,0
20010421,8233683,1218325,3484011,439720,0,0
20010423,8640959,1243748,3497161,594269,0,0
20010424,8751477,1236952,3505486,586925,0,0
20010425,8787980,1231618,3503946,516139,0,0
20010426,8888259,1247730,3542169,530786,0,0
20010427,8715369,1232411,3552545,520280,0,0
20010428,8694544,1230924,3562991,516391,0,0
20010430,8652754,1219173,3631256,487940,0,0
20010502,8757284,1246374,3612157,446107,0,0
20010503,8797615,1237138,3587832,470038,0,0
20010504,8894269,1209153,3618227,594428,0,0
20010507,8996658,1251954,3622984,594185,0,0
20010508,9000828,1261775,3619793,540193,0,0
20010509,8959866,1264129,3602602,624962,0,0
20010510,9133654,1252144,3567728,662549,0,0
20010511,9068355,1167867,3492098,693506,0,0
20010512,9010373,1174780,3511113,687794,0,0
20010514,8991719,1180897,3517385,627357,0,0
20010515,8825158,1195877,3511530,568815,0,0
20010516,8753124,1195442,3518650,568540,0,0
20010517,8768757,1195994,3491424,564147,0,0
20010518,8650112,1203042,3466443,580912,0,0
20010519,8637635,1218452,3536130,576842,0,0
20010521,8812916,1231185,3540580,587105,0,0
20010522,9082395,1294511,3562625,549800,0,0
20010523,9327231,1305893,3500057,572768,0,0
20010524,9514620,1328888,3618785,622469,0,0
20010525,9363812,1336009,3627606,611094,0,0
20010526,9345331,1335563,3635694,607426,0,0
20010528,9328426,1334982,3638042,564738,0,0
20010529,9247270,1349839,3690241,550601,0,0
20010531,9027545,1393960,3638312,523961,0,0
20010601,8843030,1381902,3560725,529853,0,0
20010602,8943018,1377465,3564790,524084,0,0
20010604,8831451,1385818,3544984,586139,0,0
20010605,8539380,1400272,3519307,586270,0,0
20010607,8556473,1400031,3554098,525188,0,0
20010608,8481444,1387951,3529552,520256,0,0
20010609,8534236,1404009,3544045,516330,0,0
20010611,8763454,1431570,3492214,479166,0,0
20010612,8947966,1415601,3402031,479066,0,0
20010613,8894582,1410728,3374175,462512,0,0
20010614,8741067,1389633,3311742,448982,0,0
20010615,8843823,1290887,3334039,487126,0,0
20010616,8562723,1270387,3350303,484620,0,0
20010618,8556622,1311919,3229844,496641,0,0
20010619,8353476,1327835,3224838,503239,0,0
20010620,8330141,1342108,3247944,530550,0,0
20010621,8367695,1340141,3247284,525305,0,0
20010622,8186924,1342051,3262824,539515,0,0
20010623,8226224,1337291,3246425,535786,0,0
20010625,8309365,1346643,3228956,497204,0,0
20010626,8101839,1335043,3227133,452359,0,0
20010627,8034813,1358955,3263418,432454,0,0
20010628,7997811,1361500,3286565,436522,0,0
20010629,7732923,1349374,3337347,436893,0,0
20010630,7751020,1335165,3303655,433805,0,0
20010702,7717991,1372459,3270376,403566,0,0
20010703,7705278,1383946,3267342,379504,0,0
20010704,7831251,1388289,3253019,379376,0,0
20010705,7812711,1394383,3174744,381721,0,0
20010706,7685120,1396813,3192379,377556,0,0
20010707,7682672,1399416,3197295,376839,0,0
20010709,7956879,1429615,3173551,354238,0,0
20010710,7940048,1440571,3189744,368481,0,0
20010711,7950450,1456976,3211855,415861,0,0
20010712,7905532,1452576,3102355,386855,0,0
20010713,7849995,1364146,3083768,357890,0,0
20010714,7810372,1410843,3086265,357099,0,0
20010716,7752521,1390363,3083046,397813,0,0
20010718,7833849,1406564,3114954,441912,0,0
20010719,7833895,1419319,3197508,394985,0,0
20010720,7716750,1407252,3117155,391189,0,0
20010721,7714872,1427064,3116679,386640,0,0
20010723,7820094,1424257,3118124,358216,0,0
20010724,7790015,1439990,3089577,328977,0,0
20010725,7851787,1451580,3068164,330852,0,0
20010726,7885602,1431428,3109850,342235,0,0
20010727,7747630,1431455,3064987,333343,0,0
20010728,7683948,1424476,3066555,330826,0,0
20010730,8059705,1446638,3011653,320639,0,0
20010731,7644425,1427663,2969056,296733,0,0
20010801,7722084,1471781,2943796,308710,0,0
20010802,7769814,1521142,2906306,317436,0,0
20010803,7851476,1508208,3002204,377908,0,0
20010804,7858518,1503257,3013505,377223,0,0
20010806,8006253,1481392,3008645,390004,0,0
20010807,8058840,1478732,2992531,369854,0,0
20010808,8041654,1466853,2998490,370319,0,0
20010809,8082373,1472331,3021760,407252,0,0
20010810,7913164,1346256,2976615,407410,0,0
20010811,7936754,1340320,2986767,403775,0,0
20010813,7880836,1360184,2951992,422789,0,0
20010814,7799645,1371666,2936545,421423,0,0
20010816,7817025,1400854,2932029,404706,0,0
20010817,7838607,1408935,2915228,365974,0,0
20010818,7803813,1415853,2913779,363879,0,0
20010820,7845415,1462412,2942538,381179,0,0
20010821,7929124,1469067,2893384,400961,0,0
20010822,7726399,1492178,2864690,415456,0,0
20010823,7622644,1471979,2943703,421361,0,0
20010824,7609877,1456545,2950211,410853,0,0
20010825,7597197,1451749,2962736,407504,0,0
20010827,7572807,1481513,2938157,378661,0,0
20010828,7501607,1482596,2906586,363856,0,0
20010829,7659433,1513300,2914212,370665,0,0
20010830,7635862,1507500,2901234,351345,0,0
20010831,7613520,1547288,2887447,365740,0,0
20010901,7602636,1554903,2881827,365611,0,0
20010903,7986842,1507818,2876275,341523,0,0
20010904,7849005,1534407,2906542,344607,0,0
20010905,7784040,1558962,2839456,339219,0,0
20010906,7684492,1556497,2858907,329028,0,0
20010907,7629701,1546622,2844944,317406,0,0
20010908,7610678,1538092,2840516,315083,0,0
20010910,7612686,1566166,2780423,324046,0,0
20010911,7584250,1523853,2769277,342849,0,0
20010912,7742774,1677868,2738675,370706,0,0
20010913,8036077,1632125,2736741,400041,0,0
20010914,8387618,1432845,2727718,448239,0,0
20010915,8379574,1439205,2759718,445649,0,0
20010917,8500003,1432893,2764180,367288,0,0
20010918,8744137,1404586,2761566,370014,0,0
20010919,8888353,1424727,2656339,392787,0,0
20010920,8731678,1411843,2722814,398074,0,0
20010921,8652214,1412979,2762064,379869,0,0
20010922,8617844,1428927,2753103,376833,0,0
20010924,8666181,1402467,2696632,379722,0,0
20010925,8528885,1421469,2694376,358001,0,0
20010926,8503693,1406626,2678702,368473,0,0
20010927,8368452,1402626,2728386,373541,0,0
20010928,8266541,1376725,2832669,336285,0,0
20010929,8220522,1365643,2895622,333100,0,0
20011004,8345291,1446202,2765767,303339,0,0
20011005,8347474,1456445,2716762,288965,0,0
20011006,8348368,1450114,2722325,286303,0,0
20011008,8446378,1483440,2704795,372508,0,0
20011009,8457100,1495028,2738858,374344,0,0
20011010,8428891,1474360,2727071,390597,0,0
20011011,8475013,1518854,2717931,405076,0,0
20011012,8423097,1448783,2737072,417165,0,0
20011013,8408232,1440503,2747833,414116,0,0
20011015,8537858,1457951,2672568,441979,0,0
20011016,8585534,1502703,2716255,446875,0,0
20011017,8665592,1526988,2734496,440700,0,0
20011018,8555451,1534229,2707169,464789,0,0
20011019,8453448,1560327,2684643,467837,0,0
20011020,8450696,1558280,2683214,462055,0,0
20011022,8554041,1560884,2650300,457686,0,0
20011023,8454711,1577085,2687192,437073,0,0
20011024,8354749,1566599,2657751,443352,0,0
20011025,8416139,1587926,2659132,450777,0,0
20011026,8388101,1569843,2659913,451934,0,0
20011027,8345864,1579597,2628195,448510,0,0
20011029,8370696,1599126,2606043,434213,0,0
20011030,8282884,1606862,2563944,408463,0,0
20011031,8207838,1612181,2570412,402000,0,0
20011101,8336205,1598157,2618394,433839,0,0
20011102,8196565,1614802,2559101,429505,0,0
20011103,8163069,1611748,2560630,421382,0,0
20011105,8231769,1619414,2591604,432659,0,0
20011106,8491260,1637957,2577579,451978,0,0
20011107,8546554,1633746,2578298,464542,0,0
20011108,8683799,1653601,2585911,491126,0,0
20011109,8737153,1573576,2638452,485534,0,0
20011110,8740062,1579376,2631949,482365,0,0
20011112,8918210,1577741,2573084,464595,0,0
20011113,8910366,1611855,2490187,500365,0,0
20011114,8921734,1652838,2487800,514039,0,0
20011115,9017792,1674245,2489789,525594,0,0
20011116,9179511,1677874,2614618,546027,0,0
20011117,9203603,1671025,2640450,542822,0,0
20011119,9223992,1720271,2690002,570774,0,0
20011120,9295324,1744703,2704258,540993,0,0
20011121,9344041,1753301,2711203,562206,0,0
20011122,9551539,1786912,2749248,622910,0,0
20011123,9431327,1738185,2709902,605837,0,0
20011124,9407122,1742745,2713911,599503,0,0
20011126,9579354,1812873,2717836,561344,0,0
20011127,9835570,1870598,2713237,591446,0,0
20011128,9930787,1899731,2709584,710034,0,0
20011129,10051028,1821919,2820575,752239,0,0
20011130,9939724,1794757,2854299,834162,0,0
20011201,9962868,1790289,2854215,816466,0,0
20011203,9939950,1776083,2814006,749253,0,0
20011204,9954127,1768871,2850535,631495,0,0
20011205,9790562,1910547,2869211,606835,0,0
20011206,9936398,1929220,2544806,635317,0,0
20011207,10474140,1868299,2530225,712151,0,0
20011208,10514362,1877211,2495636,707756,0,0
20011210,10782588,1925858,2551670,782791,0,0
20011211,10764002,1858543,2677878,715651,0,0
20011212,10840606,1859848,2729901,805787,0,0
20011213,10683023,1815213,2775913,820512,0,0
20011214,10572767,1687525,2806458,755423,0,0
20011215,10574586,1648758,2805087,748124,0,0
20011217,10312383,1650956,2768132,723514,0,0
20011218,10261132,1630830,2780055,743825,0,0
20011219,10233366,1617293,2833078,749735,0,0
20011220,10121919,1592730,2811229,708319,0,0
20011221,10037390,1586209,2975931,655398,0,0
20011222,10003522,1570156,2978634,658779,0,0
20011224,10022673,1555257,2934647,622338,0,0
20011226,9970585,1547961,2943179,598477,0,0
20011227,9850176,1552738,3015999,532571,0,0
20011228,9442946,1539763,2993800,504891,0,0
20011229,9359039,1539581,2982079,506139,0,0
20011231,9557885,1535782,2945857,502889,0,0
20020102,9764398,1665306,2927116,466626,0,0
20020103,10281367,1765562,2944664,443049,0,0
20020104,10637114,1773733,2890547,554530,0,0
20020105,10680350,1786259,2865599,544828,0,0
20020107,11210646,1829438,2881898,597289,0,0
20020108,11478563,1814637,2930071,606235,0,0
20020109,11566520,1727089,2922089,701867,0,0
20020110,11852930,1763990,2930298,777212,0,0
20020111,11505506,1667827,2956170,862928,0,0
20020112,11503407,1667677,2963269,853687,0,0
20020114,11288617,1709120,2971566,853628,0,0
20020115,10974130,1697596,2988797,851658,0,0
20020116,10998708,1693841,3021729,783524,0,0
20020117,10595925,1713157,3006955,788976,0,0
20020118,10605104,1700828,2990861,787075,0,0
20020119,10595722,1697267,2994069,786209,0,0
20020121,10603640,1729149,3003339,721893,0,0
20020122,10351120,1742502,2996144,640720,0,0
20020123,10302439,1778227,2898747,604285,0,0
20020124,10515676,1807294,2875398,635034,0,0
20020125,10516191,1803189,2880132,633437,0,0
20020126,10500242,1851340,2867007,637530,0,0
20020128,11134587,1816653,2878506,695632,0,0
20020129,11527103,1847898,2926942,709407,0,0
20020130,11573837,1825251,2945442,799609,0,0
20020131,11563288,1821371,2990673,830848,0,0
20020201,11345613,1814504,3011552,864992,0,0
20020202,11316684,1852403,3006469,859291,0,0
20020204,11043666,1858099,2985777,792108,0,0
20020205,10834962,1872863,3033570,732645,0,0
20020206,11069872,1877413,3028009,743839,0,0
20020207,10748699,1873525,3078798,732749,0,0
20020208,10517304,1811921,3111850,670942,0,0
20020209,10441004,1795295,3117292,665228,0,0
20020214,10595665,1850905,3022548,613663,0,0
20020215,10506154,1818373,3060629,570060,0,0
20020216,10493748,1811964,3063472,566355,0,0
20020218,11228086,1852949,3192799,709429,0,0
20020219,11255259,1837915,3136341,737535,0,0
20020220,11244599,1842043,3043487,780684,0,0
20020221,11077105,1866694,3012209,824210,0,0
20020222,10795976,1873273,3025997,797996,0,0
20020223,10773599,1873166,3010850,790622,0,0
20020225,10702402,1881139,2981717,754205,0,0
20020226,10747157,1900429,3013700,743065,0,0
20020227,10670931,1928689,2991196,727178,0,0
20020228,10772533,1926423,2963669,694354,0,0
20020302,10825600,1931587,2953091,686264,0,0
20020304,11305302,1994026,2881603,711305,0,0
20020305,11476102,2017166,2884554,738156,0,0
20020306,11978311,2044214,2872322,860270,0,0
20020307,12224647,2075623,2859227,992895,0,0
20020308,12171805,2058193,2853741,985754,0,0
20020309,12096443,2055501,2857658,977222,0,0
20020311,12050648,2076024,2784761,995000,0,0
20020312,12024981,2093267,2756317,974519,0,0
20020313,12394186,2108746,2622686,958556,0,0
20020314,12734926,2116714,2608095,953819,0,0
20020315,12290184,1979923,2622281,969024,0,0
20020316,12327073,1967534,2667682,961688,0,0
20020318,12247744,2009112,2629979,1085294,0,0
20020319,12386025,2013952,2629108,1154416,0,0
20020320,12552885,2076658,2685001,1225297,0,0
20020321,12488694,2091364,2695120,1235324,0,0
20020322,12348344,2111091,2672545,1288823,0,0
20020323,12247942,2118240,2657647,1279071,0,0
20020325,12286879,2145507,2600701,1299264,0,0
20020326,12234919,2196926,2537146,1216030,0,0
20020327,12174221,2224199,2530001,1224363,0,0
20020328,12395330,2215215,2577672,1228931,0,0
20020329,12060462,2216584,2761051,1174385,0,0
20020330,12003890,2232763,2722271,1152416,0,0
20020401,12290071,2239842,2592476,1165388,0,0
20020402,12274364,2240343,2585551,1108592,0,0
20020403,12185300,2273371,2544401,1239921,0,0
20020404,12045605,2277466,2551889,1200315,0,0
20020406,12014964,2263649,2586495,1180805,0,0
20020408,12380151,2264962,2644246,1131971,0,0
20020409,12210992,2214079,2631833,1123554,0,0
20020410,12160118,2284036,2653123,1224942,0,0
20020411,12589604,2222934,2710576,1256089,0,0
20020412,12032311,2067477,2916620,1235483,0,0
20020413,12136588,2020052,2925011,1224269,0,0
20020415,11746632,2176629,2867896,1141223,0,0
20020416,11604638,2221046,2882088,1130865,0,0
20020417,11554383,2299945,2943327,1036810,0,0
20020418,11610523,2347014,2964313,1058835,0,0
20020419,12051410,2329631,2999589,1120852,0,0
20020420,12091032,2321883,3027882,1114346,0,0
20020422,12403425,2310614,2916752,1172898,0,0
20020423,12334159,2264170,2983647,1186890,0,0
20020424,12583748,2289786,3048374,1302857,0,0
20020425,12314831,2305240,3023960,1264486,0,0
20020426,11969515,2260828,3032535,1176326,0,0
20020427,12035879,2190213,3033746,1164663,0,0
20020429,11996580,2287665,3000064,1117442,0,0
20020430,11686593,2247964,3009451,963644,0,0
20020502,11596893,2242136,3060719,924580,0,0
20020503,11441401,2245534,3067307,890226,0,0
20020504,11378207,2237269,3094319,875038,0,0
20020506,11408758,2286462,3104781,860631,0,0
20020507,11366933,2292137,3119716,850751,0,0
20020508,11179730,2299900,3094825,881521,0,0
20020509,11131347,2319987,3191471,880681,0,0
20020510,10969602,2169438,3199875,845590,0,0
20020511,10900161,2225309,3202253,843398,0,0
20020513,10973348,2221219,3351507,930268,0,0
20020514,10755856,2209640,3379305,998811,0,0
20020515,11038708,2231319,3432300,978425,0,0
20020516,10730156,2275548,3422308,923365,0,0
20020517,10913031,2217573,3439346,877948,0,0
20020518,10713904,2238692,3426844,882167,0,0
20020520,11452673,2228354,3433739,848021,0,0
20020521,11099644,2184355,3474541,859467,0,0
20020522,11113531,2213358,3448015,911718,0,0
20020523,11219148,2197415,3455269,1023225,0,0
20020524,11210402,2171838,3475175,1000549,0,0
20020525,11099757,2185775,3486111,1004974,0,0
20020527,10901138,2192570,3530660,1007599,0,0
20020528,10894540,2202734,3575760,913615,0,0
20020529,10673763,2206010,3591357,867503,0,0
20020530,10601602,2194809,3588989,846513,0,0
20020531,10204721,2204627,3597458,903523,0,0
20020601,10135070,2189589,3536594,896471,0,0
20020603,10198796,2195075,3540846,903407,0,0
20020604,10125487,2212838,3551612,838934,0,0
20020605,10134913,2181528,3570102,740199,0,0
20020607,10015012,2234190,3583330,704348,0,0
20020608,9992494,2231280,3584471,699474,0,0
20020610,10268337,2238223,3558616,717871,0,0
20020611,10062161,2227068,3575502,691585,0,0
20020612,9966335,2292771,3574379,633503,0,0
20020614,9909289,2158399,3514909,614494,0,0
20020615,9873699,2132107,3511947,610483,0,0
20020617,9757166,2090674,3443288,631265,0,0
20020618,9782321,2084398,3435152,658213,0,0
20020619,9857187,2145525,3485305,727393,0,0
20020620,9957934,2147482,3460259,748430,0,0
20020621,9703918,2198658,3482764,773314,0,0
20020622,9662633,2199424,3485981,773770,0,0
20020624,9552231,2222441,3484741,732061,0,0
20020625,9533676,2205522,3496930,670557,0,0
20020626,9602573,2311715,3481379,653517,0,0
20020627,9707614,2266559,3601897,626263,0,0
20020628,9624571,2230189,3552527,678835,0,0
20020629,9577603,2199717,3562146,676566,0,0
20020702,9532515,2206471,3581903,592382,0,0
20020703,9401514,2201963,3602895,506653,0,0
20020704,9496309,2211320,3632342,522444,0,0
20020705,9490125,2243845,3634364,515887,0,0
20020708,9772741,2326226,3672996,543154,0,0
20020709,10116450,2329186,3681590,564740,0,0
20020710,10236206,2290309,3741417,722912,0,0
20020711,10340530,2303732,3791498,708703,0,0
20020712,10218745,2197611,3788699,766393,0,0
20020715,10037631,2199571,3788547,949743,0,0
20020716,10142010,2177685,3802643,816460,0,0
20020718,10100417,2184657,3789040,787201,0,0
20020719,10094998,2190708,3779761,822895,0,0
20020722,10087823,2252982,3763148,784929,0,0
20020723,9959574,2248958,3757285,752891,0,0
20020724,9960370,2309766,3775464,818604,0,0
20020725,9995600,2317722,3770611,718286,0,0
20020726,9637159,2341226,3738170,720233,0,0
20020729,9695507,2247834,3741809,820356,0,0
20020730,9493127,2204196,3721614,752301,0,0
20020731,9349363,2346236,3720202,668403,0,0
20020801,9401832,2326726,3695909,596551,0,0
20020802,9319093,2299756,3699432,562425,0,0
20020805,9179466,2358298,3664239,575030,0,0
20020806,9112134,2363788,3649494,603601,0,0
20020807,9068663,2385473,3662351,683096,0,0
20020808,9231965,2338763,3679606,666921,0,0
20020809,9126472,2209539,3630419,645752,0,0
20020812,8986815,2220283,3583072,634747,0,0
20020813,8951077,2217329,3579414,576063,0,0
20020814,8884287,2273137,3528717,547747,0,0
20020816,8877905,2272540,3510858,545311,0,0
20020819,9030702,2309970,3435349,560495,0,0
20020820,9159743,2307678,3471432,610075,0,0
20020821,9280603,2325203,3427346,648907,0,0
20020822,9477234,2345123,3428882,652009,0,0
20020823,9532332,2325913,3457152,689964,0,0
20020826,9543565,2326521,3414270,704626,0,0
20020827,9598907,2305750,3497791,681649,0,0
20020828,9569774,2294117,3476469,653998,0,0
20020829,9373298,2295062,3551479,648450,0,0
20020830,9253382,2293350,3682124,633325,0,0
20020902,9080284,2339193,3535747,626709,0,0
20020903,9023308,2329838,3526414,603594,0,0
20020904,9040603,2315820,3513442,652595,0,0
20020905,9152698,2268810,3529986,685504,0,0
20020906,8951555,2270785,3534439,756757,0,0
20020909,8898332,2302598,3518193,719640,0,0
20020910,8733118,2318813,3516795,736052,0,0
20020911,8932088,2315392,3520097,712690,0,0
20020912,8966916,2386270,3536149,624833,0,0
20020913,8906226,2232680,3545491,555163,0,0
20020916,9097552,2223836,3445931,537877,0,0
20020917,9033996,2201723,3460102,591659,0,0
20020918,8859481,2255383,3422419,675254,0,0
20020919,8774622,2239336,3427899,635312,0,0
20020923,8578713,2298867,3401756,613970,0,0
20020924,8571633,2322001,3383893,579851,0,0
20020925,8499565,2389501,3385658,608244,0,0
20020926,8437267,2328846,3355183,612878,0,0
20020927,8241449,2305994,3334571,659789,0,0
20020930,8238971,2337170,3336092,617289,0,0
20021001,8251552,2389085,3296110,535200,0,0
20021002,8213755,2397892,3216609,534029,0,0
20021004,8155036,2417063,3221853,531839,0,0
20021007,8213789,2444395,3270592,495754,0,0
20021008,8262822,2482330,3272151,461917,0,0
20021009,8243309,2497579,3329143,511861,0,0
20021010,8346294,2590804,3349554,520769,0,0
20021011,8384030,2416790,3357416,527295,0,0
20021014,8390020,2396970,3386518,632285,0,0
20021015,8360606,2396107,3385795,631852,0,0
20021016,8455922,2423633,3393050,491804,0,0
20021017,8601823,2353263,3418092,528942,0,0
20021018,8656231,2371489,3443133,619336,0,0
20021021,8691578,2387949,3489796,630328,0,0
20021022,9076570,2373732,3474607,641852,0,0
20021023,9111687,2365374,3588574,771927,0,0
20021024,9307579,2337903,3649366,887591,0,0
20021025,8919212,2337257,3652445,788490,0,0
20021028,8726617,2361681,3668671,719364,0,0
20021029,8989248,2332759,3723700,656333,0,0
20021030,9041815,2333052,3733644,675340,0,0
20021031,9074619,2281692,3748726,695179,0,0
20021101,8874760,2515641,3755920,804190,0,0
20021104,8901613,2440108,3725176,792182,0,0
20021105,8715360,2298195,3725884,732219,0,0
20021106,8964601,2469685,3745334,730847,0,0
20021107,8865503,2479187,3732035,758299,0,0
20021108,8974144,2485792,3719202,711274,0,0
20021111,9141574,2508664,3732896,721325,0,0
20021112,8988329,2516049,3723732,743533,0,0
20021113,8875941,2505883,3724880,802351,0,0
20021114,8788178,2523726,3701296,737575,0,0
20021115,8685129,2401698,3754776,724027,0,0
20021118,8540349,2385266,3763699,711682,0,0
20021119,8609705,2393263,3791379,727609,0,0
20021120,8607068,2432675,3789393,730415,0,0
20021121,8692173,2443081,3782459,718869,0,0
20021122,8696834,2428717,3746667,699695,0,0
20021125,9052546,2446288,3786277,733198,0,0
20021126,9271489,2483396,3791410,721341,0,0
20021127,9296637,2485767,3792459,678992,0,0
20021128,9315422,2498064,3800751,754558,0,0
20021129,9235844,2432799,3811842,786201,0,0
20021202,9354117,2519325,3833131,818900,0,0
20021203,9436203,2543657,3836671,795564,0,0
20021204,9360315,2595255,3868318,790278,0,0
20021205,9384325,2587506,3876765,817798,0,0
20021206,9338596,2613380,3843885,917387,0,0
20021209,9364036,2607199,3833874,860268,0,0
20021210,9370919,2635748,3881833,878382,0,0
20021211,9360877,2623357,3908688,943181,0,0
20021212,9143549,2687198,3887807,945141,0,0
20021213,9087520,2473267,3929140,936927,0,0
20021216,9072345,2512536,3852971,830756,0,0
20021217,9021791,2519768,3762301,831637,0,0
20021218,8685712,2376846,3587461,863902,0,0
20021220,8553543,2501280,3602894,708202,0,0
20021223,8559950,2550254,3588984,678755,0,0
20021224,8550540,2505262,3600737,644755,0,0
20021226,8571567,2520198,3511631,684284,0,0
20021227,8238520,2495478,3518990,647201,0,0
20021230,8072712,2528674,3341693,570618,0,0
20021231,8140594,2527252,3144557,564798,0,0
20030102,8133736,2528482,3352763,456783,0,0
20030103,8185928,2551042,3338656,468205,0,0
20030106,8008181,2563726,3386583,480662,0,0
20030107,7951291,2578308,3404581,503761,0,0
20030108,7993368,2547128,3385340,521619,0,0
20030109,8032411,2555314,3464936,622809,0,0
20030110,8015964,2365842,3532116,600010,0,0
20030113,7816187,2408224,3534516,761270,0,0
20030114,7824539,2363320,3549307,683360,0,0
20030115,7742475,2376132,3542197,581958,0,0
20030116,7713344,2402376,3564104,579276,0,0
20030117,7617987,2376147,3634408,621359,0,0
20030120,7754526,2389094,3638620,586849,0,0
20030121,7669384,2428674,3673823,575487,0,0
20030122,7721585,2424104,3670094,550555,0,0
20030123,7711758,2427717,3665741,540296,0,0
20030124,7576682,2437134,3587591,558821,0,0
20030127,7699328,2472131,3566372,526363,0,0
20030128,7870180,2500523,3504517,505707,0,0
20030129,7846201,2541573,3569392,527687,0,0
20030130,7792714,2518547,3586951,467711,0,0
20030203,7852241,2526173,3543394,458133,0,0
20030204,7804425,2569389,3560742,399698,0,0
20030205,7861025,2563833,3547916,402640,0,0
20030206,7838047,2589304,3569004,429608,0,0
20030207,8013121,2560113,3570667,463079,0,0
20030210,8071760,2583640,3541246,481442,0,0
20030211,8027542,2605587,3563863,514336,0,0
20030212,8134860,2595911,3575176,465392,0,0
20030213,8112261,2706579,3508093,449340,0,0
20030214,8087698,2571049,3520963,431605,0,0
20030217,8176425,2579096,3552195,425071,0,0
20030218,8143362,2605844,3558535,409233,0,0
20030219,8214924,2592643,3588913,464785,0,0
20030220,8277644,2588390,3568759,471108,0,0
20030221,8300662,2530818,3583392,503622,0,0
20030224,8269369,2566907,3606484,490179,0,0
20030225,8195909,2563959,3604553,464122,0,0
20030226,8206770,2544793,3571765,458882,0,0
20030227,8143674,2558047,3612128,488896,0,0
20030228,7994702,2511804,3600994,498028,0,0
20030303,7921378,2558213,3518745,478616,0,0
20030304,7818600,2548462,3524510,451262,0,0
20030305,7912992,2580937,3489023,409247,0,0
20030306,7957612,2618297,3541972,435231,0,0
20030307,7958688,2621386,3539031,459761,0,0
20030310,8036542,2654226,3527398,453283,0,0
20030311,8538502,2724019,3565276,406535,0,0
20030312,9134152,2768546,3622836,357417,0,0
20030313,9866484,2861564,3805685,333568,0,0
20030314,10025292,2700955,3872927,348172,0,0
20030317,10374014,2718387,3808071,394875,0,0
20030318,10405441,2736216,3823909,416600,0,0
20030319,10665346,2735287,3865675,411524,0,0
20030320,10938986,2731687,3810319,382368,0,0
20030321,10849033,2724641,3829599,375901,0,0
20030324,10888077,2739125,3727471,467776,0,0
20030325,10856253,2755184,3720021,475795,0,0
20030326,10876434,2695018,3758671,514304,0,0
20030327,11127679,2709423,3849501,544810,0,0
20030328,10903457,2710629,3871819,510874,0,0
20030331,11017960,2734044,3820717,488052,0,0
20030401,10831857,2775877,3860854,435686,0,0
20030402,10706627,2807356,3854946,497329,0,0
20030403,10490364,2804413,3623732,545474,0,0
20030404,10471958,2792869,3603682,548680,0,0
20030407,10654260,2847852,3596885,557582,0,0
20030408,10623710,2857189,3577041,525437,0,0
20030409,10699983,2852563,3588675,633610,0,0
20030410,10729556,2849391,3686987,648084,0,0
20030411,10764374,2701898,3743753,699990,0,0
20030414,10841549,2670716,3826136,637849,0,0
20030415,10868757,2679216,3893059,601339,0,0
20030416,10904573,2765930,3959800,608650,0,0
20030417,10956472,2756919,3993356,636260,0,0
20030418,11179368,2755859,4057957,715634,0,0
20030421,11052627,2725832,4007819,733993,0,0
20030422,10940254,2745451,4022998,705755,0,0
20030423,10837433,2715237,4053602,718665,0,0
20030424,10649879,2702403,4060565,777924,0,0
20030425,10611771,2718247,4043620,760859,0,0
20030428,10413035,2712732,4055812,711944,0,0
20030429,10197309,2764577,4135994,720065,0,0
20030430,9992071,2807754,4244141,636815,0,0
20030502,9873614,2757397,4268542,548705,0,0
20030506,9989446,2767778,4181546,513000,0,0
20030507,9890367,2782823,4134809,528870,0,0
20030509,10029759,2679528,4212568,564897,0,0
20030512,10225700,2668307,4191540,566045,0,0
20030513,10231606,2675859,4206686,615986,0,0
20030514,10490171,2674751,4203741,671954,0,0
20030515,10390240,2713402,4201262,765064,0,0
20030516,10191495,2680275,4254920,774232,0,0
20030519,10283573,2692228,4288803,715864,0,0
20030520,10010330,2729948,4260302,664459,0,0
20030521,9811271,2714303,4300032,685319,0,0
20030522,9628630,2669802,4321948,633179,0,0
20030523,9526558,2666411,4297825,627203,0,0
20030526,9486262,2683077,4242748,652260,0,0
20030527,9524101,2661775,4229105,625127,0,0
20030528,9625238,2691841,4198282,685585,0,0
20030529,9646895,2677171,4188124,759842,0,0
20030530,9842037,2708113,4177990,791501,0,0
20030602,10178648,2751145,4215895,720570,0,0
20030603,10233442,2739023,4221224,683996,0,0
20030604,10511894,2695539,4331740,750653,0,0
20030605,10316338,2679283,4392743,787750,0,0
20030609,10297054,2738415,4355460,720365,0,0
20030610,10520537,2757701,4338258,659847,0,0
20030611,10618865,2793486,4338283,626207,0,0
20030612,10730846,2809211,4344992,636032,0,0
20030613,10844665,2587907,4332953,652567,0,0
20030616,11023888,2552752,4305731,678725,0,0
20030617,11015737,2560217,4308717,719749,0,0
20030618,11004860,2594401,4278402,761303,0,0
20030619,10539927,2627183,4252210,801990,0,0
20030620,10627962,2699023,4276773,826060,0,0
20030623,11125290,2661854,4301772,840400,0,0
20030624,10713912,2687227,4263680,803804,0,0
20030625,10594867,2673865,4231452,829441,0,0
20030626,10617978,2683499,4257381,798672,0,0
20030627,10320532,2633237,4191385,692165,0,0
20030630,10423573,2669175,4164812,657136,0,0
20030701,10348806,2656560,4248593,620060,0,0
20030702,10314438,2662596,4218124,637762,0,0
20030703,10092544,2678666,4207935,629138,0,0
20030704,10287804,2686176,4271326,674111,0,0
20030707,10868855,2726468,4256134,725524,0,0
20030708,10847966,2756361,4256220,746678,0,0
20030709,10907727,2756108,4180799,802451,0,0
20030710,10919038,2794077,4120611,876811,0,0
20030711,10782406,2650299,4130697,904950,0,0
20030714,10857924,2656243,4209152,874513,0,0
20030715,10699473,2673109,4215173,825489,0,0
20030716,10502634,2611369,4166062,841652,0,0
20030718,10606463,2658054,4289359,856898,0,0
20030721,10972054,2700400,4244399,853444,0,0
20030722,10711657,2716324,4164155,895322,0,0
20030723,10487260,2710221,4205269,834878,0,0
20030724,10248552,2718661,4151196,762675,0,0
20030725,9948769,2666983,4248440,719856,0,0
20030728,9910680,2712935,4239762,647620,0,0
20030729,10047328,2717427,4164295,618026,0,0
20030730,10015769,2737863,4164214,655703,0,0
20030731,10195816,2750830,4195747,660867,0,0
20030801,10153057,2744277,4208738,626262,0,0
20030804,10014599,2783442,4268858,633203,0,0
20030805,9876122,2779431,4117196,607201,0,0
20030806,9883124,2798800,4378441,615679,0,0
20030807,9789538,2758999,4432052,626287,0,0
20030808,9867447,2732743,4528302,659268,0,0
20030811,9719672,2741476,4457173,662398,0,0
20030812,9600703,2747213,4414213,650313,0,0
20030813,9627903,2771709,4484928,641352,0,0
20030814,9604500,2731637,4568501,634852,0,0
20030818,9760735,2664343,4498289,608303,0,0
20030819,9933564,2711152,4511642,610785,0,0
20030820,10072775,2749728,4533132,696646,0,0
20030821,10209783,2795272,4543504,778407,0,0
20030822,10188618,2785655,4563996,766288,0,0
20030825,10234108,2779785,4687479,793620,0,0
20030826,10268769,2786824,4686402,766387,0,0
20030827,10201548,2763596,4728333,721473,0,0
20030828,10046396,2756064,4634164,725160,0,0
20030829,10024919,2751470,4675751,732321,0,0
20030901,9911439,2763490,4775620,746785,0,0
20030902,10034068,2771500,4730218,710271,0,0
20030903,9993590,2788146,4740875,720614,0,0
20030904,9905006,2807928,4714589,768399,0,0
20030905,9878319,2778749,4753038,757444,0,0
20030908,10105547,2772209,4787290,741186,0,0
20030909,9943729,2786597,4799155,679237,0,0
20030915,9919836,2697526,4738224,629004,0,0
20030916,9843053,2685247,4757378,592611,0,0
20030917,9767039,2699732,4781459,646164,0,0
20030918,9674659,2715642,4725248,668556,0,0
20030919,9572616,2683589,4745550,677238,0,0
20030922,9688594,2773565,4712651,734540,0,0
20030923,9686047,2815062,4687184,680426,0,0
20030924,9753102,2812665,4680217,796395,0,0
20030925,9523674,2870597,4704100,832192,0,0
20030926,9356684,2871799,4702403,701790,0,0
20030929,9271133,2931413,4627600,696129,0,0
20030930,9131277,2917126,4804638,727730,0,0
20031001,8948796,2906159,4614800,676358,0,0
20031002,8758142,2899718,4637504,589134,0,0
20031006,8781301,2981088,4727861,663095,0,0
20031007,8898280,3052402,4741000,520480,0,0
20031008,9066791,3117755,4747643,508558,0,0
20031009,8973223,3145941,4720963,560839,0,0
20031010,9010598,2995070,4745877,569240,0,0
20031013,9373352,2946221,4768768,554918,0,0
20031014,9731898,2963847,4792471,526705,0,0
20031015,9710309,2958153,4792683,579773,0,0
20031016,9687344,3028261,4775426,599296,0,0
20031017,9590576,3028187,4811579,622383,0,0
20031020,10079952,3065175,4756747,663365,0,0
20031021,9999284,3086725,4751722,721534,0,0
20031022,9931396,3092692,4728492,718425,0,0
20031023,9831813,3139633,4658096,681968,0,0
20031024,9950211,3069631,4620118,680070,0,0
20031027,9846319,3086675,4544118,722177,0,0
20031028,9689116,3129447,4526299,696209,0,0
20031029,9260451,3172390,4473410,623816,0,0
20031030,9387629,3165938,4458064,597494,0,0
20031031,9776019,3193112,4457415,642166,0,0
20031103,10107729,3144175,4487728,592076,0,0
20031104,10040325,3128380,4490774,614126,0,0
20031105,10027557,3161791,4534584,592933,0,0
20031106,10115551,3195763,4621452,662490,0,0
20031107,10161345,3140515,4683514,764076,0,0
20031110,10602070,3190796,4662714,802389,0,0
20031111,10520496,3159011,4670285,711176,0,0
20031112,10372891,3128420,4667793,655169,0,0
20031113,10305574,3156940,4708898,670326,0,0
20031114,10140572,3053580,4719006,632111,0,0
20031117,10611619,3079207,4690371,657168,0,0
20031118,10792142,3040343,4842332,686651,0,0
20031119,10920648,3123443,4900755,755528,0,0
20031120,10687312,3084543,5090989,739097,0,0
20031121,10336398,3065508,5094231,824197,0,0
20031124,10132262,3082815,5126267,793283,0,0
20031125,10104609,3078448,5140098,657878,0,0
20031126,9760730,3098515,5129673,636116,0,0
20031127,9568162,3084961,5169409,592155,0,0
20031128,9536302,3075480,5138085,550043,0,0
20031201,9751281,3179296,5222264,542694,0,0
20031202,9677870,3202055,5252700,533058,0,0
20031203,9840266,3211443,5175902,610440,0,0
20031204,9963067,3202652,5227447,660924,0,0
20031205,10029553,3226266,5171575,705570,0,0
20031208,10182371,3233695,5150932,716011,0,0
20031209,10116599,3212604,5177172,675533,0,0
20031210,9711403,3226045,5184400,670585,0,0
20031211,9687611,3232741,5180250,617402,0,0
20031212,9370246,2987950,5194069,619123,0,0
20031215,9831337,3046580,5245896,633641,0,0
20031216,9634701,3017048,5237257,651084,0,0
20031217,9552973,2960008,5224874,739808,0,0
20031218,9463070,2949946,5156730,830125,0,0
20031219,9336887,2958917,5215875,850784,0,0
20031222,9556398,3007701,5161978,766887,0,0
20031223,9151087,2956985,5095692,678805,0,0
20031224,9123430,2972507,5030265,662232,0,0
20031226,9132244,2954988,5074616,635701,0,0
20031229,9359398,2991934,5097709,598519,0,0
20031230,8856202,2959841,4974531,527960,0,0
20031231,9543693,2956772,4976510,525982,0,0
20040102,9644100,3058999,5015619,459152,0,0
20040105,9734967,3154666,5035751,464859,0,0
20040106,9852852,3102527,5077680,508263,0,0
20040107,9924171,3045460,5072815,570095,0,0
20040108,9968384,3220332,5080583,614273,0,0
20040109,9977638,3114377,5172212,611285,0,0
20040112,9825833,3092184,5083095,627785,0,0
20040113,9998129,3048573,4980133,595042,0,0
20040114,9880839,3103903,5068166,612138,0,0
20040115,10158388,3106557,5084091,620605,0,0
20040116,9867285,3125463,5135927,623776,0,0
20040119,9684810,3130859,5066152,667393,0,0
20040120,9704210,3132915,5136118,580372,0,0
20040126,9675569,3217871,5056307,553963,0,0
20040127,9658778,3190762,5013062,528777,0,0
20040128,9584658,3239718,5003354,581548,0,0
20040129,9624075,3238463,5082800,623126,0,0
20040130,9501745,3253703,5110179,636680,0,0
20040202,9491700,3306752,5091851,657519,0,0
20040203,9466017,3352815,5215772,634804,0,0
20040204,9372470,3364450,5228819,619063,0,0
20040205,9454614,3418765,5251625,641775,0,0
20040206,9365361,3399051,5299546,656521,0,0
20040209,9471685,3378146,5346445,668289,0,0
20040210,9314690,3400969,5325493,645134,0,0
20040211,9438496,3399067,5267185,635280,0,0
20040212,9451286,3432449,5316485,615711,0,0
20040213,9505576,3280288,5356978,597004,0,0
20040216,9538095,3275243,5389180,636626,0,0
20040217,9489077,3285135,5402972,657164,0,0
20040218,9466965,3306501,5398066,683356,0,0
20040219,9475213,3286591,5599869,684300,0,0
20040220,9397394,3283665,5578529,676184,0,0
20040223,9386538,3255708,5597214,673589,0,0
20040224,9248508,3281315,5580558,651611,0,0
20040225,9297295,3243517,5611116,673405,0,0
20040226,9205991,3265882,5620225,652015,0,0
20040227,9014871,3265698,5674538,632843,0,0
20040302,9042436,3299503,5646108,623565,0,0
20040303,9020771,3339427,5630275,537564,0,0
20040304,9370783,3386772,5580646,556984,0,0
20040305,9415804,3534446,5699815,584318,0,0
20040308,9490582,3471264,5681542,605426,0,0
20040309,9630763,3542222,5674523,611973,0,0
20040310,9704082,3553604,5642131,632465,0,0
20040311,9766051,3583666,5607380,606865,0,0
20040312,9689558,3349279,5604024,632970,0,0
20040315,9463475,3401970,5603448,703644,0,0
20040316,9484058,3412433,5640670,772092,0,0
20040317,9352890,3492847,5635596,647711,0,0
20040318,9276678,3443485,5618163,687995,0,0
20040319,9153139,3435460,5644946,664267,0,0
20040322,9086802,3479294,5555746,701441,0,0
20040323,9033016,3470801,5509599,657655,0,0
20040324,8785889,3460046,5435648,746042,0,0
20040325,8740094,3455844,5398548,770083,0,0
20040326,8745531,3465839,5336032,732161,0,0
20040329,8894841,3498994,5257748,733644,0,0
20040330,8857673,3502399,5137658,612490,0,0
20040331,8869009,3515755,5136677,542048,0,0
20040401,8923971,3495937,5111185,528572,0,0
20040402,9002759,3508786,5213962,524813,0,0
20040406,9141190,3518306,5183315,526946,0,0
20040407,9404604,3564571,5214246,526409,0,0
20040408,9922382,3662403,5326070,577822,0,0
20040409,10193900,3411016,5120076,630959,0,0
20040412,10322773,3461463,5325304,690909,0,0
20040413,10312334,3439219,5308261,708085,0,0
20040414,10087480,3426436,5269687,642462,0,0
20040416,10786772,3422482,5338088,676640,0,0
20040419,10749412,3449031,5297698,685599,0,0
20040420,10287302,3308996,5322380,755008,0,0
20040421,10165130,3373351,5330042,736433,0,0
20040422,10112454,3374074,5326357,685633,0,0
20040423,10362640,3298724,5401741,673369,0,0
20040426,10336493,3287011,5431820,708911,0,0
20040427,10406060,3316114,5491982,756080,0,0
20040428,10456702,3379297,5411751,808895,0,0
20040429,10539570,3472749,5612658,819948,0,0
20040430,10386632,3510185,5620201,793925,0,0
20040503,10167237,3517334,5623133,836787,0,0
20040504,9754545,3502024,5678576,961271,0,0
20040506,9514420,3610934,5794211,736871,0,0
20040507,9439172,3555157,5818235,643984,0,0
20040510,9540445,3812979,5817995,691819,0,0
20040511,9556663,3707530,5916049,680688,0,0
20040512,9707750,3812031,5968553,775506,0,0
20040513,9569626,3888009,6065271,764492,0,0
20040514,9459002,3582572,6076390,631617,0,0
20040517,9258199,3639817,6060957,652110,0,0
20040518,9057835,3603093,6169192,767470,0,0
20040519,9074899,3625257,6095492,824016,0,0
20040520,9085938,3610079,6099416,672330,0,0
20040521,8885510,3579076,6096804,541905,0,0
20040524,8874265,3591877,6064198,504229,0,0
20040525,8807393,3551330,6054583,443073,0,0
20040527,8881322,3540538,6024627,476924,0,0
20040528,8674555,3448469,6054742,539107,0,0
20040531,8745219,3494734,6029971,516258,0,0
20040601,8890867,3525530,6058045,473729,0,0
20040602,8773242,3515046,6075432,493242,0,0
20040603,8924436,3592123,6074064,458433,0,0
20040604,8836913,3604443,6114180,495177,0,0
20040607,8788230,3675163,6085503,675883,0,0
20040608,8559323,3723316,6134247,654419,0,0
20040609,8671328,3673541,6144716,502582,0,0
20040610,8801602,3768568,6151294,475558,0,0
20040611,8913741,3623878,6178156,533821,0,0
20040614,8775198,3624709,6196821,670362,0,0
20040615,8385726,3604940,6215238,854392,0,0
20040616,8417725,3636567,6235576,752565,0,0
20040617,8416901,3658551,6312284,576782,0,0
20040618,8364191,3630605,6303492,491401,0,0
20040621,8411737,3657067,6275766,432056,0,0
20040622,8238249,3598506,6296732,493006,0,0
20040623,8334303,3597323,6295318,489875,0,0
20040624,8240772,3609817,6288204,473892,0,0
20040625,8320671,3589823,6296533,445843,0,0
20040628,8420777,3589227,6291641,370946,0,0
20040629,8531205,3584922,6218441,346017,0,0
20040630,8381423,3592319,6129222,418524,0,0
20040701,8365253,3566136,6233304,432168,0,0
20040702,8417125,3519826,6210051,431444,0,0
20040705,8538285,3525581,6197200,458881,0,0
20040706,8379679,3545080,6201903,547879,0,0
20040707,8234625,3573380,6188545,532170,0,0
20040708,8317080,3630205,6192618,469042,0,0
20040709,8166176,3467275,6196118,447647,0,0
20040712,8064857,3481047,6207498,537855,0,0
20040713,7944848,3470089,6245661,514978,0,0
20040714,7982458,3465864,6280288,456771,0,0
20040715,8013928,3500238,6273785,461149,0,0
20040716,8123261,3474057,6301634,514376,0,0
20040719,7911074,3522263,6300828,551184,0,0
20040720,7750186,3536918,6276941,479871,0,0
20040721,7818909,3562793,6254514,429104,0,0
20040722,7773038,3526363,6250233,444335,0,0
20040723,7874343,3491231,6006079,409231,0,0
20040726,7787699,3512801,6006706,431296,0,0
20040727,7763282,3520935,5982958,441527,0,0
20040728,7750506,3509420,6009836,441592,0,0
20040729,7788290,3527709,6054752,421813,0,0
20040730,7842231,3519846,6095667,396430,0,0
20040802,7769103,3497001,6143814,414890,0,0
20040803,7838812,3500153,6169749,370297,0,0
20040804,7801222,3521806,6182009,379574,0,0
20040805,7877864,3584939,6178010,352877,0,0
20040806,7894723,3526008,6211164,359508,0,0
20040809,7843074,3584442,6177368,346306,0,0
20040810,8006003,3568312,6188777,349362,0,0
20040811,7979628,3616206,6171337,340700,0,0
20040812,8022244,3669773,6254536,336841,0,0
20040813,8202223,3460818,6204087,378569,0,0
20040816,8493966,3427841,6162687,345715,0,0
20040817,8551787,3448256,6137768,360315,0,0
20040818,8561724,3472727,6163535,395036,0,0
20040819,8406735,3493832,6194043,443427,0,0
20040820,8370753,3466056,6195474,408962,0,0
20040823,8559055,3520950,6071826,369488,0,0
20040824,8498453,3503039,6026544,359544,0,0
20040825,8459323,3492380,5988046,385549,0,0
20040826,8456240,3499577,5898717,389145,0,0
20040827,8415247,3481237,5839210,380371,0,0
20040830,8446433,3492678,5778270,386221,0,0
20040831,8517939,3498002,5855273,402758,0,0
20040901,8460935,3523971,5871773,422755,0,0
20040902,8457663,3479524,5819937,450368,0,0
20040903,8436934,3364421,5814591,426004,0,0
20040906,8668095,3547439,5788417,466914,0,0
20040907,8489309,3572160,5815818,495752,0,0
20040908,8609248,3541230,5761275,519716,0,0
20040909,8486621,3579909,5757254,498997,0,0
20040910,8465159,3363015,5707832,453126,0,0
20040913,8571031,3360882,5716473,449999,0,0
20040914,8571832,3355005,5685093,448204,0,0
20040915,8797972,3352040,5651860,454843,0,0
20040916,8925356,3365002,5602745,514585,0,0
20040917,8745768,3347057,5573034,536733,0,0
20040920,8817713,3414768,5629974,489861,0,0
20040921,8845881,3416852,5646954,478112,0,0
20040922,8879223,3455172,5613320,489536,0,0
20040923,9269936,3426780,5498231,526397,0,0
20040924,8768437,3366582,5561913,532816,0,0
20040930,8788808,3395725,5579078,535999,0,0
20041001,8591694,3419782,5601838,429203,0,0
20041004,8702224,3550367,5570059,410282,0,0
20041005,8770417,3625510,5583981,384477,0,0
20041006,9210137,3911885,5664455,416647,0,0
20041007,9334220,3876137,5685553,459908,0,0
20041008,9373582,3836241,5642822,518195,0,0
20041011,9482408,3863720,5530866,555049,0,0
20041012,9496732,3880736,5538632,547138,0,0
20041013,9398931,3838991,5523121,586809,0,0
20041014,9256150,3840102,5483488,658450,0,0
20041015,9008594,3786588,5485031,642377,0,0
20041018,8916460,3812466,5474943,606864,0,0
20041019,8655550,3799624,5524182,583546,0,0
20041020,9018083,3817852,5438749,559146,0,0
20041021,9015446,3861317,5394836,526301,0,0
20041022,8897046,3858976,5384006,589507,0,0
20041025,8489894,3929109,5281566,608157,0,0
20041026,8464983,3887829,5324642,507111,0,0
20041027,8348633,3899706,5242885,487080,0,0
20041028,8170648,3892441,5251422,479771,0,0
20041029,8085235,3881792,5247303,504781,0,0
20041101,8156263,3890638,5268269,448759,0,0
20041102,8142044,3867329,5248090,437993,0,0
20041103,8224447,3893957,5262137,454644,0,0
20041104,8340553,3923553,5231045,463026,0,0
20041105,8294041,3852986,5269304,468699,0,0
20041108,8415167,3840473,5250166,473361,0,0
20041109,8517953,3824777,5256083,461450,0,0
20041110,8532409,3857045,5328598,515880,0,0
20041111,8402515,3926792,5364921,525371,0,0
20041112,8378664,3805752,5351833,495704,0,0
20041115,8601547,3849271,5356123,442831,0,0
20041116,8762519,3753273,5353974,435974,0,0
20041117,9019070,3768590,5403827,466231,0,0
20041118,8944792,3752503,5433698,507799,0,0
20041119,8872600,3789739,5389151,518138,0,0
20041122,8990813,3794550,5325305,528047,0,0
20041123,8972387,3769168,5373570,534550,0,0
20041124,8951284,3800244,5346210,556922,0,0
20041125,8558000,3787317,5327867,514284,0,0
20041126,8600340,3789434,5303367,467823,0,0
20041129,8562647,3754086,5271888,447788,0,0
20041130,8584325,3720151,5207838,512409,0,0
20041201,8513581,3699587,5217190,534385,0,0
20041202,8351989,3700359,5215987,526677,0,0
20041203,8236465,3682494,5202240,497698,0,0
20041206,8627037,3712799,5212275,489435,0,0
20041207,8554473,3712750,5211707,533399,0,0
20041208,8567433,3731377,5277481,550266,0,0
20041209,8532139,3802367,5276064,553916,0,0
20041210,8452833,3616239,5236332,521992,0,0
20041213,8563701,3581190,5238008,524082,0,0
20041214,8258403,3558190,5216115,568451,0,0
20041215,8313857,3562909,5183639,558835,0,0
20041216,8252551,3607272,5160160,506036,0,0
20041217,8128189,3597464,5228292,495662,0,0
20041220,8537999,3597916,5235006,487599,0,0
20041221,8523973,3619053,5233374,528152,0,0
20041222,8507393,3666046,5254818,532195,0,0
20041223,8698740,3713338,5196242,548984,0,0
20041224,8775186,3640917,5143746,554097,0,0
20041227,8886888,3669548,5161821,563363,0,0
20041228,8603686,3635546,5145841,539015,0,0
20041229,8451491,3649235,5083212,495748,0,0
20041230,8206376,3592090,5053932,497655,0,0
20041231,8130850,3637386,5119815,494548,0,0
20050103,8386148,3686534,5137545,433699,0,0
20050104,8462224,3709263,5121370,400639,0,0
20050105,8575029,3699323,5111556,447024,0,0
20050106,8721958,3697685,5094188,529291,0,0
20050107,8735711,3660618,5130837,562170,0,0
20050110,8827199,3661362,5040428,656890,0,0
20050111,8805004,3678066,5064592,683691,0,0
20050112,8808321,3672987,5072390,696988,0,0
20050113,9505278,3687757,5075799,705240,0,0
20050114,9485455,3676392,5093128,728874,0,0
20050117,9045911,3707010,5155124,696437,0,0
20050118,9403582,3739750,5205766,689436,0,0
20050119,9775992,3724222,5234426,739223,0,0
20050120,9826799,3717403,5212226,782486,0,0
20050121,9788138,3747934,5157052,826861,0,0
20050124,9959207,3787440,5186830,866198,0,0
20050125,10199597,3786155,5217599,798530,0,0
20050126,10110941,3786066,5252329,829307,0,0
20050127,9788164,3685341,5314584,909237,0,0
20050128,9809487,3749195,5349071,912306,0,0
20050131,9989077,3799584,5279744,904319,0,0
20050201,9793639,3772095,5324105,832380,0,0
20050202,9869352,3774855,5364169,828306,0,0
20050203,9773847,3778139,5411190,859984,0,0
20050204,9661194,3788243,5402128,876113,0,0
20050207,9717017,3823303,5468044,805441,0,0
20050211,9770349,3767233,5424368,735546,0,0
20050214,10063001,3787990,5251840,734694,0,0
20050215,10116812,3859395,5232106,824477,0,0
20050216,10665437,3824926,5310786,930699,0,0
20050217,10731776,3869250,5405433,1051500,0,0
20050218,10701305,3912178,5490848,1148415,0,0
20050221,10951485,3983219,5521349,1129075,0,0
20050222,10977580,4045362,5534882,1115974,0,0
20050223,10756475,4116199,5580645,1257569,0,0
20050224,10704237,4023376,5520826,1300158,0,0
20050225,10625561,4081608,5597989,1250357,0,0
20050228,10613415,4125817,5544661,1050515,0,0
20050302,10911978,4167745,5451745,1097220,0,0
20050303,11012057,4196900,5488517,1086298,0,0
20050304,10880661,4201896,5553099,1242610,0,0
20050307,10897901,4225652,5547758,1209284,0,0
20050308,10861500,4173703,5581073,1140476,0,0
20050309,10748056,4179830,5582116,1238543,0,0
20050310,10742989,4180236,5601541,1252508,0,0
20050311,10652817,4027063,5634518,1092969,0,0
20050314,10539673,3997113,5551916,1106216,0,0
20050315,10589393,4064102,5509798,1012574,0,0
20050316,10510806,4049581,5469788,1020614,0,0
20050317,10446478,4082085,5445699,1225850,0,0
20050318,10355311,4063452,5373573,1173781,0,0
20050321,10349500,4084918,5364020,1084881,0,0
20050322,10321200,4103659,5368556,986292,0,0
20050323,10242081,4125133,5420216,878033,0,0
20050324,10090412,4120504,5442734,814282,0,0
20050325,10104069,4033586,5361078,881813,0,0
20050328,10101559,4107616,5317446,948206,0,0
20050329,9950967,4159841,5247411,840972,0,0
20050330,10018430,4134947,5094524,759923,0,0
20050331,10008270,4075378,4932202,835248,0,0
20050401,9927332,4116550,5075004,843028,0,0
20050404,9867967,4161444,5149672,793723,0,0
20050406,10027388,4183075,5203397,729562,0,0
20050407,9962903,4170258,5260678,738233,0,0
20050408,10063389,4138472,5458529,753526,0,0
20050411,10196809,4184543,5337162,767514,0,0
20050412,10209106,4151589,5363471,789194,0,0
20050413,10068142,4142386,5412729,803865,0,0
20050414,10071872,4212375,5305938,789602,0,0
20050415,10195819,4160510,5335133,770202,0,0
20050418,10040041,4203274,5385446,885105,0,0
20050419,9903604,4222571,5393677,922490,0,0
20050420,9910729,4175597,5391021,905779,0,0
20050421,9753716,4170369,5404368,807290,0,0
20050422,9631001,4085781,5394757,783543,0,0
20050425,9610972,4094474,5373637,757503,0,0
20050426,9508676,4119253,5512202,705598,0,0
20050427,9598274,4175004,5536236,670747,0,0
20050428,9580426,4227754,5526569,685067,0,0
20050429,9434328,4266920,5524064,749776,0,0
20050502,9312442,4271780,5358690,720382,0,0
20050503,9385774,4283596,5438086,692414,0,0
20050504,9227839,4255513,5521367,623363,0,0
20050506,9147613,4219199,5531693,604335,0,0
20050509,9205340,4209921,5608841,583509,0,0
20050510,9298674,4173849,5592983,586248,0,0
20050511,9268271,4198446,5697333,648339,0,0
20050512,9315622,4207332,5732459,652036,0,0
20050513,9315806,4065241,5801876,657799,0,0
20050516,9319297,4053901,5822273,637366,0,0
20050517,9292365,4012832,5791746,654690,0,0
20050518,9436622,3972471,5792632,662873,0,0
20050519,9408106,4020745,5818729,701378,0,0
20050520,9255179,4014532,5837617,688902,0,0
20050523,9533991,4054322,5954982,661231,0,0
20050524,9639702,4035411,6032953,673426,0,0
20050525,9710701,4008785,6102406,679596,0,0
20050526,9694888,3974781,6106143,690041,0,0
20050527,9551378,4013866,5964875,734242,0,0
20050530,9514959,3986941,6069127,744435,0,0
20050531,9668744,4029635,6057337,712056,0,0
20050601,9726819,4068367,6021286,736759,0,0
20050602,9834554,4091503,6041859,750324,0,0
20050603,9866782,4088357,6066662,798094,0,0
20050607,10016794,4092323,6028640,803311,0,0
20050608,10086994,4089183,6002266,801259,0,0
20050609,10102301,4129858,6023120,911690,0,0
20050610,10209944,3874599,5976487,957603,0,0
20050613,10222546,3878141,5927285,978260,0,0
20050614,10344064,3877307,5912342,986686,0,0
20050615,10188627,3879689,5901917,983182,0,0
20050616,10129743,3908022,5875523,994214,0,0
20050617,10356111,3886639,5922895,963675,0,0
20050620,10419934,3920249,5907951,950104,0,0
20050621,10306211,3913255,5892219,958687,0,0
20050622,10510393,3895176,5909648,993765,0,0
20050623,10654112,3916189,5921412,1018263,0,0
20050624,10401909,3899210,5940928,1011498,0,0
20050627,10429704,3873310,5885771,986623,0,0
20050628,10258965,3807353,5834713,1028337,0,0
20050629,10212338,3797250,5906205,1203861,0,0
20050630,10071352,3838752,6063934,1078954,0,0
20050701,10043194,3882360,5977431,1028786,0,0
20050704,10321825,3858069,6099731,998249,0,0
20050705,10542567,3873115,6208488,995510,0,0
20050706,10543873,3910660,6240076,1041148,0,0
20050707,10607321,3898900,6199676,1128438,0,0
20050708,10533245,3873981,6204739,1219411,0,0
20050711,10773936,3927477,6128953,1196502,0,0
20050712,10886539,3941908,6170112,1208690,0,0
20050713,11000828,3946740,6285133,1233101,0,0
20050714,11045243,3982772,6176148,1271665,0,0
20050715,11033201,3933587,6119288,1242013,0,0
20050718,11305742,3912083,6131600,1229767,0,0
20050719,11385981,3911781,6126450,1209955,0,0
20050720,11407992,3927386,6151927,1255549,0,0
20050721,11382727,3878821,6151587,1371186,0,0
20050722,11502104,3874627,5915535,1488521,0,0
20050725,11426722,3882448,5862861,1540213,0,0
20050726,11628075,3903220,6012798,1407989,0,0
20050727,11618544,3940066,6151792,1282755,0,0
20050728,11685608,3961670,6104893,1343514,0,0
20050729,11620741,3992830,6141834,1410750,0,0
20050801,11821218,4017645,6120668,1447298,0,0
20050802,11842343,4042115,6213569,1479787,0,0
20050803,11830396,4077374,6234942,1448793,0,0
20050804,11918188,4120835,6487785,1456712,0,0
20050805,11903522,4093313,6526378,1580461,0,0
20050808,12015133,4128649,6489503,1569847,0,0
20050809,11977207,4101068,6491679,1444613,0,0
20050810,11812958,4152113,6479338,1243256,0,0
20050811,11593749,4212385,6477457,1098226,0,0
20050812,11579581,4030332,6518334,1117195,0,0
20050816,11657496,3954133,6532323,1125332,0,0
20050817,11952641,3953641,6639215,1181095,0,0
20050818,11795959,4052863,6640100,1267282,0,0
20050819,11579441,4036654,6631597,1269055,0,0
20050822,11563780,4071326,6618015,1265756,0,0
20050823,11421726,4064258,6662779,1247992,0,0
20050824,11437572,4091761,6720101,1102819,0,0
20050825,11354426,4122955,6733815,1167441,0,0
20050826,11134524,4097669,6857759,1257970,0,0
20050829,11162892,4163245,6826804,1212800,0,0
20050830,11080173,4182010,6850995,1175775,0,0
20050831,11139033,4244717,6923654,1212755,0,0
20050901,10935138,4254607,6858051,1110759,0,0
20050902,10838052,4247853,6894055,951241,0,0
20050905,10934202,4303496,7025036,900731,0,0
20050906,11170033,4352564,7055233,912686,0,0
20050907,11287616,4350934,7119005,999261,0,0
20050908,11609108,4452905,7265136,1090836,0,0
20050909,11631646,4167876,7313881,1152957,0,0
20050912,11844236,4144118,7320277,1189432,0,0
20050913,11906835,4159807,7327544,1175235,0,0
20050914,11949684,4182792,7273254,1273943,0,0
20050915,11932035,4197357,7319820,1321364,0,0
20050916,11763096,4143255,7262698,1263683,0,0
20050920,11954366,4213696,7237679,1305970,0,0
20050921,11851155,4224804,7175735,1310528,0,0
20050922,11875315,4267351,7137364,1364979,0,0
20050923,11781303,4301149,6909689,1385328,0,0
20050926,11728761,4222802,6908547,1402718,0,0
20050927,11966330,4150565,6948897,1524014,0,0
20050928,11991187,4199588,7078142,1366493,0,0
20050929,11912020,4250432,7210858,1351292,0,0
20050930,11783193,4202006,6980582,1421503,0,0
20051004,11922850,4280974,6921648,1488028,0,0
20051005,12154159,4368052,7195697,1508439,0,0
20051006,12610769,4476207,7412074,1493037,0,0
20051007,12328122,4455589,7325675,1629384,0,0
20051010,12108400,4505900,7400696,1845573,0,0
20051011,11986615,4475748,7373524,1714604,0,0
20051012,12265240,4520841,7521955,1564618,0,0
20051013,12518606,4544004,7519019,1582556,0,0
20051014,12422379,4450938,7612549,1840813,0,0
20051017,12090000,4431709,7675897,2084145,0,0
20051018,11858862,4442233,7725192,2089447,0,0
20051019,11996992,4514162,7755794,2005639,0,0
20051020,11647034,4502739,7793081,1786747,0,0
20051021,11489454,4501834,7742476,1850564,0,0
20051024,11544622,4563413,7721826,1660763,0,0
20051025,11633896,4524172,7838287,1372017,0,0
20051026,11556102,4529725,7714505,1382867,0,0
20051027,11571933,4536225,7754751,1489405,0,0
20051028,11317225,4531660,7766123,1590101,0,0
20051031,11493541,4573503,7391279,1589006,0,0
20051101,10965411,4608822,7525407,1674338,0,0
20051102,10900221,4574991,7482190,1484980,0,0
20051103,10995389,4594187,7612295,1396200,0,0
20051104,11104046,4604316,7610431,1371986,0,0
20051107,11491312,4591914,7739904,1428731,0,0
20051108,11829266,4592953,7817401,1464481,0,0
20051109,11751550,4637213,7782993,1524563,0,0
20051110,11714594,4642123,7703725,1552652,0,0
20051111,11891560,4497485,7873434,1560925,0,0
20051114,12108099,4588517,7994770,1601048,0,0
20051115,12824420,4604036,8324701,1661360,0,0
20051116,12700136,4603424,8643752,1753696,0,0
20051117,12507128,4642844,8888906,1812437,0,0
20051118,12445665,4653114,9271746,1773162,0,0
20051121,12477137,4699576,9307302,1782056,0,0
20051122,12883968,4732341,9541157,1881156,0,0
20051123,13626943,4700657,9699255,1937764,0,0
20051124,12926332,4683675,9465889,2060843,0,0
20051125,12771542,4606401,9341009,2031748,0,0
20051128,12850369,4639343,9320175,2095725,0,0
20051129,12911792,4681113,9204708,2058110,0,0
20051130,12819794,4647739,9405627,2088832,0,0
20051201,12678569,4669413,9475285,2210240,0,0
20051202,12865260,4649930,9464663,2110693,0,0
20051205,12991273,4678132,9435742,2109437,0,0
20051206,13550092,4743972,9483536,2158477,0,0
20051207,13424019,4808822,9632812,2188249,0,0
20051208,13637639,4916202,9549229,2236087,0,0
20051209,13403267,4598335,9293874,2525064,0,0
20051212,13123190,4552193,9334636,2408328,0,0
20051213,13218914,4581062,9563445,2184092,0,0
20051214,13239312,4495931,9584589,2048240,0,0
20051215,13089371,4482835,9353832,2112436,0,0
20051216,12876563,4499663,9186436,2186343,0,0
20051219,12991201,4534651,9189708,2266532,0,0
20051220,13462072,4518731,9297237,2388082,0,0
20051221,12912706,4517833,9243119,2134923,0,0
20051222,12785799,4527901,9275290,2062194,0,0
20051223,12606412,4505172,8953375,2065680,0,0
20051226,13033406,4536905,9171520,2329649,0,0
20051227,13126636,4556743,9206765,2328841,0,0
20051228,12602329,4562791,9168703,2043435,0,0
20051229,12178950,4549218,8502335,2052031,0,0
20051230,11895560,4555090,7913888,2045437,0,0
20060102,12285884,4577403,8459015,1893708,0,0
20060103,12469608,4654869,8774150,1844441,0,0
20060104,12579978,4662979,8835675,2065111,0,0
20060105,12796582,4690927,8980707,2327717,0,0
20060106,13214262,4659167,8930058,2634069,0,0
20060109,13552092,4749980,8860664,2734935,0,0
20060110,13495040,4776474,8751744,2464846,0,0
20060111,13835457,4787074,8879387,2569083,0,0
20060112,13550214,4792386,8962528,2719415,0,0
20060113,13245096,4714595,9063070,2642512,0,0
20060116,13270308,4711320,8876307,2538909,0,0
20060117,13236496,4755089,8763638,2428749,0,0
20060118,13638550,4829403,8819689,2399897,0,0
20060119,13729819,4809652,8870485,2614028,0,0
20060120,13701907,4869032,8743071,2997394,0,0
20060123,13410755,4929433,8853818,2580780,0,0
20060124,13752532,4910989,8683398,2365689,0,0
20060125,14229986,4911503,8527941,2299068,0,0
20060126,13536685,4851662,8405311,1842991,0,0
20060127,13053400,4845322,8666197,1680196,0,0
20060131,13125226,4853322,8645650,1648606,0,0
20060201,13276930,4868987,8691097,1585180,0,0
20060202,13448325,4900880,8681291,1755924,0,0
20060203,13485775,5056042,8399942,2071983,0,0
20060206,13340064,5004332,8269175,2122392,0,0
20060207,13579654,5018799,8764810,2127970,0,0
20060208,12759692,5077390,8572169,2009450,0,0
20060209,12615975,5043634,8549145,1888079,0,0
20060210,12777936,4846064,8906736,1939861,0,0
20060213,12563014,4877763,8977602,1933440,0,0
20060214,12475920,4833773,9069165,1801053,0,0
20060215,12399367,4918579,8949633,1871646,0,0
20060216,12278498,4859530,9118105,1789746,0,0
20060217,12037875,4770302,9146255,2019166,0,0
20060220,12081849,4782725,9118171,1831007,0,0
20060221,12093938,4772107,9183172,1539433,0,0
20060222,12269583,4809404,9096261,1629280,0,0
20060223,12173818,4795187,9026243,1678468,0,0
20060224,11933340,4719848,8919483,1802714,0,0
20060227,12047469,4777713,8847699,1654044,0,0
20060228,12114613,4752138,8737036,1656679,0,0
20060302,12091335,4742863,8676941,1647866,0,0
20060303,12137955,4821926,9218216,1689137,0,0
20060306,12204793,4799254,9244218,1748426,0,0
20060307,12063716,4845654,9515758,1942464,0,0
20060308,11978618,4833839,9485688,1800170,0,0
20060309,11823286,4876480,9442465,1775469,0,0
20060310,11569814,4776357,9336213,1770300,0,0
20060313,11277950,4794740,9581019,1675074,0,0
20060314,11203992,4800404,9782398,1615591,0,0
20060315,11236793,4729990,9728103,1576531,0,0
20060316,11106272,4723850,9515374,1648120,0,0
20060317,11028471,4672926,9362444,1589619,0,0
20060320,11222273,4712140,9567378,1476377,0,0
20060321,11136634,4699898,9514156,1347217,0,0
20060322,11191052,4764299,9691764,1265565,0,0
20060323,11233907,4785945,9380816,1310750,0,0
20060324,11086813,4777559,9507368,1515923,0,0
20060327,11022790,4765649,9512852,1540449,0,0
20060328,11095947,4761532,9614268,1456507,0,0
20060329,11073036,4721879,9580470,1320431,0,0
20060330,11102802,4726243,9132361,1275390,0,0
20060331,11248693,4692259,8603517,1234086,0,0
20060403,11393165,4748357,8753117,1196925,0,0
20060404,12404118,4743974,9316523,1161041,0,0
20060405,12348450,4720119,9506851,1201025,0,0
20060406,12621356,4754772,9561548,1341317,0,0
20060407,12649075,4766582,9647027,1417894,0,0
20060410,13020513,4811107,9233136,1402871,0,0
20060411,12859848,4809151,8926981,1277358,0,0
20060412,12894202,4816845,8922871,1300937,0,0
20060413,12933018,4841862,8790622,1381296,0,0
20060414,12875483,4741862,8692741,1392079,42696,3.1
20060417,12835526,4762706,8742880,1456700,58878,4.2
20060418,13221017,4791522,8843685,1449018,39008,2.7
20060419,13105037,4771378,8842904,1552275,42949,3
20060420,13191156,4688402,8775814,1496796,48990,3.2
20060421,13240545,4692873,8922743,1631305,51396,3.4
20060424,13328863,4724645,8899801,1638810,56792,3.5
20060425,13185199,4707463,8858948,1469064,53356,3.3
20060426,12978966,4728458,8921029,1473237,46952,3.2
20060427,13290770,4678790,8933849,1476506,41297,2.8
20060428,13276411,4702026,8906112,1350981,46958,3.2
20060502,12739504,4722598,8569024,1338131,49069,3.6
20060503,12657338,4740080,8434798,1468528,58429,4.4
20060504,12268917,4725141,8522789,1352147,45683,3.1
20060508,12286227,4724090,8491145,1218843,36250,2.7
20060509,12115487,4801750,8550902,1120036,34704,2.8
20060510,12111644,4798965,8522511,1159286,31052,2.8
20060511,12077191,4825349,8271886,1145014,32234,2.8
20060512,12002343,4782317,8352462,1076011,31961,2.8
20060515,12063727,4882100,8230766,1032174,32943,3.1
20060516,11982612,4999301,8312198,1101608,33811,3.3
20060517,11951003,4907709,8739393,1184041,34276,3.1
20060518,11794966,4941454,8837126,1236037,36165,3.1
20060519,11677636,4947411,8785479,1079582,37533,3
20060522,11489908,5027421,8798505,1087948,29589,2.7
20060523,11265564,5027423,9036870,1025042,30510,2.8
20060524,11212938,5008209,9011107,1026574,26397,2.6
20060525,10999528,5069381,8541908,1006539,29927,2.9
20060526,10876541,5071181,8396366,914292,27781,2.8
20060529,10938026,5079986,8758989,938523,27666,3
20060530,10781390,5094113,8948915,811022,22281,2.4
20060601,10768367,5136330,8948177,746962,20083,2.5
20060602,10679944,5118686,9010659,776233,23371,3.1
20060605,10714894,5323635,9277980,835924,23926,3.1
20060607,10835492,5451739,9474045,739843,23884,2.9
20060608,10933367,5529253,9515997,675673,24986,3.4
20060609,11098312,5315232,9537847,711109,26592,3.9
20060612,10960781,5338187,9624846,743711,21150,3
20060613,10636683,5340890,9596753,704373,17416,2.3
20060614,10517563,5300991,9707370,647144,18060,2.6
20060615,10407236,5298719,9711644,700326,26354,4.1
20060616,10318495,5276522,9848254,655116,13259,1.9
20060619,10175639,5282417,9877993,695394,12235,1.9
20060620,10235954,5243897,9960699,637375,16371,2.4
20060621,10433070,5212611,9994908,649065,18829,3
20060622,10311061,5211285,10178286,705541,16115,2.5
20060623,10069488,5216077,10207633,708874,18106,2.6
20060626,10176728,5163156,10353332,676373,17501,2.5
20060627,10047858,5183194,10961063,642367,16349,2.4
20060628,9890307,5142976,11602253,592284,13510,2.1
20060629,10176730,5183664,12171220,617545,15381,2.6
20060630,9799729,5022578,11917472,649961,13602,2.2
20060703,10238708,5107691,12980829,591901,10719,1.6
20060704,10310356,5137057,13182258,596928,12537,2.1
20060705,10287766,5166676,13882841,678817,16096,2.7
20060706,10181482,5155147,13999865,712856,16298,2.4
20060707,10231971,5122418,14078567,689400,20633,2.9
20060710,10048253,5193516,14045537,704593,15088,2.2
20060711,10026915,5167866,14293311,650110,13645,1.9
20060712,10130915,5150926,14699588,623117,13855,2.1
20060713,10718736,5166632,15340479,627910,11371,1.8
20060714,10384253,5106157,14918298,686272,16266,2.6
20060718,10212505,5144084,14845913,745024,23219,3.4
20060719,9895010,5146043,14882236,772655,24337,3.3
20060720,9766248,5171938,14937299,737802,18569,2.4
20060721,9608217,5101652,15185733,662137,14227,1.9
20060724,9664041,5141080,15209857,586175,13877,2.1
20060725,9552190,5141544,14855346,549256,15122,2.6
20060726,9425853,5088402,15023466,596543,13590,2.5
20060727,9595545,5122103,15877411,586387,13859,2.3
20060728,9603186,5064957,15405330,598756,15672,2.7
20060731,9719467,5020494,14766878,578981,14905,2.5
20060801,9663551,5014272,14963196,567051,16613,2.9
20060802,9693411,5016199,15081804,584629,14722,2.6
20060803,9695336,5014288,15131140,620049,16760,2.9
20060804,9608539,4966520,15187283,623767,18151,2.9
20060807,9564950,4985297,15375739,652546,19238,3.1
20060808,9577645,5048435,15683828,608626,17299,2.7
20060809,9410858,5044192,16421922,632867,16660,2.7
20060810,9517423,5035591,15635763,608644,16220,2.6
20060811,9606933,4926572,15829308,616589,15017,2.5
20060814,9456843,4970124,15588642,723181,19004,3.1
20060816,9467708,5002983,16445739,750476,24350,3.4
20060817,9383891,5029506,16048089,708588,17542,2.3
20060818,9490010,4980575,15995128,677023,15754,2.2
20060821,9757658,4976018,15926196,708546,15643,2.3
20060822,9788609,5002283,16042787,686966,17742,2.5
20060823,9722973,4972788,16429307,702360,16088,2.3
20060824,9678847,4999217,16251189,694656,20955,3
20060825,9458985,4987882,16268891,711679,18397,2.6
20060828,9350606,4989297,16513543,767029,19234,2.7
20060829,9384402,4974958,16627001,725467,15179,2
20060830,9415247,4881303,14440311,694062,13162,1.8
20060831,9618528,4886836,15950382,723389,14478,2.1
20060901,9437442,4865148,16249525,781375,15356,2.1
20060904,9729463,4864742,16010766,785399,16495,2.1
20060905,9832306,4903911,16442480,784825,15718,2
20060906,9959833,4928010,16487946,818547,14533,1.9
20060907,9926000,4972400,16438101,873582,17703,2.2
20060908,9956627,4979295,16440786,846423,18473,2.1
20060911,9954698,5014901,16925035,842880,18059,2.1
20060912,9977250,5089076,16896206,795275,19281,2.3
20060913,10002760,5067673,16340058,807504,18781,2.4
20060914,9748700,5087193,17348279,838501,16128,2
20060915,9755195,4855145,16131209,831373,16825,2
20060918,9956395,4851420,16945063,737571,14578,1.8
20060919,9958677,4864879,17255033,772251,13573,1.8
20060920,10318996,4902531,17277259,831026,14374,1.9
20060921,10134659,4908017,16706850,885810,20297,2.4
20060922,9930393,4908306,16354755,1010563,21283,2.4
20060925,9907936,4932799,16585079,1022010,27853,2.8
20060926,9749419,4969951,17223067,1040368,26772,2.6
20060927,9595085,4962542,17486029,938220,23689,2.3
20060928,9357622,4936858,17358249,925723,19668,2.1
20060929,9333554,4888547,17190072,837179,18623,2
20061002,9261338,5030156,17001263,790898,18095,2.2
20061004,9279292,5031233,17298044,753892,21833,2.8
20061009,9792927,5084934,17299216,657457,20115,2.7
20061010,9878164,5072751,18200261,708483,21830,3.3
20061011,10529813,5006809,18077013,831046,18148,2.6
20061012,10528580,5033323,18023197,718960,17759,2.1
20061013,10247563,4946910,18677902,661785,23574,3.3
20061016,10240896,4965481,17854008,654199,11014,1.7
20061017,10247166,4953034,18857613,678641,11486,1.8
20061018,10205882,4993609,18695665,747362,13319,2
20061019,10193466,4970090,18386830,785317,16625,2.2
20061020,10190898,4983626,18364333,779308,18223,2.3
20061023,10406832,4930143,18496950,812513,17986,2.3
20061024,10182353,4908698,18414807,809986,17829,2.2
20061025,9972566,4909038,18199206,821527,15828,2
20061026,9870171,4908952,18155729,894539,18566,2.3
20061027,9661894,4924659,18780269,894347,19767,2.2
20061030,9766772,4979365,18348992,840016,22177,2.5
20061031,9614849,4986056,18668340,864025,19806,2.4
20061101,9641897,4988272,17936365,817181,19983,2.3
20061102,9460571,4974799,17635279,738581,18197,2.2
20061103,9399992,5019105,17740895,774828,17850,2.4
20061106,9498686,5044794,17766074,773694,16032,2.1
20061107,9613788,5036146,17960509,810196,18955,2.4
20061108,9470637,5038703,17436746,855726,16553,2
20061109,9464381,5071070,18025885,821407,21084,2.5
20061110,9435611,4968939,18064371,834310,21186,2.6
20061113,9574662,4954690,18435767,776915,16944,2
20061114,9550997,4965620,19171071,764479,15550,2
20061115,9527518,4967234,19352492,821959,16005,2.1
20061116,9474055,4979272,18392790,840907,17171,2.1
20061117,9365972,4942394,18369887,840814,18942,2.3
20061120,9429451,4970452,18657086,851374,19587,2.3
20061121,9457364,4984356,18849511,861263,19695,2.3
20061122,9440849,5017181,18800135,857702,16966,2
20061123,9681539,5010977,18725146,880661,19498,2.3
20061124,9331043,5018939,18087854,833951,15909,1.8
20061127,9342179,5081668,18301226,865465,15963,1.9
20061128,9475087,5065377,18990573,928300,19175,2.2
20061129,9581705,5086683,19072778,947459,18266,2
20061130,9337799,5104661,19186707,967965,18025,1.9
20061201,9223637,5105400,18737881,944788,18128,1.9
20061204,9343303,5103578,18764686,939794,19399,2.1
20061205,9471057,5130565,19279274,908244,23696,2.5
20061206,9382202,5154345,18959025,923184,18151,2
20061207,9335139,5124658,18904949,968947,23265,2.5
20061208,9405837,5167221,19477954,976415,24945,2.6
20061211,9512972,5137954,19864614,930095,25245,2.6
20061212,9505412,5161437,19940877,914897,20930,2.3
20061213,9483603,5150550,19775029,867089,18884,2.1
20061214,9404457,5179473,20141309,895926,28018,3.2
20061215,9284279,4904040,19403201,843780,23688,2.6
20061218,9404238,4844989,19541312,753791,22365,2.7
20061219,9442893,4830150,19777041,792049,14616,1.9
20061220,9402736,4859694,19660635,828525,15895,2
20061221,9286889,4851136,19850119,872218,16148,1.9
20061222,9264653,4819358,19678670,913590,20294,2.3
20061226,9185173,4875642,19959866,923752,21377,2.3
20061227,9283870,4852737,19831976,877229,21430,2.3
20061228,8961207,4709419,20151537,892564,19173,2.2
20061229,8448888,4681025,19419272,887077,16251,1.8
20070102,8561691,4957178,20037938,772682,19458,2.2
20070103,8918052,5022078,20678058,693931,14435,1.9
20070104,8942186,5045744,20607311,772111,14152,2
20070105,8923076,5058503,20374585,877505,17766,2.3
20070108,8870678,5088535,20355016,909373,19180,2.2
20070109,8753841,5032312,20324844,908308,19432,2.1
20070110,8879364,5106843,20761426,904224,19209,2.1
20070111,8797900,5119527,20867137,829219,18356,2
20070112,8658988,4956468,21044553,900120,21586,2.6
20070115,8700393,4981900,21121900,878733,21555,2.4
20070116,8611930,4945672,20520450,820289,17211,2
20070117,8622517,4999000,20231226,826905,19144,2.3
20070118,8641341,4930106,19780567,843895,18186,2.2
20070119,8573496,4940058,19557486,859170,20822,2.5
20070122,8652673,4974238,19621840,815883,21663,2.5
20070123,8764622,5007786,19885121,869611,20645,2.5
20070124,8704154,5005403,20047753,834408,19483,2.2
20070125,8527556,4960094,19675428,767223,18631,2.2
20070126,8533001,4960450,19239231,709088,16607,2.2
20070129,8654433,4962164,18488811,683230,15994,2.3
20070130,8664788,4947249,19947369,660154,15964,2.3
20070131,8535821,4975978,19774198,722331,14607,2.2
20070201,8571741,4961141,19816665,697138,16749,2.3
20070202,8337621,4918753,19848985,735216,15486,2.2
20070205,8417164,4932203,19694790,751030,14907,2
20070206,8751751,4931595,19966249,706438,12849,1.7
20070207,8931063,4961334,19825725,706706,13364,1.9
20070208,8999996,4973931,19450099,763121,13904,2
20070209,9011650,4828344,19353537,769065,16207,2.1
20070212,8999008,4888684,19497034,797279,17552,2.3
20070213,9111547,4866174,20136322,801067,17760,2.2
20070214,8935708,4927771,19965944,798147,15916,2
20070215,8777079,4881377,20433110,805414,15952,2
20070216,8814831,4948736,19924433,764338,13831,1.7
20070220,8989629,4955019,19367753,756308,15881,2.1
20070221,9157838,4968748,19768749,766807,21444,2.8
20070222,9160431,5037055,19480643,781655,19740,2.6
20070223,9121800,4941229,19476810,795900,14081,1.8
20070226,9383486,4982048,19446452,805636,15092,1.9
20070227,9459136,4959218,19803957,827321,18593,2.3
20070228,9736895,5052380,19716798,809977,18154,2.2
20070302,9696170,4983990,19962935,818091,22071,2.7
20070305,9485713,5089404,19817270,913358,24448,3
20070306,9450447,5071853,19747174,833836,20261,2.2
20070307,9282527,5082257,19743316,884249,17451,2.1
20070308,9140734,5346205,20077434,886046,15385,1.7
20070309,9140505,5078160,20143429,817748,15416,1.7
20070312,9155389,4965138,20160549,791691,17584,2.2
20070313,9169264,4914537,19951905,842228,17451,2.2
20070314,9413060,4979074,20061648,814743,19581,2.3
20070315,9194723,5046358,21134422,849866,19826,2.4
20070316,9059397,5012852,20566379,914487,19023,2.2
20070319,9129082,5024553,21368609,829939,21976,2.4
20070320,9332449,5019871,20629736,816221,16389,2
20070321,9470743,5012925,20774017,863639,15524,1.9
20070322,9655318,5034869,20692450,938520,20889,2.4
20070323,9556706,4971775,21065494,934659,28115,3
20070326,9578953,5012716,21646072,912904,29155,3.1
20070327,9697792,5004033,21476249,872558,19323,2.1
20070328,9747058,5079767,21721037,831012,18262,2.1
20070329,9822779,5041456,21941304,816262,16763,2
20070330,9909658,4884115,20945255,842475,18321,2.2
20070402,9961943,5085271,20565254,821627,19408,2.3
20070403,9934565,5081245,20653968,796531,16525,2
20070404,10412073,5177814,22002988,816293,16614,2.1
20070405,9909907,5205939,21871214,852233,15762,1.9
20070406,9824507,5175498,21589031,868381,15868,1.9
20070409,10373985,5218600,21985494,886413,19586,2.3
20070410,10451755,5349247,21724185,893658,16355,1.8
20070411,10724532,5465308,21443411,954135,16648,1.9
20070412,10747148,5523241,21785869,1015771,16887,1.8
20070413,10861289,5363475,22681650,1034961,22306,2.2
20070416,11235799,5400403,22291345,986405,24051,2.3
20070417,11676413,5408089,22310926,975253,18891,1.9
20070418,11599585,5328436,22135016,996061,40017,4.1
20070419,11627816,5428618,22419403,1057545,52213,5.2
20070420,11563946,5411906,21786819,990257,49405,4.7
20070423,11419325,5345805,22080356,1014779,44025,4.4
20070424,11445746,5412879,22245545,909542,42670,4.2
20070425,11753141,5411364,22367934,904198,37283,4.1
20070426,11831573,5412602,22089883,947184,37846,4.2
20070427,11591041,5421759,22226130,969676,39874,4.2
20070430,11366968,5382899,22468232,610352,45891,4.7
20070502,11480977,5487371,22540392,475587,39775,6.5
20070503,11486406,5470331,22922175,336361,36273,7.6
20070504,11366965,5457442,22686067,211852,12259,3.6
20070507,11480735,5529058,22743476,161235,9154,4.3
20070508,11740200,5579473,23144256,130770,6741,4.2
20070509,11799005,5601365,22905708,126057,7057,5.4
20070510,11984068,5674719,22539845,122799,7142,5.7
20070511,11969658,5604851,22657925,114942,7253,5.9
20070514,12247915,5595234,22768111,115776,6718,5.8
20070515,12251948,5721873,24110641,109165,5571,4.8
20070516,12155879,5723146,23534070,111091,6494,5.9
20070517,12291589,5737262,22410794,118230,7337,6.6
20070518,12318066,5718475,22347014,114354,5763,4.9
20070521,12246740,5747366,23214435,96681,6123,5.4
20070522,12398976,5772692,23101892,89764,5311,5.5
20070523,12503666,5775399,23094086,85766,4387,4.9
20070525,12517394,5780921,22625738,85440,5020,5.9
20070528,12666359,5809031,24119753,92355,6173,7.2
20070529,12749501,6032833,23942825,89986,5744,6.2
20070530,12850748,6006529,22890026,81950,4605,5.1
20070531,13175864,6198030,22836208,84503,6324,7.7
20070601,13183146,6337170,22879058,95593,5973,7.1
20070604,13825201,6481408,23612507,110634,5921,6.2
20070605,14060712,6455819,23690204,140739,10095,9.1
20070607,14100816,6694392,23424381,169817,8927,6.3
20070608,14308248,6776134,23761394,175875,7902,4.7
20070611,14222791,6688150,23371253,177939,8380,4.8
20070612,14348280,6738764,24017739,207357,9858,5.5
20070613,14034402,6749874,23802195,230016,10123,4.9
20070614,13988376,6790145,24150158,175141,9827,4.3
20070615,14032679,6258102,23342809,159360,14502,8.3
20070618,15035182,6135797,23598096,145675,14252,8.9
20070619,15663132,6132784,24357155,147819,8441,5.8
20070620,15761113,6137094,24370720,159473,11489,7.8
20070621,15150458,6112963,23001052,197024,14470,9.1
20070622,14964506,6201108,22481463,253909,16688,8.5
20070625,15351934,6176042,25955024,214066,21236,8.4
20070626,15097260,6138689,25417084,204881,10165,4.7
20070627,14982198,6156184,25716813,170178,14256,7
20070628,14592389,6133780,25121766,171444,11525,6.8
20070629,14015318,5923240,25411902,157909,10397,6.1
20070702,14178313,6091744,25725081,122155,11306,7.2
20070703,14337390,6117472,25476761,112884,11767,9.6
20070704,14690866,6127389,25907694,125114,5370,4.8
20070705,14972989,6123156,25692511,144226,6408,5.1
20070706,14873669,6127384,25697484,155187,12943,9
20070709,15427088,6372558,25695540,162944,12814,8.3
20070710,15326284,6431664,25246099,178419,14152,8.7
20070711,15178226,6642578,26377274,182935,13577,7.6
20070712,15590057,6599895,26374209,197500,12611,6.9
20070713,15523858,6185154,27268628,184785,11984,6.1
20070716,15336687,6658563,26159846,168994,12111,6.6
20070718,15769446,6702051,26200997,197415,16135,9.5
20070719,15563808,6625666,25992776,236662,18749,9.5
20070720,15185936,6620714,25910021,255456,20512,8.7
20070723,15411754,6623779,26757102,244892,16453,6.4
20070724,15743940,6580129,27060405,213250,14318,5.8
20070725,15576819,6618719,26541886,258353,14324,6.7
20070726,15625097,6714340,26425971,304739,20377,7.9
20070727,15704471,6817050,26410032,275094,19025,6.2
20070730,15256989,6874827,27129336,279716,20711,7.5
20070731,14555935,6847529,26519483,368972,21739,7.8
20070801,14580720,7220275,26541164,301725,16840,4.6
20070802,14492518,7203861,27372299,213769,16258,5.4
20070803,13700295,7221964,26820660,287870,17786,8.3
20070806,13486942,7279522,26428168,273852,17578,6.1
20070807,13578065,7294496,27592259,189918,16642,6.1
20070808,13341664,7295328,27462740,186034,12524,6.6
20070809,13234728,7190468,27526963,185131,13011,7
20070810,13649861,7217167,27271945,175579,14468,7.8
20070813,13782753,7148756,26980375,196245,14277,8.1
20070814,13014456,7046909,26657325,242550,16371,8.3
20070816,13751724,7340330,27859630,212191,21394,8.8
20070817,14021371,7478882,27274407,212787,22673,10.7
20070820,14790841,7416483,27427707,320121,24354,11.4
20070821,13938074,7205616,28415714,302280,16467,5.1
20070822,13212634,7078670,28251301,214059,14329,4.7
20070823,13117019,7063853,28194119,192292,14745,6.9
20070824,13039773,6812363,28175982,184160,12840,6.7
20070827,13275666,6891827,28495728,195975,13099,7.1
20070828,13091914,6967742,29086181,186744,13803,7
20070829,13204919,6938050,28620709,193556,13814,7.4
20070830,13251275,6894692,28678281,189403,13604,7
20070831,12836974,6720130,28079156,206773,13075,6.9
20070903,12728617,6803713,28200068,205165,19624,9.5
20070904,12975149,6851095,28847547,204012,14069,6.9
20070905,12910572,6768696,28274976,185914,12395,6.1
20070906,12928435,6677097,28578054,198658,14014,7.5
20070907,12584349,6588538,28810009,205895,13650,6.9
20070910,13074642,6744233,29529937,174196,13284,6.5
20070911,12940922,6709755,29784772,190557,14055,8.1
20070912,12910960,6810523,29608763,202199,14393,7.6
20070913,13106522,6834464,30381215,192962,14719,7.3
20070914,12549374,6561799,29034154,223378,15290,7.9
20070917,12527004,6518566,28723499,198011,14401,6.4
20070918,12635528,6512977,28972227,153689,14312,7.2
20070919,12576916,6495461,29933453,156844,12710,8.3
20070920,12108441,6451642,29872924,191787,14662,9.3
20070921,12170073,6492567,30234801,190082,14785,7.7
20070927,12831734,6425871,30173334,176914,14358,7.6
20070928,12692841,6256096,30490036,176863,14438,8.2
20071001,12603401,6534757,30066678,215523,19933,11.3
20071002,12547587,6515157,29692388,243376,21118,9.8
20071004,12609651,6550499,30299109,236671,21403,8.8
20071005,12999742,6487233,29486780,265515,22085,9.3
20071008,13031593,6495523,30050490,304347,21381,8.1
20071009,13151384,6529473,30803970,254339,16415,5.4
20071010,13220498,6574152,30246261,289076,17841,7
20071011,13338814,6633870,30539118,296309,16772,5.8
20071012,13613372,6540240,30209575,256775,16020,5.4
20071015,13630530,6357302,30653297,262855,19854,7.7
20071016,13556600,6392837,29453409,280731,22966,8.7
20071017,13702852,6453849,29793436,269746,25104,8.9
20071018,13481309,6453906,29999640,315528,20233,7.5
20071019,12942263,6465762,29926386,359326,19575,6.2
20071022,13234544,6708427,29996793,271633,19819,5.5
20071023,13146614,6694452,30576851,251499,18183,6.7
20071024,13129369,6715722,31032167,258701,17538,7
20071025,12876646,6719119,29738169,230887,13616,5.3
20071026,13010482,6661907,29734108,246152,15601,6.8
20071029,13367250,6600248,31535638,223850,14366,5.8
20071030,13867473,6561644,31011330,190653,13298,5.9
20071031,13130631,6554877,31528884,208239,13128,6.9
20071101,13394064,6506499,31419460,216524,14369,6.9
20071102,13277477,6536852,30407292,194535,14938,6.9
20071105,13369973,6601501,30613862,207186,14883,7.7
20071106,13298200,6542033,31610683,221174,15503,7.5
20071107,12689007,6531785,31631015,236799,17307,7.8
20071108,13309481,6681964,31676772,242549,16425,6.9
20071109,13240594,6516927,32425570,230436,17134,7.1
20071112,12812666,6554177,31667494,314582,19296,8.4
20071113,12624114,6745502,32954075,256968,20276,6.4
20071114,12250605,6736159,33043936,319402,20698,8.1
20071115,12147954,6752772,32492614,271755,17833,5.6
20071116,11924221,6724719,32334142,243233,16412,6
20071119,11648378,6818440,31937292,238780,17564,7.2
20071120,11451991,6953489,31768890,212885,16053,6.7
20071121,11426793,7137474,32231404,212686,16455,7.7
20071122,11326431,7131563,31735159,225971,17550,8.3
20071123,11081178,7174599,31887100,261982,20121,8.9
20071126,11297678,7163696,31631384,249199,19840,7.6
20071127,11388716,7114560,32123315,252718,14772,5.9
20071128,11132561,7104905,32713163,219853,14607,5.8
20071129,11187438,7129195,31896055,200251,15382,7
20071130,10827719,6958355,31926238,232365,16771,8.4
20071203,11303335,7001691,31460459,208479,16601,7.1
20071204,11493824,6996894,32609785,163869,12247,5.9
20071205,11350497,6970167,31696964,171909,13291,8.1
20071206,11470443,6848514,32137070,173535,16036,9.3
20071207,11323065,6775069,32871542,173978,12325,7.1
20071210,11539565,6773529,33456611,202819,17397,10
20071211,11575123,6734103,33742040,228558,24545,12.1
20071212,11610557,6761138,34690435,239172,17128,7.5
20071213,11688863,6726705,34485859,206981,15431,6.5
20071214,11521749,6445977,33665612,169588,13868,6.7
20071217,11251672,6445289,33280622,190010,20373,12
20071218,10743238,6461790,33637925,209791,15173,8
20071220,10758380,6499449,33813621,219402,17642,8.4
20071221,10439984,6466419,32783737,191976,13794,6.3
20071224,10350993,6475649,33157603,219071,13931,7.3
20071226,10389536,6522741,32931921,192270,13970,6.4
20071227,10104558,6554197,33255734,172977,14826,7.7
20071228,9736588,6479068,33132928,181536,10531,6.1
20071231,9508721,6466966,32313571,179926,0,0
20080102,9984353,6596910,32700441,161114,11922,6.6
20080103,10129476,6500806,33099078,147985,15271,9.5
20080104,9831561,6414525,32092846,200401,14520,9.8
20080107,9977406,6479166,32231118,214544,15927,7.9
20080108,10052474,6322702,32842067,216448,15850,7.4
20080109,9904373,6464961,33024284,250658,16153,7.5
20080110,9904344,6472310,33013259,244741,14848,5.9
20080111,9831488,6387427,32885981,206987,15094,6.2
20080114,9758632,6463947,32413875,204238,15189,7.3
20080115,9732150,6455099,33989133,235308,19172,9.4
20080116,9865050,6470181,32748596,239815,18562,7.9
20080117,9923340,6519278,32297970,222941,18328,7.6
20080118,9886916,6508632,32983772,232906,17733,8
20080121,9667120,6623938,32588403,207575,15769,6.8
20080122,10069553,6835741,32357773,176187,16134,7.8
20080123,10011859,6805531,33364045,230237,16989,9.6
20080124,10008618,6569032,33383239,281068,16944,7.4
20080125,9726749,6474289,31831471,218409,15009,5.3
20080128,9698545,6580690,32075684,158691,14508,6.6
20080129,9711192,6647890,32491267,145463,12621,8
20080130,9927808,6697491,32201416,182789,15636,10.7
20080131,9771113,6580395,32042051,193537,18477,10.1
20080201,9550065,6543916,31839718,239304,18998,9.8
20080204,9645656,6608711,31665381,167536,15142,6.3
20080205,9248492,6530142,32963011,142502,11605,6.9
20080211,9692044,6702990,34663885,135460,11376,8
20080212,9748019,6689613,34467185,122547,12152,9
20080213,9561588,6716388,33185251,161391,12784,10.4
20080214,9209776,6737766,34592587,181058,13163,8.2
20080215,9210352,6411485,33117353,222675,12659,7
20080218,9568133,6481764,33750228,195752,13126,5.9
20080219,9548224,6521970,33458933,163634,12179,6.2
20080220,9680365,6542532,33349790,180721,12527,7.7
20080221,9875351,6535302,33464745,176672,12920,7.1
20080222,9581413,6511858,32812232,220630,15617,8.8
20080225,9381778,6525369,34903785,197223,13997,6.3
20080226,9173570,6489328,34773325,181401,16557,8.4
20080227,9237344,6439447,33811220,158656,12674,7
20080228,9512862,6448542,33831759,172061,12150,7.7
20080229,9284973,6451394,33998552,170353,12381,7.2
20080303,9699687,6603808,33820096,150805,13114,7.7
20080304,9541814,6586897,33618417,164184,14402,9.6
20080305,9523395,6510407,33764433,194719,17499,10.7
20080306,9046037,6562702,33633272,185480,13998,7.2
20080307,8993266,6517145,33664461,178994,12483,6.7
20080310,9306619,6641844,33949146,152562,13622,7.6
20080311,9127524,6627252,34365220,162560,13608,8.9
20080312,9196689,6667886,34006694,200137,13888,8.5
20080313,9151757,6713545,34427586,163127,15374,7.7
20080314,9408668,6520809,33884091,157163,13993,8.6
20080317,9388730,6505326,33662217,177048,15827,10.1
20080318,9167617,6463990,34058572,175442,16776,9.5
20080319,9167001,6405593,34073228,189342,14977,8.5
20080320,8963159,6398248,34745943,165938,11846,6.3
20080321,9161273,6328121,34197838,152773,11785,7.1
20080324,9178328,6354802,34537190,179771,11851,7.8
20080325,9189730,6389011,34655556,143543,10978,6.1
20080326,9429145,6367013,34452641,173188,11533,8
20080327,9695490,6371209,34994901,158190,12413,7.2
20080328,9528847,6383096,34637929,182404,13061,8.3
20080331,9561687,6427843,32878957,162615,11869,6.5
20080401,9835309,6422804,35278018,154322,11308,7
20080402,9955159,6464072,35928566,158759,12248,7.9
20080403,10022079,6634843,34539833,191000,13588,8.6
20080404,10275047,6709353,34025436,206242,13072,6.8
20080407,10457585,6783561,34243765,175791,16248,7.9
20080408,10512976,6693689,35022325,160178,19098,10.9
20080410,10982333,6669778,35060253,173831,22141,13.8
20080411,10759554,6564896,35066491,183839,15930,9.2
20080414,10683046,6591631,35723289,183081,13882,7.6
20080415,10694644,6635346,36828719,187971,14455,7.9
20080416,10407443,6648445,36846488,210050,15765,8.4
20080417,10341795,6610099,36285666,219229,14464,6.9
20080418,10556725,6607575,35694635,180746,11999,5.5
20080421,11025612,6665100,35877924,158955,12995,7.2
20080422,10821224,6709402,35855487,191892,12193,7.7
20080423,11049830,6740079,36798218,179987,12268,6.4
20080424,11171678,6709165,35628580,170321,13809,7.7
20080425,11078939,6673131,34484656,174889,13431,7.9
20080428,11238190,6745124,36251058,194930,13631,7.8
20080429,11182414,6670169,38620433,185464,15298,7.8
20080430,11022300,6661834,35355750,204429,14454,7.8
20080502,10749238,6728585,35530417,205765,14674,7.2
20080506,10708004,6825814,35042901,162374,11750,5.7
20080507,10815612,6862095,35924104,161604,12683,7.8
20080508,11004977,6833864,36675569,176774,13018,8.1
20080509,10941641,6773613,37122943,238792,15762,8.9
20080513,10823803,6767018,38295644,232685,16934,7.1
20080514,10537642,6732538,37199161,216380,15332,6.6
20080515,10718840,6796401,35957469,188253,14573,6.7
20080516,10669798,6772967,38506895,202826,12634,6.7
20080519,11353014,6881194,37388488,180843,13231,6.5
20080520,11389237,6891643,37636361,183493,17777,9.8
20080521,11340544,6910509,37559964,204963,14854,8.1
20080522,11216322,6971518,37736362,240957,19413,9.5
20080523,10959088,6773049,36421813,237807,16487,6.8
20080526,10787427,6829221,36734080,219131,17103,7.2
20080527,10587136,6873111,37777626,186633,15845,7.2
20080528,10452085,6890902,37413806,204293,15633,8.4
20080529,10477089,6967913,36672658,174232,13688,6.7
20080530,10030722,6913998,36530282,180003,12583,7.2
20080602,10446876,6933604,35973228,146508,11299,6.3
20080603,10497428,6985518,37345372,139027,11946,8.2
20080604,10300107,6964357,37484024,136519,12446,9
20080605,9995033,6887819,36603288,165868,12220,9
20080609,10240338,6997226,38769371,141856,12550,7.6
20080610,10314372,7099928,37676124,134737,12259,8.6
20080611,10400740,7030250,38148958,162298,12640,9.4
20080612,10352261,7038695,37711252,218396,15736,9.7
20080613,10204706,6796673,38216134,189381,20779,9.5
20080616,9872750,6941869,38385972,207045,14714,7.8
20080617,9903842,6787653,37680997,193689,14611,7.1
20080618,9781951,6899670,36735094,189338,13000,6.7
20080619,9719640,6902284,37065311,188617,13999,7.4
20080620,9729210,6868504,37269396,156871,12246,6.5
20080623,9506536,6906520,40001134,159658,13403,8.5
20080624,9469884,6942424,37528717,167792,14492,9.1
20080625,9400283,6997921,37723920,160851,14218,8.5
20080626,9254278,6993485,38701301,155091,13880,8.6
20080627,9253150,6993705,38153120,156814,12689,8.2
20080630,9170435,7104027,38012597,148966,13965,8.9
20080701,9115960,7174775,37508732,168910,16397,11
20080702,9402056,7316558,38040322,160298,15942,9.4
20080703,9704582,7430454,37763605,187987,17381,10.8
20080704,9558126,7461896,37834679,224562,19774,10.5
20080707,9685409,7603931,38253776,206108,20682,9.2
20080708,9540846,7770613,37970870,181059,14361,7
20080709,9724896,7734771,37746246,155113,14936,8.2
20080710,9798141,7626871,38024665,167637,17190,11.1
20080711,9705929,7313278,38809220,162844,12495,7.5
20080714,9565751,7339124,39333459,142296,12066,7.4
20080715,9550161,7489115,40569268,117084,11603,8.2
20080716,9613613,7488869,38557634,133927,13039,11.1
20080717,9494957,7421648,38610949,160255,15548,11.6
20080718,9332995,7388488,40136870,156140,16398,10.2
20080721,9351823,7519085,40028899,146485,11888,7.6
20080722,9060439,7443348,38803049,145483,12012,8.2
20080723,9369608,7557720,38670170,124822,12062,8.3
20080724,9279375,7562725,39172562,127895,11057,8.9
20080725,9309566,7658623,38304343,130307,10666,8.3
20080728,9582327,7624941,39477149,132170,10964,8.4
20080729,9475035,7560988,38619250,158579,14117,10.7
20080730,9567610,7532563,37743841,167452,14590,9.2
20080731,9041815,7479678,37417103,179275,14770,8.8
20080801,8870605,7447329,36954126,171962,14326,8
20080804,8941090,7562608,37604795,153503,13662,7.9
20080805,9033528,7524584,37526042,145718,14491,9.4
20080806,8894685,7482367,37614218,170663,14771,10.1
20080807,8783298,7457591,38034888,179143,14742,8.6
20080808,8858369,7391096,38067443,144505,12856,7.2
20080811,8707823,7476683,38616411,142691,11839,8.2
20080812,8842002,7444568,40700424,131660,10938,7.7
20080813,8765910,7514504,38353367,130743,11297,8.6
20080814,8751406,7443824,39558831,137795,13303,10.2
20080818,8601196,7363121,39016526,146072,12808,9.3
20080819,8536086,7490894,39050670,127787,12714,8.7
20080820,8446541,7429848,38739653,129045,14191,11.1
20080821,8353310,7463840,40322078,152587,16124,12.5
20080822,8260865,7502109,38509701,148450,13546,8.9
20080825,8115014,7542051,38823530,165536,14160,9.5
20080826,8030421,7600702,39222393,164612,15217,9.2
20080827,8102406,7602523,40122811,138874,13882,8.4
20080828,8132677,7557145,40225990,127369,11495,8.3
20080829,8104895,7476446,38764555,126302,13176,10.3
20080901,8226872,7625678,38328894,137578,14964,11.8
20080902,8439973,7943803,38848207,139064,15422,11.2
20080903,8696557,7876559,38998952,181548,14574,10.5
20080904,8811772,7898422,38697385,185291,14167,7.8
20080905,8781929,7790645,38820292,147903,12791,6.9
20080908,8872207,7820839,38944035,136670,12207,8.3
20080909,8845623,7728336,38170531,134008,11320,8.3
20080910,8959548,7775749,38010451,133259,10401,7.8
20080911,8972046,7670660,38733230,145162,13892,10.4
20080912,8627226,7416908,39034511,137239,12205,8.4
20080916,8702276,7573372,39736988,145818,10353,7.5
20080917,8994709,7613216,39407495,132001,13120,9
20080918,9270655,7483320,38520141,176150,11475,8.7
20080919,9115642,7459618,38391729,152057,11499,6.5
20080922,8986256,7426209,38270186,184149,11054,7.3
20080923,9451956,7657117,38255879,163133,11250,6.1
20080924,9724965,7587501,38336669,170525,11555,7.1
20080925,9619279,7572903,38514815,141529,11013,6.5
20080926,9576765,7615119,38571787,133720,11067,7.8
20080929,9357545,7828783,38134091,136835,11888,8.9
20080930,9427159,7774386,37939595,155951,13000,9.5
20081001,9069230,7732639,37161795,188909,14362,9.2
20081002,8912751,7368253,37332551,166331,15234,8.1
20081006,9097188,7632136,37131476,154095,14459,8.7
20081007,9026382,7668029,36706584,159495,15122,9.8
20081008,8977517,7919214,36326727,219437,16689,10.5
20081009,9039366,7821488,36166047,190420,20503,9.3
20081010,9155538,7777379,35940441,238706,18130,9.5
20081013,9265288,7658375,36149065,192900,24510,10.3
20081014,9437672,7757229,35540006,191090,16447,8.5
20081015,9102430,7742830,36281446,165972,12019,6.3
20081016,9602943,8085835,36035776,177247,14446,8.7
20081017,9612526,7865926,36012838,179371,17072,9.6
20081020,9387310,7649196,35446403,240884,17879,10
20081021,8736343,7557896,35137613,257278,19912,8.3
20081022,8887069,7619321,34992679,196159,17546,6.8
20081023,9050737,7423785,34664835,172102,14681,7.5
20081024,8970118,7899166,34307121,186564,24589,14.3
20081027,9167654,7930732,33871436,207569,42917,23
20081028,9271896,7988514,34461884,248793,27454,13.2
20081029,9494783,8168630,34552420,226340,17511,7
20081030,9833350,8002621,34341091,175225,14433,6.4
20081031,10026310,7908036,34512368,203487,13423,7.7
20081103,10263839,7920778,35105529,190698,12750,6.3
20081104,10363624,7921204,35692982,168416,11277,5.9
20081105,10651083,7882066,34879388,176178,12215,7.3
20081106,10713098,8117044,35546155,171152,11527,6.5
20081107,10967871,7984280,35699283,191167,14528,8.5
20081110,10805466,7986987,35303534,224287,14961,7.8
20081111,10578868,7955679,37245534,141188,11151,5
20081112,10789821,7806169,36598312,146674,11304,8
20081113,10628331,8089024,37123168,154864,12750,8.7
20081114,10631438,7830595,36244813,147731,14212,9.2
20081117,10381920,7822128,35759247,159151,12781,8.7
20081118,10070074,7876775,36351919,172396,12223,7.7
20081119,10485885,7927175,35611238,162892,15399,8.9
20081120,9986574,7981251,35729954,168427,15351,9.4
20081121,9796333,8003016,36070359,159179,16976,10.1
20081124,9759495,8213979,36262697,200380,13831,8.7
20081125,9735891,8071395,36010314,132702,11737,5.9
20081126,9574955,8156867,36221761,152964,10668,8
20081127,9567797,8121364,36797794,171381,10591,6.9
20081128,9617374,8035930,36592799,137723,10386,6.1
20081201,9872984,8126003,37409033,129275,9216,6.7
20081202,10044815,8138009,37746025,119543,9967,7.7
20081203,10137563,8133554,37009315,130556,10743,9
20081204,10052548,8178555,37475704,143571,11036,8.5
20081205,9681123,8148005,37423696,160299,11453,8
20081208,9726576,8285380,37714500,171529,10693,6.7
20081209,10143313,8367120,37503816,129999,10069,5.9
20081210,10506114,8574402,36729211,137582,9751,7.5
20081211,10687098,8617273,38057837,159948,10227,7.4
20081212,11145026,8393841,38344320,156806,11042,6.9
20081215,11336471,8135445,39006755,156086,11201,7.1
20081216,11037789,8042395,38634842,193995,11095,7.1
20081217,11348282,7921825,38585705,163389,10343,5.3
20081218,11144453,7759794,38814591,182904,12816,7.8
20081219,10969589,7587820,38854444,216499,14191,7.8
20081222,10839389,7577543,39909090,186493,12339,5.7
20081223,10967010,7437674,39021712,156990,11205,6
20081224,10610858,7358571,39611712,151501,13236,8.4
20081226,10278186,7256253,39212079,182941,14662,9.7
20081229,10082604,7387327,39808563,168523,15363,8.4
20081230,9336250,7177506,39635907,145084,12047,7.1
20081231,9240571,7203622,38414413,142533,0,0
20090102,9385318,7003177,40094401,124758,12621,8.9
20090105,9955382,7106581,40372323,111018,9501,7.6
20090106,10052909,7148951,39641132,123827,9823,8.8
20090107,10185198,7162793,39383543,147889,9585,7.7
20090108,11105954,7176083,39918785,149148,10376,7
20090109,11082653,6968795,40127470,155223,9687,6.5
20090112,11027685,6877163,40271007,177208,15159,9.8
20090113,10883427,6637258,39850415,180699,12419,7
20090114,10601431,6602751,39930846,189537,14592,8.1
20090115,10859062,6790102,40310841,151579,12415,6.6
20090116,10877774,6507177,40238573,126476,10947,7.2
20090119,10479205,6750156,40169438,193161,12165,9.6
20090120,10224767,6827552,40026357,170118,12544,6.5
20090121,10448204,6749120,40086548,153693,11255,6.6
20090122,10692269,6704377,40120813,163335,13740,8.9
20090123,9985025,6748687,40421773,162181,14750,9
20090128,10293210,6742474,40440366,151278,13170,8.1
20090129,9929425,6721423,40802339,154643,10649,7
20090130,10014705,6730603,40862065,129923,9441,6.1
20090202,10497043,6988875,40964772,130003,9051,7
20090203,10575838,7021043,41483936,118520,12822,9.9
20090204,10796607,7038550,41581240,141979,9576,8.1
20090205,10734832,7077490,41582225,126438,10427,7.3
20090206,10990427,7114061,41306308,128905,9565,7.6
20090209,11250706,7157064,41334541,161790,10973,8.5
20090210,11355700,7171062,40938816,144819,11909,7.4
20090211,11276317,7131323,41580452,164977,10790,7.5
20090212,11432718,7045163,41147969,153648,14266,8.6
20090213,11245828,6907853,41714478,142539,11883,7.7
20090216,11033333,6963517,41511615,164348,10412,7.3
20090217,11293428,7019806,41407854,133702,11746,7.1
20090218,11521302,7162031,41076982,160480,10735,8
20090219,11159629,7332208,41115451,225468,14836,9.2
20090220,11023036,7428189,40878551,204367,19357,8.6
20090223,10806026,7600744,40771502,183640,14972,7.3
20090224,10726529,7729547,40615797,193493,15612,8.5
20090225,10653765,7651297,40512981,145067,13959,7.2
20090226,10499036,7828032,41089733,149770,12259,8.5
20090227,10301501,7980128,41082768,164723,13624,9.1
20090302,10284375,8084142,40974903,152759,14834,9
20090303,10569637,8161743,41630296,116267,12290,8
20090304,10706148,8280784,41641605,131303,10707,9.2
20090305,10458181,8200350,41772022,121794,10266,7.8
20090306,10428227,8244118,42073799,108811,9661,7.9
20090309,10472800,8237193,42207149,122879,9174,8.4
20090310,10421183,8392724,41965940,119026,11804,9.6
20090311,10535936,8332964,42245296,125178,9090,7.6
20090312,10752955,7968510,42289616,130821,9800,7.8
20090313,11216034,7480476,43547780,140595,9323,7.1
20090316,11487222,7320858,43052966,136681,11439,8.1
20090317,11406894,7350071,41907885,150963,10488,7.7
20090318,11222061,7374613,41518990,166791,11256,7.5
20090319,11860161,7387620,42854623,136272,10365,6.2
20090320,11730342,7219401,42920999,135594,9835,7.2
20090323,11775912,7084736,42418247,164916,11577,8.5
20090324,12034694,7210530,42900790,147131,10379,6.3
20090325,12272009,7252761,42870149,127129,9846,6.7
20090326,12459826,7234997,43050431,146363,9637,7.6
20090327,12610625,7311240,43056261,141658,11653,8
20090330,13002776,7214436,43367071,144220,11510,8.1
20090331,12942209,7238944,42829554,199891,11213,7.8
20090401,13037771,7346523,44001023,255737,14385,7.2
20090402,13136139,7380944,44132923,210716,12095,4.7
20090403,13283417,7356352,43241557,147277,10630,5
20090406,14151757,7368570,43756885,161068,10835,7.4
20090407,14540912,7390387,43788291,169185,10037,6.2
20090408,14880489,7487328,44054429,176614,10371,6.1
20090409,15048304,7447451,44246617,166083,11930,6.8
20090410,15010287,7116663,44245508,214607,11326,6.8
20090413,15652361,7122057,45008706,180581,10767,5
20090414,15693627,7183185,44473414,214676,11096,6.1
20090415,16047205,7223004,45156899,238664,12606,5.9
20090416,15646774,7420745,44314543,248621,14326,6
20090417,15472458,7342037,44436023,262770,17211,6.9
20090420,15491798,7267462,44699271,269091,15812,6
20090421,15265522,7271465,45470397,257114,17416,6.5
20090422,15193194,7218240,45259586,195161,14522,5.6
20090423,15098492,7120223,44376465,165265,11063,5.7
20090424,15209962,7123834,45235692,174770,10309,6.2
20090427,15237196,7220593,45455981,189325,11646,6.7
20090428,15077552,7365713,45313372,211906,14475,7.6
20090429,14743822,7317598,45169910,235053,18031,8.5
20090430,14272309,7329213,44875891,292800,16944,7.2
20090504,14598690,7332062,45296585,202131,16216,5.5
20090506,15265217,7281456,45466895,152602,12782,6.3
20090507,15267171,7363052,45308009,175140,11082,7.3
20090508,14815940,7334646,44371030,216412,11180,6.4
20090511,15097686,7632871,45842378,246130,13034,6
20090512,15275327,7383375,46318028,212411,13478,5.5
20090513,15068204,6968904,45973394,219165,11257,5.3
20090514,15023818,6608430,46454020,229650,13261,6.1
20090515,15073016,6451783,44346900,215941,15144,6.6
20090518,15378276,6779286,46388999,243870,17279,8
20090519,15007312,7074348,47283082,223416,14237,5.8
20090520,14942162,7460307,46545793,232934,12623,5.6
20090521,14845705,7456506,46580495,207663,13782,5.9
20090522,15248300,7599434,46719936,199790,12978,6.2
20090525,15368874,7523874,46947421,245466,14227,7.1
20090526,15210180,7751177,46501745,247532,15681,6.4
20090527,14813790,7769530,46036676,252525,19882,8
20090528,14659786,8025013,46242292,273472,16988,6.7
20090529,14570308,8041541,46837735,259314,16549,6.1
20090601,14683228,8370361,47595866,218949,15867,6.1
20090602,14653388,8422121,46786233,170764,11391,5.2
20090603,14509419,8464254,45868791,139119,12170,7.1
20090604,14597124,8545938,45915156,165509,9667,6.9
20090605,14685333,8499820,46844623,169298,14477,8.7
20090608,14121578,8681794,46826090,208476,14380,8.5
20090609,13977523,8804582,46782479,187232,14048,6.7
20090610,13889138,8931314,46361595,186250,12986,6.9
20090611,13475507,8969582,46779866,204997,12618,6.8
20090612,13782587,8745677,46971514,162284,12724,6.2
20090615,14087872,8705016,48604789,147043,13997,8.6
20090616,13932582,8680758,47244145,137484,11057,7.5
20090617,13607030,8618580,46707946,162519,11212,8.2
20090618,13423978,8779833,46919847,181006,13973,8.6
20090619,13030507,9285560,46777872,179494,14583,8.1
20090622,13163284,9340210,46928449,177904,15800,8.8
20090623,13065092,9474399,46987044,161975,12492,7
20090624,13141300,9496802,46863666,143810,14030,8.7
20090625,12740907,9679959,47368788,228412,13634,9.5
20090626,12321255,9624770,47031997,180514,13171,5.8
20090629,12668660,9639115,47625008,134800,10962,6.1
20090630,12722676,9645380,46750404,133655,11280,8.4
20090701,12592221,9764159,48070487,166667,12910,9.7
20090702,12842417,9724773,47217491,170367,11674,7
20090703,12833570,9701877,47643266,150233,12075,7.1
20090706,12636401,9816641,47277245,155787,10459,7
20090707,12973879,9860394,47630907,119876,10900,7
20090708,13180151,9915899,48325194,147373,9750,8.1
20090709,13119248,9969316,48677832,156478,11377,7.7
20090710,12895129,9857633,47919077,164219,13633,8.7
20090713,13194302,10149150,48675526,168080,13269,8.1
20090714,13173619,10058895,48328006,165162,36607,21.8
20090715,12805616,10184448,49143545,243228,17186,10.4
20090716,12363530,10159894,48346771,220620,15988,6.6
20090717,12492271,10082972,47419990,153333,11875,5.4
20090720,13040339,10163671,48162632,150126,9370,6.1
20090721,13319960,9987242,48394626,128538,10793,7.2
20090722,13802726,9952680,48596185,125139,9541,7.4
20090723,13810379,9810151,47999678,150645,10483,8.4
20090724,13819833,9659685,48027258,163727,6785,4.5
20090727,13999512,9465127,48115239,174453,6320,3.9
20090728,14187617,9307426,48580466,162384,4166,2.4
20090729,14332143,9322488,48469228,151408,4474,2.8
20090730,14417587,9403968,48475549,156457,4651,3.1
20090731,14386136,9405321,48658171,175113,6681,4.3
20090803,14306334,9462889,49751744,169840,6233,3.6
20090804,14779748,9511499,48960044,143977,4151,2.4
20090805,14880849,9645597,48739717,162365,7622,5.3
20090806,14835136,9540026,49237650,196103,5610,3.5
20090807,14437401,9644373,48852338,202526,8613,4.4
20090810,14624583,9755385,48128379,174421,6215,3.1
20090811,14677020,9847760,48996190,144940,4542,2.6
20090812,14660718,9892047,48597964,163060,6037,4.2
20090813,15191673,9813243,49840572,171863,5629,3.5
20090814,15016503,9637420,49567190,178911,4636,2.7
20090817,15080832,9833623,49572645,189539,5149,2.9
20090818,15246005,9876008,49299487,178194,7604,4
20090819,14831767,9967233,49461294,263643,9756,5.5
20090820,14697575,9823380,49405353,256704,14074,5.3
20090821,14215575,9794649,49508143,216396,8004,3.1
20090824,14450186,9766426,49212535,167885,6376,2.9
20090825,14373439,9798886,49338683,205822,5246,3.1
20090826,14090460,9767340,49251835,224875,5437,2.6
20090827,14178005,9709370,49608823,247295,7768,3.5
20090828,13818620,9682837,49835880,209399,8486,3.4
20090831,13932403,9816585,48589945,209168,7493,3.6
20090901,13917619,9908791,48841774,179698,7702,3.7
20090902,13927308,9994716,49455017,205160,7288,4.1
20090903,14273578,10142155,48965309,179729,7164,3.5
20090904,14033929,10054833,48630293,198076,7261,4
20090907,13953840,10022399,48377179,221171,11652,5.9
20090908,13777278,10059780,47995256,205487,8980,4.1
20090909,13754565,10201577,48889773,196130,5815,2.8
20090910,14019969,10079051,48303501,219716,7688,3.9
20090911,13352796,9701838,47990825,243518,9247,4.2
20090914,14067278,9397694,48044958,198337,8081,3.3
20090915,14195552,9446464,49916090,170719,8636,4.4
20090916,14498768,9395938,48769844,201497,5643,3.3
20090917,14241187,9473090,48549794,182347,5178,2.6
20090918,14586987,9471719,48498730,171637,4882,2.7
20090921,14851054,9561664,49411319,211225,7976,4.6
20090922,14874098,9826878,48940805,199652,8062,3.8
20090923,14743568,9815951,49517264,229521,4732,2.4
20090924,15240124,9914675,48597271,169905,7623,3.3
20090925,14840489,10110252,47516483,207516,6657,3.9
20090928,15022469,10103443,48334899,249940,16627,8
20090929,14308518,10105181,48829450,253906,9773,3.9
20090930,13863875,10016079,48998426,251897,8035,3.2
20091001,13649939,9932389,47970703,204115,8310,3.3
20091005,14139721,10030296,48333432,204981,11134,5.5
20091006,14020962,9976552,48880521,209677,13147,6.4
20091007,13730854,9641156,48796705,238377,10751,5.1
20091008,13468195,9443611,50150971,217664,7281,3.1
20091009,13374080,9378226,49404253,215835,5376,2.5
20091012,13306084,9444916,48486493,196370,5207,2.4
20091013,13497851,9500035,48826495,159197,4723,2.4
20091014,13176474,9551253,48547969,161967,5147,3.2
20091015,13101411,9516364,49280295,176346,4923,3
20091016,13214165,9715842,48397956,161309,4616,2.6
20091019,13314290,9912811,48526162,164925,5267,3.3
20091020,13167651,9995263,48275472,179872,6844,4.1
20091021,13163152,10258504,48970853,164255,4466,2.5
20091022,13324765,10305262,48999533,167210,6537,4
20091023,13148294,10274396,48858154,177321,8752,5.2
20091026,12875927,10398981,49237446,194708,5703,3.2
20091027,12798812,10372707,48989099,161261,5133,2.6
20091028,13298273,10512416,48640214,148038,7592,4.7
20091029,13603267,10527544,48550660,168994,7920,5.3
20091030,13143718,10668343,47815433,235841,12101,7.2
20091102,12908209,10771181,48596250,240721,12291,5.2
20091103,12494813,10852326,50068646,185134,10944,4.5
20091104,12453322,10729622,48919424,189352,7339,4
20091105,12132272,10724567,48049808,169513,6123,3.2
20091106,12145442,10618025,48328807,127341,4547,2.7
20091109,11971897,10677665,48582406,140205,4485,3.5
20091110,11821100,10596300,48058348,125386,3954,2.8
20091111,11952058,10520456,48178521,127220,3755,3
20091112,12095433,10374052,48854614,134532,4085,3.2
20091113,11997928,10067477,49160373,122359,4231,3.1
20091116,11756669,10090214,49226573,161458,4991,4.1
20091117,11767435,9962984,48133693,172795,6924,4.3
20091118,11828778,9850265,48207439,155335,4881,2.8
20091119,11840684,9945015,48757295,176479,5169,3.3
20091120,11787581,10056638,48122679,156799,4372,2.5
20091123,12084553,10090861,48315506,129501,5974,3.8
20091124,12102723,10069378,47944886,120398,4130,3.2
20091125,11964786,9952038,47240233,133039,4795,4
20091126,11613539,9921358,47676505,148783,5436,4.1
20091127,11959269,10032064,47747379,138978,3903,2.6
20091130,12282675,10265688,46885143,137573,5962,4.3
20091201,11955340,10297772,47618065,215967,5269,3.8
20091202,11706545,10409505,47520207,172139,6846,3.2
20091203,11516109,10504429,48458678,153510,3445,2
20091204,11438539,10508036,47446142,135308,3093,2
20091207,11794639,10549500,47374992,120433,2808,2.1
20091208,12094160,10785062,47555702,108580,2659,2.2
20091209,12356575,10686044,47295812,119853,3046,2.8
20091210,12476448,10520578,48113523,135480,4390,3.7
20091211,12205952,9514718,47676989,138357,3826,2.8
20091214,12484016,8985169,47533823,139760,3670,2.7
20091215,12727046,8738391,48403390,130774,3304,2.4
20091216,12471110,8677211,47569252,152024,4938,3.8
20091217,12383949,8830939,48394641,161923,4885,3.2
20091218,12442912,8753485,48136091,172858,5662,3.5
20091221,12225138,8805983,48200655,166586,5296,3.1
20091222,12225610,8680048,47973598,148179,4284,2.6
20091223,12116432,8509051,47589485,155103,4358,2.9
20091224,11891575,8408102,47479950,165610,5094,3.3
20091228,12451477,8339504,47281310,165998,4765,2.9
20091229,12786288,8381899,47904607,144555,4624,2.8
20091230,12067049,8435105,46994418,240974,14196,9.8
20091231,11786521,8412052,46591582,240875,0,0
20100104,12127665,8502565,47899165,221496,13450,5.6
20100105,12310901,8453989,47169924,166981,7317,3.3
20100106,12700972,8373730,47004741,150137,3426,2.1
20100107,13104759,8512076,47598380,226091,5976,4
20100108,13407350,8555406,48057896,232560,10091,4.5
20100111,13596732,8551014,48154810,272054,7344,3.2
20100112,13386933,8605242,48280171,248794,11618,4.3
20100113,13299045,8722223,48378452,236534,9052,3.6
20100114,13414396,8669874,49514415,199053,7537,3.2
20100115,13029924,8560269,48630996,222346,5829,2.9
20100118,13222205,8610833,47949423,205458,7256,3.3
20100119,13447441,8639322,47546672,176851,5224,2.5
20100120,13609105,8719284,47324423,183760,6002,3.4
20100121,13483178,8889468,48638186,204336,7014,3.8
20100122,13554941,8980528,47089366,246249,8257,4
20100125,14153729,9093742,47344044,192232,9359,3.8
20100126,13662701,9232653,47493833,214218,7572,3.9
20100127,13544192,9283504,46856876,249049,13150,6.1
20100128,13233879,9332778,48847047,273722,11943,4.8
20100129,13058022,9361405,46254577,245448,12737,4.7
20100201,13304915,9406934,46787788,173021,7914,3.2
20100202,12932159,9353024,47579077,186847,6095,3.5
20100203,12737629,9353383,47894761,167994,7362,3.9
20100204,12643590,9362201,46892085,154584,3542,2.1
20100205,13033068,9377128,47265287,129773,3525,2.3
20100208,12944233,9638711,47806849,116832,3030,2.3
20100209,12752019,9753497,47955183,143284,4781,4.1
20100210,12544205,9774603,47542606,167588,5441,3.8
20100211,12350325,9824397,47955892,146862,6076,3.6
20100212,12042347,9573277,47753311,145064,3901,2.7
20100216,12257755,9556089,48095352,134126,5118,3.5
20100217,12123377,9509555,48356136,127319,3809,2.8
20100218,12122615,9490842,48246687,129519,2035,1.6
20100219,12376793,9383080,47401230,140536,3777,2.9
20100222,12273062,9407047,47467350,158830,4931,3.5
20100223,12567668,9246164,47613429,187783,5573,3.5
20100224,12260345,9205584,46926870,155402,4706,2.5
20100225,12495257,9239717,47909422,144932,4372,2.8
20100226,12212921,9147015,47258002,155281,5746,4
20100302,11937389,9291316,48246390,184832,6382,4.1
20100303,11711321,9318227,47680125,160130,8220,4.4
20100304,11728047,9250302,48026862,133046,4198,2.6
20100305,11779785,9348787,47333246,122162,3325,2.5
20100308,12008129,9429215,48384447,133465,4239,3.5
20100309,12268126,9367749,48271364,121447,3270,2.5
20100310,12316750,9340078,46511908,140381,2859,2.4
20100311,12537609,9311580,47886932,158393,4148,3
20100312,12701342,8995802,49082938,155834,4631,2.9
20100315,12804453,9116332,52044285,165572,5071,3.3
20100316,12641813,9066114,50088266,151430,5826,3.5
20100317,12675826,9170421,49881705,156030,4138,2.7
20100318,12613000,9132553,49175360,154083,4209,2.7
20100319,12804307,9077871,49915691,129976,3473,2.3
20100322,12981427,9032441,51108777,138747,4208,3.2
20100323,13132661,9098395,49843690,132403,6504,4.7
20100324,12902146,9159948,49415351,147949,5910,4.5
20100325,12923514,9035403,50372748,151453,4977,3.4
20100326,12823189,8968415,50713795,166563,6202,4.1
20100329,13073971,9048017,50992437,150221,7741,4.6
20100330,12862500,8850248,51002905,127786,4543,3
20100331,13068297,8915522,49812466,144805,4102,3.2
20100401,13082082,9364666,50967387,157147,8081,5.6
20100402,12987986,9295663,51880980,175892,6279,4
20100405,13673796,9269212,51159203,157313,5298,3
20100406,13607271,9374550,51026713,155430,5467,3.5
20100407,13457761,9325491,51673467,178287,6445,4.1
20100408,13355169,9223962,51966536,183707,7859,4.4
20100409,13551862,8743305,52345614,171942,5841,3.2
20100412,13826339,8873908,52937013,130641,5358,3.1
20100413,13550336,8928535,52121085,141568,4171,3.2
20100414,13426731,8813192,52422543,208647,6819,4.8
20100415,13578856,8785130,53066303,186766,9249,4.4
20100416,13542993,8886195,51993642,157764,5483,2.9
20100419,14039223,9232643,53763730,171138,7263,4.6
20100420,13964310,9307910,53434940,154280,7685,4.5
20100421,13776909,9351004,53204321,172827,6566,4.3
20100422,13707019,9412884,53315084,160565,6541,3.8
20100423,13884753,9404922,53857877,156413,4784,3
20100426,13804213,9511213,53379771,152030,4683,3
20100427,13741052,9457286,53549890,159222,5436,3.6
20100428,14188696,9546448,53770769,150294,5940,3.7
20100429,14362113,9529071,53770757,155465,6216,4.1
20100430,14014129,9586207,52713627,192248,7846,5
20100503,14507669,9688489,52368158,212541,9149,4.8
20100504,13338728,9714030,48282306,195862,8894,4.2
20100506,14910703,9754762,48297084,227183,10861,5.5
20100507,16603275,10056174,53409032,208093,11468,5
20100510,15134504,10135128,53813370,221762,9729,4.7
20100511,14595404,10275832,54031027,238285,9950,4.5
20100512,14281869,10447492,52868780,202339,7453,3.1
20100513,14190066,10617594,52947310,233085,9415,4.7
20100514,14121620,10194582,52741392,249565,11142,4.8
20100517,14573562,10295325,52445499,181896,8153,3.3
20100518,14606167,10360828,53952099,168487,6432,3.5
20100519,14262420,10735356,52518317,245566,8233,4.9
20100520,13986116,10703102,52964486,275402,17183,7
20100524,13768407,11068886,53978852,247771,13839,5
20100525,14145903,11291780,53105111,229402,9865,4
20100526,14329946,11305293,53645005,189533,9961,4.3
20100527,14106977,11416602,54252286,223735,6513,3.4
20100528,13813822,11400707,53805759,180456,7051,3.2
20100531,13646709,11435337,52471102,159080,3003,1.7
20100601,13394907,11340305,53322213,162680,4851,3
20100603,13426134,11389627,53278161,147422,6643,4.1
20100604,13069642,11102341,52446405,168121,3545,2.4
20100607,13475629,10833171,52734167,148209,5262,3.1
20100608,13597422,10928968,53056293,146418,4619,3.1
20100609,13397501,10961813,53319757,172606,8796,6
20100610,13320860,10781369,53303252,161737,4667,2.7
20100611,12999279,10512536,53188357,195240,7232,4.5
20100614,13038348,10541836,54354966,166819,7234,3.7
20100615,13167032,10232333,55645995,162731,4428,2.7
20100616,13494620,10085716,54872612,157405,5123,3.1
20100617,13467636,10035670,53789886,151474,4528,2.9
20100618,13455313,9749358,53955149,165373,4915,3.2
20100621,13708888,9745572,54667960,163339,8085,4.9
20100622,13541366,9547391,53659347,162043,4765,2.9
20100623,13691822,9166095,53634817,163340,4219,2.6
20100624,13608111,9159171,55615649,183338,7867,4.8
20100625,13438105,8957272,54048101,162851,6221,3.4
20100628,13457347,9008722,54017879,149388,6316,3.9
20100629,13605213,8970099,54106295,151460,5665,3.8
20100630,13657176,8911424,53415406,144322,5658,3.7
20100701,13871750,8960701,55388528,205521,7749,5.4
20100702,13364120,9095329,54617516,205245,11990,5.8
20100705,13083055,9189227,53764211,204735,7479,3.6
20100706,12823970,9357618,53483984,221462,9893,4.8
20100707,12728362,9406149,53142005,191848,8605,3.9
20100708,12696945,9404372,53086547,142943,5595,2.9
20100709,12419848,9227279,52759508,166549,3809,2.7
20100712,12588368,9190835,53395654,159677,3991,2.4
20100713,12755884,9026431,52530063,132068,5681,3.6
20100714,13207617,9106097,52753555,142311,4375,3.3
20100715,13746294,8952554,54248130,157416,4211,3
20100716,14064727,8672715,52868839,184414,7772,4.9
20100719,13980922,8692566,53580780,185256,8561,4.6
20100720,14015735,8710612,53642099,193535,6163,3.3
20100721,13783418,8771820,53205599,183917,8418,4.3
20100722,13860501,8808212,54803111,165107,6241,3.4
20100723,13755064,8815733,52536645,178420,7131,4.3
20100726,13739193,8661461,54610726,221222,8559,4.8
20100727,13673217,8629638,54403721,197663,6938,3.1
20100728,13554963,8657819,52927594,174773,6634,3.4
20100729,13562097,8607052,52952739,176860,5497,3.1
20100730,13644024,8388560,53277833,186393,8130,4.6
20100802,13673072,8514134,53991599,186122,7534,4
20100803,13424971,8480766,53606990,159050,8598,4.6
20100804,13589438,8482360,53318779,162674,5985,3.8
20100805,13922699,8512768,53407935,154522,6061,3.7
20100806,13633510,8459515,53347712,161923,8456,5.5
20100809,13475454,8485443,53429560,187457,11439,7.1
20100810,13747312,8525391,52838192,167885,9685,5.2
20100811,13916209,8629206,53193184,153510,7054,4.2
20100812,14058007,8606820,53788638,169217,8682,5.7
20100813,13540196,8491249,55220917,215387,13653,8.1
20100816,12772560,8697773,54422766,224323,19275,8.9
20100817,12877820,8849533,54422940,159652,14279,6.4
20100818,12859575,8871700,54471735,146776,6368,4
20100819,12722786,8890953,53617035,140173,8385,5.7
20100820,13111210,8955644,53265847,144940,5435,3.9
20100823,13286783,8799175,53641424,128601,6048,4.2
20100824,13220099,8711815,54109972,135607,5666,4.4
20100825,13340973,8722056,53379658,181688,7489,5.5
20100826,13496996,8660489,53565428,182758,10910,6
20100827,12755415,8671236,54256643,189001,8187,4.5
20100830,12847438,8747841,53654240,169966,8626,4.6
20100831,12681411,8958330,52742798,159819,6927,4.1
20100901,12722566,8989690,53816660,146176,4121,2.6
20100902,12843641,8958973,53756927,166238,7254,5
20100903,12744520,8707838,52508361,165594,5437,3.3
20100906,12845594,8778558,51615385,166369,4563,2.8
20100907,12995298,8599240,53123305,165208,4551,2.7
20100908,13416789,8460230,52571861,157171,7262,4.4
20100909,13449393,8412411,52934048,158810,7619,4.8
20100910,13254375,8234576,53226232,162516,6916,4.4
20100913,13053897,8105314,53168576,160145,5398,3.3
20100914,13821359,7920821,53789972,148169,4844,3
20100915,13767953,7889483,52528109,158843,6212,4.2
20100916,13455697,7850736,53003945,186522,7269,4.6
20100917,13455554,7696467,53785725,191142,8954,4.8
20100920,13302016,7702989,54095730,176979,6208,3.2
20100924,13635899,7789964,54342665,152734,5982,3.4
20100927,13871174,8159341,54553965,137710,6547,4.3
20100928,14005528,8225336,54656170,157797,6931,5
20100929,14103210,8251756,54804294,200253,6732,4.3
20100930,13815291,8255626,53281893,216875,7389,3.7
20101001,13576441,8244987,53542550,202952,10378,4.8
20101004,14188073,8332708,55448546,190325,6153,3
20101005,14391203,8298956,53243959,173638,6026,3.2
20101006,14462138,8492994,53025001,190871,7979,4.6
20101007,14339677,8534836,54032568,210257,9793,5.1
20101008,14648990,8589283,53689893,189361,6119,2.9
20101011,14570515,8518990,53883059,203910,7720,4.1
20101012,14731709,8639571,54673678,187173,8992,4.4
20101013,14675451,8662920,55343064,211557,8304,4.4
20101014,14584967,8753868,54824683,242233,9981,4.7
20101015,14201553,8503338,53445106,203113,10814,4.5
20101018,14609051,8681963,54623409,179896,5723,2.8
20101019,14526546,8804037,54742120,153403,5381,3
20101020,14550200,9003664,54567949,197340,5183,3.4
20101021,14654731,8974557,54847103,206231,6702,3.4
20101022,14216032,8841188,54005852,179903,6749,3.3
20101025,14465854,9193983,54239151,183527,6063,3.4
20101026,14564881,9170027,53527826,149588,6030,3.3
20101027,15373056,9188338,56206730,147551,4764,3.2
20101028,14606765,9039638,53649429,157313,4658,3.2
20101029,14834689,9211723,53190519,178596,7569,4.8
20101101,15085942,9295695,54977968,169952,9020,5.1
20101102,14617435,9377341,53958295,192863,6668,3.9
20101103,14494280,9287759,54862228,183484,7074,3.7
20101104,14058041,9256593,54072545,199854,8818,4.8
20101105,14035047,9145735,53948681,192593,5883,2.9
20101108,14462766,9116179,54894226,179426,5917,3.1
20101109,14620366,9029309,55446993,214397,7112,4
20101110,14500215,9100873,54966760,202639,9688,4.5
20101111,14761481,9106327,54766152,194030,6446,3.2
20101112,15142619,8787863,55865428,189496,6909,3.6
20101115,14936531,8595187,56818487,234616,7392,3.9
20101116,14861422,8375640,55850937,285300,10287,4.4
20101117,15131358,8403599,55701178,267085,15015,5.3
20101118,14722135,8711208,55645797,250984,12536,4.7
20101119,14203099,8651285,54988418,203835,8135,3.2
20101122,14528036,8465299,54983697,151321,4699,2.3
20101123,14663020,8751825,55197701,135241,3618,2.4
20101124,15437997,8605965,54961130,173622,5490,4.1
20101125,15276406,8624647,55565597,203797,5490,3.2
20101126,15110994,8609859,55353605,203388,7665,3.8
20101129,14954719,8710187,55745029,182320,10218,5
20101130,15076117,8547862,54760124,199201,9322,5.1
20101201,14842145,8511777,56172398,176548,8855,4.4
20101202,14917124,8498791,56440326,149013,7113,4
20101203,14452262,8472735,55655140,124732,5628,3.8
20101206,14749638,8464711,56148569,128924,4348,3.5
20101207,14746081,8559828,54528357,134813,4165,3.2
20101208,14591876,8523697,56088496,162968,5846,4.3
20101209,14473983,8566743,55465404,150989,4317,2.6
20101210,14475625,8361644,55997602,154397,3897,2.6
20101213,15413393,7840418,57351272,134709,4293,2.8
20101214,15278100,7840669,56892307,145875,5217,3.9
20101215,15018537,7792712,57092467,145921,7028,4.8
20101216,15008929,7709846,56032431,159439,4838,3.3
20101217,14828773,7899685,57039480,171505,5909,3.7
20101220,15302426,7876489,56321410,181154,6814,4
20101221,15447245,8037115,56377725,171445,6959,3.8
20101222,15627875,7993147,55964611,211753,7171,4.2
20101223,15119062,7888957,56242501,215521,7326,3.5
20101224,14979546,7868628,56209279,225517,8089,3.8
20101227,14695790,7878485,55941168,195141,8797,3.9
20101228,15249755,7992798,56618334,177849,7859,4
20101229,14297370,8027384,55941769,210387,7624,4.3
20101230,14068481,8033092,56142095,192325,8082,3.8
20101231,13702433,8030695,55137677,188153,7373,3.8
20110103,14406645,8246217,58155316,147556,5893,3.1
20110104,14866590,8130224,56342369,124790,4372,3
20110105,14995953,8099115,56079804,148139,3793,3
20110106,15819610,8196699,57372887,166044,4320,2.9
20110107,15573060,8047214,55926583,249591,12390,7.5
20110110,15897639,8055486,56103309,272152,9399,3.8
20110111,16151610,8061030,56769416,216252,11787,4.3
20110112,16474672,8047282,56958516,201440,10308,4.8
20110113,16568077,7994564,57212913,186095,5833,2.9
20110114,16543114,7854448,55683973,181036,7852,4.2
20110117,16259062,8050178,56408294,206858,6123,3.4
20110118,16523331,8381621,56811786,201445,7184,3.5
20110119,16091608,8452051,56327994,234657,6487,3.2
20110120,16067596,8532005,56953754,222731,9293,4
20110121,15891202,8699446,56414972,197938,9199,4.1
20110124,15785637,8891308,57000593,186425,6758,3.4
20110125,15368377,9008381,56113603,235358,8369,4.5
20110126,15404157,8975800,56220853,206014,8166,3.5
20110127,15506643,8975938,57187130,187595,5991,2.9
20110128,15155503,8791346,55813680,166449,7003,3.7
20110131,16260036,8836634,56456432,173016,5149,3.1
20110201,15368545,8782694,56785519,195063,8623,5
20110207,15195843,8855430,57921396,223795,11912,6.1
20110208,14797796,8744667,57555652,182221,8415,3.8
20110209,15159234,8982829,57143173,209535,5171,2.8
20110210,15298187,9280098,55039313,246368,9590,4.6
20110211,15229212,9043471,54328527,288921,14492,5.9
20110214,14863256,9149927,57017945,309040,14603,5.1
20110215,14440401,9115435,57852474,271882,9369,3
20110216,14426210,9273348,56327971,211135,9904,3.6
20110217,14683656,9353585,56504421,186255,8151,3.9
20110218,14546752,9490056,55385609,193805,8616,4.6
20110221,14469957,9444836,55136919,224340,6591,3.4
20110222,14489961,9432902,55727519,139958,5970,2.7
20110223,14538057,9607608,55526561,173545,4136,3
20110224,14444763,9736983,56372097,207836,10021,5.8
20110225,14106504,9685427,55227908,207282,9715,4.7
20110228,14676169,9526476,54205212,210272,7047,3.4
20110302,14548020,9404102,56626118,173667,6890,3.3
20110303,14253812,9527960,55213838,161158,5283,3
20110304,14270923,9502220,55957146,182385,5123,3.2
20110307,14494983,9481060,56436512,142925,12075,6.6
20110308,15014881,9565518,56234160,134800,4958,3.5
20110309,14804405,9496587,56415361,151014,4682,3.5
20110310,15347454,9489462,54966001,130010,5322,3.5
20110311,15115629,9120163,55831367,155122,5528,4.3
20110314,15092784,9454799,55973455,190931,13788,8.9
20110315,15549676,8968832,56712428,199336,6338,3.3
20110316,15410164,8829661,56672706,240165,7272,3.6
20110317,15030285,8916101,56126054,283398,8500,3.5
20110318,15258240,8931645,56222154,245939,10184,3.6
20110321,15555270,8834739,56899418,180092,6477,2.6
20110322,15455464,8895689,56467517,164762,4138,2.3
20110323,15384440,8864728,56291914,152670,4310,2.6
20110324,15362522,8858008,57032106,201259,4777,3.1
20110325,15599856,8787810,56306806,203702,6805,3.4
20110328,15661286,8705229,56616114,190093,5463,2.7
20110329,15572018,8725211,56077895,182144,7530,4
20110330,15528288,8622469,56905056,211098,7595,4.2
20110331,15585520,8637267,54577238,195251,8058,3.8
20110401,15758019,8577267,56217787,176120,4746,2.4
20110404,16434035,8274820,56660264,153793,7509,4.3
20110405,16134459,8329971,57076611,143129,6259,4.1
20110406,15977462,8292404,57177418,184510,3878,2.7
20110407,16518219,8272566,57376719,160811,5660,3.1
20110408,16361102,8312522,57837790,196041,6050,3.8
20110411,16554143,8540694,58026019,227824,10888,5.6
20110412,16669514,8636213,57040821,211152,9161,4
20110413,16683575,8684054,57348934,216655,9650,4.6
20110414,17182621,8031747,58836468,243175,9590,4.4
20110415,16912321,8623713,58637991,183474,9731,4
20110418,17154967,8740860,58379984,176492,4188,2.3
20110419,17431468,8543653,57234236,173972,7780,4.4
20110420,16941624,8793474,56918986,238539,7661,4.4
20110421,16552330,9051527,58377338,264944,7235,3
20110422,17107163,8934778,57095213,211111,7061,2.7
20110425,17306276,8645370,57242189,260930,7794,3.7
20110426,17101078,8293007,57136514,262631,11244,4.3
20110427,17399798,8434681,57834301,228402,8363,3.2
20110428,17038183,8448182,58276038,271554,7395,3.2
20110429,17277007,8334359,57619345,314397,12425,4.6
20110502,16967993,8432678,58225658,303223,16535,5.3
20110503,16668453,8651175,57365779,301017,12666,4.2
20110504,17087808,8505251,58818059,224848,13444,4.5
20110506,16399834,8543226,57939753,231186,9635,4.3
20110509,16266611,8651840,58994758,244132,15467,6.7
20110511,16202796,8677359,58686780,268753,22961,9.4
20110512,16332328,8697172,58372966,225390,8085,3
20110513,16455422,8733474,58838722,189894,9902,4.4
20110516,15886186,9304198,60534509,222784,7513,4
20110517,15497548,9484541,60093282,249211,9696,4.4
20110518,15265633,9364663,59378232,238904,12488,5
20110519,15277224,9321471,59295920,212527,6127,2.6
20110520,15183889,9227747,58685268,188523,9252,4.4
20110523,15450738,9547583,59053582,233094,10471,5.6
20110524,15582105,9623532,58230065,193597,16096,6.9
20110525,15196578,9649523,57634239,238053,10231,5.3
20110526,15311477,9540147,58115875,194456,13341,5.6
20110527,14936547,9484082,58363362,237343,5796,3
20110530,15350855,9648345,57796016,173492,12440,5.2
20110531,15249551,9743994,57205546,166689,5510,3.2
20110601,15115675,9678599,58146179,200680,6836,4.1
20110602,16345732,9774998,59312730,170699,6720,3.3
20110603,15824343,9370606,57872989,191307,4824,2.8
20110607,15603748,9444293,57607410,203145,11716,6.1
20110608,15695447,9638321,57546752,205526,9667,4.8
20110609,15856387,9473097,57987744,196524,10915,5.3
20110610,15729217,9165692,56481674,201126,5785,2.9
20110613,15417492,9288328,56505213,187228,8448,4.2
20110614,15049443,9347734,57545810,220843,7008,3.7
20110615,15417210,9567551,57587669,229154,12972,5.9
20110616,15511222,9227573,56818332,171202,5638,2.5
20110617,15748013,9123528,57053711,152021,6939,4.1
20110620,15604059,9096907,56767806,192349,9110,6
20110621,15406086,9156127,56825693,219299,8454,4.4
20110622,15369054,8838894,57356130,236131,9005,4.1
20110623,15684777,8618091,57526334,201452,6362,2.7
20110624,15631076,8571177,55862221,173133,7704,3.8
20110627,15821247,8675180,56282678,170957,5090,2.9
20110628,15982734,8794701,56648973,161854,3418,2
20110629,15785042,8734447,54847467,154502,7536,4.7
20110630,15623112,8697908,53390699,189979,6169,4
20110701,15884419,8709771,52038271,157792,7254,3.8
20110704,16208588,8751659,54709464,165970,3789,2.4
20110705,16180293,8840317,55020852,145773,3695,2.2
20110706,16473833,8924069,55799762,152539,4800,3.3
20110707,16861353,8733415,55825260,145068,5628,3.7
20110708,16746863,8550122,55669288,151479,5274,3.6
20110711,17096266,8557187,55345093,146194,5194,3.4
20110712,17446656,8882621,54930236,223899,6085,4.2
20110713,17623482,8854672,55839999,173404,8290,3.7
20110714,17591934,8831066,56848494,223643,9092,5.2
20110715,17362122,8452739,56500267,198885,10113,4.5
20110718,16536639,8571103,56065373,205689,9564,4.8
20110719,16690443,8764014,56472551,159588,8207,4
20110720,16647237,8725144,55634323,182991,6167,3.9
20110721,16845436,8753457,56194938,191869,5797,3.2
20110722,17153780,8571266,56050041,213912,5951,3.1
20110725,16869728,8361310,55213731,224799,9777,4.6
20110726,17167649,8421200,55482717,164864,8439,3.8
20110727,16821233,8342529,55942059,201019,5934,3.6
20110728,17183296,8379620,56021977,183310,7328,3.6
20110729,17281439,8288999,54984070,181027,9679,5.3
20110801,17256838,8316134,55650150,191130,7496,4.1
20110802,17485728,8447157,55798584,209617,10022,5.2
20110803,18476497,8799836,56267262,186545,10793,5.1
20110804,18665839,8801909,56428887,283442,10983,5.9
20110805,18798053,9155845,56981545,349042,22848,8.1
20110808,19349892,9758451,57347217,358761,18254,5.2
20110809,21275081,10059247,56637790,339108,31135,8.7
20110810,22655175,9989119,56813350,380257,22102,6.5
20110811,22164020,10039424,59409285,398918,22395,5.9
20110812,20628303,9598522,58519063,377312,15374,3.9
20110816,19961651,9516967,59370852,280969,19411,5.1
20110817,19684527,9319998,58677228,272249,5144,1.8
20110818,20066233,9408543,57379552,164458,6660,2.4
20110819,20991806,9889052,57353142,162215,4769,2.9
20110822,20325088,9998949,57784529,247656,11543,7.1
20110823,20008197,9874816,58588060,371374,20270,8.2
20110824,19778464,9571663,58578572,335849,13996,3.8
20110825,19826739,9490437,58742922,202021,13071,3.9
20110826,19181122,9760820,58507614,201253,13258,6.6
20110829,19476852,9857473,58235509,212954,7767,3.9
20110830,19531969,9670712,57875806,165477,6568,3.1
20110831,19338872,9700814,57162911,125968,2987,1.8
20110901,19378514,9584676,58649389,158798,3945,3.1
20110902,19901137,9598233,59830585,141710,4967,3.1
20110905,20711392,9907053,59253603,176289,4939,3.5
20110906,20326597,9935821,59049568,168633,11895,6.7
20110907,19670496,9910908,59224833,221188,10500,6.2
20110908,19004222,9640311,60390165,248317,10466,4.7
20110909,18846443,9283296,58686289,171353,7469,3
20110914,19474497,9221917,58817778,181516,5274,3.1
20110915,19334455,8977927,59088934,162184,8191,4.5
20110916,18834699,9090868,59015362,207372,6032,3.7
20110919,18843938,8978337,58966404,208369,5167,2.5
20110920,19457001,8932838,59888816,150461,5170,2.5
20110921,19149852,8571182,59315508,180210,5914,3.9
20110922,19567349,8864625,59058756,167854,6234,3.5
20110923,20604135,8890241,59137029,150218,6848,4.1
20110926,20169452,8748623,58528833,193728,11450,7.6
20110927,19068833,9035487,58431723,314727,18057,9.3
20110928,19019980,8954554,58299281,379529,15634,5
20110929,19086132,8962078,57751154,231675,13270,3.5
20110930,18747297,9111585,56168917,205913,7269,3.1
20111004,19651769,9480924,57289070,155287,6101,3
20111005,19863186,9546466,58673572,159011,5530,3.6
20111006,19214461,9405453,59683361,209688,8961,5.6
20111007,18625780,9266008,59260427,303755,6916,3.3
20111010,19052602,9481813,59248174,248014,6294,2.1
20111011,19575359,9365162,59634132,154360,6529,2.6
20111012,19631655,9311524,60441538,153123,6450,4.2
20111013,20027567,9301854,60225074,163713,3697,2.4
20111014,20136202,8981929,61272635,156782,5913,3.6
20111017,20214777,9292589,60427117,159712,3844,2.5
20111018,20220482,9391443,59923754,150546,5491,3.4
20111019,20401299,9473153,60835537,140916,5049,3.4
20111020,20474005,9377088,61129117,177244,5880,4.2
20111021,21080682,9403195,60600443,191734,7656,4.3
20111024,21064911,9198268,60964508,264229,11105,5.8
20111025,20187441,9185311,60881609,213470,5678,2.1
20111026,20614457,9274172,60833438,171759,4052,1.9
20111027,20287442,9234136,63608856,180092,7661,4.5
20111028,20358174,9176180,61347614,165725,5835,3.2
20111031,20530376,8981388,60103148,173924,3868,2.3
20111101,20525913,8926277,61711354,214391,8582,4.9
20111102,20521622,8832990,62673658,230357,11963,5.6
20111103,20482826,8893619,61833984,209729,10111,4.4
20111104,19983305,8872532,61876547,183568,9658,4.6
20111107,19390949,8992206,62917923,228784,8065,4.4
20111108,20112598,9160515,62417027,167091,7083,3.1
20111109,19773128,9138583,62788347,165257,5498,3.3
20111110,20471435,9189178,62470084,174857,6894,4.2
20111111,20397725,8899679,63088130,185522,11170,6.4
20111114,19713210,8742121,64122231,294230,11315,6.1
20111115,19273817,8662570,63545397,225943,8289,2.8
20111116,19655320,9187233,64735440,207619,6680,3
20111117,19595699,9187806,64047684,218933,12260,5.9
20111118,19547741,9198545,64102067,242405,10959,5
20111121,19389202,9323112,63555330,178560,11371,4.7
20111122,18726542,9306069,63900830,169516,10422,5.8
20111123,18752347,9602400,63394274,180793,8170,4.8
20111124,18631072,9691104,62522013,168511,9111,5
20111125,18141755,9579019,62527003,208908,12218,7.3
20111128,18124127,9569364,63968861,186834,9799,4.7
20111129,17649774,9559009,63302846,191317,6462,3.5
20111130,18336319,9367934,62439791,169105,4593,2.4
20111201,18742586,9567201,62696180,145630,4321,2.6
20111202,19238605,8994832,64230277,172223,5041,3.5
20111205,20126804,8762692,64040020,200836,6640,3.9
20111206,19846417,8689977,63586708,167773,7422,3.7
20111207,19782803,8557012,63350675,147944,6580,3.9
20111208,19746221,8338069,62596309,162265,5884,4
20111209,19558320,8097982,63498922,167412,7001,4.3
20111212,19758301,7915541,63148470,158570,6616,4
20111213,18971679,7977113,62714308,184810,9527,6
20111214,19323027,8031420,63405590,186941,10562,5.7
20111215,19193521,8239698,63083461,210540,13985,7.5
20111216,18792155,8106852,61437558,207620,11034,5.2
20111219,19248238,8234888,60286777,228204,10676,5.1
20111220,19049747,8266956,60245839,190989,12464,5.5
20111221,18483117,8373385,60635334,286851,10310,5.4
20111222,18395306,8398716,60661218,232726,9353,3.3
20111223,18145157,8385675,59304764,175870,6059,2.6
20111226,18012704,8247564,58086089,164938,7166,4.1
20111227,18241824,8382022,57801266,149731,7018,4.3
20111228,18250236,8233179,58907043,173170,10481,7
20111229,17680200,8158661,58588271,187689,9827,5.7
20111230,17427014,8131362,58874025,185920,0,0
20120102,17462512,8280971,60567867,163334,8269,4.4
20120103,17666798,8481479,62962966,129768,6431,3.9
20120104,17868594,8443782,63517659,141093,3745,2.9
20120105,18693872,8495432,63713268,143164,4924,3.5
20120106,18668584,8196509,63536385,172665,7158,5
20120109,18794846,8212018,63819999,201312,11216,6.5
20120110,18337993,8161105,63983162,215468,11531,5.7
20120111,17983007,8177875,62819457,219113,6975,3.2
20120112,18514233,8287494,63248489,177666,7457,3.4
20120113,18328139,7902617,64073864,187026,8103,4.6
20120116,18586044,7901011,63630286,178769,6278,3.4
20120117,18617903,7870064,63554408,154233,6178,3.5
20120118,18508457,7753109,63181911,158681,7977,5.2
20120119,18712501,7706159,62136396,155035,5200,3.3
20120120,18808775,7562313,61273342,181378,6214,4
20120125,19404457,7725221,62172197,176516,6254,3.4
20120126,19821577,7810727,65032858,166714,11771,6.7
20120127,19572300,7719078,63107816,186975,8894,5.3
20120130,20020358,7741092,62853471,182729,10794,5.8
20120131,20081668,7684905,64109252,193466,12354,6.8
20120201,19960456,7744475,64590673,214555,12052,6.2
20120202,20112223,7748868,66336115,189148,6971,3.2
20120203,20631650,7762303,65002747,163766,6686,3.5
20120206,20689857,7741943,64926064,171611,6495,4
20120207,20541174,7695637,64872406,221948,8637,5
20120208,20379311,7713124,64787755,246165,9982,4.5
20120209,20778835,7609676,65004349,221539,8223,3.3
20120210,20833558,7320142,63645082,198472,7874,3.6
20120213,20776672,7366722,63812915,201321,9423,4.7
20120214,20364456,7407406,64713523,206031,8803,4.4
20120215,20630934,7477688,65014991,180507,8274,4
20120216,20585945,7495417,64347940,178477,8781,4.9
20120217,20580280,7681101,64634422,190179,9554,5.4
20120220,20110717,7568647,64104271,215185,9810,5.2
20120221,20444461,7538570,64316339,195669,7752,3.6
20120222,20129801,7524526,63768736,194744,8592,4.4
20120223,20262540,7510636,64280193,192296,8031,4.1
20120224,19806983,7535719,63391158,173607,8958,4.7
20120227,19806726,7577436,63090349,174563,8256,4.8
20120228,20225723,7501005,61939235,146023,8992,5.2
20120229,19915355,7551470,60179618,180362,5759,3.9
20120302,19621633,7542011,64108103,164406,5216,2.9
20120305,19558786,7616887,63671954,399822,4957,3
20120306,19735389,7677101,63769220,413772,6648,1.7
20120307,19662410,7760550,63186204,443673,9598,2.3
20120308,19558361,7660804,61975999,221045,10327,2.3
20120309,19093121,7328637,62446406,210638,9257,4.2
20120312,18822910,7414292,62511924,172238,6425,3.1
20120313,18771281,7455159,62182967,155954,7863,4.6
20120314,18733861,7407708,61906262,186845,7080,4.5
20120315,18980654,7377253,62802152,180654,6947,3.7
20120316,18972697,7339243,62139137,165327,6519,3.6
20120319,19038826,7320121,62683694,181235,7904,4.8
20120320,18992599,7362571,62610732,165430,6806,3.8
20120321,18875628,7370304,62623786,157034,6229,3.8
20120322,19041023,7341215,62306319,166960,7727,4.9
20120323,18465729,7461123,61494777,183426,7012,4.2
20120326,18431689,7473512,62236420,191082,7820,4.3
20120327,18483991,7356470,61952498,161397,9109,4.8
20120328,17970911,7459387,61027449,195889,8497,5.3
20120329,18094168,7460374,60263163,179761,9627,4.9
20120330,18221060,7614017,59807188,197747,10315,5.7
20120402,18088879,7630376,62343039,196336,11241,5.7
20120403,17961962,7682777,61532441,165556,5415,2.8
20120404,18139677,7648433,62161334,143982,5529,3.3
20120405,18488623,7705906,61743284,148702,6788,4.7
20120406,18290095,7591689,62766308,192777,9915,6.7
20120409,18253435,7495740,63724184,206014,9743,5.1
20120410,18187921,7509209,61723438,159227,8238,4
20120412,18014761,7507581,62543538,184914,9740,6.1
20120413,18230277,7365256,63203638,159060,6888,3.7
20120416,18180955,7393979,63872420,155931,5402,3.4
20120417,18239218,7501647,62848399,138141,6498,4.2
20120418,17971849,7485008,63630214,157143,7161,5.2
20120419,17758818,7687984,63453533,175062,7722,4.9
20120420,17940181,7648884,62361139,185241,10435,6
20120423,18282927,7591903,62527338,179813,10145,5.5
20120424,17926744,7811913,61972555,204369,6776,3.8
20120425,17820094,8026091,61418395,185669,11475,5.6
20120426,17710994,7939275,61321076,267984,8775,4.7
20120427,17531574,8041196,62441762,490521,9408,3.5
20120430,17815462,7914423,60704034,454693,9761,2
20120502,18259363,7933047,62839338,165196,7474,1.6
20120503,18009792,7934764,65655421,174934,7387,4.5
20120504,17860070,7869548,65399036,163103,6444,3.7
20120507,17918625,8058041,63185614,164232,6424,3.9
20120508,17788846,8037947,64004438,147550,7571,4.6
20120509,17584165,8089743,63760906,183201,9863,6.7
20120510,17457566,8040251,63669702,177523,9792,5.3
20120511,17436718,8014612,63889620,191089,10838,6.1
20120514,17198700,7724908,63357325,167444,11340,5.9
20120515,17376708,8111225,64742782,191984,10130,6
20120516,17834975,8359981,63569312,194788,11609,6
20120517,17474348,8416691,63855881,193963,11031,5.7
20120518,17570027,8525770,62676282,248788,13330,6.9
20120521,17888842,8500239,62830430,542296,10626,4.3
20120522,17424488,8703983,62993715,483115,9677,1.8
20120523,17337658,8678046,62704132,201897,7437,1.5
20120524,17168933,8704845,62613197,158124,8413,4.2
20120525,16708729,8788116,62368400,159299,6815,4.3
20120529,17031110,8841653,61704576,141489,5265,3.3
20120530,16715671,8737168,61135429,121931,4012,2.8
20120531,16876255,8812429,60115826,110116,3787,3.1
20120601,16842581,8948977,62569531,133160,7596,6.9
20120604,17241340,9088471,65160869,140612,5116,3.8
20120605,17091466,8895589,63286900,152839,10487,7.5
20120607,16650529,8663177,63079303,201681,7816,5.1
20120608,16593900,8459782,62574498,160785,4721,2.3
20120611,16996129,8359944,63044387,143081,3969,2.5
20120612,16928707,8244387,62266396,146312,3939,2.8
20120613,17112922,8210327,62018039,132794,5327,3.6
20120614,17075581,7805793,64358768,140120,5411,4.1
20120615,17049581,7920643,63758525,161205,6007,4.3
20120618,17146925,7920910,63367037,140133,6308,3.9
20120619,17279854,7696867,62652394,143194,5464,3.9
20120620,17348592,7679816,61895305,132063,4441,3.1
20120621,17399373,7661888,62012523,132828,5611,4.2
20120622,17906352,8091975,61110977,127973,5834,4.4
20120625,17941863,8418824,61415697,128629,6880,5.4
20120626,17475751,8302856,62700895,159517,8468,6.6
20120627,17180815,8420578,59205246,188455,10518,6.6
20120628,17030567,8559747,61794076,182952,10088,5.4
20120629,16358049,8667139,61857183,147116,6165,3.4
20120702,16776890,8689015,63739965,128825,5088,3.5
20120703,16498551,8708656,62075527,95343,4370,3.4
20120704,16434821,8778773,61911810,106900,3595,3.8
20120705,16726026,8800441,61271878,109792,6585,6.2
20120706,16856075,8756049,61363270,115635,5974,5.4
20120709,17105866,8947558,62378108,110165,7228,6.3
20120710,16719774,8969254,61726378,132033,5861,5.3
20120711,16576718,9020555,61766351,149006,8951,6.8
20120712,16716646,8899301,62881339,138533,12359,8.3
20120713,16793793,8795927,63908156,148924,7546,5.4
20120716,16493265,8761612,62330542,199581,8230,5.5
20120717,16697722,8834480,63412600,163416,9611,4.8
20120718,16235249,9005180,63097143,155375,9921,6.1
20120719,16382938,8970936,63152852,141040,7129,4.6
20120720,16106134,8771913,62897477,185425,7251,5.1
20120723,16720304,9043237,63299909,157055,8225,4.4
20120724,16452422,8928011,62936650,111069,7563,4.8
20120725,16316580,9042630,62122909,151354,11599,10.4
20120726,16462829,9113124,62478785,163228,11023,7.3
20120727,16008489,9089188,62746047,162088,11310,6.9
20120730,16037929,9052440,63145333,122450,4754,2.9
20120731,16275069,9173823,62186130,91283,3714,3
20120801,16567327,9182124,63590511,95510,9702,10.6
20120802,16989703,9252590,65533650,90960,3994,4.2
20120803,17025148,8946031,65538048,88059,4197,4.6
20120806,16917080,8876517,65140660,98339,4715,5.4
20120807,17544874,8686134,65121483,105311,3498,3.6
20120808,17837779,8846025,64435959,100616,2699,2.6
20120809,17365056,8462659,65175570,94260,2869,2.9
20120810,17518354,8186616,65371996,95659,3320,3.5
20120813,18298967,8224379,66837236,97165,4610,4.8
20120814,18153290,8202911,66234733,104077,5018,5.2
20120816,18211858,8140946,67767760,109793,4162,4
20120817,18262096,8121443,66243752,96782,5346,4.9
20120820,18373200,8193885,65974922,106649,3199,3.3
20120821,18329017,8230606,66071750,126770,5364,5
20120822,18812373,8158536,66316580,142942,6410,5.1
20120823,18717554,8035451,66294646,150399,5077,3.6
20120824,18557905,7934827,66147911,161930,6631,4.4
20120827,19033301,7934742,66205869,140766,6838,4.2
20120828,18783514,7885389,66217975,146031,6357,4.5
20120829,18558746,7860778,65552708,167589,5997,4.1
20120830,18426338,7915397,65992924,151803,5406,3.2
20120831,18271825,8029287,64635844,128732,8495,5.6
20120903,18165911,8083700,65539511,162544,8011,6.2
20120904,18234618,8204929,66584785,149225,6148,3.8
20120905,18103218,8396065,66015672,124052,5676,3.8
20120906,17992267,8509271,66803340,287902,7526,6.1
20120907,17461696,8555399,65216846,176451,7688,2.7
20120910,17468150,8561934,65768174,151982,4847,2.7
20120911,17693541,8606351,65592422,117290,3755,2.5
20120912,17751862,8578312,65504394,122957,4813,4.1
20120913,17839758,8381195,66987374,123942,5387,4.4
20120914,17901701,8206798,65050589,110834,4525,3.7
20120917,18451845,7828191,65229658,137919,4987,4.5
20120918,18978541,7629360,65174823,138885,5760,4.2
20120919,18937823,7647171,65221605,139616,7357,5.3
20120920,18956415,7696412,65118910,141668,7597,5.4
20120921,18949706,7459728,65826656,132448,6551,4.6
20120924,18905548,7543669,65522626,153309,6975,5.3
20120925,19105576,7468503,65284273,144665,11674,7.6
20120926,19068536,7544781,65521920,160915,7044,4.9
20120927,18764373,7554725,64465741,169486,9174,5.7
20120928,18734735,7429419,63145642,151235,7811,4.6
20121002,19576862,7486670,62726656,141894,9186,6.1
20121004,19368691,7541727,62667144,116098,6132,4.3
20121005,18421120,7633757,63422220,129734,5136,4.4
20121008,18520015,7744904,63243144,150197,6397,4.9
20121009,18352362,7788846,63347570,156238,8973,6
20121010,18252092,7864100,62272327,182188,10554,6.8
20121011,18669940,7725441,62603392,165511,9480,5.2
20121012,18847035,7457548,64099504,184091,13347,8.1
20121015,18098550,7547228,64198275,194935,12393,6.7
20121016,17551216,7777156,63917467,177295,10413,5.3
20121017,18146750,7745996,63846179,202423,7557,4.3
20121018,17735023,7716373,63862923,196837,9136,4.5
20121019,17457611,7875255,63756132,126324,5524,2.8
20121022,17748121,8005719,63433861,138893,7947,6.3
20121023,17818431,7936063,63790660,127251,7843,5.6
20121024,17697809,7842615,62820879,117075,5150,4
20121025,17925099,7865100,62791665,131562,5429,4.6
20121026,17495316,7877371,62889320,149841,6109,4.6
20121029,18324361,8038782,60508908,137898,8841,5.9
20121030,17636103,8271087,63753252,154864,9213,6.7
20121031,16873081,8346592,63347515,160709,9305,6
20121101,17735563,8121983,63317892,127920,4016,2.5
20121102,17713713,8060694,64604325,88711,4018,3.1
20121105,17782815,8074459,64509010,110221,3701,4.2
20121106,17308973,8375726,63787373,90056,3895,3.5
20121107,17564364,8381909,64678299,108330,3738,4.2
20121108,17602635,8379772,64683142,95504,4137,3.8
20121109,17312731,8308579,64460075,101199,4959,5.2
20121112,17241831,8321199,64700396,164104,7773,7.7
20121113,16950751,8336895,64880826,141198,8973,5.5
20121114,16962280,8408465,64945306,142730,14542,10.3
20121115,17840950,8224711,65879569,149126,7788,5.5
20121116,17128410,8440527,64825470,153751,7990,5.4
20121119,16817527,8235459,64919538,148177,9255,6
20121120,16780717,8328829,64825529,168885,6594,4.5
20121121,16780992,8357916,64723258,136286,5360,3.2
20121122,16549245,8270952,64676278,127735,6340,4.7
20121123,16541323,8244099,64444494,133150,5529,4.3
20121126,16668393,8254341,64364418,108519,4980,3.7
20121127,16835592,8235993,64597870,91221,4552,4.2
20121128,16929007,8233171,64553815,104064,3936,4.3
20121129,17006494,8213812,64216972,120829,4121,4
20121130,16736081,8060429,64202867,120067,5712,4.7
20121203,17907959,8112054,64744548,113779,4862,4
20121204,17640975,8053047,66223503,105848,7580,6.7
20121205,17223045,8104045,65987727,110494,5055,4.8
20121206,16799831,8123467,66038299,104313,4227,3.8
20121207,17090080,8192732,65237415,117535,5391,5.2
20121210,16897395,8307128,65043998,136634,5707,4.9
20121211,17044561,8393646,65527927,125060,7285,5.3
20121212,17300730,8403666,66083533,114178,4578,3.7
20121213,17717393,8524969,67380191,133763,6333,5.5
20121214,17222546,8093026,65694111,114292,5647,4.2
20121217,17220283,7957962,65543650,93143,3458,3
20121218,17223187,7948299,64627420,98228,4042,4.3
20121220,17393269,7981601,64668932,117926,6071,6.2
20121221,17244792,8004952,64581389,105454,4948,4.2
20121224,18303471,7968581,64192911,128498,5528,5.2
20121226,17766421,7915699,64213276,124665,6706,5.2
20121227,17902717,7866516,64010930,116474,4792,3.8
20121228,18014260,7824238,62927618,124128,2391,2.1
20121231,17074950,7742088,62339069,120880,2075,1.7
20130102,18052206,7976163,62611042,127077,5009,4.1
20130103,18187529,7944986,65310266,123243,3886,3.1
20130104,18031726,7975106,65736636,140818,5998,4.9
20130107,17673134,7913979,66144781,166782,9071,6.4
20130108,17424781,7764868,66340935,184519,7794,4.7
20130109,17735398,7795400,66345098,170616,7691,4.2
20130110,18011729,7730769,66325806,164471,5171,3
20130111,17685891,7522904,67858008,172328,5581,3.4
20130114,17757796,7546292,67024583,152955,7845,4.6
20130115,18177284,7556807,67278920,160057,6063,4
20130116,18209497,7593526,66658815,165602,7802,4.9
20130117,17680250,7657722,66783637,186795,8396,5.1
20130118,17763499,7652941,66330146,177781,6790,3.6
20130121,17549424,7718191,66222109,172000,4605,2.6
20130122,17436708,7785887,66194899,120641,6941,4
20130123,17337155,7769877,66399117,116286,3513,2.9
20130124,17253534,7729532,66672568,115753,4064,3.5
20130125,17298763,7863411,64714929,130913,7366,6.4
20130128,17585691,7929336,65703600,137746,5481,4.2
20130129,17834263,8021860,66824686,149002,5242,3.8
20130130,16764345,7980438,66352815,170343,4698,3.2
20130131,16654733,7790071,66249539,138979,3769,2.2
20130201,17405469,8136716,65871638,131513,4947,3.6
20130204,18304356,8179660,66492863,121341,3950,3
20130205,17503955,7963390,66938926,115614,5226,4.3
20130206,17325075,8296229,67115356,122530,5184,4.5
20130207,16536781,8299110,66780740,134842,5017,4.1
20130208,16462306,8224172,66754720,138527,4508,3.3
20130212,16613870,8299630,67593793,132566,5132,3.7
20130213,16852317,8302529,67781822,115529,3269,2.5
20130214,16580834,8164551,68559105,123585,3519,3
20130215,16880036,8020858,69005996,120095,2691,2.2
20130218,17467193,8104912,68482556,131983,4070,3.4
20130219,16821297,8090414,68619998,119989,5052,3.8
20130220,16959027,8110073,68557439,132888,4103,3.4
20130221,17616386,8091673,68860737,138961,3288,2.5
20130222,17889469,8071169,68468584,140314,4376,3.1
20130225,17628975,8152197,68933608,151319,5639,4
20130226,18542247,8138503,69730100,164301,5205,3.4
20130227,17993592,8113736,69272630,141664,4827,2.9
20130228,17210909,8180629,69098661,138529,4614,3.3
20130304,18222413,8120882,69512771,113199,3881,2.8
20130305,18144025,8130358,70349899,100805,4073,3.6
20130306,17889112,8004787,70714351,121284,4315,4.3
20130307,18373842,8048007,70759899,124294,5779,4.8
20130308,18108818,8139430,70620131,126910,4952,4
20130311,18044495,8144035,70131025,139548,6719,5.3
20130312,18338619,8216283,70922263,118065,7565,5.4
20130313,17987584,8351795,71276479,120575,5876,5
20130314,18626219,8200996,71117896,125872,5184,4.3
20130315,18535255,7936857,70383273,109796,5303,4.2
20130318,18250190,7995785,70023474,108980,3733,3.4
20130319,18579019,7829046,70848244,129519,5106,4.7
20130320,18071018,7849713,70033986,154500,9743,7.5
20130321,17657804,7896279,70223471,127483,6682,4.3
20130322,17160862,7812037,70666967,131150,8495,6.7
20130325,17413443,7898354,70521336,143891,7141,5.4
20130326,18047939,7817824,70376166,133472,4789,3.3
20130327,17533334,7852870,70322681,129944,5070,3.8
20130328,18286116,7806247,70200288,124028,5579,4.3
20130329,17247500,7890484,70034647,116757,5344,4.3
20130401,17894085,7788247,70485809,122497,6159,5.3
20130402,18158770,7818654,70845984,106626,5427,4.4
20130403,18103149,7827881,71185798,108308,5604,5.3
20130404,18926694,7909235,71149274,126096,5730,5.3
20130405,18443620,7876606,70854800,122199,7498,5.9
20130408,18392253,7843281,71098804,148253,6176,5.1
20130409,17854107,7965435,71578328,158568,8243,5.6
20130410,17970879,8029996,70880174,181940,8544,5.4
20130411,18148070,7822801,70695804,148200,7850,4.3
20130412,18585722,7688094,71109069,106666,4083,2.8
20130415,19812999,7710816,71394034,106571,5683,5.3
20130416,18917642,7588728,70969610,133083,7111,6.7
20130417,19165947,7502523,69265216,156216,7582,5.7
20130418,18549904,7622747,70967633,162766,7996,5.1
20130419,18526918,7575286,71009499,170100,9948,6.1
20130422,18852851,7560272,71117024,161444,10327,6.1
20130423,18564231,7504741,71392312,147133,9097,5.6
20130424,18212516,7458253,71455350,118571,6203,4.2
20130425,18761782,7486525,70761695,201218,4186,3.5
20130426,18365002,7497172,70920443,107391,3538,1.8
20130429,18565000,7728972,70428182,112752,4605,4.3
20130430,17958897,7767114,70548792,111022,5358,4.8
20130502,18268873,7790573,70758097,120699,4836,4.4
20130503,18355891,7763675,70550232,147291,5372,4.5
20130506,18923822,7798713,71084640,176025,5344,3.6
20130507,18068433,7734401,71226631,143304,5276,3
20130508,18213583,7796598,71017831,162186,8065,5.6
20130509,18614347,7734203,71373652,140967,7354,4.5
20130510,18969063,7611059,71358716,147183,4896,3.5
20130513,19010349,7471728,71183034,136820,8480,5.8
20130514,18433018,7416576,71134872,149786,6161,4.5
20130515,18004906,7434436,70911243,147841,7243,4.8
20130516,17738742,7443482,71427277,133142,4480,3
20130520,18122171,7764197,71340040,118185,4917,3.7
20130521,18344122,7527485,71426188,109412,3632,3.1
20130522,18232521,7533528,71452167,123605,4655,4.3
20130523,18386446,7590656,70385525,153265,5784,4.7
20130524,18708932,7559241,71499245,130506,5058,3.3
20130527,18230306,7613116,71336470,155593,8933,6.8
20130528,18222580,7550019,71180432,147521,6610,4.2
20130529,18422496,7587571,71291953,118844,3790,2.6
20130530,18488961,7566995,70861253,118769,4346,3.7
20130531,18453380,7692782,71147943,123755,5856,4.9
20130603,19778130,7603908,71366311,146265,7573,6.1
20130604,19059812,7601415,71634883,122239,6248,4.3
20130605,18543350,7746723,71781798,119870,7095,5.8
20130607,19208928,7881271,70905635,129482,8714,7.3
20130610,18951527,7910566,71342220,142947,8738,6.7
20130611,18501914,7900545,71048505,208199,11455,8
20130612,18335213,7956054,71352418,182757,10849,5.2
20130613,18901617,8114876,71579204,188630,10037,5.5
20130614,18009489,7927355,71157004,179611,11736,6.2
20130617,17871640,7964636,71279777,174437,11789,6.6
20130618,17665281,8050605,71152484,158094,7140,4.1
20130619,17937361,8150101,71397146,149616,6447,4.1
20130620,17823712,8383092,71541251,103309,6067,4.1
20130621,18146854,8633522,71301287,146052,6158,6
20130624,17913267,8768933,71016129,146279,8833,6
20130625,18318043,8680307,70791262,154102,8237,5.6
20130626,18418550,8687523,70998049,157181,8515,5.5
20130627,19000209,8753547,71462765,190706,6507,4.1
20130628,18262644,8344408,71445849,191754,5220,2.7
20130701,19892040,8315791,71477666,100018,3929,2
20130702,18436231,8403969,71552177,81148,4431,4.4
20130703,17791944,8431420,71516356,83617,4997,6.2
20130704,18017486,8495670,71969388,118469,5315,6.4
20130705,18446778,8433691,71842254,156096,11310,9.5
20130708,18167422,8551898,71645617,131336,9516,6.1
20130709,17095473,8606206,72217519,133561,6853,5.2
20130710,17229700,8592178,72032542,150285,7583,5.7
20130711,17536486,8619611,72541878,115133,5083,3.4
20130712,17240107,8202417,73112909,103174,2990,2.6
20130715,18059829,8267890,73457853,81732,2532,2.5
20130716,17739500,8245666,72556012,87994,3415,4.2
20130717,17459367,8212868,72354950,136402,4217,4.8
20130718,17352924,8109145,72866505,153212,4324,3.2
20130719,17617347,8062726,73033696,134901,3951,2.6
20130722,17613986,8068702,73018230,149961,4661,3.5
20130723,17532718,8072148,73073759,162333,5678,3.8
20130724,17658332,8029963,73061774,164576,4173,2.6
20130725,18715506,7929081,72040358,145548,4903,3
20130726,18951297,7883675,72602675,146171,3277,2.3
20130729,17632525,7891773,72198332,145612,5196,3.6
20130730,17925398,7876750,72396018,144847,6354,4.4
20130731,17407090,7886153,72096262,172014,6040,4.2
20130801,18156147,7825879,71876358,148652,5163,3
20130802,18191772,7775512,72097224,170632,4329,2.9
20130805,18087757,7828624,72403949,145131,3451,2
20130806,18125079,7979969,72612063,150499,5200,3.6
20130807,17923908,8003034,72531058,147377,6949,4.6
20130808,18148741,7793350,72582440,154987,6903,4.7
20130809,17616415,7598454,72784334,178159,7377,4.8
20130812,17805829,7526036,72666325,178865,6403,3.6
20130813,17775699,7644128,72485447,157489,5335,3
20130814,17716450,7607573,72347437,117518,4941,3.1
20130816,17998744,7806164,73295242,150960,5098,4.3
20130819,17866549,7871538,73107863,148632,5389,3.6
20130820,18707646,7970356,72033381,169080,6460,4.3
20130821,19023944,8142720,72003239,168594,8064,4.8
20130822,18153430,8176400,72798979,197090,9990,5.9
20130823,18073763,8129007,72259880,239342,11048,5.6
20130826,17986461,8153185,72274586,231371,7098,3
20130827,17532386,8209236,72725538,152764,5420,2.3
20130828,17680507,8256207,72614867,139278,4940,3.2
20130829,17802432,8353540,71751864,154365,4859,3.5
20130830,17504804,8219183,72659430,163705,8043,5.2
20130902,18655552,8252491,72457332,170370,7226,4.4
20130903,18772175,8190402,72618650,182123,4781,2.8
20130904,18573454,8215691,73060400,148479,4625,2.5
20130905,18430692,8379924,72765395,146566,3393,2.3
20130906,18136263,8107965,72228168,134424,3000,2
20130909,18620721,8162237,72369584,130568,3972,3
20130910,18578795,8309170,72889885,149045,5240,4
20130911,18853826,8406423,73060040,152056,4487,3
20130912,18903372,8295808,73469835,151400,4962,3.3
20130913,19191227,7780530,74125359,144507,5487,3.6
20130916,19451114,7835462,73591074,155208,4929,3.4
20130917,18836660,7808032,74227575,141775,4849,3.1
20130923,18867800,7942160,73820296,129270,3996,2.8
20130924,18511521,7882455,72976786,131968,5758,4.5
20130925,17709374,7866904,73086114,201875,8094,6.1
20130926,17466973,7815823,73129110,165876,9152,4.5
20130927,16845598,7789548,72641412,179609,6301,3.8
20130930,16265190,7820570,72096328,167752,5494,3.1
20131001,16512822,7661353,72117535,152926,3652,2.2
20131002,16996773,7688857,71906537,158111,6044,4
20131004,16049568,7816205,72932169,171413,6159,3.9
20131007,15962742,7871275,73033003,184346,8164,4.8
20131008,15571874,7876447,72886286,170402,5877,3.2
20131010,15374131,7800921,72921527,165693,5755,3.4
20131011,15314081,7754614,73123460,173813,4188,2.5
20131014,15105782,7808111,73620416,182104,4235,2.4
20131015,16162578,7823522,74542145,164054,4871,2.7
20131016,15411710,7868552,74054592,178752,5239,3.2
20131017,15457638,7871397,74111018,174833,7008,3.9
20131018,15674660,7798373,73579723,205527,5703,3.3
20131021,15582677,7816788,73498976,214401,5336,2.6
20131022,15458020,7845770,73385855,169037,3851,1.8
20131023,15468258,7863846,72333640,168388,4639,2.7
20131024,15783090,7767719,73554388,160646,4895,2.9
20131025,15480631,7758029,72546094,188432,5446,3.4
20131028,15585781,7785690,72528758,226299,5026,2.7
20131029,16493447,7815435,73101720,128688,4156,1.8
20131030,15796903,7776263,73190225,118893,5486,4.3
20131031,15250949,7714087,73116568,113659,4661,3.9
20131101,16558796,7550438,73070557,118292,6135,5.4
20131104,15701655,7604600,73309143,146301,6492,5.5
20131105,15198221,7668754,73440892,115261,6145,4.2
20131106,15269495,7649066,73346175,114209,5997,5.2
20131107,14667720,7729577,73408231,121391,6024,5.3
20131108,14606857,7678775,72638736,128426,7263,6
20131111,14673575,7682604,72371539,133814,6954,5.4
20131112,14764545,7638022,72554457,127427,5718,4.3
20131113,14550941,7781655,72261967,152766,6658,5.2
20131114,14751743,7602781,73381017,116085,7776,5.1
20131115,14797675,7586531,72996690,118151,4896,4.2
20131118,14201322,7442765,72672599,118340,3971,3.4
20131119,14096787,7634097,72964019,111496,4836,4.1
20131120,14623732,7647267,72661196,174526,4586,4.1
20131121,14555792,7701421,73122063,120985,4845,2.8
20131122,14133223,7592919,72740646,109897,5963,4.9
20131125,14361094,7617968,72367912,114437,4462,4.1
20131126,14201979,7586112,71923556,103138,4085,3.6
20131127,14106851,7615235,71902655,90523,6750,6.5
20131128,14272563,7633584,71927599,89434,4118,4.5
20131129,14552584,7539715,71794819,83041,2893,3.2
20131202,14734200,7598435,72038541,83678,3836,4.6
20131203,15119266,7609404,72674256,82952,4446,5.3
20131204,14566668,7650668,72601322,103527,4589,5.5
20131205,14154050,7569209,72402188,124334,7441,7.2
20131206,13999223,7491605,72807385,120997,6443,5.2
20131209,13737906,7616601,72961744,103253,5449,4.5
20131210,13456369,7640723,72201991,92678,4281,4.1
20131211,14054493,7684752,72179778,87374,4048,4.4
20131212,14237301,7595643,72046403,99246,4248,4.9
20131213,14249467,7442749,72426930,104174,5629,5.7
20131216,13496671,7467508,71533837,102761,4576,4.4
20131217,13630482,7449377,71590699,98712,3723,3.6
20131218,13440181,7444876,70912114,90105,4111,4.2
20131219,13051956,7502544,71276366,93814,4490,5
20131220,13528960,7440226,71016921,93829,4887,5.2
20131223,13617902,7531547,70948753,114924,4130,4.4
20131224,13721043,7482577,70847191,92737,2887,2.5
20131226,13812933,7492584,70349358,78890,2681,2.9
20131227,14276794,7497590,70315146,75868,2624,3.3
20131230,14208937,7503044,69953556,92919,952,1.3
20131231,13900425,7343510,69565605,93341,2013,2.2
20140102,16013205,7572730,70178083,89224,2860,3.1
20140103,15815891,7398635,69732832,74225,2676,3
20140106,14644324,7314234,70881650,146166,8420,11.3
20140107,14144128,7458919,71717053,168268,8777,6
20140108,13722138,7250574,71488525,168021,5323,3.2
20140109,13614232,7167090,71605056,140005,5873,3.5
20140110,13804380,6865138,71220609,120315,5978,4.3
20140113,13982320,6858547,71245203,124391,6472,5.4
20140114,14621005,6935254,71122950,165525,4803,3.9
20140115,14197409,6944380,71085816,158620,4284,2.6
20140116,13704489,6919437,70390258,157984,3693,2.3
20140117,13456055,6909957,71275985,162862,4777,3
20140120,13475769,6921703,71202356,134168,4631,2.8
20140121,13622068,6950855,70742186,132240,4434,3.3
20140122,14082570,6894485,70706526,125357,3748,2.8
20140123,13960070,6882295,70954136,131539,3197,2.6
20140124,13698773,6948804,70041443,123640,6710,5.1
20140127,13986279,7079929,70203552,132224,5216,4.2
20140128,14436512,6979839,70179620,142318,5442,4.1
20140129,14105551,6986466,70956601,152473,4884,3.4
20140203,14812582,7051886,71336355,140876,4290,2.8
20140204,15367738,7147577,71643130,112463,4772,3.4
20140205,14836413,7158679,70983689,133421,5235,4.7
20140206,14163832,7214906,72615538,171438,5235,3.9
20140207,13666913,7263006,72262085,150822,4278,2.5
20140210,13836642,7188591,72059151,129219,3729,2.5
20140211,14066665,7234497,72773563,121194,4478,3.5
20140212,14419742,7192930,73055343,117841,3429,2.8
20140213,14341004,7127782,73742680,134860,3948,3.4
20140214,13632566,6963051,73209073,134604,6689,5
20140217,13744903,6937880,73210570,102435,4045,3
20140218,14330527,6926388,72925465,101729,4197,4.1
20140219,13556258,6998798,72432359,109837,3860,3.8
20140220,13624565,6971987,72592682,102113,4534,4.1
20140221,13542271,7040709,72322117,99577,3595,3.5
20140224,13706130,7049389,72123502,122753,5394,5.4
20140225,13901437,7109887,71877335,103252,4293,3.5
20140226,14481593,7075907,72123162,105847,3844,3.7
20140227,14307767,7145773,72501441,97948,4635,4.4
20140228,13895151,7108991,71869310,100259,3594,3.7
20140303,14352677,7225087,71351279,110278,5805,5.8
20140304,14352159,7150678,72010690,114675,5410,4.9
20140305,14214068,7213604,71956263,103919,4620,4
20140306,14055114,7187082,71629079,86594,3452,3.3
20140307,13837959,7166762,71531796,82186,2527,2.9
20140310,14707113,7270177,71247732,86596,3349,4.1
20140311,14707827,7211550,71762161,83313,3396,3.9
20140312,13960260,7311379,71632056,108259,4292,5.2
20140313,14423809,7199740,72044198,108222,7508,6.9
20140314,13724778,7075249,71029092,147617,5521,5.1
20140317,14084814,7016179,71602830,131823,7051,4.8
20140318,13947733,7063892,71787133,122108,5285,4
20140319,13981649,7159189,72085626,127590,4607,3.8
20140320,13780966,7243405,71949085,105490,4486,3.5
20140321,13346127,7234930,71661532,100410,4851,4.6
20140324,13423210,7192362,71533691,116688,4144,4.1
20140325,13676214,7163619,71066530,109088,3674,3.1
20140326,14115704,7265218,71185994,113359,3297,3
20140327,13500446,7224572,70704940,135384,4381,3.9
20140328,13954831,7179808,71086817,127781,7938,5.9
20140331,13629839,7193258,70241545,124618,5038,3.9
20140401,15221523,7285484,70466367,109469,3997,3.2
20140402,13924680,7251169,70805282,122392,4181,3.8
20140403,14025595,7280062,71855040,102960,5269,4.3
20140404,13864761,7195969,71354704,106700,4151,4
20140407,14228572,7135994,71606754,119513,4382,4.1
20140408,14623077,7187533,71929965,107392,6558,5.5
20140409,14307215,7256933,72074301,128550,4854,4.5
20140410,14518031,7084533,71884630,124676,6480,5
20140411,15194465,6879130,71740995,117040,9998,8
20140414,15702524,6872683,72142148,104672,4772,4.1
20140415,15498801,6913997,72540393,86083,3294,3.1
20140416,14861930,6920952,72022510,88894,3620,4.2
20140417,14978641,6930614,72326753,110561,5075,5.7
20140418,14996735,6902971,72258823,107881,3988,3.6
20140421,14999375,6891105,71842349,118731,3759,3.5
20140422,14912442,6864186,72056650,89822,4669,3.9
20140423,15028702,6864818,72122954,93520,3761,4.2
20140424,15154524,6866292,71953588,99894,3847,4.1
20140425,15375517,6951676,71019439,122779,8259,8.3
20140428,15578235,6931225,71236638,129834,8386,6.8
20140429,15489636,7010322,70971557,142835,6789,5.2
20140430,14884890,6977600,70264169,119129,7890,5.5
20140502,14997216,7023220,71008508,111821,4688,3.9
20140507,15405973,7277736,70976279,121783,8398,7.5
20140508,15850813,7181262,70634044,124328,12677,10.4
20140509,14844422,7039916,71092620,172246,7208,5.8
20140512,14498318,7107007,72139475,180086,7765,4.5
20140513,14786113,7113161,72282676,142748,6380,3.5
20140514,15080202,7261618,72971344,145644,3828,2.7
20140515,14794583,7122507,71581913,211181,4531,3.1
20140516,14775623,7130891,72365044,107673,4330,2.1
20140519,14870760,7073222,72707033,114677,6247,5.8
20140520,15362460,7085775,72834312,110323,6582,5.7
20140521,14842164,7108269,72881688,148506,7117,6.5
20140522,14608980,7040144,72977835,145394,6604,4.4
20140523,14533045,7016333,72730446,116226,4526,3.1
20140526,14799070,7028054,72700820,103402,5115,4.4
20140527,15355913,7066113,72892296,82218,4950,4.8
20140528,15363298,7059420,72795593,103967,4037,4.9
20140529,15128748,6999432,72661940,115020,4822,4.6
20140530,14754713,6989818,72036025,111506,4336,3.8
20140602,15442704,6978629,71881387,111892,6223,5.6
20140603,14773241,6873841,71992454,126028,7245,6.5
20140605,15452322,6839961,72158935,129597,7054,5.6
20140609,14649192,6881458,72424631,116338,7425,5.7
20140610,14314242,6969937,71992708,115242,5283,4.5
20140611,14632891,7037299,72185829,119828,4357,3.8
20140612,15302007,6976214,72819440,93496,2977,2.5
20140613,15399299,6760075,73670422,87657,4413,4.7
20140616,14842656,6711596,73327394,93505,3696,4.2
20140617,14373716,6838052,72327494,116223,6831,7.3
20140618,14183476,6836061,72102097,120111,4771,4.1
20140619,14291787,6832660,72198775,112821,5190,4.3
20140620,14612376,6952404,71351917,103443,7400,6.6
20140623,14653985,7135447,71178946,118045,5235,5.1
20140624,13944999,7414611,71624538,131347,6398,5.4
20140625,14181769,7466452,71357030,123740,6616,5
20140626,14830835,7457523,71672402,104658,4962,4
20140627,14942543,7361668,71354036,103638,4485,4.3
20140630,14282965,7403699,70472101,101065,5157,5
20140701,15024023,7392503,70973058,94159,5206,5.2
20140702,14260994,7462730,70558336,83025,2834,3
20140703,14663378,7449264,71125264,83512,2310,2.8
20140704,14277047,7437079,71742031,92552,3277,3.9
20140707,14761199,7501377,71914589,112612,4435,4.8
20140708,14499836,7523524,72456156,95759,5980,5.3
20140709,14746702,7535033,72618524,95506,4014,4.2
20140710,15026244,7448921,72004100,97525,5086,5.3
20140711,15098825,7345905,72279504,113398,3997,4.1
20140714,15001744,7352552,72906840,110506,4952,4.4
20140715,15164435,7510570,72773442,123113,5105,4.6
20140716,14766707,7441209,72428037,111887,4537,3.7
20140717,14669602,7450356,74927856,110217,4888,4.4
20140718,14850489,7411525,72761103,119520,6661,6
20140721,14483121,7395977,73167095,104332,5484,4.6
20140722,14449543,7434041,73015617,103536,3578,3.4
20140723,14670900,7409351,72984049,107967,4130,4
20140724,14952137,7437100,72613097,100276,4082,3.8
20140725,14687938,7452835,71690745,120502,3798,3.8
20140728,15434846,7482278,72415096,149230,6229,5.2
20140729,16078421,7518249,72784767,132633,7375,4.9
20140730,15694138,7636072,71169166,158589,5616,4.2
20140731,15644684,7610830,71048143,187132,9668,6.1
20140801,16152680,7626808,72989853,159301,7553,4
20140804,16062530,7684680,73408591,145792,6023,3.8
20140805,16303161,7601590,73029284,118901,5008,3.4
20140806,15569982,7626899,73178757,113871,3620,3
20140807,16717358,7729362,73251196,132880,5619,4.9
20140808,15843144,7713491,73837185,132759,6524,4.9
20140811,16231190,7726925,73647066,137630,9216,6.9
20140812,15779894,7721096,73963551,140316,7333,5.3
20140813,15455528,7754955,74062191,125163,4431,3.2
20140814,15444709,7625078,75364428,122998,4482,3.6
20140818,16081573,7502691,74700589,108845,3915,3.2
20140819,15441211,7531940,73534695,88196,3961,3.6
20140820,15627081,7509236,73660311,113757,4197,4.8
20140821,15641110,7602348,74489514,124336,5155,4.5
20140822,15346171,7477799,74306661,131990,8050,6.5
20140825,15190572,7485906,73761506,140065,8095,6.1
20140826,15202178,7493450,73922884,116237,5105,3.6
20140827,15223685,7604963,74206797,122345,4099,3.5
20140828,15008212,7618092,73545551,120085,4492,3.7
20140829,14953078,7610049,73615586,123671,5108,4.3
20140901,16075379,7601887,73231069,110833,4438,3.6
20140902,15370212,7640567,73526578,103683,4943,4.5
20140903,15096021,7669680,73756262,120517,4465,4.3
20140904,14841359,7638653,73030310,130522,5658,4.7
20140905,14944428,7626297,72945154,138309,6670,5.1
20140911,16424456,7630360,73026978,139163,8585,6.2
20140912,15501491,7315239,73685575,121718,7722,5.5
20140915,14863093,7394392,73814141,156919,7959,6.5
20140916,15323333,7425976,75096497,165719,6946,4.4
20140917,14720461,7456234,74086698,166937,5709,3.4
20140918,14868621,7423729,73941478,137666,5179,3.1
20140919,15004641,7434850,73657778,113531,4712,3.4
20140922,14917087,7479486,73608804,142861,5620,5
20140923,15066061,7435550,73169919,141994,9239,6.5
20140924,15251054,7447482,73015873,222714,7371,5.2
20140925,14737689,7487451,72239632,164899,8855,4
20140926,15095725,7848249,72224423,145064,6070,3.7
20140929,16123863,7990295,73346802,145322,4660,3.2
20140930,15602746,8009603,73216799,129719,4743,3.3
20141001,17106132,8189077,73408054,153600,5921,4.6
20141002,15185089,8192030,73233328,152586,7868,5.1
20141006,15149109,8381538,73260087,169395,7693,5
20141007,14986789,8400313,73594858,159805,7390,4.4
20141008,14721191,8358312,73696474,162937,5759,3.6
20141010,14648344,8216119,72871127,152195,7420,4.6
20141013,15237891,8240118,73163308,121751,6605,4.3
20141014,14786508,8312664,73700926,127525,5713,4.7
20141015,16241545,8251463,73953410,153583,6486,5.1
20141016,16037141,8350017,73793419,121562,5312,3.5
20141017,14723068,8562081,73768105,119295,5705,4.7
20141020,14634067,8577947,73457514,122347,6065,5.1
20141021,15479268,8612673,73507007,130962,4108,3.4
20141022,14873250,8603406,73435177,124665,5007,3.8
20141023,14821973,8581988,73297839,159497,5372,4.3
20141024,15175526,8645799,73229639,175939,5736,3.6
20141027,15117565,8650529,72653853,143928,8344,4.7
20141028,15180599,8636603,72335996,135130,5302,3.7
20141029,17331050,8750004,72352603,122042,4344,3.2
20141030,15569933,8709146,72619179,126636,4377,3.6
20141031,15704738,8720811,72436567,114893,5342,4.2
20141103,17365855,8819200,73112747,142951,5329,4.6
20141104,16765361,8849084,73150222,132108,6553,4.6
20141105,15601619,8825836,73293175,137846,7107,5.4
20141106,14868123,8711079,69648352,158824,6716,4.9
20141107,14659364,8771357,69664913,155707,7696,4.8
20141110,15765635,8792112,73936642,124422,4705,3
20141111,15889140,8683134,73959077,103226,4538,3.6
20141112,15313126,8735027,73676398,103140,2772,2.7
20141113,15587887,8623113,73824008,103894,3982,3.9
20141114,15433833,8449467,73631332,115425,4797,4.6
20141117,15885472,8459443,73611541,117841,4826,4.2
20141118,15735577,8484749,74165023,184565,6192,5.3
20141119,15256690,8454009,74111829,139751,4481,2.4
20141120,15978720,8333944,73313740,118979,4024,2.9
20141121,15195356,8177740,73752648,113971,4323,3.6
20141124,15534935,7471209,74204303,127835,4054,3.6
20141125,15621492,7436876,73443792,99371,3562,2.8
20141126,16390509,7463908,73605540,124775,4771,4.8
20141127,16715738,7523118,74118057,126585,7386,5.9
20141128,16005778,7449166,74223458,117478,4682,3.7
20141201,16737620,7527977,73837993,142560,7269,6.2
20141202,16795038,7483277,74116113,148667,7978,5.6
20141203,16706237,7368634,73795352,169893,7570,5.1
20141204,15865284,7307905,73732640,140938,5801,3.4
20141205,15659267,7225477,73983859,99030,4281,3
20141208,16102384,7174241,74537102,99887,3308,3.3
20141209,16386664,7187973,74099120,97434,4567,4.6
20141210,16403544,7286912,72029592,130699,5510,5.7
20141211,15200518,7145467,67826036,172289,7481,5.7
20141212,15478017,6892160,67076759,142488,6766,3.9
20141215,17123079,7074693,74502892,150395,7843,5.5
20141216,17412190,7115192,73873713,133197,6761,4.5
20141217,17354566,7092478,74020468,117717,4646,3.5
20141218,16471211,7143619,74625926,124903,4610,3.9
20141219,16128287,7193877,74559297,117684,5282,4.2
20141222,15627538,7152591,74074647,124572,5687,4.8
20141223,16279133,7166869,74174690,120523,4002,3.2
20141224,15593743,7181836,74285057,103303,4775,4
20141226,15909261,7157132,74097659,112068,4355,4.2
20141229,17009391,7211766,72832536,110290,7203,6.4
20141230,15842509,7189055,70201814,117567,2538,2.3
20141231,16141366,7200476,70012723,120232,105,0.1
20150102,17325066,7245853,71165156,114878,4514,3.8
20150105,16748295,7241861,72468539,113032,3965,3.5
20150106,16583968,7413693,72684901,115729,6261,5.5
20150107,16127798,7381673,72701968,144817,5436,4.7
20150108,16336128,7403865,73104220,181688,8358,5.8
20150109,15910328,7254245,73376597,182505,7223,4
20150112,15645460,7300568,73162294,163224,3669,2
20150113,15773427,7323535,73510854,136144,4621,2.8
20150114,15878793,7308678,74008867,145502,7698,5.7
20150115,16927517,7331922,74436370,177765,6735,4.6
20150116,15711767,7358236,74143397,156080,5040,2.8
20150119,15659947,7457910,73196409,137984,6902,4.4
20150120,15148431,7374035,73012518,150600,5206,3.8
20150121,15526244,7309553,73753830,148084,5869,3.9
20150122,15498153,7247937,73061326,132242,4853,3.3
20150123,15729084,7217487,73035178,138891,4087,3.1
20150126,15998161,7270688,72629319,139353,6035,4.3
20150127,16815804,7318260,72720826,117629,6415,4.6
20150128,16938005,7325327,72940593,131107,4441,3.8
20150129,16587575,7382093,72677231,137357,4564,3.5
20150130,16361718,7238907,72648437,144458,5278,3.8
20150202,17559961,7261917,72731436,151104,5588,3.9
20150203,18031743,7301034,72644125,140395,8062,5.3
20150204,17345551,7325513,72642444,134277,6021,4.3
20150205,16465311,7305024,73143929,111411,4164,3.1
20150206,16380117,7227228,73329757,108180,5776,5.2
20150209,17066419,7255643,73301001,113513,5697,5.3
20150210,16439951,7257375,73324061,128409,6499,5.7
20150211,16813720,7225842,73818949,160084,6289,4.9
20150212,16525157,7124391,73598369,163049,7867,4.9
20150213,16960533,6959469,74102831,136125,5074,3.1
20150216,16261602,6950942,73585318,151216,4602,3.4
20150217,15841426,6908412,73536382,123140,5942,3.9
20150223,17468237,6936688,73350412,135671,5478,4.4
20150224,17646175,6958849,73618866,131431,5791,4.3
20150225,16555174,7014744,73267157,142599,5073,3.9
20150226,16984258,7028253,72713083,156842,6264,4.4
20150227,16738286,7037484,72533800,164131,5707,3.6
20150302,17410536,7072690,72396420,159860,7826,4.8
20150303,17345743,7129787,73048708,149313,5238,3.3
20150304,16790714,7096706,73243440,176646,5418,3.6
20150305,16691356,7092388,73705793,164164,7028,4
20150306,17131078,7070739,74287040,161084,6996,4.3
20150309,17150694,7178736,73806560,153120,5665,3.5
20150310,17193234,7236719,73072542,126809,8834,5.8
20150311,17679542,7253669,73189287,155462,6945,5.5
20150312,17536497,7108064,73578817,176396,10186,6.6
20150313,18217817,6925370,74603535,174438,8689,4.9
20150316,17154185,6978347,73992291,149796,6033,3.5
20150317,17323547,7183189,72597097,119605,4055,2.7
20150318,16606587,7162318,72261352,141787,2712,2.3
20150319,18140834,7201060,73801910,127184,4461,3.1
20150320,17224877,7181858,74275622,140184,5398,4.2
20150323,17590349,7231810,74233060,147548,7689,5.5
20150324,17776004,7294470,74613788,135893,5171,3.5
20150325,17963507,7299226,74229969,121849,4569,3.4
20150326,18360679,7363534,74197508,109950,4968,4.1
20150327,18889412,7287711,74685874,110890,4674,4.3
20150330,18200769,7339133,74148188,139241,4264,3.8
20150331,18362839,7612783,73241204,147404,5854,4.2
20150401,19224367,7333085,73397122,143086,5476,3.7
20150402,19159080,7319407,73861808,146242,4951,3.5
20150403,19273300,7290350,73479456,151926,5605,3.8
20150406,18723791,7295195,73368338,184432,5732,3.8
20150407,18491389,7247672,74421444,152820,7065,3.8
20150408,18595957,7257127,74428527,149217,5860,3.8
20150409,19093979,7130001,74267356,154263,7389,5
20150410,19213885,7118251,74034762,166109,5852,3.8
20150413,19966801,7164490,73905687,163519,7511,4.5
20150414,20221280,7251695,74003551,154008,5085,3.1
20150415,21128941,7270820,74234144,193831,6555,4.3
20150416,21213398,7359187,74438384,239061,9134,4.7
20150417,20481478,7310472,74740430,214601,9411,3.9
20150420,20831042,7324139,74228420,202048,7910,3.7
20150421,22158480,7306599,74937000,178245,6143,3
20150422,21797651,7330663,75024091,186708,6039,3.4
20150423,21210740,7503443,74984710,271144,8130,4.4
20150424,21395910,7483170,75270255,235953,10683,3.9
20150427,21522139,7508483,74827819,241386,14639,6.2
20150428,21442273,7465620,74637899,211186,10946,4.5
20150429,21717379,7422406,74333895,179762,10761,5.1
20150430,21215432,7367410,74775241,174513,7013,3.9
20150504,21844140,7289344,75207958,173789,9170,5.3
20150506,21689952,7319770,75173759,171112,9481,5.5
20150507,21307736,7246712,75097031,165348,10948,6.4
20150508,20609735,7259861,74656657,185381,6112,3.7
20150511,20389921,7282725,74679712,181611,10197,5.5
20150512,20893895,7253357,75091520,156447,7548,4.2
20150513,20819499,7224980,75344672,159272,7773,5
20150514,20779439,7104442,75465758,177045,5331,3.3
20150515,20428415,7004141,74922373,165337,7418,4.2
20150518,20323369,6942471,75228286,159345,5987,3.6
20150519,20437179,6975010,74660235,171529,8069,5.1
20150520,20240275,6983134,74552577,184928,7129,4.2
20150521,20778099,6984043,75483021,178887,4834,2.6
20150522,20491944,6928815,75537068,165909,6632,3.7
20150526,21278132,6949251,75306430,173384,6860,4.1
20150527,21826114,7033693,75251251,164213,8583,5
20150528,21761273,7001826,74375255,207414,9554,5.8
20150529,20993610,6931639,75422404,247934,12609,6.1
20150601,21521107,7022427,75310639,233810,11916,4.8
20150602,22071596,7024986,75265405,195186,11456,4.9
20150603,21346101,7045516,75291141,179389,9383,4.8
20150604,20837922,7037535,75339532,214716,8932,5
20150605,20994538,7027245,75183819,213085,8335,3.9
20150608,20890622,7030346,75715741,183569,9617,4.5
20150609,21481330,7049281,75515599,147364,6424,3.5
20150610,22039122,7110548,75454115,150309,6977,4.7
20150611,21847242,7024005,74939920,148056,6824,4.5
20150612,21342737,6946233,75063581,165164,6307,4.3
20150615,22258016,6993958,76035171,170773,8366,5.1
20150616,21808773,7034483,76038600,166280,6943,4.1
20150617,21732809,6969125,75914942,152307,5066,3
20150618,20518990,7082614,74763330,145087,5861,3.8
20150619,20799464,7218285,74004519,135254,5372,3.7
20150622,21019031,7340339,74565746,133240,5330,3.9
20150623,20744112,7479579,74130836,132664,5454,4.1
20150624,20157559,7465611,74274098,143698,5304,4
20150625,21807717,7574085,75362753,184940,6446,4.5
20150626,21573412,7588659,75003309,139273,5504,3
20150629,22785698,7718630,74701395,131870,4565,3.3
20150630,21665830,7772548,73744371,133181,4169,3.2
20150701,23025694,7842492,73637376,168703,5433,4.1
20150702,22264373,7820296,73092546,147441,3257,1.9
20150703,21691184,7802497,73120832,118422,3059,2.1
20150706,21739520,7966574,74592340,138540,4274,3.6
20150707,22721396,7931183,74737715,159163,6734,4.9
20150708,22658113,7931879,74782446,218457,8880,5.6
20150709,22341272,7811204,73915252,282315,12821,5.9
20150710,21422862,7625790,73125366,267495,11628,4.1
20150713,22126058,7620786,74777148,201476,6923,2.6
20150714,22260125,7631686,73812695,170397,5552,2.8
20150715,22327702,7618678,74160657,148187,4793,2.8
20150716,21727504,7691005,72230473,152707,5907,4
20150717,24290885,7643406,72407586,156774,4685,3.1
20150720,24703007,7622262,73305157,158161,7500,4.8
20150721,22395884,7619714,73741801,214963,9218,5.8
20150722,21907291,7613664,73808020,212953,8131,3.8
20150723,22065529,7684079,74531695,173250,8262,3.9
20150724,21393014,7739903,74464146,181319,8336,4.8
20150727,21608391,7849356,73934266,170279,8487,4.7
20150728,21853672,7874837,73453029,179770,9459,5.6
20150729,21802112,7869375,73227598,206397,7109,4
20150730,21513984,7881658,72310274,186741,8436,4.1
20150731,20794814,7912625,72191014,180103,7971,4.3
20150803,21581738,7918054,73428785,195468,9049,5
20150804,20991839,7907645,73591907,160259,7451,3.8
20150805,20214186,7980669,73102502,173599,6253,3.9
20150806,20494818,7944747,73126692,130666,4221,2.4
20150807,20463077,7962421,73688763,116295,3594,2.8
20150810,20691295,7927885,73392465,135212,4778,4.1
20150811,20828739,7904815,73133906,123426,5105,3.8
20150812,21016849,8024294,73174934,146685,5827,4.7
20150813,21426679,7981826,73665033,172996,6519,4.4
20150817,20702290,7863059,73484835,213704,8049,4.7
20150818,20962961,7843961,73351888,158779,6298,2.9
20150819,20968036,7910014,73285795,160752,7072,4.5
20150820,21421244,7972958,73771844,188727,10447,6.5
20150821,21340403,8090340,73642695,230478,10357,5.5
20150824,22033517,8518015,73232735,203197,16373,7.1
20150825,22290455,8583567,72445802,190953,11542,5.7
20150826,22020594,8473035,72292176,215864,11864,6.2
20150827,22181480,8549551,72757452,157881,4530,2.1
20150828,22300639,8556040,73218771,134218,4265,2.7
20150831,20915312,8527697,72613287,141027,4469,3.3
20150901,22255799,8576314,72378269,121606,4855,3.4
20150902,22121972,8723372,72648932,131491,4569,3.8
20150903,21168913,8766778,73326965,155381,5909,4.5
20150904,20910748,8697547,73478199,147010,6441,4.1
20150907,20985989,8832369,73415986,151206,6411,4.4
20150908,20533696,8772612,72755593,187444,8470,5.6
20150909,20796327,8915433,72527394,164442,6148,3.3
20150910,21278794,8679125,72753644,152309,3441,2.1
20150911,21166879,8595244,72675767,118642,2848,1.9
20150914,20558998,8658459,72710511,83431,2774,2.3
20150915,21199245,8658928,73401197,111049,2973,3.6
20150916,20329577,8682439,72319229,134437,4152,3.7
20150917,21459769,8524247,72212320,112854,2568,1.9
20150918,21808967,8466882,72837766,96042,2092,1.9
20150921,21157363,8467745,73170592,115107,3520,3.7
20150922,21570659,8498924,73106878,131020,3347,2.9
20150923,21512635,8456149,72869094,155430,5564,4.2
20150924,21792976,8459109,72790588,133384,6258,4
20150925,21501326,8437510,73012907,165857,6249,4.7
20150930,21968520,8493565,72192237,156171,5301,3.2
20151001,21969835,8554411,72763371,131113,4449,2.8
20151002,20702155,8553586,72514331,133540,3438,2.6
20151005,20339402,8527747,72779055,141986,3706,2.8
20151006,20298340,8488005,73129952,139730,5792,4.1
20151007,20399678,8519566,73185970,148345,4772,3.4
20151008,20584843,8322354,73319375,156076,6512,4.4
20151012,20522485,8236483,73010878,186678,6730,4.3
20151013,20959766,8170067,73180120,156242,5728,3.1
20151014,20946272,8096986,73241050,147418,6663,4.3
20151015,20902096,8095804,73099156,148552,3910,2.7
20151016,20577571,8114401,72799599,161579,5884,4
20151019,20466009,8083865,73283396,132061,5434,3.4
20151020,20455481,8069462,73213503,128793,4405,3.3
20151021,20663908,7978436,72641092,128203,3782,2.9
20151022,21118601,7952528,72412640,119663,4875,3.8
20151023,20700697,7926400,71681794,148665,6882,5.8
20151026,21097120,7870714,71521972,202038,5493,3.7
20151027,20732179,7828868,71042738,172737,7833,3.9
20151028,21517463,7738198,71147956,145611,4693,2.7
20151029,22082861,7811128,70835163,184740,5140,3.5
20151030,21064302,7756167,70684520,159995,5456,3
20151102,20965756,7817839,72715894,141754,5412,3.4
20151103,21115980,7830690,72091537,143675,5419,3.8
20151104,20333646,7791096,72148787,127869,3216,2.2
20151105,20230845,7740456,72027882,128471,2651,2.1
20151106,20237185,7710995,72056836,123278,4324,3.4
20151109,20791928,7637581,72945586,117557,3670,3
20151110,21638039,7664560,72602435,137118,4986,4.2
20151111,22052820,7623597,72868806,198008,7927,5.8
20151112,21082532,7484258,72796837,196147,10287,5.2
20151113,20697750,7409233,73323221,154116,7553,3.9
20151116,20664947,7462028,73415385,126067,4352,2.8
20151117,21061448,7464192,73400278,122259,4555,3.6
20151118,20427774,7441820,73416991,154035,6021,4.9
20151119,20526993,7404158,73370013,140097,5188,3.4
20151120,20050522,7362985,73249431,139984,3157,2.3
20151123,20787254,7314465,73328925,116679,3265,2.3
20151124,20892725,7275079,73350429,107670,4035,3.5
20151125,21854296,7229710,73332494,118006,3870,3.6
20151126,20846357,7283546,73455751,160573,4137,3.5
20151127,20845471,7194569,73503092,117605,3118,1.9
20151130,20764990,7195325,72962864,114487,5113,4.3
20151201,21386040,7176166,73268982,108542,4535,4
20151202,21797054,7129427,73407432,186068,5335,4.9
20151203,20743918,7120768,73538061,143607,7147,3.8
20151204,21249145,7104660,73676124,151137,4609,3.2
20151207,20631835,7145655,73516441,141849,5170,3.4
20151208,20365161,7107694,73697325,110722,5240,3.7
20151209,20222925,7093061,73598436,114909,4340,3.9
20151210,20321704,6967269,73515060,133360,5485,4.8
20151211,20735483,6727913,73262718,127828,4512,3.4
20151214,20448471,6657681,73413231,133465,4532,3.5
20151215,20317439,6595907,73205156,131375,5725,4.3
20151216,20014464,6595129,72761682,133801,3448,2.6
20151217,20371042,6518179,73054759,112234,3965,3
20151218,20413316,6497543,72477048,98013,3128,2.8
20151221,20867773,6563570,73068730,100948,3044,3.1
20151222,21006388,6594729,72449906,88715,1991,2
20151223,20272192,6524079,72956332,98668,2577,2.9
20151224,20576569,6532538,73519595,115304,3060,3.1
20151228,21387474,6606263,72649256,124987,7119,6.2
20151229,21666854,6646372,72656991,121041,6346,5.1
20151230,22695639,6571184,71901763,150996,2455,2
20151231,20903529,6492036,71566711,149762,2083,1.4
20160104,22369506,6656228,73008162,118278,3786,2.5
20160105,22026044,6614125,73135279,108027,4115,3.5
20160106,21044479,6658229,73456474,154086,4999,4.6
20160107,21532839,6711774,73664869,155856,6793,4.4
20160108,21477045,6652355,73613597,160544,6376,4.1
20160111,21146753,6739863,73088333,171199,9467,5.9
20160112,20843371,6862421,73672239,151788,5027,2.9
20160113,20340821,6901024,73652774,158664,5623,3.7
20160114,20514239,6788278,74050679,180355,4347,2.7
20160115,21424686,6742601,73699412,129884,4966,2.8
20160118,21591955,6798023,73648692,134799,5557,4.3
20160119,21836090,6895554,73543853,187121,3552,2.6
20160120,21220067,7021246,73078479,170218,4748,2.5
20160121,20812845,7145574,73267882,144448,4305,2.5
20160122,20398544,7120577,73034791,184178,8001,5.5
20160125,21703338,6947455,72518978,159584,6145,3.3
20160126,21912465,7028641,73065483,130504,4788,3
20160127,21769552,7118288,72036809,110550,4643,3.6
20160128,20608382,7024525,71888767,121446,3513,3.2
20160129,20428088,7207919,72744735,128464,5226,4.3
20160201,21279793,7223605,72603848,113512,3573,2.8
20160202,20926238,7281970,72277319,115281,3338,2.9
20160203,21106578,7364188,72641061,108989,4144,3.6
20160204,20664561,7455041,73340204,115399,4549,4.2
20160205,20821533,7240420,73677387,105090,3423,3
20160211,21728786,7373847,73694097,105039,3416,3.3
20160212,21934062,7325910,73839531,102819,4839,4.6
20160215,22096932,7325396,73896403,178058,6946,6.8
20160216,22076536,7344638,73949610,240926,9791,5.5
20160217,21117257,7411375,73993233,199193,7588,3.1
20160218,20553605,7314099,74119724,140280,3849,1.9
20160219,20070419,7304755,73200851,143525,4216,3
20160222,20455153,7293705,73207836,116936,3598,2.5
20160223,21549078,7231715,74187002,99115,3143,2.7
20160224,20961245,7216346,73166143,108630,4133,4.2
20160225,21644039,7275014,73088963,130881,4997,4.6
20160226,21366233,7212653,73712979,127966,5246,4
20160229,20661651,7267457,73061356,120805,2909,2.3
20160302,21533915,7204960,73300937,111162,3497,2.9
20160303,21104657,7119324,72912871,109262,3027,2.7
20160304,21293308,6976105,73360614,124862,3672,3.4
20160307,21529356,6967264,74346923,131326,3800,3
20160308,21612302,7010842,74858304,120476,4224,3.2
20160309,21070421,7071209,74753534,149243,4276,3.5
20160310,21258199,6907498,74965779,150141,4374,2.9
20160311,20888696,6733404,75068383,113869,4907,3.3
20160314,20959456,6631837,75171010,103439,3069,2.7
20160315,21540200,6648164,75540674,88862,2990,2.9
20160316,21216836,6687159,74970043,95924,5185,5.8
20160317,21020549,6735963,74899208,111431,3416,3.6
20160318,21034449,6682367,74534570,104564,3599,3.2
20160321,21597789,6723715,74297415,79617,2869,2.7
20160322,21353348,6779993,74261402,88333,2415,3
20160323,21302107,6761671,74179553,117604,3642,4.1
20160324,23100730,6718958,73986743,180761,6411,5.5
20160325,21081826,6750702,73978302,131088,4787,2.6
20160328,21466297,6781900,73629217,138291,5393,4.1
20160329,21397645,6774323,73268488,125030,4522,3.3
20160330,21581792,6820142,72744206,139997,4515,3.6
20160331,21432884,6794644,71658880,128987,3082,2.2
20160401,22060807,6853304,72462590,125761,4097,3.2
20160404,22303728,6901758,73392789,121902,4542,3.6
20160405,21856649,6883916,73821328,122170,3299,2.7
20160406,21319390,6842636,74099670,126231,3786,3.1
20160407,22161412,6823561,74535544,137889,6118,4.8
20160408,21526783,6808038,74935888,138213,6706,4.9
20160411,21944223,6823872,74605309,161986,5024,3.6
20160412,21651730,6881672,74736668,149080,5339,3.3
20160414,21639838,6879219,74824605,157618,3927,2.6
20160415,21863417,6689413,75454497,154802,4504,2.9
20160418,22318360,6783101,75044289,155443,3759,2.4
20160419,22629716,6796064,75202648,154915,4576,2.9
20160420,22163151,6805041,75017464,147199,5445,3.5
20160421,22783874,6889843,74692123,138858,3181,2.2
20160422,22701644,6894355,74773935,130689,3827,2.8
20160425,22631079,6860416,74754355,127131,3243,2.5
20160426,23056653,6918592,74238397,127887,4137,3.3
20160427,24164589,6958711,74181557,134778,3874,3
20160428,23451740,6975659,74050574,211182,4451,3.3
20160429,22892612,6974324,73909842,168337,5132,2.4
20160502,23234557,6960168,74495672,174361,8213,4.9
20160503,22909498,6993578,74927039,167675,5814,3.3
20160504,23325098,7081242,75187703,174020,5271,3.1
20160509,22543574,7145666,75086757,149557,5319,3.1
20160510,22337226,7182864,75059256,152427,4138,2.8
20160511,22059397,7201291,75191007,186743,5202,3.4
20160512,22869267,7035829,75685103,155919,3047,1.6
20160513,22754560,6975108,75287848,149903,4784,3.1
20160516,22193268,6959845,74825973,139499,3309,2.2
20160517,22166776,6938411,75366661,143990,4266,3.1
20160518,22666811,6962424,74600030,150761,3687,2.6
20160519,23301846,6973886,74707489,167386,5734,3.8
20160520,21436722,6921953,75485216,219679,6807,4.1
20160523,22228236,6965169,75404220,198174,6463,2.9
20160524,22319533,6952979,75117377,158181,6361,3.2
20160525,22561479,7022254,75039996,156941,4660,2.9
20160526,21874017,6986143,75148103,203403,6359,4.1
20160527,22579032,6946578,75309856,159022,5765,2.8
20160530,22167664,6981538,74784384,144541,4750,3
20160531,21471760,6946222,74230942,126803,4073,2.8
20160601,22206672,7024971,74832247,127376,2275,1.8
20160602,22727831,7000093,75160771,124812,2877,2.3
20160603,22533267,7026278,75162143,126976,3609,2.9
20160607,21750570,7139331,75209416,136536,4056,3.2
20160608,22620940,7175855,75024122,119473,4206,3.1
20160609,23671470,7014086,75143377,110605,2637,2.2
20160610,24366814,7133136,75952872,115649,3233,2.9
20160613,23768139,7164461,75992749,144231,4978,4.3
20160614,23874781,7047515,75768802,132520,5600,3.9
20160615,24233099,7000596,75709234,141959,6126,4.6
20160616,24218395,7004777,73855481,152855,5872,4.1
20160617,26180938,7035938,74041924,141642,5663,3.7
20160620,25524943,7052355,74729015,170437,6141,4.3
20160621,23459928,7035523,74744093,144164,5135,3
20160622,22774169,6974595,75049665,103538,3458,2.4
20160623,22619679,7012370,74560432,106785,3128,3
20160624,23865081,7258405,74271013,108073,4783,4.5
20160627,24932217,7286154,74348800,121957,5423,5
20160628,25852009,7372382,74107040,206724,6275,5.1
20160629,24718272,7360777,74253371,222299,4469,2.2
20160630,23870600,7337150,74098801,138945,5198,2.3
20160701,25461526,7354185,74975658,125241,3425,2.5
20160704,25513017,7400938,75338514,138190,4443,3.5
20160705,23567072,7238870,74836705,107761,3615,2.6
20160706,23262479,7319315,74581784,103336,2903,2.7
20160707,23470073,7275315,75435227,123860,3419,3.3
20160708,22919474,7215796,74695215,132864,4352,3.5
20160711,23182760,7216155,75079274,115247,3945,3
20160712,23208540,7201133,75227975,113305,4738,4.1
20160713,23043585,7147727,75347728,102425,3069,2.7
20160714,23618445,7080103,75735983,102720,2923,2.9
20160715,23266180,7154642,75383114,111790,4100,4
20160718,22930634,7120177,75348828,113368,4362,3.9
20160719,22900306,7130122,74708723,115724,4413,3.9
20160720,22618427,7118748,74115492,122060,4096,3.5
20160721,22738216,7155935,74544883,113398,3081,2.5
20160722,23104080,7133124,75505775,114169,4427,3.9
20160725,23104050,7080695,75135437,115202,3479,3
20160726,23040037,7078678,74900623,109451,4878,4.2
20160727,23156245,7146765,73719364,127278,3354,3.1
20160728,23177196,7133857,73647732,120148,4511,3.5
20160729,22684004,7185580,74651931,122003,4967,4.1
20160801,23266781,7206589,74070124,114650,3757,3.1
20160802,23680267,7251586,74595528,112902,4303,3.8
20160803,23364168,7262442,73999966,140036,5753,5.1
20160804,23000914,7163008,74185843,144841,5592,4
20160805,22076629,7212503,74849950,144693,4800,3.3
20160808,22580342,7283306,74840845,130854,4089,2.8
20160809,22871495,7232952,74939204,118853,4153,3.2
20160810,22300836,7278141,74789740,110581,3255,2.7
20160811,22720724,7188943,74964625,111977,3070,2.8
20160812,22496453,7120054,75089801,114080,3314,3
20160816,23229793,7125400,75168977,125470,3824,3.4
20160817,23521597,7093758,75016686,117965,4611,3.7
20160818,22889881,7155788,75108463,124187,4359,3.7
20160819,22832101,7164050,75291855,130642,5636,4.5
20160822,22126795,7182905,75079317,142604,4898,3.7
20160823,23257040,7207962,75110347,133703,6564,4.6
20160824,22421294,7245228,74769494,126081,4159,3.1
20160825,22058053,7240547,74515279,123437,4944,3.9
20160826,23522703,7250926,73317737,110982,4339,3.5
20160829,24680353,7309066,73071769,114634,4410,4
20160830,24047042,7317494,73972640,106266,5499,4.8
20160831,21739285,7353525,73628472,137125,4354,4.1
20160901,22056922,7319498,73897479,122719,3645,2.7
20160902,21781333,7178390,74381375,110242,3038,2.5
20160905,23748229,7273053,74177818,126782,3670,3.3
20160906,22215186,7387212,73868761,92066,3471,2.7
20160907,21720407,7434476,73916773,101383,3163,3.4
20160908,22650212,7361636,74736838,116006,4226,4.2
20160909,22620197,7328041,74816901,129974,4314,3.7
20160912,23455738,7447816,74305174,151652,7616,5.9
20160913,22414791,7231943,74453256,148495,6001,4
20160919,22214865,7170833,74599153,164122,5250,3.5
20160920,22624268,7136984,74653929,120900,4747,2.9
20160921,21920936,7250192,74581522,125787,4805,4
20160922,22185462,7282325,74453870,113404,3064,2.4
20160923,22250463,7297641,74265852,111260,2297,2
20160926,22469079,7316136,74052796,119720,4262,3.8
20160927,22901883,7359841,73967502,112672,4180,3.5
20160928,22213984,7522147,73812183,112442,4637,4.1
20160929,22411135,7508636,73349644,136480,3415,3
20160930,21934035,7542414,73135477,115501,4916,3.6
20161004,22418389,7546598,73465280,118913,5435,4.7
20161005,22747282,7430337,72424786,148813,6286,5.3
20161006,24286632,7406515,72868596,155820,6177,4.2
20161007,21767375,7437535,73043006,148345,4968,3.2
20161010,21837463,7460050,73103387,162690,6307,4.3
20161011,21961685,7522317,73785440,171362,5852,3.6
20161012,22282251,7416780,74052136,143644,4483,2.6
20161013,23020614,7344739,74463206,139135,4245,3
20161014,21552707,7216065,74348411,127699,8543,6.1
20161017,21509735,7220133,74358275,129087,4693,3.7
20161018,21512079,7205201,74262540,108506,3620,2.8
20161019,21145557,7180139,73228734,107642,3392,3.1
20161020,21322723,7160221,73146169,98098,2701,2.5
20161021,20971690,7171570,73824540,108119,2898,3
20161024,22250647,7155858,74379053,108259,3202,3
20161025,21504359,7187640,74229712,104560,3104,2.9
20161026,22627913,7212781,73932925,109103,2700,2.6
20161027,23169947,7160367,73210733,176800,4632,4.2
20161028,22620069,7151847,73244338,145787,5522,3.1
20161031,22005344,7138674,73735051,126956,4810,3.3
20161101,23229157,7204079,74388969,124444,4880,3.8
20161102,22857697,7301313,74549896,135111,5705,4.6
20161103,22080970,7274145,71805143,126443,6829,5.1
20161104,21390073,7272531,71848479,133516,5370,4.2
20161107,22509072,7305061,74728272,102765,4265,3.2
20161108,21619947,7283502,74377030,87581,3207,3.1
20161109,22333786,7481946,74011321,82670,2667,3
20161110,23235172,7337996,73843450,90743,1783,2.2
20161111,22335894,7162435,74278848,163270,4036,4.4
20161114,23271139,7014960,74597446,139358,5976,3.7
20161115,22771181,7004374,75065278,128073,4988,3.6
20161116,22165162,7062627,74336144,135308,4036,3.2
20161117,22452160,6990229,74380600,154153,4858,3.6
20161118,21989744,6999553,74443093,132722,4600,3
20161121,21666427,7008523,74449531,115254,3128,2.4
20161122,21365933,7072988,73824275,115028,4489,3.9
20161123,21390386,7082061,73653153,114076,4596,4
20161124,21139798,7083552,74055688,152862,3960,3.5
20161125,21601577,7008943,74053015,108181,4293,2.8
20161128,22437199,7069407,74040254,115151,3242,3
20161129,21990876,7064173,72944681,91878,2854,2.5
20161130,21607507,7099899,72700905,90850,3308,3.6
20161201,22387982,7035951,74031849,100412,2834,3.1
20161202,22795320,7059250,74546769,94324,3090,3.1
20161205,22100788,7055809,74422730,103350,3383,3.6
20161206,20915430,7128519,74440042,111066,4950,4.8
20161207,20830360,7125762,74353636,119636,4271,3.8
20161208,20884199,7123882,74404188,109056,7684,6.4
20161209,20896723,6996111,74655154,119021,3744,3.4
20161212,21529228,7033443,74005734,108376,4470,3.8
20161213,21322821,6998427,73508706,100865,3616,3.3
20161214,21743700,7061410,73541288,96300,3706,3.7
20161215,22367508,7124737,73866001,96162,3777,3.9
20161216,21595794,7137015,73615532,98106,3419,3.6
20161219,21932509,7208738,73480216,89016,2382,2.4
20161220,21761014,7334164,73364107,97007,3533,4
20161221,21758688,7180402,73396546,111241,3243,3.3
20161222,21203590,7081558,73246936,110383,3334,3
20161223,21180857,7140367,72436894,116367,4491,4.1
20161226,21482285,7119500,72323081,121610,4172,3.6
20161227,22298302,7134411,72080884,104434,3722,3.1
20161228,22023078,7201669,72074682,120030,3798,3.6
20161229,22754410,7140069,72277050,125578,1379,1.1
20161230,21760096,7102906,71338589,123127,2070,1.6
20170102,22594002,7117958,72190460,100171,2955,2.4
20170103,23899108,7166183,72873603,85091,2632,2.6
20170104,21946713,7105774,72756859,81668,1741,2
20170105,21996082,7137865,72765655,133719,2081,2.5
20170106,21299028,7169865,72902464,120463,2650,2
20170109,21611168,7210744,72388546,109154,2046,1.7
20170110,20973558,7211190,72427773,99278,2214,2
20170111,21722135,7478833,72423248,120862,2307,2.3
20170112,21899065,7390093,72625641,123845,4025,3.3
20170113,23217313,7181565,72938886,121053,3802,3.1
20170116,21907430,7225521,72544296,120281,3749,3.1
20170117,23106396,7204096,72569674,112441,4383,3.6
20170118,21409234,7289231,71929299,118741,3098,2.8
20170119,21485882,7290552,72681894,115723,3547,3
20170120,21137137,7264232,72136463,111186,3242,2.8
20170123,21050837,7316534,72147602,108641,2753,2.5
20170124,20927080,7319244,72236582,105900,5480,5
20170125,21753419,7387946,71487498,110700,3588,3.4
20170126,21250296,7415544,72056231,111544,5708,5.2
20170131,21923610,7449716,71300359,115784,3291,3
20170201,22195684,7398731,71489084,97601,3270,2.8
20170202,22691052,7452594,71749847,113159,3292,3.4
20170203,21365028,7398179,72290156,111737,5872,5.2
20170206,21231182,7488789,72062895,127209,5567,5
20170207,21604442,7511094,71250125,133904,5370,4.2
20170208,21554038,7496244,71301572,123092,4417,3.3
20170209,21976358,7378153,71791661,113308,9381,7.6
20170210,21235785,7309952,71760847,109146,5050,4.5
20170213,20823701,7299192,71637465,105034,3583,3.3
20170214,21458956,7321934,71597262,119799,3529,3.4
20170215,21859101,7261996,71737038,99586,2555,2.1
20170216,21140130,7270830,71703124,103994,2711,2.7
20170217,21002476,7243486,71368308,108456,3485,3.4
20170220,21105642,7272986,71209844,100855,2897,2.7
20170221,21093309,7407258,72005807,100845,2768,2.7
20170222,21448629,7481531,71639247,113926,2804,2.8
20170223,21441949,7519471,71561429,102603,3426,3
20170224,21628059,7508082,71294796,100582,3059,3
20170227,22653921,7391526,70757512,105465,3923,3.9
20170228,22218972,7295164,70601071,124382,3787,3.6
20170302,22035393,7391229,71045994,125488,6633,5.3
20170303,21960568,7405467,71600107,104317,3781,3
20170306,22119510,7394773,71979222,110008,4417,4.2
20170307,21271385,7414808,71191373,123707,3693,3.4
20170308,21391084,7508598,71247112,119759,3275,2.6
20170309,21410299,7393812,72197405,94035,3189,2.7
20170310,21692260,7257253,71168601,91789,3532,3.8
20170313,21412338,7299219,71152505,109807,3149,3.4
20170314,21512525,7302821,71615989,115201,3428,3.1
20170315,22405652,7297593,71084237,103832,4569,4
20170316,21914816,7424094,71644912,109347,3716,3.6
20170317,22183722,7461937,71208141,127727,3891,3.6
20170320,21809270,7455673,71287708,121731,3690,2.9
20170321,22367291,7573618,71995047,115046,4534,3.7
20170322,21689284,7667987,71917810,123210,5877,5.1
20170323,23174152,7638260,71806872,167012,2714,2.2
20170324,22576331,7609653,71711830,127085,4381,2.6
20170327,22494622,7575516,71162169,126116,3641,2.9
20170328,22294526,7693951,71028931,119431,4318,3.4
20170329,22102653,7799523,70782368,117727,4065,3.4
20170330,22565428,7651762,70592924,118814,3944,3.3
20170331,21768207,7606127,70474738,120094,4822,4.1
20170403,23479421,7581448,71079397,117137,3759,3.1
20170404,23391129,7367779,71438978,97726,3342,2.9
20170405,23678882,7381141,71518188,92227,2898,3
20170406,22946803,7418394,71934783,109540,4238,4.6
20170407,22158258,7378002,72223642,109215,4035,3.7
20170410,23373315,7419635,71881259,117914,3414,3.1
20170411,22541819,7403250,72098527,103378,4598,3.9
20170412,22143627,7438894,72185974,130854,4013,3.9
20170413,23084377,7394829,72152204,125789,4351,3.3
20170414,22423565,7276460,72311462,108941,3648,2.9
20170417,22710154,7316082,72217618,107336,3395,3.1
20170418,23272537,7362552,72271061,103857,4670,4.4
20170419,23434801,7268122,71473156,105574,2456,2.4
20170420,24112348,7273653,71343671,111756,3583,3.4
20170421,23854198,7287950,72206198,116844,4262,3.8
20170424,23756598,7275498,72034560,113821,3451,3
20170425,23792904,7266690,71543927,104111,3912,3.4
20170426,23871002,7383905,69719670,118411,4159,4
20170427,26029251,7297079,69700126,140374,4408,3.7
20170428,24893152,7330218,71035993,107529,3279,2.3
20170502,23831862,7381756,71052774,120286,4440,4.1
20170504,23221099,7472351,71777068,121470,4174,3.5
20170508,23814646,7834836,72090015,116944,4286,3.5
20170510,24074100,7945234,72092388,113046,3900,3.3
20170511,24011536,7879944,72136333,124727,2995,2.6
20170512,23930194,7713451,71937390,165941,4758,3.8
20170515,25188404,7594250,72025001,150845,6252,3.8
20170516,24302481,7503038,72212583,173366,5522,3.7
20170517,23945143,7539825,72254765,174891,5584,3.2
20170518,25458605,7588015,72135780,161570,4579,2.6
20170519,23816438,7599478,72281252,156984,4310,2.7
20170522,23412649,7687682,71986625,134725,3982,2.5
20170523,23831636,7661016,71831943,160023,3620,2.7
20170524,23588306,7673100,71222651,123233,4870,3
20170525,24386349,7862217,71065230,228827,2865,2.3
20170526,24013385,7889457,71640979,142663,2963,1.3
20170529,24156612,7886363,71486640,137679,3193,2.2
20170530,24176056,7918904,70707235,107072,3730,2.7
20170531,23968356,7909990,70647504,125848,2828,2.6
20170601,24446317,7897389,71561129,132486,4391,3.5
20170602,25204880,7983686,72126304,120178,3337,2.5
20170605,24911831,8085444,72249779,123957,3185,2.7
20170607,24102132,8090137,72200104,117710,3656,2.9
20170608,24820232,8061757,72519398,109936,3943,3.3
20170609,24327040,7984549,72409491,110743,3930,3.6
20170612,25126304,7988029,72228275,112406,2907,2.6
20170613,25441534,7699692,72545192,116296,5419,4.8
20170614,24600290,7688584,72694831,148516,3171,2.7
20170615,25517565,7672763,72443589,124651,3703,2.5
20170616,25241165,7667059,72688509,131704,4481,3.6
20170619,24518930,7646779,72338547,149302,4693,3.6
20170620,24055352,7304764,71582192,148124,5980,4
20170621,24800283,7665964,71497186,155020,3914,2.6
20170622,24456398,7685313,72084643,188388,8124,5.2
20170623,24068398,7648631,72111490,183321,6166,3.3
20170626,24854897,7756529,71361820,176237,4573,2.5
20170627,25164588,7864412,71392609,116078,4000,2.3
20170628,25428536,8047132,70986126,144165,4187,3.6
20170629,24535986,7981312,70713776,152098,6216,4.3
20170630,23871912,8076270,70689754,173450,5471,3.6
20170703,24693066,7985135,70939482,141345,9487,5.5
20170704,24681743,7806048,70939283,124577,3911,2.8
20170705,23702690,7827531,71021113,145817,4186,3.4
20170706,23863135,7710904,71930916,149769,3882,2.7
20170707,23346180,7669414,71936705,124650,4449,3
20170710,23692388,7751600,71434786,114921,3369,2.7
20170711,24054828,7779217,71441289,118588,5847,5.1
20170712,23582823,7797832,71216375,122196,6189,5.2
20170713,24325117,7794412,71673266,113778,4934,4
20170714,23531949,7710531,71977104,121394,4401,3.9
20170717,23284259,7726662,71704959,114342,4112,3.4
20170718,23848688,7794729,71776607,105708,4045,3.5
20170719,23794306,7837990,71831858,109471,3981,3.8
20170720,24215913,7916568,71820915,112860,2903,2.7
20170721,24263086,7976656,71941450,104846,3443,3.1
20170724,24602746,8040370,71898509,114108,4034,3.8
20170725,25926450,8131285,70751255,148459,4077,3.6
20170726,26047976,8325348,70763120,130774,3933,2.6
20170727,25987300,8409548,71218322,155433,6456,4.9
20170728,25301050,8314155,70225081,179930,6215,4
20170731,24316449,8173972,70195732,153882,6153,3.4
20170801,25092317,8506227,70621016,185612,5491,3.6
20170802,24743371,8515550,70986881,171081,6788,3.7
20170803,24467979,8592873,71598188,128591,3805,2.2
20170804,24250712,8418628,71733048,125289,6612,5.1
20170807,24382317,8355243,71723342,167335,4966,4
20170808,23593092,8286928,71432830,148607,5809,3.5
20170809,24067675,8252039,71435987,128133,3516,2.4
20170810,23643498,8074731,71157260,114155,4343,3.4
20170811,24108627,7998978,71356751,122991,4714,4.1
20170814,24156866,8009075,71801951,135212,4437,3.6
20170816,24473318,8027671,71727444,147177,4194,3.1
20170817,25636438,7997698,72027186,125209,4244,2.9
20170818,23749494,7932538,71310576,121507,4517,3.6
20170821,24192102,7808617,71316362,105258,4530,3.7
20170822,23991121,7811952,72380030,99296,3275,3.1
20170823,23476577,7844404,72275832,104202,3627,3.7
20170824,23512080,7850042,72302053,100941,3196,3.1
20170825,23250316,7871694,71994719,106162,3204,3.2
20170828,24080020,7896099,71960531,109516,4615,4.3
20170829,23929098,7907624,71406556,96216,5320,4.9
20170830,23903807,7887316,71622882,113084,4124,4.3
20170831,23297422,7889444,71121596,140183,4323,3.8
20170901,24084362,7824943,71605368,112427,2612,1.9
20170904,24107969,7803055,71948638,118384,3875,3.4
20170905,23703288,7825263,71225785,116132,3752,3.2
20170906,23401891,7788896,71228034,128644,3832,3.3
20170907,23755080,7907777,72244866,152481,5389,4.2
20170908,23403770,7895277,71830175,150676,3931,2.6
20170911,24571244,8006575,71529042,130561,4613,3.1
20170912,24019452,7965678,71557519,124248,4079,3.1
20170913,23805835,8052864,71573869,130749,4371,3.5
20170914,24582779,7940393,72188957,123772,4911,3.8
20170915,24383184,7839835,72104251,132227,4499,3.6
20170918,24240465,7755014,72107802,119906,4155,3.1
20170919,23881773,7760101,71500748,144683,2707,2.3
20170920,24257077,7680239,71047969,158390,4269,3
20170921,24303440,7665072,71757826,221447,4636,2.9
20170922,24438579,7715598,71620923,159532,5150,2.3
20170925,24289031,7686378,71238449,165575,8312,5.2
20170926,24803135,7904763,71102202,156902,5002,3
20170927,24487864,7959555,70646871,147236,6088,3.9
20170928,24355446,8042856,70475410,133225,5266,3.6
20170929,23139799,8103431,70164648,107891,4959,3.7
20171010,23979863,8397575,70295244,102885,4043,3.7
20171011,24107363,8446763,70334014,90732,3786,3.7
20171012,26196129,8248884,71571668,134847,4099,4.5
20171013,24541040,7966577,71543524,161401,5786,4.3
20171016,24213632,7918402,71547563,165937,6328,3.9
20171017,26230821,7984889,71725315,186838,8090,4.9
20171018,24872552,8010385,71659068,205280,7248,3.9
20171019,24564703,8102256,71450906,163486,8157,4
20171020,24018262,8082460,71644758,177310,7939,4.9
20171023,24245179,8105984,71511719,170817,6069,3.4
20171024,24537159,8072622,70066191,133954,4637,2.7
20171025,24274093,8106381,69668431,130445,3968,3
20171026,25001627,8190623,70988033,130577,6630,5.1
20171027,24615156,8273550,71021075,150945,4613,3.5
20171030,25928672,8213681,70574954,170181,4827,3.2
20171031,24328688,8260839,69893426,137903,6369,3.7
20171101,25218976,8458957,69986150,160163,3121,2.3
20171102,24948013,8569373,70844930,159175,4699,2.9
20171103,24465259,8618980,71239799,153365,6254,3.9
20171106,25080190,8677936,71255227,139416,6318,4.1
20171107,24510742,8661664,71356722,112610,4115,3
20171108,24244142,8756800,71457219,122681,3300,2.9
20171109,24575601,8585929,71508519,130593,2918,2.4
20171110,24415809,8437397,71188740,107044,4284,3.3
20171113,24517001,8411888,71327025,127446,4346,4.1
20171114,24348291,8380985,71499985,104095,5080,4
20171115,25407632,8413764,71310426,139063,3035,2.9
20171116,25723905,8480781,71100061,140080,3205,2.3
20171117,26758163,8287471,69907608,168804,4238,3
20171120,27181870,8352554,70977352,159019,12138,7.2
20171121,26809948,8335368,70990300,160980,4613,2.9
20171122,26041884,8342024,70614745,180266,4904,3
20171123,25894288,8342974,70346116,186391,6954,3.9
20171124,26106243,8306309,70499790,231307,11929,6.4
20171127,26405730,8402702,70675273,195132,8809,3.8
20171128,27071507,8371400,69406993,165634,8282,4.2
20171129,26006102,8307773,69467527,195814,7397,4.5
20171130,26060322,8375441,68595795,212393,7459,3.8
20171201,26348144,8300682,68911740,176586,8590,4
20171204,25794293,8365114,70041590,200945,5379,3
20171205,25596917,8323137,70370309,196688,8337,4.1
20171206,25397482,8354030,70427438,174710,8051,4.1
20171207,25613946,8359080,70089348,182259,7465,4.3
20171208,26019698,8280792,69999943,174516,6594,3.6
20171211,25499250,8298665,69563263,232985,9681,5.5
20171212,24586741,8361419,69646655,194463,7152,3.1
20171213,24709150,8333713,69473696,140490,6156,3.2
20171214,24931177,8300539,69179557,126611,6193,4.4
20171215,25346951,8265741,68920873,114674,4233,3.3
20171218,25585198,8228528,68935412,117146,4200,3.7
20171219,25727861,8093231,69061534,98230,5151,4.4
20171220,24917611,8045863,68901761,119072,4381,4.5
20171221,25417204,8086006,69282128,140147,4998,4.2
20171222,25551916,7974138,68877804,146317,6989,5
20171226,26167649,8079865,68406567,154376,4257,2.9
20171227,26928012,8149204,67786434,163938,6352,4.1
20171228,27461062,8281829,67053863,193520,2610,1.6
20171229,26495351,8255472,65448062,192284,2428,1.3
20180102,27321579,8221664,65948412,155722,2951,1.5
20180103,29106445,8209652,67984674,132687,3286,2.1
20180104,26859408,8105605,68714539,142345,7357,5.5
20180105,27121167,8200154,68932030,171341,5122,3.6
20180108,26730598,8157722,69082380,243880,7301,4.3
20180109,26849429,7962208,69068561,193919,6346,2.6
20180110,26940470,8035907,68304368,200666,4943,2.5
20180111,27252174,7835516,68478999,235104,6802,3.4
20180112,27435687,7657103,68912937,259403,9851,4.2
20180115,28724047,7575846,68572818,230838,7147,2.8
20180116,28134776,7723698,68787596,210608,5864,2.5
20180117,28830815,7750229,68162058,218820,4481,2.1
20180118,29171751,7711065,68350435,199054,7834,3.6
20180119,28703302,7757922,69162283,216306,5038,2.5
20180122,28803970,7837560,68895092,188611,7516,3.5
20180123,29300304,7944860,68470911,210029,8772,4.7
20180124,29431305,7880736,68457157,220887,7444,3.5
20180125,29372930,7903030,68805683,144731,5867,2.7
20180126,30628663,7969335,68887558,150597,3494,2.4
20180129,31786420,8110214,68635915,135994,5054,3.4
20180130,31252711,8172266,68675074,116516,2785,2
20180131,30685764,8087161,67745618,131451,3465,3
20180201,31231213,8124350,68041968,168917,4626,3.5
20180202,30149554,8154941,68635531,192422,11249,6.7
20180205,30485089,8272403,68627049,179301,13399,7
20180206,30345872,8251637,68536266,195148,10162,5.7
20180207,30285555,8450791,68973520,252768,13679,7
20180208,29800547,8336076,69537113,238710,9014,3.6
20180209,29141201,8196518,68747090,257733,9760,4.1
20180212,28760668,7829728,67824489,199377,9515,3.7
20180213,27707908,7824011,68086092,185796,7233,3.6
20180214,26636936,7866910,68358980,189588,6478,3.5
20180219,27485884,7842994,68644780,199523,6606,3.5
20180220,28341809,7775054,68448662,150730,6064,3
20180221,27213286,7605975,68367555,174839,7502,5
20180222,27325587,7642209,68491349,200004,7617,4.4
20180223,26560727,7671578,68420802,184273,10533,5.3
20180226,26608370,7612805,68060386,164997,5019,2.7
20180227,27457674,7637104,68121919,144990,5440,3.3
20180228,26892914,7621224,67631369,149432,5256,3.6
20180302,27311306,7639603,67695585,161985,6575,4.4
20180305,27237915,7834173,67948296,176738,11337,7
20180306,26693399,7909938,67790244,170276,10286,5.8
20180307,26529964,8018960,67739697,196281,6274,3.7
20180308,26753239,7965962,68299439,172788,8954,4.6
20180309,26278129,7772311,68382278,260471,6178,3.6
20180312,26653675,7786483,68153560,168766,7236,2.8
20180313,27587309,7760538,68218591,157538,5291,3.1
20180314,27342797,7692960,67655948,157123,7045,4.5
20180315,28415326,7659332,67575819,166526,5847,3.7
20180316,27323812,7701766,68043026,171131,4800,2.9
20180319,27333812,7796498,67959698,148812,5477,3.2
20180320,27430465,7863531,67040327,136502,4810,3.2
20180321,27823344,7803071,67126950,149521,4174,3.1
20180322,28874688,7865277,67617986,128810,7959,5.3
20180323,28070334,8136573,66998731,150962,6155,4.8
20180326,29321833,8090853,66853721,157445,10058,6.7
20180327,28351374,7966369,65676802,249688,11618,7.4
20180328,27698355,8010709,65710538,226413,10650,4.3
20180329,28186287,8251104,66558250,184523,9059,4
20180330,27000949,8111591,66272835,222507,8087,4.4
20180402,28640109,8161547,66088149,192315,6051,2.7
20180403,28193122,8216942,66796551,167895,6635,3.4
20180404,29026464,8394509,68044680,174743,7364,4.4
20180405,28061153,8433443,68235174,149370,6260,3.6
20180406,27801272,8236025,68605309,173305,5534,3.7
20180409,27942128,8232922,68752282,157434,6336,3.7
20180410,27491130,8268373,68420369,154359,5462,3.5
20180411,27989481,8258181,68501678,155245,4540,2.9
20180412,28794343,8223837,68645803,155350,4526,2.9
20180413,28398506,8091227,68922436,157089,4693,3
20180416,28288608,8005296,68919168,168798,4954,3.2
20180417,28375756,8055101,69183735,157439,6490,3.8
20180418,27893822,8038088,68793585,154445,5120,3.3
20180419,28260685,8053768,68645222,165423,6475,4.2
20180420,28960916,8012332,69002574,165057,6994,4.2
20180423,30807205,8008875,69135990,197503,7892,4.8
20180424,30727974,8081971,68838243,178728,8569,4.3
20180425,29726031,8157826,68365511,234678,10745,6
20180426,28933058,8174805,68415061,291831,9454,4
20180427,29453617,8107452,68337504,203693,7892,2.7
20180430,28269828,7998604,67642132,157464,9566,4.7
20180502,29082024,8086389,67433140,148542,6999,4.4
20180503,29792966,8062581,68102223,188677,8267,5.6
20180504,29029323,8118826,67815367,260250,11170,5.9
20180508,28509435,8194513,67589823,249749,11338,4.4
20180509,28183215,8180197,67582484,276865,11717,4.7
20180510,28721654,8062335,67348714,301688,11920,4.3
20180511,27600266,7773439,67963553,251790,9419,3.1
20180514,27836009,7761750,68026628,199236,8608,3.4
20180515,28903147,7813300,68179777,152001,6837,3.4
20180516,28465239,7807268,68332129,187009,5433,3.6
20180517,28465774,7793174,67822264,203973,6519,3.5
20180518,28255073,7716723,67892855,199401,7532,3.7
20180521,27659632,7668321,67823272,181039,7633,3.8
20180523,28138980,7692321,68862065,145889,5908,3.3
20180524,27433482,7688725,68079331,199025,5776,4
20180525,27863641,7706569,68136840,178859,6362,3.2
20180528,28895912,7687291,68540140,202524,6235,3.5
20180529,29802521,7783531,68584301,179659,5459,2.7
20180530,29610664,7989524,67454591,209642,7430,4.1
20180531,28817102,7946868,67533796,215792,9067,4.3
20180601,28457085,7910826,67966052,235368,12032,5.6
20180604,28168652,7910841,68109664,212071,12361,5.3
20180605,27970519,7886606,68198819,189348,9365,4.4
20180607,28049426,8000291,68475090,192712,8470,4.5
20180608,27301520,8001055,68347432,167461,7565,3.9
20180611,28966885,8003314,68346356,153255,6811,4.1
20180612,27774156,7952591,68640353,182458,7764,5.1
20180614,27886905,8036929,68731956,182807,7964,4.4
20180615,28654544,7924204,68720473,208750,10035,5.5
20180618,27925725,7937985,68731167,236507,10441,5
20180619,28176561,8097323,67879208,243286,10116,4.3
20180620,28081942,8227027,67748642,297349,17327,7.1
20180621,28199416,8167562,68711670,309487,13549,4.6
20180622,27265687,8075924,68757185,212616,8344,2.7
20180625,27033723,8087780,68641796,195835,7480,3.5
20180626,28324715,8180688,68338003,207102,7381,3.8
20180627,26844459,8279238,67771950,141015,5586,2.7
20180628,27479725,8340302,66737580,134532,6438,4.6
20180629,26940987,8229785,65284204,155150,6669,5
20180702,28509788,8384151,65765297,196864,7624,4.9
20180703,28879933,8390905,67268439,131855,6949,3.5
20180704,27368295,8317033,67917878,204611,7126,5.4
20180705,27461901,8207804,67605124,167703,10291,5
20180706,25928630,8200292,68137930,154260,5775,3.4
20180709,26184820,8132249,68695912,162185,6742,4.4
20180710,26023842,8095024,67296959,135122,4254,2.6
20180711,25916089,8179988,67579000,133140,4400,3.3
20180712,26375149,8162584,68446813,125169,5034,3.8
20180713,26188819,7951178,68345546,116721,4732,3.8
20180716,25428618,7757634,68328466,113718,3820,3.3
20180717,25764594,7781007,68489489,110793,4713,4.1
20180718,26365585,7866216,67725621,129338,5476,4.9
20180719,26076000,7965020,67701412,131361,4091,3.2
20180720,25867148,7925350,68695424,142559,6763,5.1
20180723,25705555,8048975,68423521,163809,6737,4.7
20180724,25699564,7997529,68190054,153449,8414,5.1
20180725,25128692,7994468,67584066,219104,8000,5.2
20180726,25967892,8012180,67320697,184179,9835,4.5
20180727,28505554,7911924,66640307,188010,5959,3.2
20180730,27542968,7879337,66647155,160798,5809,3.1
20180731,27678020,7922404,66626841,125645,4088,2.5
20180801,25948872,7885948,67120404,117076,4868,3.9
20180802,27033241,8000584,67431899,125793,4549,3.9
20180803,25073756,7997022,67711468,120371,5309,4.2
20180806,25044624,7939030,67884763,139085,4963,4.1
20180807,25023678,7958099,68074569,117230,5604,4
20180808,24632731,8006381,67966014,131884,3966,3.4
20180809,25343399,7925800,68183381,129514,4858,3.7
20180810,25197220,7887456,67399800,132332,5031,3.9
20180813,25975287,7984021,67876931,132213,4885,3.7
20180814,25303298,7895364,67696427,156758,6105,4.6
20180816,25748645,7993225,67369275,193774,9636,6.1
20180817,24921099,7864476,67749598,146025,9120,4.7
20180820,25259996,7891116,67271031,143662,5157,3.5
20180821,24975722,7987114,67509892,126974,5405,3.8
20180822,25071847,7950201,67440507,123966,4345,3.4
20180823,24688760,7979313,67310469,107437,4092,3.3
20180824,25702274,7919418,67290670,121105,3495,3.3
20180827,25813905,7920980,67039546,122824,4505,3.7
20180828,25342495,7902737,67033538,123911,3418,2.8
20180829,25796425,7908437,66838451,146262,6156,5
20180830,24766879,7893647,66651363,153884,7607,5.2
20180831,25680421,7870059,66736189,137307,5365,3.5
20180903,26608530,7918349,67088507,115348,3850,2.8
20180904,25483527,7876683,67550129,119723,3563,3.1
20180905,25348932,7942475,66645357,138572,4282,3.6
20180906,25295722,7929446,66656208,136452,6652,4.8
20180907,25187433,7935043,67198603,156748,6194,4.5
20180910,26025917,7966860,66618234,168064,5624,3.6
20180911,24829924,8001451,66747775,146343,8439,5
20180912,25080923,7989412,66667543,150926,4964,3.4
20180913,25610552,7935435,66805691,157472,6406,4.2
20180914,24586929,7796184,66879022,172001,8017,5.1
20180917,24904015,7718802,66803953,166113,4978,2.9
20180918,25395130,7648423,66343673,128063,7246,4.4
20180919,25198478,7344107,65759236,159730,5649,4.4
20180920,25703312,7371266,64817148,180942,8751,5.5
20180921,25315747,7337227,64865666,171108,5747,3.2
20180927,27048368,7439628,63500983,178048,6116,3.6
20180928,26994891,7491485,63287844,138811,5209,2.9
20181001,27250220,7612570,63521577,149058,6902,5
20181002,26099186,7717490,64715433,186342,9775,6.6
20181004,27530898,7821712,65349007,197135,8194,4.4
20181005,25955699,7689234,66190187,212802,12775,6.5
20181008,24808146,7701741,66219442,249127,11059,5.2
20181010,24375034,7735110,65811746,226290,11067,4.4
20181011,27423284,8366872,65676030,206365,12206,5.4
20181012,26757408,8302610,65948717,226217,11789,5.7
20181015,26811152,8151412,65926390,302698,14644,6.5
20181016,24696519,8066520,65949556,222505,10542,3.5
20181017,24421735,8156104,65616612,189464,8564,3.8
20181018,23883036,8159022,65404160,159368,5619,3
20181019,23832006,8169004,65453122,136949,7605,4.8
20181022,23442120,8161793,65360428,135737,5400,3.9
20181023,23650194,8291493,65460177,123087,6362,4.7
20181024,24184045,8266514,64491107,122248,7213,5.9
20181025,24015632,8292145,64194481,215516,14329,11.7
20181026,24706614,8392468,64256607,223994,14772,6.9
20181029,26357472,8390290,64321755,190664,12174,5.4
20181030,24878067,8456457,63995708,186226,15221,8
20181031,25270071,8311641,63499062,200551,9766,5.2
20181101,25662765,8139822,64257344,166350,9158,4.6
20181102,25136459,8433966,64617587,143424,7359,4.4
20181105,24411391,8403965,64540348,131343,5095,3.6
20181106,24521284,8459680,64406780,101876,4301,3.3
20181107,24059532,8559484,64807461,122856,6423,6.3
20181108,24298074,8514205,64923945,147301,8638,7
20181109,23471693,8336899,65017999,143875,6801,4.6
20181112,23805041,8300695,64799570,128209,8478,5.9
20181113,23515286,8317525,64544368,125790,6694,5.2
20181114,24335499,8261410,64526751,147874,5664,4.5
20181115,24670146,8307677,64777496,147191,6089,4.1
20181116,23050724,8158313,64801453,141641,4362,3
20181119,23085838,8175272,64689222,124857,5151,3.6
20181120,26196432,8152457,63889830,133327,4569,3.7
20181121,26461824,8117602,63971361,143267,6073,4.6
20181122,26045514,8076779,64767629,163784,7202,5
20181123,23533950,8104318,64773384,168880,6740,4.1
20181126,23541558,8214087,64630500,141993,6128,3.6
20181127,22865845,8166332,64408099,146265,5895,4.2
20181128,23098414,8151226,64271056,125606,5504,3.8
20181129,22929628,8175717,64118513,115730,4758,3.8
20181130,22667687,8208435,63929937,119926,5353,4.6
20181203,23793078,8281286,63176885,135128,10690,8.9
20181204,23032028,8233444,62857192,132200,7050,5.2
20181205,23464946,8239400,62918093,121602,5546,4.2
20181206,23766468,8414819,62792952,122922,9874,8.1
20181207,22602787,8507737,63378897,125105,10666,8.7
20181210,23851961,8550631,62827065,162455,11096,8.9
20181211,23272354,8571532,63081988,134967,13071,8
20181212,22999376,8674458,63014006,143516,9318,6.9
20181213,23143067,8459862,63153184,166208,9401,6.6
20181214,22566234,8484938,62904538,135680,6956,4.2
20181217,23170726,8267530,62841288,120245,7915,5.8
20181218,22996368,8299533,62670138,157832,9144,7.6
20181219,22997001,8230941,62877701,149326,11260,7.1
20181220,23241567,8226699,62725636,185840,11491,7.7
20181221,23118743,8245084,62535252,132049,9930,5.3
20181224,23233288,8247891,62398575,134011,12029,9.1
20181226,24343258,8435271,62285787,129083,9311,6.9
20181227,24901409,8440958,60972736,129421,7043,5.5
20181228,25282922,8346071,59751262,142418,4220,3.3
20181231,24849598,8331833,57756148,172344,8520,6
20190102,26355670,8405743,59428291,180130,10690,6.2
20190103,26017070,8349506,62512911,147766,10444,5.8
20190104,24538338,8351643,63780155,158446,9989,6.8
20190107,23774368,8334666,64378416,186219,10705,6.8
20190108,23521380,8055082,64771090,157713,12857,6.9
20190109,23084945,8098322,65186644,144116,7937,5
20190110,23797701,8002768,64715934,149442,6536,4.5
20190111,23113543,7936086,65274787,120619,6434,4.3
20190114,23368268,7943843,65489185,114196,6136,5.1
20190115,23801893,7984699,65459092,108314,7488,6.6
20190116,23047825,7949582,65624245,134149,8336,7.7
20190117,26075315,7930403,65348465,129303,7261,5.4
20190118,25871362,7887504,65028917,147624,7501,5.8
20190121,25713068,7897061,65366692,165457,8058,5.5
20190122,23883330,7885759,65074113,155028,7067,4.3
20190123,23672605,7919606,65245226,128289,6778,4.4
20190124,23751331,7859896,65484438,125707,9101,7.1
20190125,23513084,8007320,64763629,116402,7857,6.3
20190128,24268633,7937187,65078744,128598,6710,5.8
20190129,30145033,7969396,63881588,117530,6573,5.1
20190130,28890543,8071247,63782582,124280,6880,5.9
20190131,28208285,8051912,63781951,122021,6707,5.4
20190201,25181633,8024544,64450486,117047,8858,7.3
20190207,26662636,8021452,64826815,132739,9898,8.5
20190208,25029838,8032425,65198979,120752,8504,6.4
20190211,26186841,7997377,65023501,136344,8475,7
20190212,24947346,8036818,64414861,159311,8086,5.9
20190213,24898682,8044121,64641393,166833,9622,6
20190214,24515903,7950407,65234467,163224,10245,6.1
20190215,24357628,7718747,65624193,143214,10058,6.2
20190218,24561408,7691075,65986739,139199,8342,5.8
20190219,24284431,7641492,65897003,138516,8475,6.1
20190220,25084544,7600228,65632518,140499,6757,4.9
20190221,24524065,7604455,65884201,130996,6806,4.8
20190222,24567119,7556375,65038214,128026,8892,6.8
20190225,24925256,7607627,64878024,134530,8365,6.5
20190226,25644767,7654131,65586385,138714,9429,7
20190227,25643604,7656260,65262032,141833,8474,6.1
20190228,25500047,7766067,64852912,139694,10260,7.2
20190304,26152332,7707518,65188121,137414,9843,7
20190305,25019538,7673141,64487383,177749,10798,7.9
20190306,24792269,7638650,64921294,178876,9787,5.5
20190307,24779570,7712081,65858628,168229,11881,6.6
20190308,24504850,7771768,65597326,155540,9246,5.5
20190311,24991466,7731455,65405929,135238,7714,5
20190312,24120857,7729603,66082904,117253,6546,4.8
20190313,24809307,7810844,65694102,115452,5370,4.6
20190314,24799283,7718417,65857862,109632,5942,5.1
20190315,24031004,7472361,65558965,114115,5558,5.1
20190318,24389824,7437209,65746043,115673,6269,5.5
20190319,24380814,7442377,65788470,119276,4971,4.3
20190320,24829217,7468597,64295297,133304,5987,5
20190321,24463895,7535308,64166799,144691,6686,5
20190322,25296123,7579917,64663978,135594,5807,4
20190325,26700419,7687151,64232650,141516,7390,5.5
20190326,26015469,7902281,64402195,134542,10437,7.4
20190327,26550166,7968425,63588627,148720,7132,5.3
20190328,25606172,8037223,62322818,166612,6848,4.6
20190329,24960471,7989870,61716230,153099,7858,4.7
20190401,28050127,7938860,62512165,160036,8236,5.4
20190402,25305760,7667613,64213073,133574,9088,5.7
20190403,25034082,7819815,65620539,109828,6168,4.6
20190404,24198382,7865538,65913073,109317,5282,4.8
20190405,24675043,7874625,66082053,116179,7307,6.7
20190408,24765837,7914358,66495817,114227,7536,6.5
20190409,24761478,7771403,66426056,119828,6518,5.7
20190410,25330006,7857061,66081570,135399,7119,5.9
20190411,25963128,7781525,66309589,133526,7723,5.7
20190412,25768969,7586559,66545345,123740,6021,4.5
20190415,26547852,7659102,66771691,128918,5709,4.6
20190416,25969529,7681204,66576856,122573,5509,4.3
20190417,26510266,7718330,66682898,154861,5998,4.9
20190418,27192271,7828507,67513430,149665,7915,5.1
20190419,26321294,7711865,67268894,141256,7996,5.3
20190422,26799692,7731900,67486756,174939,8273,5.9
20190423,27172335,7740343,67790679,160302,6978,4
20190424,26026952,7841308,66742846,135628,8957,5.6
20190425,26505865,7934646,66534077,175153,6773,5
20190426,26213253,7855260,66563647,154634,7325,4.2
20190429,27012709,7765150,66123517,161440,8762,5.7
20190430,25807040,7840340,66420048,151609,5794,3.6
20190502,28748726,7718448,66834960,129376,5707,3.8
20190503,26467228,7772660,67418127,119806,6604,5.1
20190507,26889535,7826786,67713842,125104,7000,5.8
20190508,25881652,7859128,67736615,136239,6693,5.4
20190509,26374576,7967486,68062417,152254,9131,6.7
20190510,26768238,7581499,67833341,161413,7948,5.2
20190513,26656314,7601828,67940622,223509,11072,6.9
20190514,26058025,7609328,67717843,191900,10413,4.7
20190515,25965561,7684626,67735267,177656,9320,4.9
20190516,25519182,7753377,68079409,147134,8059,4.5
20190517,25160798,7742213,67786300,134334,7088,4.8
20190520,25647698,7701276,67512896,142916,7909,5.9
20190521,25104669,7680200,67620283,133631,7147,5
20190522,24502365,7671865,67706137,141030,7949,5.9
20190523,24875478,7684295,67561989,131660,6918,4.9
20190524,24752157,7698268,67286561,116650,7398,5.6
20190527,24529779,7683655,67207973,128680,6954,6
20190528,26536619,7673186,67095508,126001,7751,6
20190529,26630460,7765892,67063383,133166,6750,5.4
20190530,26290886,7770730,66964574,163928,6239,4.7
20190531,24255776,7766928,66782810,130051,7631,4.7
20190603,25819596,7910290,66391372,127207,6569,5.1
20190604,23815248,7890529,65653256,112059,5888,4.6
20190605,23553466,7891851,65743421,115282,6270,5.6
20190607,23427386,7805375,66925751,110717,6367,5.5
20190610,24274858,7929398,66763756,112689,4542,4.1
20190611,24383657,7915415,66715826,107731,6418,5.7
20190612,24610753,7946957,66988848,113717,6582,6.1
20190613,24812963,8036268,67516491,108202,7768,6.8
20190614,24140104,7811616,67117667,118286,5654,5.2
20190617,24693809,7805572,67031341,123676,6975,5.9
20190618,23947276,7716860,67305308,135346,6194,5
20190619,23873191,7721776,67254131,140939,8838,6.5
20190620,24483777,7727830,66374972,142990,7923,5.6
20190621,24369032,7726926,66437576,141514,6149,4.3
20190624,25051232,7706622,65914541,124847,6416,4.5
20190625,24631493,7768879,65259870,118366,6364,5.1
20190626,25178614,7990014,65197067,130612,7193,6.1
20190627,25054785,8032748,63467548,165126,8780,6.7
20190628,24710304,7801821,61596657,156628,8372,5.1
20190701,27438406,8059237,63742760,148924,10844,6.9
20190702,24932747,7986375,64517137,143129,7610,5.1
20190703,24530296,7974055,66012525,165237,8426,5.9
20190704,24657806,7930060,66616052,144453,7026,4.3
20190705,24409813,7852445,66736834,150413,7089,4.9
20190708,24957788,8038111,66903620,149738,10655,7.1
20190709,24599896,8057043,67553170,139627,7198,4.8
20190710,24373226,8118241,67243185,160145,8952,6.4
20190711,24138630,7980655,67752599,167228,9669,6
20190712,24235694,7726419,68490558,150010,8095,4.8
20190715,24920982,7591486,68342183,121689,7904,5.3
20190716,23873315,7604858,68376290,115656,6928,5.7
20190717,23906518,7703653,68528466,142742,6227,5.4
20190718,24474376,7682754,68647494,138617,7844,5.5
20190719,24447935,7759644,68793458,135478,9208,6.6
20190722,24183338,7724926,68781414,136432,7555,5.6
20190723,24212914,7730496,68851960,123959,5853,4.3
20190724,24113082,7762064,68319760,120584,5368,4.3
20190725,24427778,7783984,67861615,128201,4672,3.9
20190726,24858491,7876529,68164994,152602,11356,8.9
20190729,24519528,8009016,67894084,155667,8519,5.6
20190730,24299424,7938628,67658570,154647,9115,5.9
20190731,24107780,7809929,67124757,167190,11052,7.1
20190801,26250774,8061451,67747230,142024,7897,4.7
20190802,24155850,8112530,67886061,135763,7993,5.6
20190805,24630506,8555281,67713623,134902,8825,6.5
20190806,25640600,8813138,67934006,126927,12548,9.3
20190807,25777507,8842761,67933032,190332,10971,8.6
20190808,26569238,8619329,68450242,245067,14209,7.5
20190809,25843819,8272963,68700647,235499,16330,6.7
20190812,25877484,8183037,68442417,235682,14127,6
20190813,25218741,8361240,68603836,177533,11130,4.7
20190814,25414800,8370154,68660954,149277,8700,4.9
20190816,24991347,8344120,68976809,151197,6666,4.5
20190819,24107637,8455969,69095340,153378,8606,5.7
20190820,24471527,8473587,69051535,146738,7115,4.6
20190821,24138739,8454918,69078624,147322,7811,5.3
20190822,23900318,8403724,68890696,140914,6997,4.7
20190823,23733112,8414785,68765353,134369,8969,6.4
20190826,24201711,8611290,68534003,144778,9025,6.7
20190827,24524189,8527458,68688289,135845,9224,6.4
20190828,23699977,8221530,68516300,158476,8005,5.9
20190829,24026705,7996328,68115218,148951,6262,4
20190830,23230387,8052385,68136569,138469,6770,4.5
20190902,25153017,8015141,68323126,140496,7335,5.3
20190903,23575630,8060496,68624445,139607,5985,4.3
20190904,23781290,8135100,68499706,131777,6770,4.8
20190905,23922751,8303704,68617212,137518,5593,4.2
20190906,23760027,8270070,68274272,132727,6737,4.9
20190909,24126791,8339528,68063014,141744,7580,5.7
20190910,24756259,8395485,66794260,154469,7152,5
20190911,24055009,8364862,67287473,168101,8404,5.4
20190916,24811438,8317489,67550423,165327,6973,4.1
20190917,24924215,8188968,68278503,145205,7968,4.8
20190918,24483156,8202796,68216729,152170,7115,4.9
20190919,24503510,8339923,68398421,162586,8905,5.9
20190920,24216433,8290191,68428854,154789,7308,4.5
20190923,25112731,8327854,68378184,158866,8076,5.2
20190924,24709910,8382454,68224792,148692,9058,5.7
20190925,25036744,8499834,67707257,148759,8673,5.8
20190926,25919923,8270285,65952399,145320,8457,5.7
20190927,25402666,8314314,64583135,192116,11577,8
20190930,24456786,8293838,62400643,189626,13994,7.3
20191001,26315657,8422923,64138888,163864,15781,8.3
20191002,29221069,8558681,66377741,157372,14836,9.1
20191004,27696862,8401994,67190832,148182,10373,6.6
20191007,24322567,8525366,67659163,179808,11074,7.5
20191008,23954829,8529174,67198983,193271,10281,5.7
20191010,24475528,8429348,66924641,200480,10058,5.2
20191011,25008690,8165918,66433774,210467,9971,5
20191014,25533239,8159054,66400573,189237,10417,4.9
20191015,26678044,8124656,67493383,180863,10148,5.4
20191016,24815442,8140200,67825881,174819,9270,5.1
20191017,25080900,8127838,67562048,165065,9847,5.6
20191018,24122902,8163160,68048437,161605,9476,5.7
20191021,24841222,8301542,68002513,168117,9569,5.9
20191022,24848203,8278544,67699293,170181,9106,5.4
20191023,24621626,8293285,67840814,181813,9502,5.6
20191024,25128881,8248314,68024423,225006,8760,4.8
20191025,25099125,8250360,67521877,191223,9514,4.2
20191028,25411184,8035295,67937607,191168,9095,4.8
20191029,25307806,7917429,67576424,191450,8496,4.4
20191030,25082405,7859336,67568181,185031,9639,5
20191031,25045382,7881458,69404388,175325,8592,4.6
20191101,25393135,8027161,68054072,188141,8800,5
20191104,25458139,8263573,68901338,201695,9917,5.3
20191105,24609344,8212876,68647620,183649,10044,5
20191106,25065714,8312800,68672667,189289,9135,5
20191107,25271905,8347728,68836482,183923,10232,5.4
20191108,25546920,8344998,68598088,195174,8407,4.6
20191111,25327167,8403013,68730803,193247,11494,5.9
20191112,25069862,8412917,68237292,174374,11431,5.9
20191113,25230133,8517006,68524187,187385,11122,6.4
20191114,26104966,8440560,68826976,182882,10502,5.6
20191115,24814453,8335420,68558858,185555,9855,5.4
20191118,24607107,8435561,68967649,188059,9145,4.9
20191119,25129519,8497999,68989871,180751,10339,5.5
20191120,25940607,8535124,68037017,199624,10964,6.1
20191121,26199300,8599359,68195849,188453,13367,6.7
20191122,26457720,8489569,69309541,205586,12617,6.7
20191125,25215000,8382574,69064137,214027,12296,6
20191126,24945453,8202973,69168297,194098,9831,4.6
20191127,24863112,8039331,68962601,166032,10264,5.3
20191128,24739948,8116771,68836679,168104,9104,5.5
20191129,24671138,8219196,68199350,173078,9681,5.8
20191202,26278410,8109734,68561751,184314,12317,7.1
20191203,24835941,8123234,68851839,197857,12311,6.7
20191204,25257640,8179629,68684499,185994,11955,6
20191205,24812835,8186843,68216186,175207,12422,6.7
20191206,23798842,8162211,68500658,182732,12595,7.2
20191209,23585292,8170954,68370517,188074,8576,4.7
20191210,24109475,8105952,67574860,159248,9228,4.9
20191211,24446248,8159381,67633834,163390,10752,6.8
20191212,24397228,8289488,67513688,165961,7900,4.8
20191213,24948227,8204238,67304443,158639,7588,4.6
20191216,24454091,8203414,67013100,158040,7769,4.9
20191217,25593655,8249132,67363988,155120,8154,5.2
20191218,25814048,8273485,67224127,163918,8979,5.8
20191219,26173625,8343330,67471145,164915,8516,5.2
20191220,26019461,8344628,67474588,173757,10414,6.3
20191223,26627509,8535759,67208467,180562,8920,5.1
20191224,26739986,8588158,67304677,167547,9737,5.4
20191226,27822953,8574802,66474333,176984,8729,5.2
20191227,28713673,8555578,65499574,186124,10231,5.8
20191230,28519499,8504079,63734547,213152,2659,1.4
20191231,27393296,8479263,62482342,214212,7455,3.5
20200102,29859926,8507119,64913495,166981,11181,5.2
20200103,30666501,8348404,66955731,156313,10360,6.2
20200106,27948034,8301672,69010052,181708,10509,6.7
20200107,27038368,8556788,69302005,200599,9365,5.2
20200108,26913932,8725291,69345975,220218,11173,5.6
20200109,28154028,8573376,69596692,206265,11050,5
20200110,29171442,8522973,68676733,220126,10383,5
20200113,27640974,8509001,68205031,197437,12940,5.9
20200114,27978833,8606300,68220304,184896,10166,5.1
20200115,28360485,8705477,68242020,187625,10447,5.7
20200116,27571005,8695475,68440995,189749,9853,5.3
20200117,27545874,8650297,68502776,193914,9678,5.1
20200120,28162090,8689211,68139715,199358,9555,4.9
20200121,27679498,8887616,68332373,189827,10005,5
20200122,27762464,8875885,67850360,197322,10146,5.3
20200123,27032949,8864031,67757622,198136,9499,4.8
20200128,30221242,8879068,67454105,169208,8781,4.4
20200129,29219885,8597130,67623616,182066,12451,7.4
20200130,30223021,8595804,67549067,252405,13013,7.1
20200131,28718926,8379734,67897163,221346,14076,5.6
20200203,31241363,8390376,68517366,250038,13673,6.2
20200204,29506982,8356499,69151889,233377,12063,4.8
20200205,29160654,8448238,69194088,209206,11793,5.1
20200206,28905628,8781059,70176052,186228,10269,4.9
20200207,28655825,8762553,70216316,185625,8589,4.6
20200210,30471046,8677747,69940534,190281,11206,6
20200211,28600272,8723758,70706195,186878,11637,6.1
20200212,28369377,8742637,70510718,193545,9583,5.1
20200213,30112161,8664989,71167381,178911,11419,5.9
20200214,28321208,8597946,71290150,186516,10473,5.9
20200217,28754576,8575629,71262208,216775,11171,6
20200218,29030416,8804535,71538474,196787,9959,4.6
20200219,28915565,8640867,72092934,199915,11047,5.6
20200220,28617966,8713998,72208337,215670,11197,5.6
20200221,28591644,8826703,72406814,218143,12836,6
20200224,30122901,9144132,72301301,224011,11953,5.5
20200225,30712805,9006534,72849282,225402,16481,7.4
20200226,31749767,8883281,73071903,285800,14882,6.6
20200227,31169055,8633576,72934459,242988,13684,4.8
20200228,31211202,8797247,73482853,205060,10642,4.4
20200302,33181501,9293370,73886824,219412,16507,8
20200303,31569727,9192372,73923553,243617,11607,5.3
20200304,31073392,9448533,74485820,208535,11866,4.9
20200305,31026058,9592545,75164123,210254,8639,4.1
20200306,31051630,9480584,75292008,187508,13131,6.2
20200309,32097375,9601767,74842801,182230,10775,5.7
20200310,32909290,9758978,74734405,215498,13333,7.3
20200311,33024250,9780972,74870063,296849,11163,5.2
20200312,34079308,10000406,74758874,257870,13668,4.6
20200313,36190053,10061558,74813106,286390,21888,8.5
20200316,36718878,10226298,74559224,312138,19145,6.7
20200317,37740889,10468361,75042521,319123,24964,8
20200318,37112639,10723422,75206109,340641,24520,7.7
20200319,38366656,11235929,75151877,318545,26058,7.6
20200320,39121906,11366103,75277490,288341,24971,7.8
20200323,39866677,11539298,75142501,387226,21036,7.3
20200324,40991216,11778787,74756863,264324,18990,4.9
20200325,41435918,11458873,74159748,261682,17367,6.6
20200326,45168958,11239513,74269226,222127,12859,4.9
20200327,43977218,11321115,73647058,265746,10617,4.8
20200330,43458363,11240460,72865789,324859,12765,4.8
20200331,43082921,11305017,71168899,232225,11753,3.6
20200401,47666924,11612422,72433598,214511,11808,5.1
20200402,46567601,11726272,73970088,244800,14162,6.6
20200403,43879007,11603192,75904796,287699,15167,6.2
20200406,43327334,11853167,76590833,245143,14370,5
20200407,43555113,11927382,76843184,219030,9816,4
20200408,44228361,11934408,77138276,205487,11646,5.3
20200409,44306528,11970690,77109472,225027,11390,5.5
20200410,44567553,11798809,77044716,226193,11459,5.1
20200413,44781770,11977132,76826214,224797,10366,4.6
20200414,44824764,12057066,76822055,226760,14344,6.4
20200416,44373325,11999913,77140360,268754,14451,6.4
20200417,44400261,12109402,77220975,211057,13167,4.9
20200420,44572087,12202094,76987967,217367,12894,6.1
20200421,45636657,12284496,77156210,226881,18234,8.4
20200422,45338563,12215984,77157076,251859,15640,6.9
20200423,44381132,12152923,77238373,271439,15204,6
20200424,43836745,12256347,77316043,249613,16038,5.9
20200427,44445778,12128915,77031430,251335,16316,6.5
20200428,44109411,11765465,77045596,274709,16515,6.6
20200429,42835008,11983505,77033732,216997,14726,5.4
20200504,44522244,12663978,76658821,233542,14034,6.5
20200506,44813133,12705569,77069173,226315,16543,7.1
20200507,44601099,12530725,77208148,255626,16504,7.3
20200508,42606912,12446043,77406834,245828,16211,6.3
20200511,43462534,12498775,77572540,248449,12544,5.1
20200512,43312481,12428772,77590861,225420,15207,6.1
20200513,42858802,12629962,77761971,273909,16840,7.5
20200514,43785752,12659723,77974885,283377,15718,5.7
20200515,42323017,12404201,78080302,264367,15824,5.6
20200518,42399157,12463234,77969185,396486,17101,6.5
20200519,42755644,12463240,77814649,276133,18980,4.8
20200520,42540200,12401230,77741097,279516,17288,6.3
20200521,43515509,12474368,78052548,279461,17328,6.2
20200522,43772613,12563088,78542725,231665,13631,4.9
20200525,43927758,12606141,78710634,234984,13721,5.9
20200526,44249842,12258172,78801523,243288,15061,6.4
20200527,44085038,11674807,78814226,227282,12018,4.9
20200528,44708010,11491177,78535716,312897,12924,5.7
20200529,43969233,11345890,78526608,273634,14714,4.7
20200601,44478548,11515354,78446863,302447,16648,6.1
20200602,43668711,11359966,78857527,281913,18625,6.2
20200603,44155716,11710213,78675970,248109,16187,5.7
20200604,44774965,11622379,78847045,244368,14353,5.8
20200605,44686990,11871737,79129109,254365,15129,6.2
20200608,45702569,11882617,79688513,250082,13860,5.4
20200609,45506364,11860714,79461882,212056,13276,5.3
20200610,46728524,11991864,79240696,246987,15156,7.1
20200611,45978490,12101642,79057788,298575,14895,6
20200612,47900337,12022831,79799727,282251,18282,6.1
20200615,48337551,12248077,79643166,358837,26269,9.3
20200616,48205254,12281757,79708808,350546,21326,5.9
20200617,46361489,11793577,80249704,451934,18853,5.4
20200618,46450403,11781916,80845481,316492,18941,4.2
20200619,46228578,11863902,81199456,290011,13861,4.4
20200622,47398692,11858874,80844865,261621,14635,5
20200623,47524811,11887003,80793602,249411,16368,6.3
20200624,46280562,11928063,78494855,265172,19276,7.7
20200625,46476347,12182262,75368945,426366,15176,5.7
20200626,50649471,12237448,77808216,301494,18778,4.4
20200629,46983291,12039555,78191745,308854,21801,7.2
20200630,46323213,11962451,76797444,263692,18901,6.1
20200701,48005841,11863331,79975478,283080,16154,6.1
20200702,47464563,11917807,82367150,272734,18891,6.7
20200703,45723148,12056171,82076050,284198,14822,5.4
20200706,45748772,12131024,82262067,261005,12548,4.4
20200707,46321838,12075725,82469672,250800,15640,6
20200708,46764297,11920115,82471019,267044,11965,4.8
20200709,46341452,11720903,81796519,285444,15400,5.8
20200710,46033699,11553655,81052779,271359,13856,4.9
20200713,46601119,11549412,81830565,247762,13121,4.8
20200714,45551517,11426311,80984930,259343,12913,5.2
20200715,45472722,11486875,80658646,253339,13417,5.2
20200716,45397799,11538268,81580577,255584,15104,6
20200717,45714868,11513939,82201978,280048,14701,5.8
20200720,45533779,11511604,82506854,287677,16813,6
20200721,46156536,11623177,82587913,248560,12738,4.4
20200722,45908131,11554052,82329586,278763,11814,4.8
20200723,46677113,11627648,82335255,287922,12579,4.5
20200724,47106294,11635658,82205562,307106,14581,5.1
20200727,47328460,11722603,82346236,346966,15528,5.1
20200728,46975258,11724639,82109112,339106,15526,4.5
20200729,47448434,11531438,82098945,317070,17110,5
20200730,47645769,11491265,81676388,281634,17452,5.5
20200731,47786310,11460145,81315881,268599,14119,5
20200803,50354642,11391289,83032684,253532,15092,5.6
20200804,49234645,11560787,82443307,248703,13580,5.4
20200805,48056324,11758380,82397659,291886,13749,5.5
20200806,48874945,11804961,82321689,325540,12368,4.2
20200807,49219608,11863340,83029787,284211,15597,4.8
20200810,51126266,11982843,82902901,297252,16949,6
20200811,50726386,12147728,82601782,292085,16385,5.5
20200812,50299596,12265758,83224239,303979,14188,4.9
20200813,51146852,12153540,83624083,302911,19999,6.6
20200814,50792194,12142247,83717830,368086,23867,7.9
20200818,51455651,12110141,84116519,350389,21695,5.9
20200819,51592468,12058989,84185152,366203,22565,6.4
20200820,52639340,12388300,84527868,432295,25051,6.8
20200821,52337259,12028066,85118907,325052,25059,5.8
20200824,51714507,11990689,85135368,392457,19499,6
20200825,51737707,12033601,84821315,280646,17710,4.5
20200826,52316788,11967623,84971887,236367,11868,4.2
20200827,53878037,11924024,84955836,243234,10247,4.3
20200828,54756126,11698124,86172054,276720,12824,5.3
20200831,60526989,11775791,85432351,300440,17468,6.3
20200901,59556306,11743943,82866092,284581,17154,5.7
20200902,48625698,11818358,79105796,324260,13909,4.9
20200903,47396397,12075693,78069160,303907,16455,5.1
20200904,63258152,12089150,83901259,267080,16724,5.5
20200907,63100956,11999229,85695763,280662,17248,6.5
20200908,59426245,11969019,85745501,292891,18463,6.6
20200909,57224347,12031854,85957719,332069,19634,6.7
20200910,57402133,12042267,85576276,384865,24166,7.3
20200911,56400312,11631467,86443301,370233,21983,5.7
20200914,56403371,11800036,86816702,307203,15510,4.2
20200915,56692063,11853616,86458690,296343,14542,4.7
20200916,55374237,11764597,85857555,301362,16197,5.5
20200917,55662993,11822767,86742536,267638,15311,5.1
20200918,54875043,11696866,86891484,258190,17261,6.4
20200921,54778045,11784643,87039728,312341,18921,7.3
20200922,55643949,12153783,87059679,273978,19250,6.2
20200923,55951290,12053293,87105645,361839,30272,11
20200924,55276948,12081552,86942798,433806,28226,7.8
20200925,55656809,11783295,86175878,333617,28565,6.6
20200928,54818653,11672158,83922938,357010,20944,6.3
20200929,53880132,11424227,82867414,296077,20024,5.6
20201005,58031287,11451691,83031876,240548,15046,5.1
20201006,49194971,11372389,79533085,215420,15070,6.3
20201007,47733013,11294666,78450258,255070,11001,5.1
20201008,54215963,11193896,83783149,278950,13092,5.1
20201012,55753846,11145064,88044873,258493,15162,5.4
20201013,55543161,11154076,88225347,263752,15088,5.8
20201014,54343829,11245701,88430828,293588,18404,7
20201015,54710816,11333463,88407130,307509,18740,6.4
20201016,54009503,11316291,88441018,313316,21811,7.1
20201019,52726363,11278682,88724175,368562,20903,6.7
20201020,52808296,11436623,88262205,352696,24271,6.6
20201021,55221603,11450360,87369669,328511,20210,5.7
20201022,55489415,11473704,87957231,306036,20535,6.3
20201023,55143208,11439472,88686398,270469,18806,6.1
20201026,53003578,11496524,88485373,264379,22395,8.3
20201027,52967271,11484807,88713510,240574,20630,7.8
20201028,53140057,11324824,88938749,347149,18663,7.8
20201029,53708695,11100739,88990937,273918,19051,5.5
20201030,55039833,10896571,87884291,225941,13790,5
20201102,53345221,10709871,88816636,224715,15285,6.8
20201103,52495970,10909898,88985276,244549,14908,6.6
20201104,51419028,10959016,88112752,212892,12965,5.3
20201105,51144068,11042334,87139174,176835,10488,4.9
20201106,51899035,10892055,88852410,214014,10700,6.1
20201109,54410060,10914486,89706949,204802,11580,5.4
20201110,54696303,10976009,88755217,233617,14553,7.1
20201111,55462204,10901773,89376748,236114,15344,6.6
20201112,56493158,10892042,90078507,281608,18213,7.7
20201113,56678158,10806834,90216452,323205,25605,9.1
20201116,62839775,10956502,89883993,320588,22254,6.9
20201117,63107868,11013655,90141532,285342,16419,5.1
20201118,65135977,10919675,90103800,327271,16777,5.9
20201119,63405067,10926245,90415321,307482,15232,4.7
20201120,62994794,10832505,91536482,295226,21728,7.1
20201123,58447776,10981159,91482781,272290,16096,5.5
20201124,60093080,10906926,89777218,256329,15426,5.7
20201125,61646033,10858683,89353693,270118,14241,5.6
20201126,63234871,10845434,91137029,405247,16489,6.1
20201127,62956712,10831160,91423435,404357,22930,5.7
20201130,61587622,10892128,89206684,358741,19348,4.8
20201201,62519095,10863808,90978158,264109,16106,4.5
20201202,61367013,10965789,90073704,295224,15615,5.9
20201203,59514033,11130262,90191087,260644,16707,5.7
20201204,60805218,11324082,90448903,264759,14619,5.6
20201207,62815222,11424955,90411309,303717,18524,7
20201208,62346801,11574769,90633221,292512,16353,5.4
20201209,61034870,11636317,90480283,312080,17917,6.1
20201210,61951461,11664334,90632655,381294,18922,6.1
20201211,61362112,11275625,90784707,313756,18535,4.9
20201214,61280738,11111449,90715419,276714,19207,6.1
20201215,60614157,11010839,89944153,284491,12773,4.6
20201216,60245056,10926192,89636248,302996,18173,6.4
20201217,61471051,10983933,91158128,300133,16750,5.5
20201218,60886405,10890758,91246167,266502,14205,4.7
20201221,61344567,10978291,91232918,253690,13643,5.1
20201222,63194609,11302289,91051798,284820,17593,6.9
20201223,63326662,11431370,90883600,346860,22336,7.8
20201224,62307913,11722987,91167869,392347,24454,7.1
20201228,64040879,11596419,89903168,430933,25916,6.6
20201229,65520242,11582417,89236668,380554,25841,6
20201230,65623355,11859288,86309238,492117,5926,1.6
20201231,65522730,11979990,84217868,485473,11179,2.3
20210104,68287310,12174393,88023408,352279,19612,4
20210105,69440946,12299540,90067089,276931,16160,4.6
20210106,68031235,12261450,90694515,365818,16145,5.8
20210107,69271894,12557547,91257404,381522,18997,5.2
20210108,67547418,13041674,91908908,445648,23351,6.1
20210111,72321200,13170488,91832068,392841,22090,5
20210112,74455938,13414113,92097795,434822,21049,5.4
20210113,70139674,13479744,91579825,552933,29577,6.8
20210114,67823601,13481029,91886398,560190,38712,7
20210115,68163871,13272902,92409242,431396,23142,4.1
20210118,68833523,13246833,92339313,418472,25276,5.9
20210119,67152120,13351284,91421608,446879,32618,7.8
20210120,67275673,13061175,90694336,483564,22213,5
20210121,67836867,13085469,91722882,349619,21219,4.4
20210122,68308228,13038953,90752887,333844,15267,4.4
20210125,68474407,13049087,90204979,301654,18714,5.6
20210126,69126504,13217546,89933640,332074,15008,5
20210127,70220220,12723554,89873107,339776,25905,7.8
20210128,68329025,13001281,90520617,395791,25248,7.4
20210129,68017176,12937194,90051504,389939,28503,7.2
20210201,68291157,13179602,91830237,401344,32234,8.3
20210202,66064954,13175557,92241822,552803,24622,6.1
20210203,65299400,13220081,93112537,313972,16825,3
20210204,66007149,13515707,93138282,265046,15128,4.8
20210205,65994281,13519197,93323942,286259,15256,5.8
20210208,65344405,13555585,93921212,311595,15818,5.5
20210209,65248855,13465742,93630352,298312,17623,5.7
20210210,63826217,13402948,93527965,350979,26445,8.9
20210215,64861364,13332202,93451847,353999,18157,5.2
20210216,64788805,13206129,92533504,306264,15720,4.4
20210217,64806559,13391893,92311007,382642,14537,4.7
20210218,66091503,13391832,92456397,433312,22825,6
20210219,65013587,13329341,93528176,445718,28533,6.6
20210222,65077124,13472624,93663328,462641,30193,6.8
20210223,64689974,13419822,93720138,382788,28049,6.1
20210224,64363327,13470484,93290552,435854,25043,6.5
20210225,65017145,13497279,92586847,409386,30076,6.9
20210226,63858500,13341688,92344258,456502,29337,7.2
20210302,66901979,13160736,92543273,311202,24689,5.4
20210303,63125559,13313366,93609409,363525,22537,7.2
20210304,62200196,13572518,93357078,334640,20564,5.7
20210305,62440696,13464756,92660793,275505,21876,6.5
20210308,67732469,13645007,92659503,307917,19909,7.2
20210309,68099688,13710258,91421093,304318,24593,8
20210310,60402815,13665329,86229552,403182,29648,9.7
20210311,57637180,13445137,82589618,405597,35130,8.7
20210312,64101351,13442733,92379520,361080,16481,4.1
20210315,66273399,13334866,94549496,267284,14207,3.9
20210316,65898996,13257564,93837769,238393,12987,4.9
20210317,63225072,13294512,93967878,231028,12456,5.2
20210318,64171190,13276235,94685263,224987,11423,4.9
20210319,63476696,13308059,95033085,221784,13436,6
20210322,63840335,13251863,95017691,228434,14087,6.4
20210323,63223149,13514406,92836812,249384,17299,7.6
20210324,61340819,13640153,91893308,283978,26502,10.6
20210325,62450911,13447780,93616007,335726,21442,7.6
20210326,63500276,13051455,94571718,315587,20781,6.2
20210329,63480904,12771434,92648168,285071,20043,6.4
20210330,63537107,12566009,91629733,269835,15089,5.3
20210331,62622495,12287324,89237770,326342,15650,5.8
20210401,65712645,12536677,93028653,295514,15998,4.9
20210402,65395782,12585455,94431493,277110,15345,5.2
20210405,63793750,12770794,95349726,298425,16920,6.1
20210406,63594324,12767550,95778668,265433,16680,5.6
20210407,63735190,12687476,95818025,279596,17706,6.7
20210408,64149969,13025216,95671254,307107,16090,5.8
20210409,64716571,13087188,95719848,300365,21146,6.9
20210412,63949567,13070920,95168676,292414,15459,5.1
20210413,63601860,13178125,93648609,302717,21101,7.2
20210414,63017243,13154996,93711504,326011,17301,5.7
20210415,65653778,13134360,96112776,303719,17163,5.3
20210416,67001444,13060293,92906647,281692,21972,7.2
20210419,69183003,13091651,95799925,299567,17800,6.3
20210420,65681400,13114861,93631196,273324,18573,6.2
20210421,67125102,13240799,93927176,282646,13950,5.1
20210422,69417226,13209897,96288074,264819,16237,5.7
20210423,67687651,13285425,96342640,317994,18484,7
20210426,68602132,13384258,96051815,318215,19023,6
20210427,69992209,13256190,95673018,282069,27911,8.8
20210428,73595861,13411716,93080969,277460,19181,6.8
20210429,59484173,13244068,84530062,326955,19407,7
20210430,58416679,13062481,82072177,392750,25543,7.8
20210503,77901845,12908187,93165659,358975,29678,7.6
20210504,73923848,12766369,95517195,372197,26804,7.5
20210506,72058521,12978015,95568941,380959,23756,6.4
20210507,67961200,13101441,94315449,297571,19002,5
20210510,67766633,13100074,93914959,277383,16420,5.5
20210511,69159957,13212821,93590559,259946,17131,6.2
20210512,71596438,13094026,93186192,255214,15799,6.1
20210513,71060750,12937677,94275885,371630,30289,11.9
20210514,66614908,12537266,94425695,476790,36020,9.7
20210517,65439078,12359278,93382054,477880,32320,6.8
20210518,65976490,12371564,95673806,354375,26616,5.6
20210520,64462516,12423001,95836954,333942,28360,8
20210521,64777065,12296619,95869717,277029,29160,8.7
20210524,63876506,12199950,95728859,270578,20663,7.5
20210525,63560483,12311696,95219038,308157,32426,12
20210526,62925819,12197269,94734905,322515,22083,7.2
20210527,63264948,11980935,94516287,264273,27305,8.5
20210528,64365811,11842046,95588604,256345,15262,5.8
20210531,64073702,11731576,95120127,276953,14544,5.7
20210601,66614093,11847652,96102909,222025,16984,6.1
20210602,65825427,11988410,95724286,234940,17844,8
20210603,64814895,12060653,94650667,244746,19496,8.3
20210604,64169063,12177051,93675800,267162,13402,5.5
20210607,66621793,12125271,95202448,258304,15947,6
20210608,67124997,12112444,95920007,258169,22695,8.8
20210609,65057558,12365475,95161568,271286,16560,6.4
20210610,67130524,12217773,94865132,268250,16797,6.2
20210611,66615764,12062417,95582271,311587,20289,7.6
20210614,66887441,11658031,96019652,291791,16219,5.2
20210615,67476318,11625362,95405837,249816,16409,5.6
20210616,67036647,11656365,95342475,268318,16169,6.5
20210617,67069814,11709632,96466028,266053,17084,6.4
20210618,67025724,11699856,96112143,261577,18492,7
20210621,67946774,11589603,95882076,253325,22206,8.5
20210622,67413301,11516730,96359399,259813,22303,8.8
20210623,66060146,11503144,95936618,309929,20327,7.8
20210624,66624409,11527280,95539614,312502,18976,6.1
20210625,67049902,11337204,95102805,351338,20309,6.5
20210628,67677829,10930924,93972500,368250,23184,6.6
20210629,67877006,10658465,92895543,296162,28339,7.7
20210630,66132831,10571357,89600425,285427,22089,7.5
20210701,69119118,10679280,93128885,293096,18278,6.4
20210702,66961614,10894137,93385044,264505,18747,6.4
20210705,67876522,11307330,94227936,282531,14561,5.5
20210706,66735911,11610183,95455954,275327,16101,5.7
20210707,67900212,11691961,95438125,285743,17229,6.3
20210708,69441988,11646309,95019545,308422,18596,6.5
20210709,66540506,11563644,90396718,328736,18226,5.9
20210712,65093801,11511842,89410161,346781,23626,7.2
20210713,68415480,11415304,94004905,379187,22446,6.5
20210714,66497430,11352941,93145733,329017,20368,5.4
20210715,69318414,11384120,93208109,374393,15429,4.7
20210716,68902473,11383814,95109464,392395,19903,5.3
20210719,68141977,11403791,94138947,415013,16875,4.3
20210720,67796611,11467281,94375958,301128,25389,6.1
20210721,67942985,11626805,94732973,335508,18105,6
20210722,68073388,11640911,94982455,337834,20045,6
20210723,67797427,11489142,94599357,357168,19820,5.9
20210726,71664635,11491938,93146317,298904,18209,5.1
20210727,63070898,11340439,87865586,273490,17335,5.8
20210728,66012657,11238509,84974592,324547,20153,7.4
20210729,75167523,11072882,89892301,307345,21094,6.5
20210730,67256135,10997225,88004451,314949,19309,6.3
20210802,69650449,10983198,88623268,295370,15370,4.9
20210803,69879690,11014389,90878405,296180,19460,6.6
20210804,70049861,11059977,92041938,293602,15123,5.1
20210805,69977077,11156096,92851354,293942,19693,6.7
20210806,68807417,11061411,93007521,270560,18749,6.4
20210809,71582436,11012568,92949893,243445,14850,5.5
20210810,66799689,11047437,89629483,250571,18008,7.4
20210811,66687234,11102138,88064561,346343,22472,9
20210812,74201625,10972741,92129399,435043,23844,6.9
20210813,71986883,10952703,91767355,390327,33667,7.7
20210817,70123050,10953296,90945203,398726,31869,8.2
20210818,70837833,10897348,92487717,391386,37007,9.3
20210819,69876183,11141172,93130824,444239,42170,10.8
20210820,69649977,10969974,93422544,359175,28908,6.5
20210823,69389482,11114639,93455107,426467,37688,10.5
20210824,68843827,11069239,92461564,460895,22803,5.3
20210825,63585614,10798364,87371584,377156,17271,3.7
20210826,64194961,10798052,86156760,282301,16166,4.3
20210827,71284264,10757303,91482126,254276,15880,5.6
20210830,70726855,10830183,92707748,281732,15980,6.3
20210831,69595257,10637427,92111601,266651,15313,5.4
20210901,67416329,10638666,89275118,278476,12625,4.7
20210902,69637922,10786368,88850294,263024,11274,4
20210903,69750220,10726636,92061401,255272,13499,5.1
20210906,69590577,10743130,93107195,278547,16904,6.6
20210907,69387124,10783036,92809630,245641,17605,6.3
20210908,61093215,10838892,86596439,262510,14292,5.8
20210909,61002839,10831586,84308104,275244,14372,5.5
20210910,73341921,10641603,90753390,307101,22594,8.2
20210913,70411447,10942459,93414338,322052,16432,5.4
20210914,68555850,10964494,92194210,261164,17791,5.5
20210915,65623666,10975522,90491695,281581,16052,6.1
20210916,68917431,10851018,90882692,258844,14347,5.1
20210917,69362634,10810044,93528810,228956,14159,5.5
20210923,69488232,10699984,93829322,235610,14177,6.2
20210924,67822818,10363231,92990013,210827,16224,6.9
20210927,68621851,10106059,92576405,268655,15388,7.3
20210928,68444282,10084980,90359161,329927,20890,7.8
20210929,66952779,10005963,87434598,345242,25587,7.8
20210930,68346305,10214971,87504729,390673,31600,9.2
20211001,69774635,10364611,91825720,390639,24787,6.3
20211005,70879365,11201484,92746319,347582,23317,6
20211006,70084177,11614959,92317130,362786,39385,11.3
20211007,67660498,11921991,93279623,425004,34417,9.5
20211008,66221653,11785759,93766211,498593,26321,6.2
20211012,67065945,11924652,93392340,389833,23999,4.8
20211013,65138642,11859302,91062622,320827,22105,5.7
20211014,65549774,11775257,90641279,312641,18377,5.7
20211015,67842638,11219696,93427990,253265,16642,5.3
20211018,66981872,11104151,93698614,215627,11149,4.4
20211019,67858711,11117448,93627343,218393,13644,6.3
20211020,65616903,11091716,92572105,243618,13247,6.1
20211021,66553014,11170823,92743110,236513,15621,6.4
20211022,64338972,11034589,91548603,252236,17344,7.3
20211025,63456270,11137602,89837371,244773,15963,6.3
20211026,64992844,11214272,91494733,199498,14402,5.9
20211027,67655407,11238561,92349774,206108,9794,4.9
20211028,67947057,11248943,92698683,203471,10562,5.1
20211029,66730533,11154938,92390891,231058,13096,6.4
20211101,66848167,11152026,92274020,257339,15244,6.6
20211102,63436145,11123172,89420128,283987,17500,6.8
20211103,63940733,11065703,87957656,271545,12866,4.5
20211104,67120363,10804933,89834655,258593,16086,5.9
20211105,65009996,10826461,90420584,286282,16589,6.4
20211108,65833716,11025499,90359003,308010,19141,6.7
20211109,65457841,11146545,90786616,291423,18707,6.1
20211110,64656322,11253149,90437285,284919,15607,5.4
20211111,67075141,11255405,91897139,291291,20382,7.2
20211112,63531281,11184344,90015986,298718,22304,7.7
20211115,64191164,11184984,89429522,646012,12992,4.3
20211116,66381958,11091872,91891308,644543,16890,2.6
20211117,66814292,11220572,92630761,273509,12817,2
20211118,66354660,11246380,92340868,274676,15866,5.8
20211119,66080807,11248166,92501222,315999,16923,6.2
20211122,65096425,11403284,92152962,297067,14229,4.5
20211123,65245400,11412579,91959005,268379,18748,6.3
20211124,64669998,11080234,90403512,321197,19507,7.3
20211125,64176531,11087359,89745781,316163,19515,6.1
20211126,64904507,11124193,90805065,274195,17393,5.5
20211129,67010795,11175552,90673942,274651,16198,5.9
20211130,65982417,11404812,90696849,323269,19560,7.1
20211201,67393273,11545312,91397042,305741,26630,8.2
20211202,67279748,11670260,92033660,339450,21912,7.2
20211203,64244429,11492558,91322290,266181,18944,5.6
20211206,64278940,11599026,92416724,243776,14720,5.5
20211207,64455624,11858615,91687779,194552,17800,7.3
20211208,63039270,11936208,91669094,210591,12029,6.2
20211209,63548376,11810246,92265382,215300,10866,5.2
20211210,63528402,11735403,91452028,218161,11078,5.1
20211213,64477308,11255264,91736771,189921,10539,4.8
20211214,64062523,11255224,91929102,202819,14798,7.8
20211215,63562165,10997274,91558512,228930,18056,8.9
20211216,63595935,10831662,91693897,232620,14270,6.2
20211217,62840779,10818728,92654280,231567,13359,5.7
20211220,63518990,10835031,92391376,235973,13219,5.7
20211221,63476579,10694029,92093272,228448,18248,7.7
20211222,62203731,10926327,91921087,267721,14724,6.4
20211223,63346263,11018097,92276941,248440,18190,6.8
20211224,62775831,10741303,92459890,235587,15326,6.2
20211227,64471260,10844423,91837133,229267,12172,5.2
20211228,66201003,10902221,91432178,217611,15892,6.9
20211229,68001509,10874641,90581504,239217,13772,6.3
20211230,69653452,10808228,88437796,324104,6167,2.6
20211231,67530709,10785489,83396190,321040,7917,2.4
20220103,71732752,10756972,87515610,271705,16868,5.3
20220104,66570238,11025304,89870737,224259,21079,7.8
20220105,68986142,11134306,90018209,258912,17434,7.8
20220106,67356392,11632746,90362249,273149,19603,7.6
20220107,65204675,11532553,90606013,391436,23179,8.5
20220110,64432523,11448637,90600833,435211,24129,6.2
20220111,64664255,11364721,90393048,313173,31371,7.2
20220112,64603307,11766753,89963361,297721,18595,5.9
20220113,64095437,11691334,89921140,283239,14678,4.9
20220114,65340148,11318139,90640146,231440,13292,4.7
20220117,74258907,11256925,91090356,250120,17280,7.5
20220118,70386261,11227612,86846689,273363,22112,8.8
20220119,54020017,11204836,78816795,295783,24320,8.9
20220120,53805640,11264042,75933643,297427,22351,7.6
20220121,74041033,11269361,86759090,274025,18031,6.1
20220124,71396332,11352226,89145496,229248,13209,4.8
20220125,69545650,11543221,89185401,246795,21501,9.4
20220126,71467317,11464849,89449277,273121,28946,11.7
20220127,75107298,11838476,89546991,331873,22497,8.2
20220128,70344739,11808123,89550629,302391,21837,6.6
20220203,68709856,11774320,90401539,357706,20833,6.9
20220204,66665833,11629533,91016971,284716,15555,4.3
20220207,66809711,11785380,91498093,259539,14436,5.1
20220208,66630294,11723640,92213012,234976,21795,8.4
20220209,64001500,11718791,90944316,260074,15240,6.5
20220210,63695941,11683733,90823937,255533,15156,5.8
20220211,64101070,11533551,91175421,230470,14954,5.9
20220214,65462338,11607089,91092392,253443,18332,8
20220215,64558442,11576437,90405546,245570,27026,10.7
20220216,63485069,11581154,89325166,242028,18893,7.7
20220217,63394807,11520109,89905042,239787,13597,5.6
20220218,62500536,11411179,89409002,190785,11045,4.6
20220221,62473107,11432850,89382666,190013,12498,6.6
20220222,63703239,11390533,89424062,176562,13516,7.1
20220223,63142653,11281978,89488266,174236,11094,6.3
20220224,65273348,11503086,90653972,201435,9434,5.4
20220225,64992976,11380341,90480656,200702,12177,6
20220228,63425412,11335916,89976992,248018,12511,6.2
20220302,64362825,11413549,90194408,219198,13421,5.4
20220303,64262947,11485442,89381579,211702,12367,5.6
20220304,63036901,11670185,89549771,202409,12274,5.8
20220307,65862910,11996232,90148702,198930,12728,6.3
20220308,64383198,11947418,88970709,217043,16821,8.5
20220310,63137174,12088794,89047505,230025,18926,8.7
20220311,62500894,11869547,89987955,243302,12513,5.4
20220314,63014012,11875240,89867830,222224,25595,10.5
20220315,62711887,11931353,89403650,242937,18045,8.1
20220316,60971684,12070636,88694886,286832,17461,7.2
20220317,61063867,12007515,88853108,293621,14698,5.1
20220318,61449166,11870822,90481620,233271,11334,3.9
20220321,62786607,11684143,90090091,216333,11261,4.8
20220322,62328631,11592314,88925535,213715,11604,5.4
20220323,61585148,11368383,88449607,229420,14782,6.9
20220324,63342247,11318755,89354227,206820,9551,4.2
20220325,62977170,11130202,88676480,227615,12106,5.9
20220328,63856368,11206784,88409606,259303,16094,7.1
20220329,63191055,11251604,88170646,271816,17815,6.9
20220330,62820718,11255897,86954059,234092,15454,5.7
20220331,63282649,11167706,83072286,217347,15593,6.7
20220401,66805147,11145205,87780739,220500,16733,7.7
20220404,65850301,11141933,88335311,205983,13722,6.2
20220405,62245024,11164642,88251529,194796,14245,6.9
20220406,62482538,11306272,89033363,190994,12082,6.2
20220407,63666807,11630067,89020377,203008,14234,7.5
20220408,61892845,11722531,88695874,229912,15264,7.5
20220411,61636019,12169231,89100913,266807,16110,7
20220412,62068182,12249412,88796960,244874,17939,6.7
20220413,61577765,12317043,88634923,237855,18490,7.6
20220414,62714026,12061596,88935898,218016,15478,6.5
20220415,61797281,12006075,88957184,190364,11902,5.5
20220418,62471946,11882950,89103841,203435,12994,6.8
20220419,61068718,11917013,88824034,201064,15992,7.9
20220420,60401148,11922835,86961446,211416,12636,6.3
20220421,61748679,11927377,87228829,200152,11604,5.5
20220422,62860077,11997669,89380314,211964,13413,6.7
20220425,63861427,12138887,88781078,207675,16174,7.6
20220426,65573680,12154025,88893703,216438,20694,10
20220427,64856018,12349357,88913378,277300,20483,9.5
20220428,62922937,12320567,88877725,302831,19542,7
20220429,61406227,12191869,88737122,265888,17646,5.8
20220502,61799037,12179533,88382421,298577,16653,6.3
20220503,62164776,12175403,88464807,227362,14100,4.7
20220504,63327407,12062555,88491257,211290,16779,7.4
20220506,60390774,12164159,88196523,204986,14814,7
20220509,61806326,12210713,88249242,212152,18188,8.9
20220510,61585587,12293482,87727083,234806,23822,11.2
20220511,59903794,12342007,87953683,263976,23487,10
20220512,60324784,12435388,87025100,251846,20764,7.9
20220513,59966474,12308825,85849081,219861,17807,7.1
20220516,59088976,12213910,86659149,260671,19378,8.8
20220517,60507692,12239162,88058660,224554,17439,6.7
20220518,59190472,12261965,87884574,225766,12884,5.7
20220519,59763779,12272717,87633559,197418,13797,6.1
20220520,59601606,12243608,87823254,190410,16969,8.6
20220523,58664624,12215151,87724233,192631,12123,6.4
20220524,59360171,12285413,87691267,175113,14750,7.7
20220525,59213827,12249682,87524747,205686,14587,8.3
20220526,58853487,12221167,87249572,246195,19166,9.3
20220527,58483442,12201114,87549577,229739,14373,5.8
20220530,58347956,12218489,87432815,235311,12208,5.3
20220531,57567121,12079187,86889611,184152,11955,5.1
20220602,61632133,12267486,87527125,184561,12779,6.9
20220603,58652561,12107109,87946753,186087,13496,7.3
20220607,57786622,12089638,88111030,190668,13611,7.3
20220608,57517433,12096504,87527697,201817,16940,8.9
20220609,56997080,12014925,86807074,233544,17198,8.5
20220610,57304446,12069182,86282611,246250,17415,7.5
20220613,59081006,12307463,86823426,255179,16589,6.7
20220614,58736577,12246370,86439557,240164,26034,10.2
20220615,57976305,12424349,85629007,303247,31555,13.1
20220616,57020681,12253647,84785017,287052,30269,10
20220617,57173578,11986229,85823408,308510,26402,9.2
20220620,57205553,12017725,85635330,253925,25606,8.3
20220621,56962146,11912135,85719701,228199,26079,10.3
20220622,56394590,11681298,84389661,264900,22875,10
20220623,56988885,11644084,84033802,229819,17798,6.7
20220624,57545975,11601380,84861251,253466,28977,12.6
20220627,57433704,11302492,83826547,302108,20534,8.1
20220628,58317467,10919531,81672176,216542,17630,5.8
20220629,57357595,10897684,80741556,195484,20635,9.5
20220630,57364879,10879561,77625241,183527,14893,7.6
20220701,58738274,10798354,81527490,195322,15409,8.4
20220704,57669333,11332202,81806356,229576,18770,9.6
20220705,54924420,11914715,81342064,237143,22184,9.7
20220706,55476484,12153136,81119433,239726,14236,6
20220707,55008448,12310136,80810753,202399,13956,5.8
20220708,54413712,12155253,80114751,212624,11596,5.7
20220711,55232299,12239434,81085267,197738,11738,5.5
20220712,55201581,12337901,82121290,189019,11266,5.7
20220713,55794401,12251106,82010756,189461,12867,6.8
20220714,55776736,12116604,82314939,214335,12635,6.7
20220715,54478677,11848957,82648673,203017,14037,6.5
20220718,54854275,11953569,82315545,192766,13707,6.8
20220719,53495913,11910642,80246062,193758,11958,6.2
20220720,53492205,11980655,80555235,183632,9988,5.2
20220721,56072433,11912791,81975895,187034,11230,6.1
20220722,55240621,11877255,81922779,211573,12521,6.7
20220725,54732882,11919467,81629625,198360,12254,5.8
20220726,54836689,11966846,81582550,204903,12924,6.5
20220727,54664418,11996223,80687010,200477,13833,6.8
20220728,53878529,11803780,80473842,196112,12228,6.1
20220729,54259039,11692979,80657456,198850,10941,5.6
20220801,55766400,11867108,80779729,228737,11652,5.9
20220802,55109865,11937940,81145152,205878,12739,5.6
20220803,56039313,12190412,81327845,220523,12980,6.3
20220804,55172702,12169876,81513676,202677,11179,5.1
20220805,53762864,12109360,81455588,177002,10683,5.3
20220808,54234364,12203434,81299020,189077,9625,5.4
20220809,54315521,12266853,81306021,175192,13315,7
20220810,55493902,12360567,80217348,202104,11695,6.7
20220811,54787341,12354239,80404633,209920,15340,7.6
20220812,55313784,12143345,81009709,222697,14314,6.8
20220816,56949814,12186519,81257964,201575,12124,5.4
20220817,56003623,12310167,80989927,189261,10836,5.4
20220818,55225231,12294185,81122214,176053,11063,5.8
20220819,55227427,12278028,81480935,194467,11800,6.7
20220822,54832341,12341372,81259442,199111,13951,7.2
20220823,54835078,12327371,80969429,205347,15327,7.7
20220824,54681388,12300163,80597076,217252,12469,6.1
20220825,54299419,12159499,80281738,209451,11558,5.3
20220826,54265009,12007035,80326663,192872,11269,5.4
20220829,55170640,12192084,80002698,166656,10447,5.4
20220830,54164214,12164863,79761109,184955,11429,6.9
20220831,53063280,11949110,79409927,205319,15487,8.4
20220901,55502204,12091247,79637387,194030,10964,5.3
20220902,54712641,11917207,79888875,175330,11810,6.1
20220905,52291191,11885346,79989657,219616,20338,11.6
20220906,52042550,11901663,79926448,225127,18964,8.6
20220907,51880259,12061481,79737165,222452,14909,6.6
20220908,51704279,11774110,79529628,194840,16229,7.3
20220913,51343413,11850036,79311491,207492,16408,8.4
20220914,52229315,11782769,79223387,185642,14333,6.9
20220915,52565826,11713455,79473436,181754,13005,7
20220916,52096622,11758957,79760591,185384,14078,7.7
20220919,51554544,11690324,79476075,204378,15381,8.3
20220920,50830092,11708638,78973697,227339,22649,11.1
20220921,50779327,11663513,78411570,243305,20315,8.9
20220922,51525970,11539282,78078858,209469,15255,6.3
20220923,51702027,11420206,78104983,195526,17929,8.6
20220926,52043722,11592449,76943407,190009,18993,9.7
20220927,51471212,11509519,75872851,226783,38274,20.1
20220928,52567764,11463650,75296273,285674,29413,13
20220929,51853916,11116625,74838961,380218,29846,10.4
20220930,50852276,11204160,73333070,288657,32434,8.5
20221004,51219497,11510395,75017463,226502,25942,9
20221005,51191016,11347159,74548345,191454,20794,9.2
20221006,51794190,12038912,75222656,181983,13982,7.3
20221007,49304121,12558103,75644728,211941,13190,7.2
20221011,51253087,12661048,75778974,174909,17406,8.2
20221012,49647117,12610836,75942450,179190,20149,11.5
20221013,50334659,12610700,76334731,193604,16451,9.2
20221014,50388243,12470016,76025674,184780,17292,8.9
20221017,49042314,12315816,75633201,211714,14987,8.1
20221018,49069530,12349878,74848348,171711,13771,6.5
20221019,48740901,12273847,74813092,160281,10677,6.2
20221020,49158836,12335451,75203584,168215,10232,6.4
20221021,48663843,12312926,75389882,178070,16071,9.6
20221024,48291328,12345178,74610115,184580,15192,8.5
20221025,47696674,12285568,73551953,167697,16413,8.9
20221026,48465100,12380636,73343698,234050,10678,6.4
20221027,50941774,12455358,72718249,184191,12544,5.4
20221028,47672694,12389680,73591263,179344,10392,5.6
20221031,48619094,12411752,72669732,165385,11252,6.3
20221101,49846921,12340145,72482385,167847,11062,6.7
20221102,50003562,12377673,72803600,164261,10948,6.5
20221103,48817554,12443943,72772531,153887,10145,6.2
20221104,48322517,12439824,72604579,164204,11162,7.3
20221107,47455996,12487040,72293326,175680,12152,7.4
20221108,46938585,12561921,71868421,174484,12262,7
20221109,47535408,12646848,71923351,170986,9448,5.4
20221110,49358915,12607146,72287331,152416,10492,6.1
20221111,49008783,12829561,71896838,155015,9974,6.5
20221114,49926241,12791082,71770730,173961,8979,5.8
20221115,51032223,12720241,72003289,175675,10803,6.2
20221116,50113946,12692200,72014642,192306,13182,7.5
20221117,49751671,12785346,72035444,168183,10962,5.7
20221118,49696439,12703279,72225311,181342,14824,8.8
20221121,48425713,12791041,71992474,202936,14402,7.9
20221122,47862224,12825336,71869479,186319,15838,7.8
20221123,48415402,12835789,71928192,209686,12535,6.7
20221124,47730960,12778073,71585087,220297,11169,5.3
20221125,47826822,12774115,71273275,180481,10804,4.9
20221128,49261218,12907184,71309878,154947,11112,6.2
20221129,48237838,12917861,70847405,153878,13337,8.6
20221130,46674550,12853548,70490566,174242,10111,6.6
20221201,49654675,12835570,70651180,159257,10676,6.1
20221202,48179977,12808605,70449322,151365,9868,6.2
20221205,47353499,12742730,70561104,169105,10363,6.8
20221206,46728307,12834697,70486454,196727,16637,9.8
20221207,46009506,12812238,70538721,205200,16335,8.3
20221208,46678649,12446542,70562132,194910,18778,9.2
20221209,45745200,12270826,70226875,177527,13521,6.9
20221212,46330547,12110763,69912486,176276,13826,7.8
20221213,45963736,11979863,69900985,172224,14177,8
20221214,46329601,11768141,69609497,171016,13265,7.7
20221215,45213814,11579762,69399705,167845,11257,6.6
20221216,46118819,11580600,69090059,156843,10757,6.4
20221219,45131663,11629793,69039411,166676,13398,8.5
20221220,45363369,11574087,68906374,159317,13994,8.4
20221221,45318881,11293064,68434804,157726,13869,8.7
20221222,44309165,11351969,67690402,172365,14302,9.1
20221223,43902495,11365286,66265203,171314,11575,6.7
20221226,47542604,11372425,64775600,154553,12266,7.2
20221227,45718241,11397558,64174221,175308,17678,11.4
20221228,46984411,11423537,62452245,172715,16439,9.4
20221229,47046503,11269896,62111316,176659,10773,6.2
20221230,46448436,11153998,59053208,176193,9650,5.5
20230102,50833937,11170130,64019397,192960,19408,11
20230103,48481080,11190936,65663727,212049,25027,13
20230104,46368152,12000426,66354304,220991,21033,9.9
20230105,44976584,12332522,67128616,205415,12975,5.9
20230106,44147758,12277177,67744237,161653,19168,9.3
20230109,43886394,12423191,67477236,167278,12400,7.7
20230110,43692762,12304537,67429842,162285,10166,6.1
20230111,44352629,12271647,67688406,144568,9224,5.7
20230112,45245665,12110169,67937179,167184,9284,6.4
20230113,45600919,11882100,68214476,147090,9185,5.5
20230116,45611714,12059088,68348883,155145,9589,6.5
20230117,45245575,11937532,68256895,142633,11015,7.1
20230118,45653317,11992828,68399328,161426,10458,7.3
20230119,44566703,12129286,68766537,178760,11594,7.2
20230120,44159948,12196638,68904651,188344,14012,7.8
20230125,45026427,12346714,68570875,169136,11118,5.9
20230126,45767466,12501676,68455478,154754,9499,5.6
20230127,47229225,12459851,68210034,162035,8137,5.3
20230130,47123582,12437783,68540676,183606,9053,5.6
20230131,49274947,12480438,68932363,183722,11336,6.2
20230201,51521791,12441347,69863655,212258,14141,7.7
20230202,46459606,12492676,70166599,217782,10158,4.8
20230203,47746814,12434094,70688477,210379,11379,5.2
20230206,47380232,12605919,70666858,181450,10565,5
20230207,48161001,12463062,70105028,162339,11564,6.4
20230208,46727301,12522294,70286322,185818,9205,5.7
20230209,47862313,12258702,70330489,182768,10917,5.9
20230210,47084169,12116624,70101648,177813,10059,5.5
20230213,47625352,12107334,70302239,185365,12945,7.3
20230214,48019527,11981121,70211566,200063,13615,7.3
20230215,47437046,12092474,70267598,203422,12943,6.5
20230216,47733228,12099394,70308189,170320,11778,5.8
20230217,45886568,11940177,70641974,217424,12147,7.1
20230220,46860104,11909376,70755037,185047,12064,5.5
20230221,46199830,11811926,70219755,182739,12748,6.9
20230222,47643368,11852603,70038117,169024,10779,5.9
20230223,46877879,11785166,70641232,169662,18867,11.2
20230224,46665038,11744812,70857716,190204,10992,6.5
20230227,47382594,11908130,70798628,189750,10746,5.6
20230228,47739760,11800159,70837272,163712,12525,6.6
20230302,48526247,11805108,71479821,169642,22411,13.7
20230303,45646459,11787523,71634648,174014,17533,10.3
20230306,48327842,11858705,71668303,186626,18114,10.4
20230307,49588452,11862158,72228828,182219,26608,14.3
20230308,48911904,12032345,72526362,184743,18929,10.4
20230309,49880760,11969276,73443105,204949,22886,12.4
20230310,48325432,11946208,73820540,240236,23202,11.3
20230313,47508462,12115368,73909550,296630,30121,12.5
20230314,48076743,12179748,73700546,266693,26838,9
20230315,48735233,12243122,73785854,208555,25060,9.4
20230316,46392372,11819289,73932785,240334,23883,11.5
20230317,46325469,11713776,74064036,198716,22270,9.3
20230320,46252699,11513174,73900684,194685,19080,9.6
20230321,47224473,11571832,73646353,206490,23730,12.2
20230322,46332587,11381324,73815805,238809,20946,10.1
20230323,47430769,11100423,74208481,194521,21692,9.1
20230324,48640046,10927929,72575038,188776,20777,10.7
20230327,50544597,10821987,72149610,232031,24228,12.8
20230328,49230204,10786772,72072195,208631,25919,11.2
20230329,48314836,10701684,72248107,210992,24164,11.6
20230330,48687115,10620527,71588372,201565,26579,12.6
20230331,50601820,10635869,68407653,185122,30768,15.3
20230403,53050470,10863171,72419678,196014,13318,7.2
20230404,50530732,11485850,73542401,211515,18633,9.5
20230405,49118095,11620909,73624816,205995,13724,6.5
20230406,50333107,11842082,74421986,210207,12751,6.2
20230407,51022512,11877778,74777453,205384,19395,9.2
20230410,49681868,11923105,74639221,243263,12398,6
20230411,53157855,12091000,74788347,195791,13986,5.7
20230412,52400871,12200382,75117738,203335,12154,6.2
20230413,53610131,12068388,75456816,219688,16962,8.3
20230414,52398732,12018590,75803687,254331,19089,8.7
20230417,52883672,12065066,76426044,229005,12004,4.7
20230418,53630412,12074397,76086593,192880,11591,5.1
20230419,52093290,12129488,76079354,201216,11590,6
20230420,52647865,12094610,76546491,227891,14251,7.1
20230421,53200764,12207994,76900516,227446,15504,6.8
20230424,53347497,12300099,77049987,239840,16064,7.1
20230425,53771676,12184603,76435711,256854,19366,8.1
20230426,53487909,12062271,76605503,271116,35074,13.7
20230427,53492834,12088605,76839615,325682,26282,9.7
20230428,53142048,11930219,76585670,343251,38951,12
20230502,54242210,11986089,76422103,433423,56315,16.4
20230503,51150174,11981927,76872800,534843,59719,13.8
20230504,51997826,11986781,77428534,502915,53866,10.1
20230508,50166032,12154967,77322493,510974,48043,9.6
20230509,49562998,12076260,76709356,488446,49208,9.6
20230510,50207652,12104515,76703726,508158,50752,10.4
20230511,50152746,12041547,77098719,512755,50566,10
20230512,50064301,11960606,77160392,490567,49587,9.7
20230515,52149756,12013677,77588138,471069,51668,10.5
20230516,49942274,11937249,76640404,468333,50372,10.7
20230517,48937766,12005090,76773564,472744,45183,9.6
20230518,49735914,11975396,77613523,492245,45415,9.6
20230519,49756341,12124199,77850472,450907,44495,9
20230522,49775301,12047788,77959279,502628,46312,10.3
20230523,50588352,12076649,77532585,507040,44570,8.9
20230524,51424645,12031585,77500342,552186,43701,8.6
20230525,51026572,11795735,77448288,543650,43601,7.9
20230526,51030305,11701924,76989624,450142,47383,8.7
20230530,51658804,11735327,76430144,486912,50588,11.2
20230531,51955273,11622483,76181884,465049,47574,9.8
20230601,52734791,11737227,76744828,457070,46211,9.9
20230602,50380224,11766478,77027900,454049,44288,9.7
20230605,50027274,11768026,77198600,451141,45126,9.9
20230607,50784730,11767245,77182016,447277,48144,10.7
20230608,50923755,11707887,77509121,439803,43654,9.8
20230609,51758161,11560254,77577122,462197,45564,10.4
20230612,51641950,11477503,77339428,458090,43893,9.5
20230613,52505561,11552748,77433679,445838,44717,9.8
20230614,52819484,11615033,77343850,458532,45529,10.2
20230615,54221095,11529946,77282250,478235,46968,10.2
20230616,51905331,11521568,77576658,528797,48393,10.1
20230619,51979275,11382738,77483598,565915,48229,9.1
20230620,51825123,11410171,77267465,461508,48561,8.6
20230621,51007147,11480491,76779902,486824,45871,9.9
20230622,50523625,11297665,76139584,494599,49806,10.2
20230623,50652871,11004326,76655839,505343,47980,9.7
20230626,51123591,10814616,75856911,493926,51697,10.2
20230627,51519172,10678048,75235136,405476,47248,9.6
20230628,50915108,10624526,74839100,471703,46048,11.4
20230629,50755817,10606517,73950839,473537,46270,9.8
20230630,51844173,10566857,71087594,483839,46823,9.9
20230703,55022585,10593754,75402714,466035,92858,19.2
20230704,51316904,11117329,76390451,438089,97667,21
20230705,51507237,11219966,76144298,439204,44068,10.1
20230706,51246291,11558349,75305646,527240,49366,11.2
20230707,50477477,11553728,75596607,524693,68355,13
20230710,51665533,11571503,76912974,526321,49923,9.5
20230711,50306268,11576395,76086102,514350,51066,9.7
20230712,50470086,11453938,76236156,564449,48700,9.5
20230713,53484752,11347189,77502417,540415,48984,8.7
20230714,51112376,11281214,77052282,542538,49494,9.2
20230717,50891958,11225005,77041532,505279,49154,9.1
20230718,51413305,11387397,76295453,511215,49239,9.7
20230719,50955105,11367768,76548780,537982,48434,9.5
20230720,53287829,11352461,77876882,555612,50034,9.3
20230721,54002394,11438040,78224742,547862,51358,9.2
20230724,54153258,11342029,77840683,530992,48167,8.8
20230725,55411910,11330766,76953442,524213,49517,9.3
20230726,57787784,11365179,76956415,565566,49627,9.5
20230727,58199075,11344113,76861402,592595,57534,10.2
20230728,55729462,11255247,76795198,773363,68488,11.6
20230731,55986565,11212057,76441121,729056,74298,9.6
20230801,57160519,11337929,77196699,586271,54539,7.5
20230802,55277709,11576651,77157504,540335,49951,8.5
20230803,54862772,11538280,77743487,542788,57983,10.7
20230804,54184394,11549683,78206509,595563,55175,10.2
20230807,54351022,11605913,78075461,580983,54373,9.1
20230808,53348991,11696771,78209276,547889,54015,9.3
20230809,52716789,11811275,78171587,566433,53536,9.8
20230810,52886570,11625428,78285739,554634,51140,9
20230811,53213414,11554821,78033399,491393,49587,8.9
20230814,53528137,11629441,78064058,511231,46440,9.5
20230816,55680937,11746755,78084926,515057,54778,10.7
20230817,53960447,11790378,78392134,516163,51781,10.1
20230818,52594007,11718865,78458982,550284,51964,10.1
20230821,52809909,11716731,78600427,581854,57268,10.4
20230822,51751200,11667647,78165382,631683,52151,9
20230823,51488702,11680339,78274189,561341,47638,7.5
20230824,52067681,11767427,78300626,511770,48501,8.6
20230825,51391325,11670655,78027478,514162,47212,9.2
20230828,52743682,11585585,78216201,501561,50667,9.9
20230829,51589797,11542721,78111285,508578,48203,9.6
20230830,51489906,11541560,77969833,494968,46397,9.1
20230831,51578854,11523526,77315511,491120,47995,9.7
20230901,52846772,11659853,77933615,513859,47929,9.8
20230904,52673236,11713940,78145301,566403,47486,9.2
20230905,51301270,11643582,77967403,530351,50832,9
20230906,51306663,11657157,78131851,516563,49181,9.3
20230907,52480975,11688418,78614499,513051,48101,9.3
20230908,51061465,11346852,78583596,523595,49434,9.6
20230911,52005656,11404945,78658231,535300,54819,10.5
20230912,51004963,11401986,78174261,524917,50948,9.5
20230913,52158529,11528328,78271300,527784,51987,9.9
20230914,52192526,11456624,78669679,567762,50386,9.5
20230915,49306665,11293527,78044234,573613,51403,9.1
20230918,50001401,11215124,77874935,503677,47256,8.2
20230919,50681541,11206830,77934245,486013,51790,10.3
20230920,50850027,11063283,77451874,494495,49747,10.2
20230921,50859099,11020253,76756998,501845,47522,9.6
20230922,48030433,10880839,73890926,500245,50511,10.1
20230925,48149465,10752613,71303693,587510,58191,11.6
20230926,52631446,10734744,73872668,521508,57477,9.8
20230927,49989964,10438237,72376366,577511,54345,10.4
20231004,52246749,11006272,75668119,639898,49939,8.6
20231005,50491771,11363119,77244191,549282,54747,8.6
20231006,47445188,11284950,76567994,569792,56364,10.3
20231010,46538919,11363966,76782743,570490,51581,9.1
20231011,46785913,11267786,76362260,531027,54478,9.5
20231012,49099046,11061290,76938479,541078,51450,9.7
20231013,49492020,11005066,78781732,512845,45671,8.4
20231016,47762767,11018353,78694722,501400,47069,9.2
20231017,46595625,11008854,78114046,517395,51152,10.2
20231018,46635303,10859219,78249414,762278,276755,53.5
20231019,47248931,10815184,77953469,1001378,525720,69
20231020,47898485,10795222,77782028,1025863,549737,54.9
20231023,48228826,10871136,78085707,1031970,549586,53.6
20231024,47033963,10847990,77717605,1048618,548729,53.2
20231025,46534124,10835468,77547710,1037631,9622,0.9
20231026,48547447,10985697,77933113,1002768,11334,1.1
20231027,48445979,10815803,77547162,1028367,12700,1.3
20231030,47194481,10797735,77173839,1175310,12215,1.2
20231031,46056992,10732845,76985775,1012517,8387,0.7
20231101,46011980,10767882,76994428,994906,10367,1
20231102,45021523,10601347,77079353,983512,21877,2.2
20231103,44682019,10551053,76998726,954603,50624,5.1
20231106,47429769,10784675,76681108,925889,2137,0.2
20231107,47810097,10877778,77303331,906492,4321,0.5
20231108,47870312,10766076,77777376,1028594,1946,0.2
20231109,47202390,10574578,77626294,1049027,5926,0.6
20231110,48174449,10568199,77200076,981045,10490,1
20231113,47908208,10610557,77992619,943957,5150,0.5
20231114,47007276,10611836,77678053,936435,7292,0.8
20231115,47585414,10705097,77637073,948375,3464,0.4
20231116,46823696,10615268,78879188,932874,2945,0.3
20231117,46961131,10659679,78108750,931572,2409,0.3
20231120,47261055,10685502,78053385,945058,5200,0.6
20231121,47982567,10693504,79066662,940458,9850,1
20231122,47828187,10760173,78901771,943229,2545,0.3
20231123,47343873,10712903,79088838,962345,2865,0.3
20231124,47497548,10755190,78824547,953090,4208,0.4
20231127,47988454,10731165,78459372,967432,3159,0.3
20231128,48538664,10699000,78587638,937685,3897,0.4
20231129,47877867,10747964,78203385,943066,2794,0.3
20231130,48480991,10708499,78116023,940931,5643,0.6
20231201,48668108,10904692,78639878,944238,3569,0.4
20231204,48393027,11175839,77462060,947651,4658,0.5
20231205,47545031,11263283,76959856,973021,5329,0.6
20231206,48981127,11303685,78202642,1000233,7702,0.8
20231207,50381532,11376123,78869146,998211,7289,0.7
20231208,48201152,11035623,79017959,957384,7673,0.8
20231211,48608730,11157465,79219531,946658,3495,0.4
20231212,49483076,10865452,79338313,935232,5598,0.6
20231213,50161087,10858305,79121127,944382,3748,0.4
20231214,51332846,10826313,79149259,929392,6441,0.7
20231215,48313021,10871621,77935454,949567,4111,0.4
20231218,49587021,10802726,78236808,943149,2727,0.3
20231219,53132045,10686026,79509684,927543,4864,0.5
20231220,52117243,10832219,79019800,943889,4041,0.4
20231221,51862425,10872683,78695767,942552,4310,0.5
20231222,52612250,10832599,78248485,956474,2106,0.2
20231226,53683433,10907452,77173149,966187,6756,0.7
20231227,56463644,10972872,76434435,970734,9201,1
20231228,53815555,11058552,74594081,972916,5173,0.5
20231229,52753715,10940853,71619016,970249,0,0
20240102,59494891,11051526,76589199,971291,5397,0.6
20240103,56954475,11166906,78780117,950647,6542,0.7
20240104,54249210,11065413,80341305,971632,5949,0.6
20240105,52011555,11388854,80694980,1009419,7261,0.7
20240108,51397456,11441237,80884311,1044488,8931,0.9
20240109,51732292,11353308,80980757,1051784,7520,0.7
20240110,49959445,11408817,80791655,1045009,5293,0.5
20240111,52793443,11358506,81189831,967223,6084,0.6
20240112,50878837,11188265,81435439,977191,8494,0.9
20240115,51927268,11185229,81237652,1138704,9724,1
20240116,50368654,11198385,80874584,1067714,7674,0.7
20240117,49987110,11239093,80423375,976318,7953,0.7
20240118,49059193,11255351,79497953,988422,10165,1
20240119,49560124,11264324,80112825,1019886,9921,1
20240122,50292259,11154377,81227414,983998,5936,0.6
20240123,50370044,11076066,81012153,959523,8142,0.8
20240124,49780359,11159395,79836541,970048,6470,0.7
20240125,50502975,11085800,79168306,946058,4379,0.5
20240126,49064940,11102961,80107134,935455,5365,0.6
20240129,52204105,11112504,80048699,941580,3323,0.4
20240130,51233378,11024719,80497171,931146,7255,0.8
20240131,50743424,11098228,80408144,953252,4836,0.5
20240201,52047649,11055456,81032695,956238,7323,0.8
20240202,50823998,11124388,81263093,954912,5953,0.6
20240205,50840645,10973802,81586978,937762,3482,0.4
20240206,52894853,10794664,81804384,927655,3575,0.4
20240207,51662116,10867698,82200431,945701,4809,0.5
20240208,50840219,10708682,82585278,944508,4989,0.5
20240213,52975547,10704151,82624237,943533,3144,0.3
20240214,53159500,10723804,81663578,942556,3476,0.4
20240215,53569531,10576615,80555156,1013257,3173,0.3
20240216,53928085,10595184,81529911,1042286,6409,0.6
20240219,54024703,10654591,83532874,1004175,7761,0.7
20240220,53815736,10805244,82838919,983573,6636,0.7
20240221,54156708,10770316,83003295,972818,5863,0.6
20240222,53626422,10852771,83485780,979052,5677,0.6
20240223,53420657,10885156,83065853,965478,6723,0.7
20240226,54623364,10902463,82774498,968187,6590,0.7
20240227,56011484,10828902,82098150,973873,7431,0.8
20240228,54868365,10881483,82676488,975148,11470,1.2
20240229,54335607,10832461,83555173,988582,7295,0.7
20240304,57885224,10969743,84283961,961844,6055,0.6
20240305,55022994,11138068,83417445,948359,5647,0.6
20240306,54890921,11283358,83930259,961553,4188,0.4
20240307,54068253,11255265,84454238,979884,6613,0.7
20240308,52506015,11397670,84343674,965586,6407,0.7
20240311,53343568,11511752,84106840,968341,4157,0.4
20240312,53882230,11521814,84433258,956346,7669,0.8
20240313,52997284,11632979,83134116,954293,6689,0.7
20240314,53482418,11571441,83442765,943820,3136,0.3
20240315,53366214,11630520,83698376,938817,3410,0.4
20240318,53112165,11284322,83867262,944884,5839,0.6
20240319,51751964,11140778,84536616,961201,4280,0.5
20240320,52846081,10958839,84600139,950288,5379,0.6
20240321,52635541,11124727,84773071,983686,5035,0.5
20240322,52006985,11153917,84983094,1007205,5551,0.6
20240325,55261488,11137691,84881641,1037519,2666,0.3
20240326,55190637,11138901,83353298,1034210,6550,0.6
20240327,55322951,11243020,82977731,1049622,3949,0.4
20240328,56043804,11116457,83491595,1097923,7019,0.7
20240329,56522918,11090106,81166762,958709,6608,0.6
20240401,59629885,11228260,84206898,1043700,7617,0.8
20240402,57422689,11384468,85474669,964164,8359,0.8
20240403,57047480,11813793,85151172,954255,5696,0.6
20240404,56490460,11835226,85883776,967603,7242,0.8
20240405,54442955,11797801,86678754,981119,9373,1
20240408,55933314,11743977,86992317,950706,6065,0.6
20240409,55023905,11786873,86952472,954048,8763,0.9
20240411,55385481,11766067,87074303,967521,8808,0.9
20240412,54935301,11588991,87160555,954452,8920,0.9
20240415,56668170,11622284,87253957,937599,5446,0.6
20240416,57596878,11769675,86838546,958279,5954,0.6
20240417,55269040,11609035,86784872,965313,17236,1.8
20240418,55060039,11714404,87314644,993158,10297,1.1
20240419,55475402,12072284,86491024,980618,7222,0.7
20240422,56579689,12014559,86034165,931227,7393,0.8
20240423,55865341,11889690,86315236,945380,5616,0.6
20240424,54695993,11926364,85765406,950326,9784,1
20240425,55671275,12033429,85636638,946011,6497,0.7
20240426,56510158,11544238,84076837,922365,4286,0.5
20240429,56787159,11569674,83296665,976980,4922,0.5
20240430,57230646,11392751,85388382,928925,5142,0.5
20240502,58790827,11400243,86613658,950372,3649,0.4
20240503,55944962,11433195,87334266,982789,5379,0.6
20240507,55482066,11541331,86922859,990164,7142,0.7
20240508,54108892,11617149,85690237,977510,5052,0.5
20240509,55665133,11546697,86612571,954213,4138,0.4
20240510,55650034,11332510,87759608,957841,5206,0.5
20240513,55347611,11367291,87904017,961687,5731,0.6
20240514,55393897,11343976,87382897,955580,5526,0.6
20240516,56235545,11448514,87472980,957787,5763,0.6
20240517,55656363,11620848,88345004,935798,5266,0.5
20240520,56169428,11602955,88369356,946481,6141,0.7
20240521,55422936,11668344,88028921,965158,9982,1.1
20240522,54881959,11576698,88220078,965232,5944,0.6
20240523,55663637,11557984,88493704,958243,6997,0.7
20240524,55440862,11652163,88394611,959878,6716,0.7
20240527,56848060,11496311,88133936,965912,5077,0.5
20240528,56269836,11522574,87975034,945880,6729,0.7
20240529,55147395,11682166,87954561,953427,3990,0.4
20240530,56410090,11773171,87676285,901134,6955,0.7
20240531,54396417,11506569,87608353,981503,9084,1
20240603,54213224,11523160,88041881,951787,17045,1.7
20240604,52968636,11662742,87339547,905858,5919,0.6
20240605,53392409,11646149,87414479,909279,5885,0.6
20240607,52953924,11685783,87295397,899199,6670,0.7
20240610,54128930,11703606,87983068,884426,5965,0.7
20240611,54216870,11619536,88046174,894261,5794,0.7
20240612,54101137,11720908,88487175,917583,6010,0.7
20240613,55593484,11679566,89762886,945263,4865,0.5
20240614,54688258,11318809,89313446,931225,4942,0.5
20240617,55699127,11225746,88335988,900279,5026,0.5
20240618,55780575,11158146,88724095,890630,10266,1.1
20240619,54799966,11157396,88938238,930875,5853,0.7
20240620,54885807,11182057,88835228,958721,2781,0.3
20240621,55238296,11093361,88590212,933891,4566,0.5
20240624,55960781,11108247,88477006,933874,6820,0.7
20240625,55972479,11082957,87979725,949419,7462,0.8
20240626,55095533,10932302,87565477,962482,7444,0.8
20240627,56442242,10811436,87478034,965685,7863,0.8
20240628,56508685,10742308,84718025,956611,6310,0.7
20240701,58310531,10615930,88134657,934949,5625,0.6
20240702,56159072,11188665,89245353,930378,4709,0.5
20240703,54399011,11202211,87722837,935274,6508,0.7
20240704,53044947,11181611,88077597,966339,7153,0.8
20240705,53854897,11462476,90182706,954011,8451,0.9
20240708,55604335,11703747,90917625,947955,7128,0.7
20240709,56602616,11668424,91302008,1070896,4637,0.5
20240710,56168873,11666558,91210624,1054224,3308,0.3
20240711,57231134,11625175,91645850,909064,3536,0.3
20240712,56546536,11393305,91609137,915397,4717,0.5
20240715,57877247,11382776,91562149,938117,7480,0.8
20240716,56907309,11417749,91435805,960057,9727,1
20240717,56340885,11610247,91283462,956121,4811,0.5
20240718,57411432,11600045,91417427,955632,7851,0.8
20240719,55860338,11607064,89822163,1003657,9468,1
20240722,56104659,11388976,89783416,1031408,11058,1.1
20240723,55531940,11278476,91318571,987865,14117,1.4
20240724,54876227,11321630,91390250,992924,9374,0.9
20240725,56393342,11463377,91473461,960653,7844,0.8
20240726,55464720,11230911,90702963,956534,8374,0.9
20240729,54073111,11297047,90826742,980095,9695,1
20240730,55012111,11446540,91322917,943837,9011,0.9
20240731,54299436,11424720,91116965,921520,4230,0.4
20240801,54659226,11554997,91642059,925026,7229,0.8
20240802,53867942,11857670,90901969,927318,4440,0.5
20240805,59487602,12116188,89886179,946754,7690,0.8
20240806,58961752,12739772,90374600,1008630,43307,4.6
20240807,56583802,12641361,90337908,1197153,21413,2.1
20240808,55121747,12400378,90611979,1101408,13028,1.1
20240809,53877956,12076098,89738513,985762,25137,2.3
20240812,53014173,11975682,88978892,960512,10695,1.1
20240813,53815929,11849273,89842012,914014,4023,0.4
20240814,53146381,11871123,90244379,910814,5629,0.6
20240816,53937484,12095387,91221660,924180,3254,0.4
20240819,52588201,12196650,91169505,917100,4723,0.5
20240820,53321016,12233639,91356167,915717,5660,0.6
20240821,53507914,12119433,91693927,930299,5523,0.6
20240822,53505330,12013489,91715958,928076,5447,0.6
20240823,52585918,12057480,91759129,935127,7791,0.8
20240826,53416865,12046935,91715968,943027,5504,0.6
20240827,53729479,12029508,91637209,951025,6055,0.6
20240828,53251356,12014442,91623859,978831,8183,0.9
20240829,53060511,12060905,91540865,1015023,10736,1.1
20240830,52129289,12258252,90976690,944953,4539,0.4
20240902,52050972,12398766,90852786,969565,5706,0.6
20240903,51427194,12533534,89919987,946628,8670,0.9
20240904,53241195,12654779,89866891,945150,5524,0.6
20240905,53381365,12512843,90581954,955042,7273,0.8
20240906,51452574,12544346,90956774,992217,14760,1.5
20240909,51259809,12705158,90820414,984576,15190,1.5
20240910,51494331,12686107,90409898,970955,12584,1.3
20240911,51993266,12818320,90305484,944289,11551,1.2
20240912,51153109,12648781,91383859,948861,6223,0.7
20240913,51400715,12260805,91693655,935570,6744,0.7
20240919,51609427,12155278,91556432,939242,3042,0.3
20240920,50829580,12030438,91109578,950732,6357,0.7
20240923,51679261,12108226,91110383,937640,6067,0.6
20240924,51755962,12228861,91191022,938369,4507,0.5
20240925,52044262,12273128,90969353,923311,5675,0.6
20240926,54047099,12239850,90395398,913065,5918,0.6
20240927,52019025,12384419,89625962,942354,3050,0.3
20240930,56832875,12325680,86478116,938889,7257,0.8
20241002,56331304,12809020,90820127,935116,15611,1.7
20241004,52704265,12693998,91827299,958722,13308,1.4
20241007,51510003,12652169,91744885,965914,7814,0.8
20241008,50695204,12588199,90233605,967980,4731,0.5
20241010,52348904,12497522,90042628,953501,6575,0.7
20241011,52212688,12159235,91357818,953276,5761,0.6
20241014,52578867,12246171,91398380,953757,5509,0.6
20241015,52940651,12149793,91957054,939619,11757,1.2
20241016,53360046,12257249,91507388,928720,5671,0.6
20241017,52367810,12091964,91052896,933712,9113,1
20241018,51252472,12064845,91338124,948238,17724,1.9
20241021,54433877,12056470,92102107,931976,7504,0.8
20241022,54710008,12136101,91320381,930638,7711,0.8
20241023,55677139,11990458,91218095,918256,6375,0.7
20241024,54033813,12058096,91133470,963601,4812,0.5
20241025,53594216,12055206,90597735,918233,4269,0.4
20241028,50732485,12070478,91317013,945175,5236,0.6
20241029,50481517,12057470,90389189,980416,5078,0.5
20241030,49597314,12160904,90103300,920871,5809,0.6
20241031,50586581,12127737,90895125,919508,5003,0.5
20241101,51431835,12076369,91460238,922448,5317,0.6
20241104,50432795,11873372,91609627,921127,8316,0.9
20241105,50063881,11871389,91698747,868143,8689,0.9
20241106,49889998,11971521,91771698,894278,3861,0.4
20241107,50084385,11968949,91810529,893106,2936,0.3
20241108,49902287,11985564,91815663,924139,4885,0.5
20241111,51195195,12154395,91761792,937239,8115,0.9
20241112,52733562,12166312,91614805,931263,5253,0.6
20241113,51499492,12195272,91621763,967097,9647,1
20241114,52955169,11978626,91713625,1003936,13071,1.4
20241115,50612937,11844573,91655759,1042779,16489,1.6
20241118,50918298,11821397,91895195,1013305,11653,1.1
20241119,49992847,11825610,91826973,965733,8530,0.8
20241120,49812839,11814684,91998383,976928,10152,1.1
20241121,50309567,11801069,92238729,945480,11169,1.1
20241122,49919044,11927400,92058006,923968,5095,0.5
20241125,50424359,11934570,91872040,916404,3827,0.4
20241126,52240821,12008141,91953442,901260,3235,0.4
20241127,50895783,12019897,91792821,891627,2459,0.3
20241128,51600491,12028519,91937623,917967,4271,0.5
20241129,52296893,12182757,92561814,925700,4811,0.5
20241202,52335882,12033089,92475234,918925,8916,1
20241203,49898695,12052080,91943908,928544,10835,1.2
20241204,51455169,12247692,92008283,950979,6418,0.7
20241205,52469232,12174897,91975002,922927,5348,0.6
20241206,51740790,12053843,92276250,926902,6937,0.8
20241209,51906416,12129598,92265130,945304,8401,0.9
20241210,52512921,11913955,92263865,932197,10018,1.1
20241211,52922807,12002546,92663099,944784,7593,0.8
20241212,52662183,11844739,92858808,901383,3600,0.4
20241213,53572768,11805226,93070627,885341,5907,0.7
20241216,52707872,11676920,92985316,884044,2122,0.2
20241217,52552215,11612608,92876846,892528,3321,0.4
20241218,51560362,11330482,92938376,990446,3155,0.4
20241219,51351353,11473632,92797684,901835,5858,0.6
20241220,52015852,11186014,92426595,883328,6156,0.7
20241223,52084455,11017521,92460243,888523,5860,0.7
20241224,50626520,10975491,91965303,911733,6988,0.8
20241226,52595975,11058825,90789976,890477,3912,0.4
20241227,54447545,11058519,90063386,880971,3992,0.4
20241230,54555510,10949728,87585137,910283,8534,1
20241231,54242674,10897921,83410161,872829,0,0
20250102,57058284,10892122,90524089,892652,5390,0.6
20250103,54550814,11537836,92169522,873049,4339,0.5
20250106,53795823,11765535,92357722,859867,5540,0.6
20250107,52336001,11894091,92511623,839372,2700,0.3
20250108,51940012,11982806,92747143,895825,2025,0.2
20250109,52755299,11851216,93242617,922486,3574,0.4
20250110,52279384,11834242,93309731,906648,4841,0.5
20250113,53747926,12006420,93435146,886970,4634,0.5
20250114,53769014,11731403,93092343,896303,5945,0.7
20250115,52787693,11761502,92533346,912512,5059,0.6
20250116,51869021,11826691,92983391,893917,5548,0.6
20250117,51270091,11892685,93008253,896865,4944,0.6
20250120,53225906,11890652,93077139,886585,3962,0.4
20250121,52798131,11888918,93479005,897010,4649,0.5
20250122,52102632,11946640,90819316,898037,5935,0.7
20250123,52112577,12004332,90461385,892252,4593,0.5
20250124,54144254,11772294,93307776,872474,6008,0.7
20250131,55578588,11926157,92311405,886925,3057,0.4
20250203,58231702,12028173,92557499,869954,7399,0.8
20250204,57753199,11811416,92559343,909385,8488,1
20250205,53333038,11802633,92820881,990278,6476,0.7
20250206,54673361,11826718,93144709,945638,4095,0.4
20250207,52823988,11854503,93100741,899558,4472,0.5
20250210,53107554,11819634,92893363,882140,2940,0.3
20250211,53364910,11782705,93048260,891577,4880,0.6
20250212,52892908,11862769,92497653,927852,4560,0.5
20250213,53922452,11767083,92928181,929404,3929,0.4
20250214,54510649,11778473,92527258,932690,3730,0.4
20250217,53508575,11843723,92637986,902172,3557,0.4
20250218,53914507,11859152,93417774,891933,3788,0.4
20250219,55117344,12087701,93426592,891895,2958,0.3
20250220,54622415,12213716,93393143,891045,2270,0.3
20250221,54958763,12148247,93064245,897455,5152,0.6
20250224,54029761,12220713,92996313,936342,6918,0.8
20250225,54898670,12165835,93205654,918860,8550,0.9
20250226,54421931,12220587,93326498,911850,6141,0.7
20250227,55218464,12118120,93403117,912936,6872,0.8
20250228,56052943,12290172,93063232,904949,7762,0.9
20250304,57232826,11945819,93358794,903009,10934,1.2
20250305,53548724,11897907,92358362,936852,10509,1.2
20250306,52877238,11865233,92582616,917440,7176,0.8
20250307,51350679,11940030,92486593,888119,3970,0.4
20250310,53770232,11975747,92735815,895583,8370,0.9
20250311,53300356,12026388,92911627,883956,7103,0.8
20250312,52806016,11989887,92580307,895268,5325,0.6
20250313,52246368,11911995,93349302,908482,4038,0.5
20250314,51356628,11816018,93697867,893860,3550,0.4
20250317,51861446,11767668,93452075,908021,5852,0.7
20250318,50956701,11893821,93578679,891760,3469,0.4
20250319,51913402,11846530,93719518,904443,2990,0.3
20250320,52497301,11968815,93982325,917004,3853,0.4
20250321,53615312,11916369,94252240,918163,4271,0.5
20250324,53282249,11925068,94302269,937964,6551,0.7
20250325,55162222,11831336,94237359,930532,8593,0.9
20250326,55671371,11788302,93284748,903374,5740,0.6
20250327,54693639,11724872,92870291,922528,4071,0.5
20250328,56932752,11723256,93272073,896532,7591,0.8
20250331,58474325,11814803,90985855,893280,11505,1.3
20250401,59496706,11513586,93040117,909352,13936,1.6
20250402,54357742,11814430,93720047,933353,7113,0.8
20250403,55320004,11911738,93593939,901185,6910,0.7
20250404,55607731,11879668,93299830,892982,7991,0.9
20250407,57843409,12628174,92805618,888967,6737,0.8
20250408,55909187,12021330,93015446,913786,8029,0.9
20250409,54160437,12122897,92914654,975964,16620,1.8
20250410,54692394,11764113,93203734,946669,12505,1.3
20250411,53618358,11558024,93653645,937048,5614,0.6
20250414,54875870,11480207,93675901,895889,6017,0.6
20250415,54754228,11340012,93951843,876041,3736,0.4
20250416,52977268,11374824,94118744,885162,1592,0.2
20250417,53633088,11358954,94311268,880177,3941,0.4
20250418,53824750,11220365,94738702,890129,2700,0.3
20250421,53836524,11305370,94995074,898193,4629,0.5
20250422,53962600,11615670,95188447,893124,4033,0.4
20250423,54397449,11679348,95175295,889585,2880,0.3
20250424,54307578,11716738,94990140,886828,6071,0.7
20250425,55310304,11681694,94006892,878814,4560,0.5
20250428,55941685,11771744,93507552,903270,3519,0.4
20250429,57561498,11686677,94076200,891385,5166,0.6
20250430,57547610,11687456,94132889,922902,5782,0.6
20250502,56530870,11755402,94523287,908718,8800,1
20250507,56449422,11820892,94543301,906452,4760,0.5
20250508,56436361,11682062,94690906,895259,4049,0.4
20250509,54262394,11550312,94531257,911781,3771,0.4
20250512,56162461,11579338,93042756,920529,4460,0.5
20250513,55206493,11599087,93713346,950465,6450,0.7
20250514,57471284,11674385,93733348,955356,4459,0.5
20250515,56518593,11620381,93907091,918934,3816,0.4
20250516,56274366,11676670,95556308,896802,8221,0.9
20250519,56185030,11786016,95728409,907246,5112,0.6
20250520,56545822,11719152,95622870,903737,7555,0.8
20250521,56101266,11718501,95620937,912250,7933,0.9
20250522,56212991,11747089,95790792,910973,4770,0.5
20250523,56750014,11646014,94817312,886502,9763,1.1
20250526,56756516,11686431,94673137,902323,5258,0.6
20250527,57500411,11648675,95634078,904879,6093,0.7
20250528,56402864,11857986,94973031,910349,4186,0.5
20250529,58029086,11993650,94934890,913941,3369,0.4
20250530,57297162,11973271,95181939,899053,3836,0.4
20250602,60188565,11723849,95572434,887415,4651,0.5
20250604,60035306,11871736,95912209,891923,6645,0.7
20250605,58369719,11869645,95977265,881422,3523,0.4
20250609,59660312,11912279,95980978,882463,1643,0.2
20250610,62349794,11964473,96201245,885352,3218,0.4
20250611,61982196,12029918,96333466,920383,3477,0.4
20250612,62944457,12098138,96529702,956325,4557,0.5
20250613,63819596,11919808,97019430,914363,4007,0.4
20250616,64965825,11766398,96623595,925711,3703,0.4
20250617,65020221,11866813,96792449,960979,5592,0.6
20250618,63498938,11952293,97113097,947381,5167,0.5
20250619,63604817,11985685,97504897,958242,4020,0.4
20250620,64214361,11735141,97017902,942349,11154,1.2
20250623,65017255,11755930,96608421,924607,5223,0.6
20250624,66411445,11782451,95700981,907075,7645,0.8
20250625,66676929,11904670,94923658,974240,4623,0.5
20250626,69055963,11949616,95225061,985518,7166,0.7
20250627,67712740,11895863,95328976,1045755,12872,1.3
20250630,68972400,11832655,93212124,1043687,12807,1.2
20250701,70413289,11786713,96016975,986295,12280,1.2
20250702,66053345,12335319,96493777,981233,10526,1.1
20250703,66285116,12397981,96656815,964050,10905,1.1
20250704,65383990,12480471,95995510,961912,18192,1.9
20250707,67337759,12300016,96016782,947050,7756,0.8
20250708,66503811,12414746,96898057,954659,9106,1
20250709,65195774,12529777,97243070,924175,7233,0.8
20250710,65937053,12417789,97301160,873242,3497,0.4
20250711,66369233,12343076,97884460,871767,2280,0.3
20250714,68081493,12437008,97813470,873093,2738,0.3
20250715,66852063,12507958,97354610,890639,2944,0.3
20250716,65595894,12656771,96621582,897135,8890,1
20250717,66634991,12607367,97096225,888887,4506,0.5
20250718,65364424,12553016,97776010,926137,3948,0.4
20250721,65265402,12552631,97293811,948105,7422,0.8
20250722,65607845,12750114,97408187,917109,7509,0.8
20250723,66402278,12466092,96188815,908014,4680,0.5
20250724,64766556,12504714,96113950,946207,6822,0.8
20250725,65162253,12479738,96930288,921240,12267,1.3
20250728,67724782,12515122,96991173,926329,4740,0.5
20250729,67357704,12604280,96767352,900574,9161,1
20250730,68236779,12670623,97026783,924746,7624,0.8
20250731,68685235,12669041,98029242,923902,5329,0.6
20250801,71777723,12758483,98452083,921454,5707,0.6
20250804,70294315,12616057,98849408,951025,16924,1.8
20250805,67008067,12518298,98812681,1027661,13376,1.4
20250806,66281131,12441187,97040264,934802,8847,0.9
20250807,66876509,12391374,97556654,904008,4307,0.5
20250808,67490593,12435677,98061432,906006,3571,0.4
20250811,67961833,12400997,97991747,931220,5881,0.6
20250812,68083551,12481376,98444665,949027,6604,0.7
20250813,67833939,12446911,98158728,975169,6826,0.7
20250814,69397303,12327810,99719609,1000777,7537,0.8
20250818,67601908,12364927,99392817,926627,11193,1.1
20250819,67492992,12393070,99580585,895564,7043,0.8
20250820,68508197,12396574,99748593,914436,7516,0.8
20250821,67463145,12428560,99871462,929586,12612,1.4
20250822,66622228,12362446,100203764,923158,13060,1.4
20250825,66124843,12410054,99576321,905656,4961,0.5
20250826,68274038,12478414,99899934,880694,3771,0.4
20250827,66861747,12365627,99950525,894507,3852,0.4
20250828,67359049,12349355,99768550,915445,5709,0.6
20250829,66299202,12271635,99959753,911498,7148,0.8
20250901,68477259,12376268,99981212,896411,8723,1
20250902,66185769,12249482,99975619,891147,6148,0.7
20250903,65459551,12263345,100270358,914724,4674,0.5
20250904,65940333,12225739,100844422,898114,3853,0.4
20250905,64979582,12236008,100718226,892778,5214,0.6
20250908,65800881,12126770,100853622,883479,4286,0.5
20250909,68378500,12210761,100754568,893993,4306,0.5
20250910,70590693,12316675,100945657,875016,3120,0.3
20250911,71011813,12444257,100451453,883323,6389,0.7
20250912,72887328,12526377,100207778,890190,4591,0.5
20250915,74764367,12451490,100823231,895814,2661,0.3
20250916,74928122,12535583,100725257,897225,3436,0.4
20250917,73025829,12749612,100960837,929567,6024,0.7
20250918,73606507,12634528,101326266,907199,7934,0.9
20250919,72551874,12726897,99448770,928665,7241,0.8
20250922,73560788,12623020,99306796,938260,6103,0.7
20250923,74921264,12722714,101034705,1050048,6543,0.7
20250924,75197067,12861861,101102932,979930,5461,0.5
20250925,75995189,12805324,100996740,1040406,5430,0.6
20250926,75617889,12990102,100796578,943481,11727,1.1
20250929,76808482,12322286,99686489,939970,19739,2.1
20250930,76447369,12389203,98753224,1105883,14465,1.5
20251001,76530136,12425103,100878802,919729,12665,1.1
20251002,73135876,12921530,101143705,910238,4319,0.5
20251010,76322460,13168570,101184917,908101,8056,0.9
20251013,80190101,13550413,101493181,913657,3933,0.4
20251014,79974887,13449383,102090738,957831,5664,0.6
20251015,78651417,13285420,102048744,1032881,9927,1
20251016,76537436,13616323,102514281,1091347,9866,1
20251017,78314510,13781537,102506936,1077479,10864,1
20251020,80625741,13991579,102813997,941807,5508,0.5
20251021,80329780,14380512,103030435,964510,9150,1
20251022,80480303,14151341,102763200,909385,5362,0.6
20251023,80168381,14340934,102925464,953550,5154,0.6
20251024,79482481,13986267,102016288,950135,14877,1.6
20251027,81091075,14422958,101444246,974821,3725,0.4
20251028,83873131,15039831,101811944,922451,3952,0.4
20251029,85915908,14938205,101842932,979536,3817,0.4
20251030,85713610,15033995,102326463,1026127,10968,1.1
20251031,85456932,15330761,102531098,1036188,7246,0.7
20251103,86770436,15981497,103051365,1101256,13361,1.3
20251104,86832592,17015996,102879856,996037,16251,1.5
20251105,88270869,17037812,101212741,970501,7954,0.8
20251106,86955673,16762932,101865585,1124772,21865,2.3
20251107,85722161,16788718,101795841,1178765,38023,3.4
20251110,83109660,16678219,101693796,1101541,19029,1.6
20251111,83030408,16744911,102014535,1038302,19554,1.8
20251112,82468593,16920891,102157642,910437,6471,0.6
20251113,82584491,16804358,104348381,918921,5041,0.6
20251114,82724559,16925547,104147146,897817,10340,1.1
20251117,85944802,16229126,103761446,913254,3741,0.4
20251118,79661502,16680639,103913437,1014681,33196,3.6
20251119,80027611,16202889,102915553,1007340,10602,1
20251120,78212051,16031324,102845373,1015699,12788,1.3
20251121,78826325,16270546,104018136,1021752,16776,1.7
20251124,80195335,15559895,101436418,982207,11397,1.1
20251125,75622307,15547748,101406813,1029992,37308,3.8
20251126,77954553,15616427,103466780,993749,7020,0.7
20251127,77471172,15613235,103870948,975060,4142,0.4
20251128,77911992,15844558,103931267,909449,4113,0.4
20251201,80176651,16051388,103846300,907016,4396,0.5
20251202,77067324,16412391,103402645,922488,8882,1
20251203,76964366,16630938,102874666,944945,3519,0.4
20251204,77406998,16622425,102153099,911162,5952,0.6
20251205,78137070,16595355,102483700,901397,5085,0.6
20251208,79385990,16825360,104168718,934714,7820,0.9
20251209,80575403,16997300,104968261,951435,7300,0.8
20251210,80566459,17060791,102824574,1048181,7669,0.8
20251211,81641531,17252320,103248246,1014633,7869,0.8
20251212,83941863,16694126,103438629,1050980,8402,0.8
20251215,82864679,17053142,102647037,1046621,7252,0.7
20251216,84352786,16739219,102507057,913361,10686,1
20251217,83526293,16485072,103481793,940500,7125,0.8
20251218,81710726,16616913,104501769,1010288,15218,1.6
20251219,81034422,16139385,102405220,954324,9283,0.9
20251222,81719604,16222612,104233150,932493,9201,1
20251223,81076938,16697322,103768094,939581,5062,0.5
20251224,83304002,16750102,103011388,914994,3956,0.4
20251226,85425076,16927871,102497906,897165,4539,0.5
20251229,86475780,17169227,103055568,914848,7935,0.9
20251230,87398579,17425818,102484432,941320,6834,0.7
20251231,87829057,17371190,100272753,960235,2361,0.3
20260102,89521075,18398675,103344464,927308,8067,0.8
20260105,89130391,18901201,101863885,921033,8223,0.9
20260106,88633858,19324606,102256704,937940,5209,0.6
20260107,89765035,19792911,102703620,990221,7210,0.8
20260108,92853739,19602265,102982986,1039608,7414,0.7
20260109,88872017,19311242,103628228,1091415,11752,1.1
20260112,88988049,19437875,103924885,1109166,13077,1.2
20260113,88048929,19359405,103403486,1030149,12234,1.1
20260114,89309938,19178238,103883438,1015277,11491,1.1
20260115,92603047,19360319,105024798,1018290,9040,0.9
20260116,91218177,19696710,104901295,1026858,14956,1.5
20260119,93862316,19949183,104876317,1051066,8660,0.8
20260120,95525974,20296204,104104459,991800,9360,0.9
20260121,96331743,20104458,102714947,983496,8312,0.8
20260122,95727595,20103495,102351831,1059465,6942,0.7
20260123,93809507,20030121,104686069,1052002,14241,1.3
20260126,97540543,20684882,104335997,1110846,11902,1.1
20260127,100282602,20892405,104504810,1038255,19317,1.7
20260128,103362323,22008926,104433687,1021773,8717,0.8
20260129,103707195,22673292,104794997,973521,8468,0.8
20260130,106032452,23580561,104984937,1020951,9682,1
20260202,111296538,24882865,104830069,1029921,11968,1.2
20260203,105584468,23154771,105477317,1077941,15940,1.5
20260204,100817155,24039423,105919283,1259997,13289,1.2
20260205,104866667,24412049,105988743,1009409,12756,1
20260206,109009927,23787731,106041696,992213,9326,0.9
20260209,98590517,23766440,107333697,1123841,35997,3.6
20260210,95299599,23883431,107257861,1126016,16870,1.5
20260211,98163375,23716662,107870595,1033084,8035,0.7
20260212,103018385,23560946,108352773,1023759,12026,1.2
20260213,99273599,24285614,109340901,1000082,6257,0.6
20260219,106570048,23960700,109563051,985005,9426,0.9
20260220,104129136,24700770,110278626,986768,8709,0.9
20260223,108290073,25326064,108713278,1013185,7068,0.7
20260224,107903182,25166402,107652919,1043882,9684,1
20260225,109467654,26255734,108803775,1148329,29055,2.8
20260226,119483202,26558264,110847726,1096225,15398,1.3
20260227,118748760,29213675,111007026,1052616,7678,0.7
20260303,129818794,30113174,109793041,1060562,9219,0.9
20260304,132068238,29403230,108369580,1204065,22499,2.1
20260305,130887316,26674713,109565297,2148791,77684,6.5
20260306,129957423,27595794,110259165,2098340,82421,3.8
20260309,127421841,28171964,110489595,1330396,35419,1.7
20260310,125584440,26638764,111983792,1177854,44602,3.4
20260311,119027974,26969491,112350683,1245340,22343,1.9
20260312,120146171,26602039,112122617,1066368,19416,1.6
20260313,119696048,26343326,112718141,1111822,13389,1.3
20260316,117801150,26308910,113607197,1027468,31579,2.8
20260317,114778257,26674971,112008706,1023970,9815,1
20260318,112280744,26744435,111821052,1006348,13889,1.4
20260319,115644268,28113495,113601925,1048607,6785,0.7
20260320,120696831,27326736,113432160,982440,8143,0.8
20260323,121899192,28488066,112097481,1010663,15321,1.6
20260324,119759946,27185118,111865168,1006094,23462,2.3
20260325,108849805,27339424,111811484,1221838,23618,2.3
20260326,111579004,27590258,112824410,1177409,11820,1
20260327,112837249,26721535,112901034,1006932,18933,1.6
20260330,111074174,26861479,111915537,1100437,23722,2.4
20260331,110288948,26845024,109700727,1038993,36751,3.3
20260401,111676635,26399245,111431875,1052999,30575,2.9
20260402,108573983,27841096,111808328,1235646,9088,0.9
20260403,109016507,26791248,112918883,1025110,15874,1.3
20260406,107467398,27551682,112825402,1197565,8099,0.8
20260407,108921448,27674303,112935484,1008474,19621,1.6
20260408,109833228,28367143,112307503,1028443,8321,0.8
20260409,112807019,30661349,112515812,1063945,7382,0.7
20260410,115364212,29103790,114439668,1059787,8058,0.8
20260413,116107492,29195997,114442846,1085600,12048,1.1
20260414,117672486,28922429,114181872,997228,14932,1.4
20260415,117165120,29731583,113284613,1014805,12431,1.2
20260416,119074288,30001749,114653645,998121,8504,0.8
20260417,120585455,30380868,116480717,1040904,8204,0.8
20260420,121817265,30090664,116537391,1020947,8601,0.8
20260421,121286062,30367055,115321978,1032858,16128,1.6
20260422,122538133,30922946,115365349,1027853,9817,1
20260423,126035131,30821788,116518770,996685,6868,0.7
20260424,125686926,31217580,116838328,1124908,11616,1.2
20260427,125950282,31314514,116261559,1131491,7827,0.7
20260428,127413417,31907462,115307729,1084889,17570,1.6
20260429,129732118,32035005,114690076,1024159,7895,0.7
20260430,124759101,32233517,115347004,1115157,14698,1.4
20260504,124840571,33087620,115492983,1018343,19836,1.8
20260506,130743350,35905223,113195851,1161129,7164,0.7
20260507,136989027,38256738,114191205,1131427,11379,1
20260508,135299146,39509213,116510312,1286911,21011,1.9
20260511,134098716,40106314,115878376,1412388,69402,5.4
20260512,137417444,42444087,113120723,1278589,36936,2.6
20260513,137120084,41882816,113140518,1327067,23565,1.8
20260514,133508767,43096873,115558920,1703517,24482,1.8
20260515,132859687,44231218,114401474,1537438,37486,2.2
20260518,132985285,41785459,113887257,1460586,91706,6
20260519,126959944,41928327,114396311,1924089,67654,4.6
20260520,125643978,40394088,114338015,1642125,145842,7.6
20260521,122381941,41227733,113904907,1659828,62456,3.8
20260522,121245209,42787979,114832853,1480489,52399,3.2
20260526,124576854,43855254,113989029,1149173,5170,0.3
20260527,128574969,46535794,112709681,1154116,7984,0.7
20260528,131131823,47550522,112870746,1253420,7812,0.7
20260529,131585593,48024761,114656708,1349236,15414,1.2
20260601,132599248,52291730,114672903,1359703,33171,2.5
20260602,136811118,53450906,114853099,1330488,16845,1.2
20260604,139694762,53518520,115191240,1829259,24311,1.8
20260605,134234434,52704600,115663691,1688524,166192,9.1
20260608,136384688,49635991,114380544,1624597,139134,8.2
20260609,130118913,46812045,114176796,1595371,169796,10.5
20260610,127606552,52164009,112629376,1691776,39661,2.5
20260611,127371833,48539561,113809491,1207168,30620,1.8
20260612,121056634,49041088,114184359,1376408,47685,4
20260615,120581711,48955290,113474839,1224541,10081,0.7
20260616,124551647,50813052,114290026,1154463,5095,0.4
20260617,124632043,52956348,114304183,1230322,12035,1
20260618,128408618,56620550,114524628,1229356,14187,1.2
20260619,129353455,57502587,112845298,1205775,23479,1.9
20260622,132185720,58826084,112479294,1297609,19891,1.6
20260623,136831367,64220373,111899505,1479239,42427,3.3
20260624,136552702,53336679,110589761,1376883,110793,7.5
20260625,126992350,56857833,110507003,2068789,47653,3.5
20260626,126604894,62266182,110562080,1563233,50977,2.5
20260629,132469655,56524385,110225102,1242256,49442,3.2
20260630,121633951,53373510,108775199,1298261,69406,5.6
20260701,120083674,56257708,110397801,1259120,25727,2
20260702,119926438,57472348,109218797,1068500,19635,1.6
20260703,118259372,50937756,109532826,1127816,56360,5.3
20260706,112208237,53786747,109812250,1440024,39698,3.5
20260707,112325979,53574265,109179916,1140929,31741,2.2
20260708,110874403,52109072,108337256,1391052,28846,2.5
20260709,107127865,50478457,108690716,1432231,142197,10.2
20260710,105575754,51598032,109699873,1429389,81613,5.7
20260713,109011570,53055340,109609706,1131667,26240,1.8
20260714,111282480,47499250,108657584,1013673,21563,1.9
20260715,109866972,49577784,108701220,1396799,38467,3.8
20260716,108081874,50767139,110158018,1144638,14824,1.1
20260720,112519003,48416323,109566313,1044672,52843,4.6
20260721,106692980,46893819,109566423,1057875,59596,5.7
20260722,103876545,46589575,109763862,1026340,14923,1.4
20260723,104297489,46694953,109872298,945478,7208,0.7
20260724,105637070,48321162,109984998,1032131,7488,0.8
20260727,109167491,45921759,109916138,1078329,22961,2.2
20260728,107199449,48326943,109279819,1223729,13890,1.3
20260729,109592595,45202382,108234039,1199966,61133,5
20260730,104658382,44158650,107899181,1724914,103789,8.6
20260731,104135408,44416347,108056271,1661465,122012,7.1
20260803,102825553,48855893,108101862,1566322,22371,1.3
20260804,110407061,45616689,109159748,1216610,31535,2
20260805,103212504,44638804,108726482,1094271,11768,1
20260806,104071197,45518351,109009784,1062380,10694,1
20260807,104206412,43543999,109416850,1003408,23443,2.2
20260810,100718025,42681030,109124645,1051270,40857,4.1
20260811,97928935,42342749,108918011,949790,18285,1.7
20260812,99976460,41799481,109045865,924444,5733,0.6
20260813,100068383,42180011,109494792,913051,5004,0.5
20260814,100710332,41671535,109867933,867036,3768,0.4
20260818,104755058,42113802,110124357,920208,6445,0.7
20260819,106575016,41950580,109288388,913506,5556,0.6
20260820,105354289,41011948,108864567,1097393,9354,1
20260821,100745646,42151818,108929901,1071523,48433,4.4
20260824,103013654,42823214,108970319,991564,5985,0.6
20260825,102534150,41797406,108779104,1002274,9205,0.9
20260826,98917653,41482993,108947162,1149189,12701,1.3
