일자,기관_순매수_원,개인_순매수_원,외국인_순매수_원,기타법인_순매수_원
2020-01-02,-540070217257,530457526563,-4396399920,14009090614
2020-01-03,-523884136250,273766831774,262296725861,-12179421385
2020-01-06,-320930439081,236319242074,99115046723,-14503849716
2020-01-07,-45333442471,-167845195241,195330373094,17848264618
2020-01-08,-239966871800,-19155466877,268398267835,-9275929158
2020-01-09,-285057625521,192325767608,90846494260,1885363653
2020-01-10,-363504743048,-23192648206,378500799585,8196591669
2020-01-13,-214789003582,-49085857143,257405085463,6469775262
2020-01-14,-428174844001,133620161831,264010106592,30544575578
2020-01-15,-243649451517,315550911285,-84871036427,12969576659
2020-01-16,-209922500375,223466949496,-25762615666,12218166545
2020-01-17,-296659909335,186067120685,94812021873,15780766777
2020-01-20,-27825198443,-54680450089,63478836355,19026812177
2020-01-21,-185315141286,360516680460,-204784021454,29582482280
2020-01-22,288502898518,-218208500336,-73468850503,3174452321
2020-01-23,-479548069609,581324527923,-133364341284,31587882970
2020-01-28,-189417830401,667155598342,-524751655984,47013888043
2020-01-29,-497605225625,372657488045,101184539150,23763198430
2020-01-30,-442725449395,663228163087,-278759369045,58256655353
2020-01-31,171695852050,278755703131,-425024037117,-25427518064
2020-02-03,169772629693,118014240745,-307932999470,20146129032
2020-02-04,-701979533792,202618717290,486279317067,13081499435
2020-02-05,-908236738398,434095962473,460148165299,13992610626
2020-02-06,516701364159,-688055011816,152397473940,18956173717
2020-02-07,-465953015383,391603567804,25242959948,49106487631
2020-02-10,-165011544660,435455100181,-303632489885,33188934364
2020-02-11,318224132603,-220390551805,-94024400619,-3809180179
2020-02-12,148865995776,46016579407,-217494973012,22612397829
2020-02-13,-327778851315,-3855114377,276829230650,54804735042
2020-02-14,-108624919521,-1135633694,93686137161,16074416054
2020-02-17,13904907787,195999132568,-229392168244,19488127889
2020-02-18,-528133639236,767090594417,-305416342384,66459387203
2020-02-19,-11774216778,160044611463,-220343210118,72072815433
2020-02-20,-335584793568,192439644739,111697083258,31448065571
2020-02-21,-535037459553,283713274730,217957881472,33366303351
2020-02-24,191646718659,608404299537,-781575346266,-18475671930
2020-02-25,113510820173,610329594445,-768793137762,44952723144
2020-02-26,23675319787,788626814446,-873507608057,61205473824
2020-02-27,-1914523969,346481522844,-396799886123,52232887248
2020-02-28,357636810087,229859076110,-633721607966,46225721769
2020-03-02,270296243288,461573976702,-785997257670,54127037680
2020-03-03,-447359374407,709039361032,-307155761558,45475774933
2020-03-04,-170616011356,-3753352061,150554145265,23815218152
2020-03-05,-201549628502,321308316155,-145880457754,26121770101
2020-03-06,-262500898512,791505202117,-563665952086,34661648481
2020-03-09,-46335792397,1279952696242,-1307493088794,73876184949
2020-03-10,611280071388,311428799305,-989663945312,66955074619
2020-03-11,-483799928785,1088612946059,-683496710798,78683693524
2020-03-12,275640021606,538848382697,-889078317706,74589913403
2020-03-13,584791380198,446267566799,-1162850421107,131791474110
2020-03-16,-346529372751,926253868992,-678582718915,98858222674
2020-03-17,350227711377,600993518329,-1003055158526,51833928820
2020-03-18,-514527352306,913615877804,-505772529399,106684003901
2020-03-19,289838355556,242101933705,-614934268089,82993978828
2020-03-20,311587391119,200391678268,-583241267390,71262198003
2020-03-23,-361146803853,920037692798,-640488343555,81597454610
2020-03-24,502449933822,-462331020121,-82324403168,42205489467
2020-03-25,-94818297972,428336051586,-323000342459,-10517411155
2020-03-26,-213791263604,716581032274,-530664756139,27874987469
2020-03-27,130034446865,173071170465,-372351147260,69245529930
2020-03-30,223597316312,198570827314,-427217268818,5049125192
2020-03-31,-290122645991,384523229125,-71068610634,-23331972500
2020-04-01,-619914062375,1150755681995,-575191824250,44350204630
2020-04-02,359902579736,270032105559,-623319508843,-6615176452
2020-04-03,-83304988529,348684914381,-288265705409,22885779557
2020-04-06,1036094436023,-843017214655,-201917310769,8840089401
2020-04-07,32868874331,149230047248,-195110587313,13011665734
2020-04-08,-281952392785,451982452209,-134533295640,-35496763784
2020-04-09,-129566342887,294057226398,-178284770844,13793887333
2020-04-10,-205919589435,251994761846,-55835793065,9760620654
2020-04-13,-457552761800,758799642450,-292042275327,-9204605323
2020-04-14,467937939436,-453035680022,-31749385164,16847125750
2020-04-16,136273588590,388811930906,-568747434203,43661914707
2020-04-17,235638255679,-605701408373,318586014752,51477137942
2020-04-20,-484863639611,955966963362,-498011083236,26907759485
2020-04-21,-190382282106,709412446501,-528183819618,9153655223
2020-04-22,-309839955445,317798840795,-35533138241,27574252891
2020-04-23,100017962439,-15559604710,-106228160576,21769802847
2020-04-24,-423055701164,632768479972,-230741717777,21028938969
2020-04-27,527880882011,-549167669529,18318529315,2968258203
2020-04-28,23895898352,85632072279,-124950696134,15422725503
2020-04-29,252151126667,-487025683524,235790015516,-915458659
2020-05-04,-805982640812,1700069132970,-942005387746,47918895588
2020-05-06,309038420939,-137608008,-314565613287,5664800356
2020-05-07,56497946828,253438455675,-320143283944,10206881441
2020-05-08,170472078580,-243158451676,45125905515,27560467581
2020-05-11,-363129748429,511225755471,-170067528550,21971521508
2020-05-12,-298521194203,605736767824,-310539611416,3324037795
2020-05-13,93516742613,215359585362,-317731541505,8855213530
2020-05-14,-237226578946,786578039392,-552090653178,2739192732
2020-05-15,242606937006,223427606273,-472068067826,6033524547
2020-05-18,33911282638,30079492180,-93061608234,29070833416
2020-05-19,843178638796,-1186900722259,365835080462,-22112996999
2020-05-20,98142343800,-181872162263,78842868687,4886949776
2020-05-21,-388235061502,290409441158,76417850146,21407770198
2020-05-22,-448465596460,936149677541,-474899327332,-12784753749
2020-05-25,34701699149,95768889265,-141547194472,11076606058
2020-05-26,341681140079,-479912160752,14145533975,124085486698
2020-05-27,-72720682430,321618870256,-215286813521,-33611374305
2020-05-28,222516423273,-284186886014,60396737233,1273725508
2020-05-29,-20124781263,189787229664,-199895157044,30232708643
2020-06-01,325037466260,-445530901961,110156574694,10336861007
2020-06-02,35037735414,-9840607700,-47242724139,22045596425
2020-06-03,1134481952076,-1318196503847,204958942708,-21244390937
2020-06-04,297823889364,-334865987661,45831149415,-8789051118
2020-06-05,405383021872,-319457147553,-68601827945,-17324046374
2020-06-08,-371614214904,378966349931,7629668974,-14981804001
2020-06-09,-399875881523,413187084204,-19168592523,5857389842
2020-06-10,215755738855,-169284682951,-45031934320,-1439121584
2020-06-11,-1184385324203,1271704874846,-116277840605,28958289962
2020-06-12,-286221125269,555869629783,-264805465532,-4843038982
2020-06-15,-761581542088,1237227978389,-474075201480,-1571234821
2020-06-16,480015469832,-594899604464,102913484232,11970650400
2020-06-17,-113671861871,152536319187,-52797054361,13932597045
2020-06-18,-83190463368,294318398319,-162435284552,-48692650399
2020-06-19,-216392258894,164729643254,51089293961,573321679
2020-06-22,-193363924499,430221257026,-253336858963,16479526436
2020-06-23,-281432408867,350375286860,-52820501442,-16122376551
2020-06-24,-390261651635,-7258459430,349953076860,47567034205
2020-06-25,-1045471767908,1301257996361,-276357266303,20571037850
2020-06-26,-164743543196,53307786082,61628609456,49807147658
2020-06-29,-351837187727,575173445882,-228661053830,5324795675
2020-06-30,239755263444,-165191288664,-71786566687,-2777408093
2020-07-01,150777308730,8797460835,-163970894681,4396125116
2020-07-02,216311962565,-213346218143,-11616153709,8650409287
2020-07-03,106768206848,-88357891202,11871145849,-30281461495
2020-07-06,623176899208,-361022041527,-257382687585,-4772170096
2020-07-07,-459366132436,857867310326,-391500096703,-7001081187
2020-07-08,-276769109444,622905832538,-342087479635,-4049243459
2020-07-09,-287872735518,316764393215,10108448975,-39000106672
2020-07-10,-707764620182,1037328317694,-345145721565,15582024053
2020-07-13,200832542328,-290767450390,102302520950,-12367612888
2020-07-14,-395811261608,418617880179,5019822214,-27826440785
2020-07-15,334699048716,-599582470493,268701878119,-3818456342
2020-07-16,-183489846801,300551404732,-133622210857,16560652926
2020-07-17,36522676709,-112084425373,112797901685,-37236153021
2020-07-20,-329214184799,407008944139,-75328827195,-2465932145
2020-07-21,143525445522,-567689025876,444821164297,-20657583943
2020-07-22,-241847438363,260404245931,-1057886255,-17498921313
2020-07-23,-586869770577,776846585462,-203922981035,13946166150
2020-07-24,-367832918615,288087581313,87638725245,-7893387943
2020-07-27,139533249862,-299557295661,158383068012,1640977787
2020-07-28,-221994594444,-1049525454135,1306000058395,-34480009816
2020-07-29,-336758096833,47601041896,293567289829,-4410234892
2020-07-30,-234212266663,6450031427,224714289648,3047945588
2020-07-31,-386083857109,471619381748,-55628037143,-29907487496
2020-08-03,-379533611919,623710512965,-268738491240,24561590194
2020-08-04,-148798651154,184385652051,-58313438914,22726438017
2020-08-05,-366559573837,431506723318,-51623026945,-13324122536
2020-08-06,-80091769801,-85024767656,163846352498,1270184959
2020-08-07,-787043556950,853433435763,-73656136978,7266258165
2020-08-10,-231516300677,352305774375,-127774742337,6985268639
2020-08-11,38636084501,-173712910806,146762103174,-11685276869
2020-08-12,-202547298233,350933116495,-153807824674,5422006412
2020-08-13,187268498785,154253491237,-342102345150,580355128
2020-08-14,-124367569231,596298787649,-461873161338,-10058057080
2020-08-18,476094894097,-527155226970,73323104119,-22262771246
2020-08-19,-202201438096,458350620046,-266533180733,10383998783
2020-08-20,-821380199390,1073877558167,-272760060570,20262701793
2020-08-21,-33421460316,-136202612250,196968089900,-27344017334
2020-08-24,4055849047,-259981169589,197565880875,58359439667
2020-08-25,-123348123837,-70910443232,157011258067,37247309002
2020-08-26,-412518942532,192947161665,190985316726,28586464141
2020-08-27,-472632576265,466361394850,-24514239181,30785420596
2020-08-28,122537180556,115820653261,-224246987234,-14110846583
2020-08-31,-6599001551,1569558400661,-1632635918107,69676518997
2020-09-01,-56606999089,238958352723,-205749326504,23397972870
2020-09-02,-79879863350,334212637947,-256046503785,1713729188
2020-09-03,-135099106197,-95201901026,193875060030,36425947193
2020-09-04,-779810605931,1285426185541,-467758759425,-37856820185
2020-09-07,-297551179416,548283200527,-250798512237,66491126
2020-09-08,-20865928330,35764938244,-29873452170,14974442256
2020-09-09,-429822565646,512931330951,-111620722798,28511957493
2020-09-10,-472127797598,66292571917,381817441964,24017783717
2020-09-11,-310954319404,453333427638,-149822604987,7443496753
2020-09-14,107419203766,-287560944297,142703639573,37438100958
2020-09-15,-200154893304,-76467331182,253219682545,23402541941
2020-09-16,-305106264677,143224132799,179244347398,-17362215520
2020-09-17,-335810774691,458717921215,-124372046133,1464899609
2020-09-18,-15783815191,-140544856131,147325437572,9003233750
2020-09-21,39188313142,41029892805,-78290678764,-1927527183
2020-09-22,-769105401861,991283998907,-14263176305,-207915420741
2020-09-23,-280441773714,325210007216,-57718864950,12950631448
2020-09-24,-157074297365,328908664473,-192246020354,20411653246
2020-09-25,72755992202,19546954304,-89798153915,-2504792591
2020-09-28,150210758338,-105578315538,-58912921821,14280479021
2020-09-29,142443673022,-111424651929,-73554910326,42535889233
2020-10-05,385205690497,-550009337543,173965662928,-9162015882
2020-10-06,19781764917,-204480463577,172556011712,12142686948
2020-10-07,430223933231,-346023285147,-95339328103,11138680019
2020-10-08,-614995544716,-165927808651,760359392161,20563961206
2020-10-12,84452092533,-235997292897,139242371318,12302829046
2020-10-13,-177373276294,-33223745889,213678241081,-3081218898
2020-10-14,-375652821016,412751090394,-34539123749,-2559145629
2020-10-15,-116915990239,328196228522,-18422667088,-192857571195
2020-10-16,-203643669980,489248174810,-171027496754,-114577008076
2020-10-19,296817379492,-342443783404,34398950576,11227453336
2020-10-20,260481077745,-292477647727,43730294447,-11733724465
2020-10-21,142646744307,-128319734838,-24583366363,10256356894
2020-10-22,7595363293,67879728017,-73422050889,-2053040421
2020-10-23,233386006513,-272253774693,38817404912,50363268
2020-10-26,271845359634,-112653406137,-143711095939,-15480857558
2020-10-27,-249652819353,106936366999,104643702362,38072749992
2020-10-28,-176715260176,153207305717,13347363745,10160590714
2020-10-29,-475527196874,981350717091,-537749269048,31925748831
2020-10-30,-443820556939,1414024575940,-978034155491,7830136490
2020-11-02,48734612766,-108561931972,50660209702,9167109504
2020-11-03,469424983730,-647167366424,213841479225,-36099096531
2020-11-04,342734107858,-166101742673,-218035556012,41403190827
2020-11-05,486204864591,-1621833971023,1134855408441,773697991
2020-11-06,-4367232346,-797526815084,790664315607,11229731823
2020-11-09,356432228997,-678873118388,329082410160,-6641520769
2020-11-10,-328333401257,187153143951,156736327670,-15556070364
2020-11-11,401886622258,-1190677088010,816237012136,-27446546384
2020-11-12,-860832130484,353716702951,491220442922,15894984611
2020-11-13,94795065930,-589619311795,521548179721,-26723933856
2020-11-16,-285554919864,-153942627410,461706942983,-22209395709
2020-11-17,-503761448494,153056363654,357451340872,-6746256032
2020-11-18,78042606701,-126780514515,67621827130,-18883919316
2020-11-19,-301610826958,201743164772,106333217015,-6465554829
2020-11-20,-226404142293,121621790277,103861943365,920408651
2020-11-23,-60020677386,-873479729013,983378630247,-49878223848
2020-11-24,-694098261947,-24517388941,726262248091,-7646597203
2020-11-25,-400126336885,506222677117,-36871688150,-69224652082
2020-11-26,-518844803720,256918884354,253934428042,7991491324
2020-11-27,-279370092685,194525536441,78548380853,6296175391
2020-11-30,204838104699,2220567864701,-2427800814440,2394845040
2020-12-01,267621058676,-346068327266,73467863024,4979405566
2020-12-02,-250693212908,-244744102494,517552491493,-22115176091
2020-12-03,-384895965163,177989332279,209735619249,-2828986365
2020-12-04,-410098067169,-343244227773,761041035857,-7698740915
2020-12-07,-923703710729,976772859689,-62917308890,9848159930
2020-12-08,-270134836064,1122804231809,-844954090034,-7715305711
2020-12-09,305810543067,-506190656093,162551608134,37828504892
2020-12-10,444052293581,891250466228,-1363633046746,28330286937
2020-12-11,210054911247,-47653627316,-162677140596,275856665
2020-12-14,-703264130574,1033385039296,-358903304120,28782395398
2020-12-15,-237509716434,607699125959,-373573380469,3383970944
2020-12-16,212684733473,-240291300968,93352122839,-65745555344
2020-12-17,-10699186818,325230471939,-258398295097,-56132990024
2020-12-18,-149740124141,389765116902,-191764566545,-48260426216
2020-12-21,132216431723,-85547699023,-10731438568,-35937294132
2020-12-22,-202876712599,369372343850,-169595643396,3100012145
2020-12-23,301661239065,-385892969496,82921538609,1310191822
2020-12-24,629655107873,-803106779612,119237494352,54214177387
2020-12-28,830307875068,-946020028718,78012525475,37699628175
2020-12-29,-1973366181947,2196938565536,-310625348053,87052964464
2020-12-30,195869627789,-491609496526,245810649079,49929219658
2021-01-04,-1189876714363,1031014166618,89697391137,69165156608
2021-01-05,-536265643081,728387733108,-208220599741,16098509714
2021-01-06,-1369155503764,1729261196142,-397475822573,37370130195
2021-01-07,1033917002121,-1183634539101,113375307173,36342229807
2021-01-08,-1147931424901,-559141825960,1643477097660,63596153201
2021-01-11,-3743203896260,4492145003867,-717613160366,-31327947241
2021-01-12,-1723898682006,2312445113552,-618935309579,30388878033
2021-01-13,-372450411172,169086090692,193496162646,9868157834
2021-01-14,-1428981445508,712730906649,677507176342,38743362517
2021-01-15,-1414745885546,2113924037705,-753622445831,54444293672
2021-01-18,-278880716957,514299140387,-209413497051,-26004926379
2021-01-19,593956459208,-1025418915468,409990175112,21472281148
2021-01-20,-1234485992694,1436793223994,-236817416245,34510184945
2021-01-21,-292666343147,-62476631241,368311395220,-13168420832
2021-01-22,-1364772011847,1608263875827,-268005095088,24513231108
2021-01-25,368785130937,-571150115459,279275314881,-76910330359
2021-01-26,-2252005935511,4205007202593,-1969853301708,16852034626
2021-01-27,-396146276144,1060406027858,-621560961693,-42698790021
2021-01-28,-379393793518,1929360029656,-1567005298418,17039062280
2021-01-29,-254398314533,1697098079221,-1422035460238,-20664304450
2021-02-01,689228606693,-782537450858,131915231727,-38606387562
2021-02-02,-13100366881,-188349055464,196559891400,4889530945
2021-02-03,-573962013188,123852528692,426513866072,23595618424
2021-02-04,-1835747521996,2470362660630,-639391030862,4775892228
2021-02-05,234314736295,-402139854093,189960227174,-22135109376
2021-02-08,280531568170,84664003553,-358438027068,-6757544655
2021-02-09,156805214817,48694619086,-222315609299,16815775396
2021-02-10,-916572696792,130200433759,751967459592,34404803441
2021-02-15,-419278004341,-352595606579,731687603285,40186007635
2021-02-16,-668485462163,422611805138,241595114779,4278542246
2021-02-17,-1346492136688,1810674551375,-481497454540,17315039853
2021-02-18,-613029340414,1467674968982,-857095273285,2449644717
2021-02-19,-65551663392,374174750480,-298106234374,-10516852714
2021-02-22,-460116021311,749700342509,-315518932669,25934611471
2021-02-23,338730955952,77308501258,-295508148093,-120531309117
2021-02-24,-82456864723,561382007781,636617887644,-1115543030702
2021-02-25,974912775121,-1936090234334,970125508977,-8948049764
2021-02-26,-1030067522830,3778505730591,-2817359020990,68920813229
2021-03-02,437087116744,-624895295758,208144451955,-20336272941
2021-03-03,689628178815,-663074214930,-11935771157,-14618192728
2021-03-04,-1283990096176,2199223999589,-929266719843,14032816430
2021-03-05,-804347702052,1193063571870,-373404055717,-15311814101
2021-03-08,-377690185388,525313341590,-125758253099,-21864903103
2021-03-09,291955755541,363104120996,-530511669094,-124548207443
2021-03-10,-889148150452,400601043613,480322107530,8224999309
2021-03-11,-591738966707,-1110986244704,1706879707474,-4154496063
2021-03-12,183344925045,-599714024158,407001538565,9367560548
2021-03-15,-300233103264,510493405890,-213260834910,3000532284
2021-03-16,249118780375,-233972619893,-26158133439,11011972957
2021-03-17,-533899688739,1048292862204,-523994273941,9601100476
2021-03-18,134414574483,-617439526888,482312354138,712598267
2021-03-19,-1001755231858,1602943867602,-580565300465,-20623335279
2021-03-22,-33884483569,583085179071,-546454598858,-2746096644
2021-03-23,-540902078718,1017010724649,-476878322696,769676765
2021-03-24,-433543096135,896286471638,-478041565158,15298189655
2021-03-25,-127272789588,172482983354,-82663623892,37453430126
2021-03-26,138944897568,-419534275234,295657344791,-15067967125
2021-03-29,-703117803303,659233753938,49621458702,-5737409337
2021-03-30,253920572772,-604820114938,346716611341,4182930825
2021-03-31,-348844407696,643522573374,-293793905699,-884259979
2021-04-01,-161660852645,-415474481220,574756082222,2379251643
2021-04-02,371463579042,-948754787862,563416669238,13874539582
2021-04-05,-381209381715,212854400002,170579094464,-2224112751
2021-04-06,-513328684602,-37849150779,581684221922,-30506386541
2021-04-07,-326710873264,-21869968117,324188794995,24392046386
2021-04-08,-482071218749,364076696409,107895900604,10098621736
2021-04-09,-576175666356,718992542634,-152497594313,9680718035
2021-04-12,-386212529333,687791458629,-324709885245,23130955949
2021-04-13,8724256396,-464782523913,442708925736,13349341781
2021-04-14,178011104839,-300303701445,105005786771,17286809835
2021-04-15,-504470970841,284932838857,263172915288,-43634783304
2021-04-16,-467440237462,470056762377,276518561920,-279135086835
2021-04-19,-131351507556,395475673419,-320081602428,55957436565
2021-04-20,46335219771,-390154163355,328141840451,15677103133
2021-04-21,-1283700548400,2711561538674,-1428563884279,702894005
2021-04-22,-232937706105,352708080918,-153174967002,33404592189
2021-04-23,-212266136923,226751787463,-24045605651,9559955111
2021-04-26,-46151244464,-338538293306,392211831100,-7522293330
2021-04-27,-106431302767,448446538004,-166689446402,-175325788835
2021-04-28,-434709664381,1057180936572,-592916547871,-29554724320
2021-04-29,-11465163873,34829414979,-19160491631,-4203759475
2021-04-30,-193431015610,787590371550,-562753992437,-31405363503
2021-05-03,-139150575005,587727725171,-440361181844,-8215968322
2021-05-04,167870865717,-119361043441,-73025991585,24516169309
2021-05-06,200070011047,-89594021291,-98361799840,-12114189916
2021-05-07,348161360062,-145655667489,-194972711179,-7532981394
2021-05-10,970526233681,-1198393843374,235730147846,-7862538153
2021-05-11,-1351302427950,3560197557437,-2022153165598,-186741963889
2021-05-12,-257437439679,2989497579029,-2700520659254,-31539480096
2021-05-13,2401237331,1442529958002,-1429798167239,-15133028094
2021-05-14,39256136373,404382099007,-419042048384,-24596186996
2021-05-17,-144396064415,719741714027,-600000835910,24655186298
2021-05-18,974052685165,-639832791983,-347286333474,13066440292
2021-05-20,-281820417105,822245819356,-511463799094,-28961603157
2021-05-21,56809166475,59408701895,-135146222775,18928354405
2021-05-24,36986706803,176020124461,-223331420572,10324589308
2021-05-25,883754095082,-967895765030,68269956944,15871713004
2021-05-26,287017222240,-239828085770,-18744479610,-28444656860
2021-05-27,235398563985,15522821111,-244766882949,-6154502147
2021-05-28,737122269451,-894785119079,144738777851,12924071777
2021-05-31,-774110262639,247679839860,519193964245,7236458534
2021-06-01,677830568496,-621799653752,-53906715708,-2124199036
2021-06-02,-315474749545,310928082086,36256762407,-31710094948
2021-06-03,448187807776,-683563375445,236265229198,-889661529
2021-06-04,-658494766138,469837812490,175616804169,13040149479
2021-06-07,121623736183,61329730889,-183318166757,364699685
2021-06-08,261926437147,-44714112971,-206006314119,-11206010057
2021-06-09,-458461616927,787086263527,-329478393792,853747192
2021-06-10,-1124954892621,387521353714,717655956931,19777581976
2021-06-11,266705878694,-471308481049,176446109364,28156492991
2021-06-14,-333000304167,351451940652,-10322277300,-8129359185
2021-06-15,-35985016098,199394090806,-118971468443,-44437606265
2021-06-16,32705032178,-325932702431,286609733501,6617936752
2021-06-17,-713193868834,1035557679922,-312576596413,-9787214675
2021-06-18,-178897114123,885936771940,-707139733915,100076098
2021-06-21,-1082409154162,1976996286472,-891965514949,-2621617361
2021-06-22,-7116462132,-382558789534,362457670529,27217581137
2021-06-23,-29389283916,82771977022,-9791148048,-43591545058
2021-06-24,134903993235,-45855258991,-102828577840,13779843596
2021-06-25,588470416473,-818965236964,245126007676,-14631187185
2021-06-28,-305504671326,398827184256,-84884266491,-8438246439
2021-06-29,-892893846220,1232045183643,70772217626,-409923555049
2021-06-30,-50593980862,31018915331,3942529984,15632535547
2021-07-01,-830310113957,1266028348912,-405643340198,-30074894757
2021-07-02,-222565849526,353406255563,-121237177607,-9603228430
2021-07-05,263400908083,-263258792469,779970922,-922086536
2021-07-06,69615076407,-292937500751,223965729000,-643304656
2021-07-07,-834558496105,1163142534699,-338164714070,9580675476
2021-07-08,-625528407266,1094193541867,-498539945492,29874810891
2021-07-09,-508348999024,1800553898822,-1333196984129,40992084331
2021-07-12,218299274458,-229572111993,39363126216,-28090288681
2021-07-13,306098415000,-562048646851,271260082323,-15309850472
2021-07-14,-315851648118,605649568248,-272582067189,-17215852941
2021-07-15,207534102727,-339770723745,100343011697,31893609321
2021-07-16,-571583662932,693600252453,-89932671744,-32083917777
2021-07-19,-455774877052,935939053484,-454318617188,-25845559244
2021-07-20,152058864805,37010763090,-180746180242,-8323447653
2021-07-21,-281396618677,736623898368,-492250415868,37023136177
2021-07-22,816112244593,-879158783567,58077275933,4969263041
2021-07-23,-14559163019,-88221864888,111928350911,-9147323004
2021-07-26,-338198839214,724066160644,-375393374547,-10473946883
2021-07-27,223670014055,-275977838282,42910465659,9397358568
2021-07-28,300099277167,139633101724,-421132280036,-18600098855
2021-07-29,258389552987,-17511545090,-226149523095,-14728484802
2021-07-30,-571234377402,1254776031695,-711796544406,28254890113
2021-08-02,625407915779,-487713843859,-147234168008,9540096088
2021-08-03,-34795717950,-670028154633,662912374192,41911498391
2021-08-04,889264034539,-1776551528004,907455120173,-20167626708
2021-08-05,184516206903,-252137306440,67299913828,321185709
2021-08-06,-234371141428,191155983351,56864595109,-13649437032
2021-08-09,-752683886622,949699301844,-200520664112,3505248890
2021-08-10,-383290989309,1541520555215,-637325523675,-520904042231
2021-08-11,-192523384068,1785552924081,-1613414229206,20384689193
2021-08-12,52264841932,1830810207700,-1882320137915,-754911717
2021-08-13,-165511775698,2804025921248,-2692584855599,54070710049
2021-08-17,-127644738313,586968354139,-420908486335,-38415129491
2021-08-18,410023141328,-128783470320,-259418966577,-21820704431
2021-08-19,-329684030562,802480151052,-266570991112,-206225129378
2021-08-20,-16262100552,271221673549,-253788436059,-1171136938
2021-08-23,609551398503,-576357671460,-30287442756,-2906284287
2021-08-24,231465743144,-353211173238,153594583765,-31849153671
2021-08-25,344961569123,-26684623729,163378675877,-481655621271
2021-08-26,-81422137246,440049831171,-363191496420,4563802495
2021-08-27,732056679957,-343973114787,-370827157637,-17256407533
2021-08-30,252642234837,-57698476549,-236642169823,41698411535
2021-08-31,-134652865595,-993841801343,1123333558771,5161108167
2021-09-01,-31598536463,-103027231540,74785521247,59840246756
2021-09-02,-1490238519834,941229219340,549497759556,-488459062
2021-09-03,-76608903301,-469475220581,584478482290,-38394358408
2021-09-06,45721965790,-96558094672,62302135591,-11466006709
2021-09-07,-120260093576,433689438992,-310486087546,-2943257870
2021-09-08,-183107886063,426944334921,-222942588903,-20893859955
2021-09-09,-931453900149,1202750403666,-317289935731,45993432214
2021-09-10,238309483532,279089709562,-517396709262,-2483832
2021-09-13,199606314039,-335511713578,144483449740,-8578050201
2021-09-14,763658005701,-1295113985758,293899649806,237556330251
2021-09-15,-140596187447,-184563077790,293954953628,31204311609
2021-09-16,-516040768216,459278908700,26024130997,30737728519
2021-09-17,-302020155059,223088443091,53094799071,25836912897
2021-09-23,-236142600548,-310609850456,570903254974,-24150803970
2021-09-24,-341855844034,248301684018,83511960756,10042199260
2021-09-27,8307675390,-341575622351,339353568589,-6085621628
2021-09-28,-551626116749,561081980750,6022982711,-15478846712
2021-09-29,-312573315972,960415683467,-659800765827,11958398332
2021-09-30,-217765029364,143547023113,39032562456,35185443795
2021-10-01,-487272498317,760865762811,-300038335044,26445070550
2021-10-05,236193735394,352955015560,-623162882320,34014131366
2021-10-06,83439506010,171846764516,-276048872555,20762602029
2021-10-07,614307009748,-531657594227,-107051731042,24402315521
2021-10-08,-452736604372,461716538008,-46314872059,37334938423
2021-10-12,-199930817218,979335218146,-820585336073,41180935145
2021-10-13,772426416720,-533216779424,-271067372258,31857734962
2021-10-14,503698618926,-115074866561,-384898462873,-3725289492
2021-10-15,213389625953,-300311391983,86274847018,646919012
2021-10-18,-488527483076,424101201007,39260011323,25166270746
2021-10-19,183801742904,-327600281213,145533021206,-1734482897
2021-10-20,-211412461377,283252868894,-68944463980,-2895943537
2021-10-21,118114671153,-159797903339,52856548932,-11173316746
2021-10-22,185492978407,-67360689092,-107952624300,-10179665015
2021-10-25,258825256939,-304623897323,36432084179,9366556205
2021-10-26,347379819950,-475156850406,106128682423,21648348033
2021-10-27,-349095969135,614175292362,-284521623914,19442300687
2021-10-28,-114542790955,340133930831,-248443261504,22852121628
2021-10-29,-475883970809,1256575179777,-800520807485,19829598517
2021-11-01,636807799220,-265703346149,-358644213912,-12460239159
2021-11-02,765402011369,-1075274888969,316636562821,-6763685221
2021-11-03,-420406615069,839178456518,-444430187675,25658346226
2021-11-04,337373201743,-695418701148,347410703762,10634795643
2021-11-05,-445009925767,326183141357,102293861962,16532922448
2021-11-08,-276092373499,364161959934,-117396594531,29327008096
2021-11-09,274018616800,-156481414236,-137305951707,19768749143
2021-11-10,-234981375168,234146192900,-17698188468,18533370736
2021-11-11,-242648241433,131407559227,88502043633,22738638573
2021-11-12,594517451389,-1040199255947,427073234449,18608570109
2021-11-15,414721390104,-813673484040,398260275550,691818386
2021-11-16,-517148635848,-145629513039,648749568032,14028580855
2021-11-17,-875727408050,725989177960,109728715223,40009514867
2021-11-18,-197360807112,221341637138,-45662436214,21681606188
2021-11-19,74996305419,-354223853110,232820155094,46407392597
2021-11-22,567148337556,-1369167055998,795686887351,6331831091
2021-11-23,-696062738664,380165301346,279932877274,35964560044
2021-11-24,-593130866049,239351604453,317772064569,36007197027
2021-11-25,-150364559212,201202724782,-94558304315,43720138745
2021-11-26,-370954435118,488061834196,-176901426232,59794027154
2021-11-29,714313495892,-761931329390,39650713613,7967119885
2021-11-30,-639988025853,733787485091,-133206348387,39406889149
2021-12-01,-110988786005,-1010675470718,942331958236,179332298487
2021-12-02,2888845533,-919866609598,885130297365,31847466700
2021-12-03,88680343989,-265461687059,151537941777,25243401293
2021-12-06,152086458640,-167882637224,2016862087,13779316497
2021-12-07,-75685278353,-139557714969,207444602199,7798391123
2021-12-08,802671546119,-686223790071,-78868176571,-37579579477
2021-12-09,636816072547,-507623000357,326127254730,-455320326920
2021-12-10,239480743009,14961339030,-288726831594,34284749555
2021-12-13,468761802950,-368324872079,-138459040528,38022109657
2021-12-14,-187792172277,-37596000489,183371305100,42016867666
2021-12-15,-170006870732,166791317664,-22532546193,25748099261
2021-12-16,-51540415455,-169220939479,183456673721,37304681213
2021-12-17,-13783615469,-527248081375,531894544472,9137152372
2021-12-20,-574922466360,1086046250749,-554423897171,43300112782
2021-12-21,601792086165,-647604540866,29318090553,16494364148
2021-12-22,61276751259,-499763368515,416006150820,22480466436
2021-12-23,578680091931,-820861701377,226103920910,16077688536
2021-12-24,916149584338,-1132402998839,189388790347,26864624154
2021-12-27,436229067463,-544266094217,48618825370,59418201384
2021-12-28,1518870322640,-1997573869720,448892738919,29810808161
2021-12-29,-1736020240234,1851902807271,-122289848748,6407281711
2021-12-30,-760566310057,953635633595,-213767797141,20698473603
2022-01-03,-811031613112,522981402240,265438387872,22611823000
2022-01-04,-745316705477,645727515712,90351076976,9238112789
2022-01-05,-1322174105667,698354149416,617516905106,6303051145
2022-01-06,-485486519507,284730578787,181167593205,19588347515
2022-01-07,-335729241406,-244197077734,655435275947,-75508956807
2022-01-10,-499947380505,572888215716,-81959870617,9019035406
2022-01-11,-261903590377,-218904012249,482786321571,-1978718945
2022-01-12,605503895874,-1072843549794,455070979035,12268674885
2022-01-13,-303114433217,-93451257011,369685449507,26880240721
2022-01-14,-595313940320,806922944019,-245126279953,33517276254
2022-01-17,178183156799,481412353708,-688830865413,29235354906
2022-01-18,-227403486764,199944961468,15699830516,11758694780
2022-01-19,-11917289962,-29366654082,34681239657,6602704387
2022-01-20,109130400516,146127547533,-277393182687,22135234638
2022-01-21,-643433831162,895770350171,-220504543431,-31831975578
2022-01-24,593598885427,-137679401948,-436194483347,-19725000132
2022-01-25,-168059581790,573337940107,-430991687182,25713328865
2022-01-26,-15766443109,221781844195,-241720986735,35705585649
2022-01-27,1847765950908,-139319105814,-1705550730890,-2896114204
2022-01-28,392309068388,273539671120,-701022816549,35174077041
2022-02-03,49672416467,-133917618628,83779713868,465488293
2022-02-04,214385672337,-414859875910,190349846539,10124357034
2022-02-07,-832483473207,810876218531,-6888297437,28495552113
2022-02-08,39351820778,45585304372,-96099265048,11162139898
2022-02-09,196999455577,-460135944027,239634271231,23502217219
2022-02-10,-541883393697,-306751767943,834484078721,14151082919
2022-02-11,-695298923291,70597026640,610261632284,14440264367
2022-02-14,96097244830,-189316613519,66651945195,26567423494
2022-02-15,34231456660,170514020452,-219173401349,14427924237
2022-02-16,225360015157,-207952885064,-44519911761,27112781668
2022-02-17,434468006027,-1098293810483,649279652254,14546152202
2022-02-18,103999405425,42178334587,-151429438746,5251698734
2022-02-21,-89599778020,101619954850,-63419367224,51399190394
2022-02-22,-382333654191,671418870013,-326573888211,37488672389
2022-02-23,189572819973,63430291781,-266673239547,13670127793
2022-02-24,-482649104653,1099802224578,-666929855406,49776735481
2022-02-25,194174372833,-85211485726,-122984845653,14021958546
2022-02-28,-380093596030,290801138030,96622304947,-7329846947
2022-03-02,-132216904407,426448134053,-306370972073,12139742427
2022-03-03,259123338428,-391177498039,133139907901,-1085748290
2022-03-04,-425605093937,986843347153,-586878581763,25640328547
2022-03-07,-959833773047,2115306803491,-1181507685187,26034654743
2022-03-08,-291396936373,732044088119,-473645123116,32997971370
2022-03-10,764462711891,-352463717194,-426990831494,14991836797
2022-03-11,-371014608923,1029409471014,-686122603997,27727741906
2022-03-14,5460611501,625037084331,-639940267105,9442571273
2022-03-15,47772680389,598642869045,-675254350533,28838801099
2022-03-16,365628462370,-236339999689,-134080450398,4791987717
2022-03-17,250388252272,-695387580355,463915719192,-18916391109
2022-03-18,-14265814433,135331279822,-102082642821,-18982822568
2022-03-21,-334620689166,805955177103,-489837378871,18502890934
2022-03-22,-32274878766,-185451403356,219766743850,-2040461728
2022-03-23,235504479508,-298539394773,57151183552,5883731713
2022-03-24,-1585856949859,509133183846,1016196138815,60527627198
2022-03-25,-127830711068,663402955889,-551718869504,16146624683
2022-03-28,67596993518,192144350792,-262835990892,3094646582
2022-03-29,326573526113,-8465058715,-279922924394,-38185543004
2022-03-30,159297163945,-137998012903,-9628159945,-11670991097
2022-03-31,188685776995,-12771893415,-174258526498,-1655357082
2022-04-01,-783048631229,846013505676,-68148756009,5183881562
2022-04-04,13587375175,-2596676697,22337709452,-33328407930
2022-04-05,-247758437594,238185997388,14377268806,-4804828600
2022-04-06,-565795866434,1140200006528,-583599819464,9195679370
2022-04-07,-520333048428,1279889827909,-768254809061,8698029580
2022-04-08,9809475596,423363452899,-454432744977,21259816482
2022-04-11,1834232354,125909622613,-134300817703,6556962736
2022-04-12,-120298454589,561356646157,-465719286708,24661095140
2022-04-13,639266067323,-584203124053,-64907396045,9844452775
2022-04-14,154694530524,89756166041,-252830127560,8379430995
2022-04-15,-442555822338,748606029907,-318077077645,12026870076
2022-04-18,-18825448891,102011644822,-94658284123,11472088192
2022-04-19,336440824134,-343146980753,33137129111,-26430972492
2022-04-20,-161244332080,73776010429,94776108109,-7307786458
2022-04-21,636602403172,-566686584781,-59693763774,-10222054617
2022-04-22,-697498180463,836183776077,-155560556436,16874960822
2022-04-25,-347613247823,1063419203205,-722925542850,7119587468
2022-04-26,269698775751,-60844536971,-246561608955,37707370175
2022-04-27,-241839264287,905195029519,-679722344527,16366579295
2022-04-28,194227800946,-168664925741,-36481001979,10918126774
2022-04-29,493121485629,-493277024438,14353091917,-14197553108
2022-05-02,-180611302917,224675045873,-67494809595,23431066639
2022-05-03,-214020580539,104166125813,119038832237,-9184377511
2022-05-04,-150152729931,100907677648,31392456751,17852595532
2022-05-06,-300134662405,764432362017,-481107687363,16809987751
2022-05-09,-176775318439,338077361294,-195714361000,34412318145
2022-05-10,7534075548,285646280926,-319648192677,26467836203
2022-05-11,-89299441565,345287938492,-288934269950,32945773023
2022-05-12,-157534466044,390867022394,-279728694602,46396138252
2022-05-13,861774175172,-908157515919,64163824783,-17780484036
2022-05-16,-115892143326,65046906793,895092126,49950144407
2022-05-17,540889050532,-308276172549,-54282616428,-178330261555
2022-05-18,-349586753531,25962260611,297328231443,26296261477
2022-05-19,-482840373871,516780329874,-89556537346,55616581343
2022-05-20,836490356916,-1041213656226,194327400749,10395898561
2022-05-23,169737223912,-165260947028,-29989255293,25512978409
2022-05-24,-282071819857,578622522848,-323686200424,27135497433
2022-05-25,511224245924,-358124069825,-166340402014,13240225915
2022-05-26,-154635591022,93043422055,36655795629,24936373338
2022-05-27,554354708900,-744728157185,273896023748,-83522575463
2022-05-30,420357934610,-802108858710,349315061687,32435862413
2022-05-31,-585434565666,-508991020406,1058702415695,35723170377
2022-06-02,-748869787728,792765717194,-86985534703,43089605237
2022-06-03,321975044646,-310351813680,-12612510323,989279357
2022-06-07,-822961013221,992406575278,-204814209455,35368647398
2022-06-08,-55381153384,139240024874,-123026902082,39168030592
2022-06-09,555287540214,372976914078,-934045319978,5780865686
2022-06-10,-281363878901,1106628744420,-848262829992,22997964473
2022-06-13,-218144107412,667899143733,-495505775043,45750738722
2022-06-14,195038915366,37321382118,-278200562017,45840264533
2022-06-15,79728628347,346549678279,-475458466531,49180159905
2022-06-16,-18655058363,-156028810029,155109790903,19574077489
2022-06-17,53063840293,275992322486,-388072525992,59016363213
2022-06-20,444823493304,182906269670,-662757593070,35027830096
2022-06-21,540745707410,-233517593286,-320489755571,13261641447
2022-06-22,-79432132546,375593699679,-320711743726,24550176593
2022-06-23,926411245008,-672566841987,-296070917649,42226514628
2022-06-24,641220039888,-624312048107,-36852597236,19944605455
2022-06-27,-202602047345,-93130376196,265519325090,30213098451
2022-06-28,-88477231771,105893603905,-37591644886,20175272752
2022-06-29,-504606196816,695261609603,-227255682320,36600269533
2022-06-30,-320395889056,520800879075,-233513825228,33108835209
2022-07-01,-5789120252,327354704849,-340409551269,18843966672
2022-07-04,310974492738,-182464043419,-140342216989,11831767670
2022-07-05,250073768140,-398279492994,132999626592,15206098262
2022-07-06,-890816407041,896929309005,-46441001839,40328099875
2022-07-07,312959283901,-470279922013,143052091251,14268546861
2022-07-08,-183153607758,-87383779264,247233541834,23303845188
2022-07-11,-188016886877,192225072862,-18454855037,14246669052
2022-07-12,-238768571282,267715363578,-43999483576,15052691280
2022-07-13,356457770567,-255184177083,-102512341120,1238747636
2022-07-14,-533532116821,103694723734,398799145777,31038247310
2022-07-15,-262866579347,-20191304812,263134605165,19923278994
2022-07-18,-200001889972,-421402414190,627501298300,-6096994138
2022-07-19,-144121251759,91627586788,38449425456,14044239515
2022-07-20,-59488213580,64239661940,-40001914852,35250466492
2022-07-21,-113321469256,-329500679449,439259470004,3562678701
2022-07-22,-303612837309,252548065098,37447550530,13617221681
2022-07-25,192781994606,-280232842763,90088575432,-2637727275
2022-07-26,45928694255,-48178792880,2070218006,179880619
2022-07-27,-55247667536,211949598087,-117205642290,-39496288261
2022-07-28,-60186556535,-328032525455,408899458054,-20680376064
2022-07-29,147828246119,-493248024998,337276463095,8143315784
2022-08-01,-175526594648,41105154898,136179041002,-1757601252
2022-08-02,-595965265221,292351463472,296248370997,7365430752
2022-08-03,-146529410671,-330862890209,475740587308,1651713572
2022-08-04,-226474541907,12003205660,197411761142,17059575105
2022-08-05,43865805494,-415723242524,375548845175,-3691408145
2022-08-08,-296191538582,83242946166,175748138301,37200454115
2022-08-09,137076191099,-176707155114,32948745177,6682218838
2022-08-10,-203170431816,262141944860,-102272984748,43301471704
2022-08-11,461174277846,-601263233883,138608959802,1479996235
2022-08-12,202684250831,-224295095758,-12990461540,34601306467
2022-08-16,-17358819245,-54262417971,49043334861,22577902355
2022-08-17,-199753473035,154721446900,51383520754,-6351494619
2022-08-18,-443976495898,134437680079,303024514077,6514301742
2022-08-19,-624259363945,270770276857,333750321386,19738765702
2022-08-22,-237473904196,130974949377,119234493726,-12735538907
2022-08-23,-130881042878,138741594129,606266538,-8466817789
2022-08-24,-141075236217,-3688806814,150538126632,-5774083601
2022-08-25,119917424716,-179733401475,41882952292,17933024467
2022-08-26,476796019834,-253880497231,240174435678,-463089958281
2022-08-29,-556692375896,599580426268,-58935113711,16047063339
2022-08-30,-135410557728,155935254542,-40336058796,19811361982
2022-08-31,-228807466171,44621916281,744641259770,-560455709880
2022-09-01,-887056414522,1148048893974,-288169360189,27176880737
2022-09-02,-142599327626,294858527586,-173045464480,20786264520
2022-09-05,133654227303,-66126328749,-69301050656,1773152102
2022-09-06,-13240871813,85187816264,-79266309384,7319364933
2022-09-07,-226386286825,685974061888,-488960256252,29372481189
2022-09-08,234143626213,140700332764,-385653223088,10809264111
2022-09-13,715438745305,-1103034527607,396877140959,-9281358657
2022-09-14,-239580169297,389660452732,-163408787813,13328504378
2022-09-15,-144013683987,349664504722,-223113381235,17462560500
2022-09-16,-408188482243,444351746710,-46309767655,10146503188
2022-09-19,-41219333625,27741280209,54611697,13423441719
2022-09-20,283303430483,-225194492633,-58244934871,135997021
2022-09-21,-67284682938,329008758879,-275365798359,13641722418
2022-09-22,-281434242772,312630266804,-58539732724,27343708692
2022-09-23,-251013098868,431297128257,-190483491875,10199462486
2022-09-26,276689959362,-242116550770,-5625566820,-28947841772
2022-09-27,257283828277,-30814991397,-243465162984,16996326104
2022-09-28,-180887992451,323641280294,-142097387704,-655900139
2022-09-29,-2244578672,-224238040426,219689324676,6793294422
2022-09-30,108188287304,-281595024528,164683872077,8722865147
2022-10-04,-17336850482,-204013679801,218198901439,3151628844
2022-10-05,-551070905687,453068161258,78367095683,19635648746
2022-10-06,-74014141484,-185537943546,252398947665,7153137365
2022-10-07,-153821794520,45832894176,100474933630,7513966714
2022-10-11,-309712815747,108595943559,196594384761,4522487427
2022-10-12,-104996698417,-145972709729,237961093321,13008314825
2022-10-13,-299356284399,72025100991,201243933625,26087249783
2022-10-14,363115555006,-622879616547,261829612611,-2065551070
2022-10-17,-317272537864,54531660012,262091751745,649126107
2022-10-18,154635638466,-227882753220,78068056951,-4820942197
2022-10-19,-82377761337,-91144345531,149681224836,23840882032
2022-10-20,-409447470756,399926045253,-23228602845,32750028348
2022-10-21,8884270087,-69528839515,32611400323,28033169105
2022-10-24,321633046119,-482269700172,145259541513,15377112540
2022-10-25,65734800140,-134208060579,73094985364,-4621724925
2022-10-26,-107839472728,-496988527386,600311341124,4516658990
2022-10-27,514525611128,-903795082860,378685173758,10584297974
2022-10-28,251964835018,-67947919606,-192114184577,8097269165
2022-10-31,-27863564902,-205781425726,230291852201,3353138427
2022-11-01,194279024986,-723357356491,492385393777,36692937728
2022-11-02,-338344833473,-181761343547,524088786148,-3982609128
2022-11-03,-584132018264,387538234835,173496919793,23096863636
2022-11-04,101390485151,-145786057921,42045288002,2350284768
2022-11-07,276716876793,-404991777428,111967760075,16307140560
2022-11-08,436099170689,-723862332406,278066097494,9697064223
2022-11-09,346560189292,-776951940550,414667992208,15723759050
2022-11-10,-168713591258,239379828580,-108199287770,37533050448
2022-11-11,991477109376,-1673170302055,700348435612,-18655242933
2022-11-14,-171341824009,19448751274,143156036514,8737036221
2022-11-15,-80052587624,325805579538,-235608245624,-10144746290
2022-11-16,-230431579124,178235552671,88400412467,-36204386014
2022-11-17,-120384220280,487911028235,-382028250257,14501442302
2022-11-18,-77526128545,-150258100197,199528706622,28255522120
2022-11-21,79835685465,66294995278,-164942247847,18811567104
2022-11-22,-3361651877,-24199658294,15746929497,11814380674
2022-11-23,-24469499016,-96725583194,90288141439,30906940771
2022-11-24,65983066949,-217791661772,126296886637,25511708186
2022-11-25,32896515986,-115887825389,313051491814,-230060182411
2022-11-28,-266133367950,353372287576,-122560952733,35322033107
2022-11-29,317249962820,-390916424186,60107569705,13558891661
2022-11-30,-497153704321,-610035407669,1128604042919,-21414930929
2022-12-01,227623724188,-279287972589,32557259031,19106989370
2022-12-02,-509245105753,909540494111,-403398271292,3102882934
2022-12-05,-14931609887,302193878312,-293117555836,5855287411
2022-12-06,-306331364678,381059810572,-96801905132,22073459238
2022-12-07,-982084080,181436158746,-196152895955,15698821289
2022-12-08,226040305823,206383686877,-476144714000,43720721300
2022-12-09,407631000034,-509640155540,99499361711,2509793795
2022-12-12,-43992760699,-39177250,17102994518,26928943431
2022-12-13,44095692411,34875157222,-111780642444,32809792811
2022-12-14,214225502895,-452214173824,231782102504,6206568425
2022-12-15,-437088336457,457837183056,-56186649119,35437802520
2022-12-16,-351477776302,26264030157,292220095129,32993651016
2022-12-19,28181736330,-17650725003,-24134033225,13603021898
2022-12-20,-26769051111,103479900151,-104467040392,27756191352
2022-12-21,183918523359,-89186134053,-103303117895,8570728589
2022-12-22,585241924909,-565978861095,-5702665434,-13560398380
2022-12-23,251369151190,-185000411448,-69634341619,3265601877
2022-12-26,660636246444,-614136282318,-40575203166,-5924760960
2022-12-27,1048896403181,-1133118124574,48276312234,35945409159
2022-12-28,-828611007131,1077390868900,-303407800662,54627938893
2022-12-29,-576299671661,670969619714,-140279847599,45609899546
2023-01-02,-266420384362,222969530228,6601309039,36849545095
2023-01-03,-355786681450,274820113950,91760184681,-10793617181
2023-01-04,-155571962,-295934452202,260666331149,35423693015
2023-01-05,-351706351490,-164544528705,503159709100,13091171095
2023-01-06,243733364898,-564021112602,314059926975,6227820729
2023-01-09,741931555360,-1395182900215,651748412281,1502932574
2023-01-10,296871601813,-298768163729,-2229746295,4126308211
2023-01-11,174550637628,-206389446341,33622070720,-1783262007
2023-01-12,-437128069092,-48896312759,484324426507,1699955344
2023-01-13,212673442493,-777380012351,568166956507,-3460386649
2023-01-16,221760115487,-490635469163,287875008041,-18999654365
2023-01-17,-309599208464,128211145242,177096938359,4291124863
2023-01-18,-216606531678,148970003594,72844202020,-5207673936
2023-01-19,-314781166766,-260222916333,570303687240,4700395859
2023-01-20,9140626016,-246515509445,230833182842,6541700587
2023-01-25,27569236426,-790316852212,764694289172,-1946673386
2023-01-26,247197174161,-1052283311304,811983490377,-6897353234
2023-01-27,223472347820,-1184837159520,969598458710,-8233647010
2023-01-30,-412396266611,461934929411,16391080516,-65929743316
2023-01-31,155986944262,307562092182,-473355370269,9806333825
2023-02-01,-194933587855,-18286350406,198273913826,14946024435
2023-02-02,-277564748210,-354988673975,555099941063,77453481122
2023-02-03,-194097408740,-416284321787,586686231099,23695499428
2023-02-06,-506555519572,790363931834,-310182231439,26373819177
2023-02-07,-278769775728,326749537993,-55328347142,7348584877
2023-02-08,3996254775,-563986837795,579493365644,-19502782624
2023-02-09,-386297647459,214837750517,150225234479,21234662463
2023-02-10,-626916138858,554865761214,51936790066,20113587578
2023-02-13,-411776898792,342548928758,69358354394,-130384360
2023-02-14,301791681951,-385452768648,61184744015,22476342682
2023-02-15,-778198391039,1016278291832,-265748633671,27668732878
2023-02-16,848483656092,-936636245244,63691318850,24461270302
2023-02-17,-383364023719,223142740889,120610149121,39611133709
2023-02-20,172812524741,93390639480,-311962949072,45759784851
2023-02-21,-93937427474,33458232141,20549335163,39929860170
2023-02-22,-686572430166,885619893307,-191202791519,-7844671622
2023-02-23,300357837718,-331742672815,9076158433,22308676664
2023-02-24,-95742736699,359830615948,-298656769406,34568890157
2023-02-27,-419993179569,675724500493,-321694408694,65963087770
2023-02-28,410444315754,-145287291999,-288582881101,23425857346
2023-03-02,-90257918044,-404297460413,534022299467,-39466921010
2023-03-03,33558093728,21997023131,-90070521836,34515404977
2023-03-06,458255627220,-787681090075,323389982256,6035480599
2023-03-07,-134610749647,-216706676546,334799088009,16518338184
2023-03-08,-951379538172,942829095566,64234475542,-55684032936
2023-03-09,579864687878,360806322224,-972051587495,31380577393
2023-03-10,-237125513088,513207782291,-325825928937,49743659734
2023-03-13,307724447013,-328059038704,17922996648,2411595043
2023-03-14,26112457174,564947161297,-638411190268,47351571797
2023-03-15,290854530806,-247750503004,-78134639677,35030611875
2023-03-16,-2098699039,70255197293,-89488413372,21331915118
2023-03-17,81570314872,-174335830466,73512496293,19253019301
2023-03-20,106743918178,90055456323,-207709532505,10910158004
2023-03-21,114019690160,-83908965909,-55337568715,25226844464
2023-03-22,142784431226,-347093031514,203117627539,1190972749
2023-03-23,214887083171,-412223442655,212870664759,-15534305275
2023-03-24,-215337762391,181709657618,128276127713,-94648022940
2023-03-27,69706438069,34375535557,-94794657278,-9287316348
2023-03-28,323063218659,-279640574224,-42754951145,-667693290
2023-03-29,328328550149,-333949553630,24717476574,-19096473093
2023-03-30,-428858957618,-111452342806,263706974434,276604325990
2023-03-31,36938281445,-721671029874,684006549477,726198952
2023-04-03,-341204923210,486214710767,-162417844836,17408057279
2023-04-04,214166396805,80558586599,-310846072759,16121089355
2023-04-05,301207942960,-276283287877,-18579427456,-6345227627
2023-04-06,-498106407994,956127980550,-487858778068,29837205512
2023-04-07,286288782874,-1016411372708,693430648897,36691940937
2023-04-10,-28340333114,-673611948024,729530483173,-27578202035
2023-04-11,294827688169,-491615242803,183486476321,13301078313
2023-04-12,-146689436501,-108822315329,233488642833,22023108997
2023-04-13,497599975864,-180492525944,-346388477469,29281027549
2023-04-14,261436657452,-436377194725,166951231061,7989306212
2023-04-17,-323963823969,337783668966,-13518087397,-301757600
2023-04-18,-710150562071,363454241285,391271160865,-44574840079
2023-04-19,44820129822,-38497031148,-7224746573,901647899
2023-04-20,-75824732930,-87474723875,156730640996,6568815809
2023-04-21,-84067959927,-194902143346,280083532807,-1113429534
2023-04-24,104335931039,-82804898268,-36763630245,15232597474
2023-04-25,58703069,-2256127154,8622928119,-6425504034
2023-04-26,-154962435569,221876593242,-91398463430,24484305757
2023-04-27,-485106853178,186820560800,282605910905,15680381473
2023-04-28,-355056353256,136008158591,300457120499,-81408925834
2023-05-02,228515111851,-554470216078,342133543723,-16178439496
2023-05-03,-263296523446,348478029994,-90570055722,5388549174
2023-05-04,-269388645728,226686907429,40599509979,2102228320
2023-05-08,449450438150,-698089545405,250443761248,-1804653993
2023-05-09,63625781672,-177406584251,115887058991,-2106256412
2023-05-10,-111132074645,5925875335,117133513781,-11927314471
2023-05-11,84778722112,-84921466428,-29090614,171834930
2023-05-12,-106637069805,357669949458,-247854596571,-3178283082
2023-05-15,144902429770,-102938951711,-52579734995,10616256936
2023-05-16,-57492359093,-128120576786,228503259750,-42890323871
2023-05-17,157436270458,-331833951582,164823377602,9574303522
2023-05-18,-81705726857,-446636295600,536053635049,-7711612592
2023-05-19,558189115976,-1100768240002,554870540047,-12291416021
2023-05-22,533043093661,-787876193809,295796051100,-40962950952
2023-05-23,399381343204,-338430303849,-53941365883,-7009673472
2023-05-24,-185400201263,133128553850,46037435480,6234211933
2023-05-25,-614521014094,383223090532,226146904988,5151018574
2023-05-26,-506191680739,-413072600495,910267258232,8997023002
2023-05-30,-112615399766,-542081387082,672503629985,-17806843137
2023-05-31,-287215146264,46669811555,220188491010,20356843699
2023-06-01,-384707685880,358316514967,1282945624,25108225289
2023-06-02,199982032636,-576199866415,379823860761,-3606026982
2023-06-05,452841891047,-434543055997,-22958621572,4659786522
2023-06-07,348797936619,-295047492167,-42718851188,-11031593264
2023-06-08,318582119910,66436288731,-383311390817,-1707017824
2023-06-09,366456119821,-824044829470,476063430296,-18474720647
2023-06-12,-14935582944,345883107545,-339982849850,9035325249
2023-06-13,133805471196,-249134601581,137015632259,-21686501874
2023-06-14,-128394063390,39312105524,112645755649,-23563797783
2023-06-15,-190529589592,237051569542,-62025465767,15503485817
2023-06-16,-214444978810,-208730073636,429119971922,-5944919476
2023-06-19,-77326646037,430090784593,-360295823684,7531685128
2023-06-20,-134811547831,408336483074,-279619771177,6094835934
2023-06-21,-133257020022,620753738787,-196956354432,-290540364333
2023-06-22,214064469718,-105564448123,-109505752551,1005730956
2023-06-23,-444658031475,596228049678,-184363831620,32793813417
2023-06-26,229842776928,-224709366950,12481933361,-17615343339
2023-06-27,16061545534,58702039525,-102789008092,28025423033
2023-06-28,58791986147,301984127389,-392966685131,32190571595
2023-06-29,-179115545809,130634228363,57676595216,-9195277770
2023-06-30,229989771966,-70154039623,-175116682643,15280950300
2023-07-03,771128356761,-750265026104,-14839555452,-6023775205
2023-07-04,-298331876448,294231314142,-58184730327,62285292633
2023-07-05,-614309095615,321347072408,256919376572,36042646635
2023-07-06,-421568707176,551302438833,-166371615680,36637884023
2023-07-07,-765049611338,766216252941,-41420493650,40253852047
2023-07-10,-190079509098,311353952762,-153379993181,32105549517
2023-07-11,166389104339,-428291049415,263320144673,-1418199597
2023-07-12,28439542389,-266962779501,217024802290,21498434822
2023-07-13,507853355084,-718960217754,212103808706,-996946036
2023-07-14,775688802259,-1328958691769,614440947497,-61171057987
2023-07-17,-231308628016,425784692381,-168386479160,-26089585205
2023-07-18,-331511199097,477340085664,-156084804187,10255917620
2023-07-19,-325666229365,366842393347,-47424825239,6248661257
2023-07-20,-316434395652,150395367783,165233451916,805575953
2023-07-21,15353799142,281208711073,-289156201381,-7406308834
2023-07-24,-304634417597,471805487121,-171295019683,4123950159
2023-07-25,-68911122236,1376328343224,-1363064373430,55647152442
2023-07-26,-65982473843,993208478192,-946470642841,19244638492
2023-07-27,435056153149,-507095039012,80309456662,-8270570799
2023-07-28,-456468854074,392137695080,63788756126,542402868
2023-07-31,-92093383623,343954076102,-290734761576,38874069097
2023-08-01,333204109967,-550875834120,191861938672,25809785481
2023-08-02,-686620099345,773449064522,-67562749437,-19266215740
2023-08-03,-665854220187,809582821814,-149176659137,5448057510
2023-08-04,-235244574807,474882734584,-242270702632,2632542855
2023-08-07,-328566486131,28117361354,283022623199,17426501578
2023-08-08,-439720177991,556908631641,-139652595395,22464141745
2023-08-09,-294277028307,-87609785668,364057598680,17829215295
2023-08-10,-90686237355,260033395125,-232401929054,63054771284
2023-08-11,-6224384134,182927318195,-191160234401,14457300340
2023-08-14,-332780412875,427697082308,-118412597128,23495927695
2023-08-16,-358186956533,322451894771,-3300293178,39035354940
2023-08-17,-97830925105,86129805577,2270366877,9430752651
2023-08-18,-284309929296,358349652449,-104698110633,30658387480
2023-08-21,26973521187,-11328806555,-34331991072,18687276440
2023-08-22,-6077773615,50961236597,-15769238210,-29114224772
2023-08-23,-88536052734,80579090587,22958645960,-15001683813
2023-08-24,293567051960,-395331758237,109502511233,-7737804956
2023-08-25,-176228722100,379578449946,-193182784110,-10166943736
2023-08-28,304779448313,-270879973359,-24553071045,-9346403909
2023-08-29,65346051254,47729684771,-161008689180,47932953155
2023-08-30,176514730150,-178047129509,-20881084669,22413484028
2023-08-31,160701417920,11987950890,-213160384695,40471015885
2023-09-01,-218012302145,-176258789391,368611986889,25659104647
2023-09-04,-42666339267,-388234839495,407163121961,23738056801
2023-09-05,-150527124581,-40313808306,161253599514,29587333373
2023-09-06,-305686388273,339897057601,-68939141594,34728472266
2023-09-07,-274955813118,247014659126,-3547667683,31488821675
2023-09-08,108282914037,217047964691,-354209188974,28878310246
2023-09-11,34041627465,-75375405323,22057405978,19276371880
2023-09-12,54390088340,219681682323,-295171900401,21100129738
2023-09-13,54512211179,-189613936421,113190846251,21910878991
2023-09-14,1223251617523,-710969070065,-519651489685,7368942227
2023-09-15,1067975780361,-1127676824264,47363934165,12337109738
2023-09-18,-14299457067,391466624096,-375895772474,-1271394555
2023-09-19,-384564883556,316482460578,2617023146,65465399832
2023-09-20,51278288706,88929912256,-166339311597,26131110635
2023-09-21,-722057124859,768093646561,-66603053773,20566532071
2023-09-22,-97903751745,206952651215,-125284592718,16235693248
2023-09-25,69945937884,46634426296,-133778302994,17197938814
2023-09-26,-472919175931,494094003271,-40150886933,18976059593
2023-09-27,-78821633442,90144103268,-27317664433,15995194607
2023-10-04,-449482679316,832662623422,-417841433695,34661489589
2023-10-05,-6013047177,319014129229,-271088465142,-41912616910
2023-10-06,177110363980,141156108739,-325366074504,7099601785
2023-10-10,589804902730,-382069848545,-208607592031,872537846
2023-10-11,622155912761,-509750847808,-120881479242,8476414289
2023-10-12,262436802231,-191566723436,-61799602476,-9070476319
2023-10-13,-284438802046,422100205737,-157157775541,19496371850
2023-10-16,8681152061,194380589550,-210040773545,6979031934
2023-10-17,-137531661024,-277900327618,427478093890,-12046105248
2023-10-18,-48175001753,-278575414602,343409056396,-16658640041
2023-10-19,-247310836068,388539085296,-132634423972,-8593825256
2023-10-20,-175845869017,111816022306,211863559951,-147833713240
2023-10-23,70542958511,164610670624,-256292991250,21139362115
2023-10-24,36194540381,71508300764,-155202365116,47499523971
2023-10-25,-63128064474,361758146450,-342574755633,43944673657
2023-10-26,110829026885,322672081264,-478927576946,45426468797
2023-10-27,221216432154,101355412983,-379128321978,56556476841
2023-10-30,42380059267,-26020226368,-62610040315,46250207416
2023-10-31,-72068894001,343356211871,-324184328248,52897010378
2023-11-01,463114917225,-378442729113,-126941989996,42269801884
2023-11-02,272657002205,-436485348885,139989044332,23839302348
2023-11-03,163360812451,-304274663245,134843637318,6070213476
2023-11-06,222222955277,-936046859434,704864440468,8959463689
2023-11-07,-382003041930,458951355107,413724144544,-490672457721
2023-11-08,75721794911,-27879979918,-13349084649,-34492730344
2023-11-09,28360146036,-309689389592,278751265250,2577978306
2023-11-10,-103816763545,27141591312,49715946517,26959225716
2023-11-13,-7441845583,-23414232188,13115995390,17740082381
2023-11-14,626912884512,-543862390486,-93798407182,10747913156
2023-11-15,1091553984298,-1615372866409,549532740206,-25713858095
2023-11-16,-62046018546,-392741398704,455977790797,-1190373547
2023-11-17,-241221823693,292964585486,-73047058390,21304296597
2023-11-20,437881282163,-539382971439,96939744263,4561945013
2023-11-21,110170214654,-438296851264,351522548564,-23395911954
2023-11-22,-153080618410,-5788762618,143641162432,15228218596
2023-11-23,-81006427468,-57056342355,119897832324,18164937499
2023-11-24,42590459997,152213631379,-212568319581,17764228205
2023-11-27,251988820138,-140967705152,-107795386399,-3225728587
2023-11-28,573526321359,-482039656852,-94127232091,2640567584
2023-11-29,-138778490295,68607301554,80812887312,-10641698571
2023-11-30,257207149575,-375435240902,122675130424,-4447039097
2023-12-01,-414235181765,566470906591,-177454941894,25219217068
2023-12-04,171080424191,-413362720533,259167513340,-16885216998
2023-12-05,-176899890946,146568657781,29341083635,990149530
2023-12-06,240069110144,-95489605547,-145075988929,496484332
2023-12-07,-204925669405,151552137017,39876671012,13496861376
2023-12-08,437503104035,-660050158808,201286515482,21260539291
2023-12-11,163273493332,-199531209375,4660508804,31597207239
2023-12-12,593241065526,-689245187765,73025598565,22978523674
2023-12-13,94826375478,-2709732722,-131496339299,39379696543
2023-12-14,706143917907,-1348253580367,623418944679,18690717781
2023-12-15,305106297747,-1145610144314,848867382426,-8363535859
2023-12-18,-205246845623,141193912832,61946662572,2106270219
2023-12-19,66909132235,30786437898,-91328069546,-6367500587
2023-12-20,1154891192844,-1595223729405,473207698175,-32875161614
2023-12-21,39700792744,-54512728029,11982511917,2829423368
2023-12-22,238636362045,-205925909736,-36737661236,4027208927
2023-12-26,970166516657,-1052182206981,78228166224,3787524100
2023-12-27,-440070411410,204316826854,226145126521,9608458035
2023-12-28,660296872732,-1357079352701,694837177901,1945302068
2024-01-02,112165205550,-343870377518,226915636760,4789535208
2024-01-03,-1222478424264,1314461036518,-93578403569,1595791315
2024-01-04,-800059154599,669936052754,115091708625,15031393220
2024-01-05,-572825427647,598805550604,-43829693070,17849570113
2024-01-08,-437470262938,253003263113,173391297398,11075702427
2024-01-09,-64558686301,-7540962126,68169386750,3930261677
2024-01-10,-141299103243,353715858313,-21903672357,-190513082713
2024-01-11,-3029767531476,718111913540,2298299221416,13356396520
2024-01-12,-193870914795,401723380956,-214250302246,6397836085
2024-01-15,86828057865,-47417861528,-48325979596,8915783259
2024-01-16,-403792210102,582861615875,-179603934221,534528448
2024-01-17,-11238103470,850890869477,-902306682328,62653916321
2024-01-18,-18940939121,121313653887,-131253470754,28880755988
2024-01-19,-229395421066,-457867142406,701519702331,-14257138859
2024-01-22,-38795780554,-243169693232,295302976070,-13337502284
2024-01-23,205672111169,-359528878687,138294657285,15562110233
2024-01-24,-97730743825,92153564201,72738913664,-67161734040
2024-01-25,197165965802,-248044298107,46659210327,4219121978
2024-01-26,6851623453,-391514685774,377872741120,6790321201
2024-01-29,214902957610,-726325053520,547671000694,-36248904784
2024-01-30,192951091544,-188796172903,-13566313980,9411395339
2024-01-31,-3888069776,-81778777616,86691334888,-1024487496
2024-02-01,228639549443,-1210931240973,1039043341559,-56751650029
2024-02-02,647344242524,-2489627234134,1924659458611,-82376467001
2024-02-05,-724022499868,511242942890,179304082498,33475474480
2024-02-06,-229489180186,-129393317604,332009058978,26873438812
2024-02-07,626086265559,-1128918309992,535962643034,-33130598601
2024-02-08,305031304916,-720215768832,405494724748,9689739168
2024-02-13,490264070845,-1404472374885,948793468727,-34585164687
2024-02-14,-536223253010,409414137574,108756736955,18052378481
2024-02-15,-47730606262,33099552139,-16199985692,30831039815
2024-02-16,270579672398,-841142039294,558199953396,12362413500
2024-02-19,443320515350,-1017461606967,613875353366,-39734261749
2024-02-20,-344454448112,193243168029,108428531888,42782748195
2024-02-21,132277912056,-100486894660,-65205731988,33414714592
2024-02-22,74605598950,-274404659876,165718430268,34080630658
2024-02-23,-55477547986,-115108408883,149373969676,21211987193
2024-02-26,-85936333896,-42307216920,114727513316,13516037500
2024-02-27,-50684826748,167023390228,34747725842,-151086289322
2024-02-28,38503125927,-570760123850,477455900312,54801097611
2024-02-29,-513749738962,319235333946,176022584488,18491820528
2024-03-04,44534227547,-632730043244,767106930412,-178911114715
2024-03-05,-545147144953,398327517630,85517467853,61302159470
2024-03-06,-214058403348,535346508903,-374875367972,53587262417
2024-03-07,-23515318766,263224555423,-325579787711,85870551054
2024-03-08,697787363613,-906542076433,178791369021,29963343799
2024-03-11,-112459455848,180343726784,-105286521450,37402250514
2024-03-12,505483923122,-178127286106,-371913462330,44556825314
2024-03-13,-110253687387,-251718169028,333846762866,28125093549
2024-03-14,186478065769,-838890702063,472248470290,180164166004
2024-03-15,-60970947751,1019313300005,-1032318428515,73976076261
2024-03-18,225409959377,-186491942889,-84700213859,45782197371
2024-03-19,-701297446920,922636363349,-238793432112,17454515683
2024-03-20,586619789090,-1405421398643,851617830335,-32816220782
2024-03-21,1050626755705,-2914370470156,1870646091760,-6902377309
2024-03-22,-162991770212,-530962597999,665921459327,28032908884
2024-03-25,-290780764399,330583694030,-42837283115,3034353484
2024-03-26,482157224972,-1086065881025,620793960209,-16885304156
2024-03-27,144832473660,-353808903183,292020891168,-83044461645
2024-03-28,-244942287809,64653974293,74387714793,105900598723
2024-03-29,-286603572184,-488181307155,782981402909,-8196523570
2024-04-01,24728156407,-314919033116,268285750445,21905126264
2024-04-02,-348363309392,-627120735958,1006443887311,-30959841961
2024-04-03,-674598846463,677665988602,3413056490,-6480198629
2024-04-04,-14666134853,-564018835153,587525071540,-8840101534
2024-04-05,-470201520392,613622254364,-115360818885,-28059915087
2024-04-08,-112531115902,-93335963366,206401758298,-534679030
2024-04-09,-313183331695,-18279171296,306914959544,24547543447
2024-04-11,-1080260606349,31121208737,1062811046121,-13671648509
2024-04-12,-628447832356,590888631730,16642215601,20916985025
2024-04-15,-26670786908,244281204894,-238736895388,21126477402
2024-04-16,-236385439990,494345426497,-267774831203,9814844696
2024-04-17,-213859497938,360123439092,-165070305842,18806364688
2024-04-18,24653829001,-604754715811,574231776236,5869110574
2024-04-19,-667219591377,924518037720,-343622144402,86323698059
2024-04-22,783550352926,-58289701400,-749501327049,24240675523
2024-04-23,86531859901,203894130463,-24720626213,-265705364151
2024-04-24,362319323719,-866210490512,489047921997,14843244796
2024-04-25,-507126243200,836868237077,-284451725729,-45290268148
2024-04-26,68383583686,-561532306772,470446523078,22702200008
2024-04-29,330806172961,-692179915671,342248973706,19124769004
2024-04-30,283563451333,-529781204264,241205355673,5012397258
2024-05-02,-141785578589,145396843591,6348943232,-9960208234
2024-05-03,-6485441377,-118157047298,89816766097,34825722578
2024-05-07,774765274188,-1840380841179,1107283187463,-41667620472
2024-05-08,41134398071,-404373749308,399580748740,-36341397503
2024-05-09,-69130702258,414034756954,-354634955371,9730900675
2024-05-10,355503191394,-488717359353,148201212019,-14987044060
2024-05-13,16990075437,-17574848948,17496585656,-16911812145
2024-05-14,122643662844,-190807694936,80109242962,-11945210870
2024-05-16,593789205669,-964779168576,425869418632,-54879455725
2024-05-17,-149625651882,719386315032,-240947414458,-328813248692
2024-05-20,396663307831,-371968515201,-16860454939,-7834337691
2024-05-21,-327244512855,500155148331,-105786409280,-67124226196
2024-05-22,-33004053106,-264655909973,296794681065,865282014
2024-05-23,-371055667018,-15925270152,356730461580,30250475590
2024-05-24,-922091932144,1240624051727,-308015606256,-10516513327
2024-05-27,325928135636,-175991264562,-141030525725,-8906345349
2024-05-28,119562079303,-153566604326,45320642464,-11316117441
2024-05-29,-258165987157,1272412768705,-1022023805644,7777024096
2024-05-30,-447740007232,1190684879313,-777611930364,34667058283
2024-05-31,1065402833699,281198129004,-1339926320646,-6674642057
2024-06-03,233850074757,-423020604535,182825716466,6344813312
2024-06-04,-316037351589,516732180593,-203754825790,3059996786
2024-06-05,-259625396366,-330579521499,590086420293,118497572
2024-06-07,158196938516,-471534150374,287289126357,26048085501
2024-06-10,-566989066161,556561083059,17914870818,-7486887716
2024-06-11,-118424463015,343628522736,-223451990243,-1752069478
2024-06-12,9875812280,-242976061851,235948295664,-2848046093
2024-06-13,-105500000974,-1407226804827,1538714211035,-25987405234
2024-06-14,-467226655929,-213615185924,729520056439,-48678214586
2024-06-17,-139841286505,313127613014,-137360147446,-35926179063
2024-06-18,-224025144340,-342793093577,651082889627,-84264651710
2024-06-19,549329338465,-751003482345,273595308123,-71921164243
2024-06-20,165375865951,-584548289495,494062977049,-74890553505
2024-06-21,-27985802991,379108807991,-340324269766,-10798735234
2024-06-24,45731146521,467342664201,-528888575779,15814765057
2024-06-25,243423681516,-297252413252,58999284455,-5170552719
2024-06-26,-304986695243,-155655785247,433496897099,27145583391
2024-06-27,-771142734637,254733099658,515565137607,844497372
2024-06-28,240486036446,-284726571263,29510279949,14730254868
2024-07-01,54165331598,-7621256353,-64175374926,17631299681
2024-07-02,-351311743383,393176814863,-30116487666,-11748583814
2024-07-03,180002050997,-260201999254,100726518495,-20526570238
2024-07-04,1110552657028,-1416737837166,322009945181,-15824765043
2024-07-05,1256018879130,-2514725846194,1308636597977,-49929630913
2024-07-08,-347080987718,-187503307968,529786835231,4797460455
2024-07-09,-28547347150,-296869583551,327041542043,-1624611342
2024-07-10,13766148853,-279338051109,527495848626,-261923946370
2024-07-11,-84858375617,-347640978329,609857151817,-177357797871
2024-07-12,84229073724,472926949892,-551052490049,-6103533567
2024-07-15,125743887660,-36690686143,-77420675259,-11632526258
2024-07-16,96170139632,-290346842349,189604215980,4572486737
2024-07-17,142005413282,103653547933,-254234237913,8575276698
2024-07-18,13001150173,368863100508,-349071254758,-32792995923
2024-07-19,-363889014721,784819877898,-422892463376,1961600199
2024-07-22,-23790923922,141405528099,-84460040282,-33154563895
2024-07-23,-24556182132,-199031488227,250171854588,-26584184229
2024-07-24,40984241574,234507422587,-265378916630,-10112747531
2024-07-25,-152935749182,826680176096,-678522847160,4778420246
2024-07-26,398295014021,-372977360561,-47471711193,22154057733
2024-07-29,76782136485,-484670869905,444367252455,-36478519035
2024-07-30,-353859202541,726880926800,-240727282483,-132294441776
2024-07-31,48307392265,-177183934710,150306537994,-21429995549
2024-08-01,-173786742350,-300547729742,441188829842,33145642250
2024-08-02,-780729561870,1621448616993,-844884393264,4165338141
2024-08-05,-269281118374,1694484752138,-1519801103814,94597470050
2024-08-06,-325614797419,453390529118,-167708548070,39932816371
2024-08-07,-306452545212,293363963628,-17491149771,30579731355
2024-08-08,-282251882652,796175363017,-516734412538,2810932173
2024-08-09,34669431400,-37620048786,1720564705,1230052681
2024-08-12,146940477134,-196754196046,78095787111,-28282068199
2024-08-13,-63241769334,-27434054685,131829332118,-41153508099
2024-08-14,-114347608635,-316247613122,390109993775,40485227982
2024-08-16,215877724271,-1465806847932,1205453986865,44475136796
2024-08-19,-15549066331,138678018369,-117550394485,-5578557553
2024-08-20,3846213945,-279241194929,289012417600,-13617436616
2024-08-21,-26119456676,-13772860551,31383661658,8508655569
2024-08-22,42259682833,-112932957720,66147158990,4526115897
2024-08-23,345336259549,-103662229899,-241798908365,124878715
2024-08-26,399722184607,98637406839,-464813182719,-33546408727
2024-08-27,370080248927,-4399762509,-406553972181,40873485763
2024-08-28,252779701416,54848608815,-339637420644,32009110413
2024-08-29,-265666066274,619156956398,-417784361000,64293470876
2024-08-30,483079731834,-115249738003,-380659855005,12829861174
2024-09-02,-415083139287,157736687859,239157125838,18189325590
2024-09-03,-247056544378,513365417385,-287115016969,20806143962
2024-09-04,-730211391980,1650229078908,-988578652805,68560965877
2024-09-05,120383926587,465182186414,-589901969330,4335856329
2024-09-06,82946408561,170806962669,-264923067951,11169696721
2024-09-09,45031172502,469404766804,-540176017975,25740078669
2024-09-10,-59972126129,685060268648,-665386834157,40298691638
2024-09-11,42494840832,890683588689,-1028361162058,95182732537
2024-09-12,25515213769,-242422102700,278526207301,-61619318370
2024-09-13,436548652977,403651376774,-959633497371,119433467620
2024-09-19,879487938161,264072532868,-1171328271085,27767800056
2024-09-20,272835510768,-244382937290,-32650240007,4197666529
2024-09-23,344281218702,371259731461,-701864193552,-13676756611
2024-09-24,572131284766,-210094962999,-378950108572,16913786805
2024-09-25,549458509125,34771267495,-571826220911,-12403555709
2024-09-26,802355815121,-1263413221214,490428540742,-29371134649
2024-09-27,-431236042375,177610665452,265404388073,-11779011150
2024-09-30,-213500112535,1189202174865,-1000056524837,24354462507
2024-10-02,-705950584225,986820691453,-304775953300,23905846072
2024-10-04,-216841386660,67207152348,42836918047,106797316265
2024-10-07,85602156868,-146227772849,29034547534,31591068447
2024-10-08,-349792768409,697750579923,-376603625021,28645813507
2024-10-10,-295513377764,147663161495,160662672339,-12812456070
2024-10-11,277514506450,284926485415,-596310700164,33869708299
2024-10-14,328183460825,-456192690431,90442032953,37567196653
2024-10-15,11749081731,-343638531900,287808619342,44080830827
2024-10-16,-40039265717,653521169121,-657439358842,43957455438
2024-10-17,200733176226,161464764275,-404448779625,42250839124
2024-10-18,95039623765,359049281592,-477783920768,23695015411
2024-10-21,268299786991,-268391909854,18689669392,-18597546529
2024-10-22,-307339899033,567207118695,-280776348551,20909128889
2024-10-23,299046277243,-514135885833,211587850157,3501758433
2024-10-24,-53362209119,625365391249,-604193793697,32190611567
2024-10-25,76930960114,297287764139,-387187327704,12968603451
2024-10-28,466329623755,-335636677033,-139149932066,8456985344
2024-10-29,17788629516,109922429192,-119073421561,-8637637147
2024-10-30,41888818795,271122618887,-335805013834,22793576152
2024-10-31,331548012091,557133056330,-858274424201,-30406644220
2024-11-01,-188102839363,212738269933,-37628239659,12992809089
2024-11-04,341734557028,-383820595678,28423063279,13662975371
2024-11-05,-285679130903,388256601844,-143461810274,40884339333
2024-11-06,51976842753,1744126102,-102709168740,48988199885
2024-11-07,109774735179,-237609718184,107562779532,20272203473
2024-11-08,117505106488,-111807635622,-13078799708,7381328842
2024-11-11,-237953779478,676431971494,-482115100864,43636908848
2024-11-12,-31775256965,330930757419,-309698415907,10542915453
2024-11-13,-64236743277,651160289777,-628127165567,41203619067
2024-11-14,282308911722,-114243190559,-232061616202,63995895039
2024-11-15,-30246048235,37885068242,-61344790777,53705770770
2024-11-18,-17057516040,5295971890,-50332265209,62093809359
2024-11-19,458109590236,-169127223730,-330335810391,41353443885
2024-11-20,173660902999,-91038664034,-183666167317,101043928352
2024-11-21,296823436538,-125256570329,-259962285911,88395419702
2024-11-22,322612044800,-533187240164,116151967266,94423228098
2024-11-25,453148641951,-451456051400,-76773611063,75081020512
2024-11-26,-237358108453,186167741381,-67600393369,118790760441
2024-11-27,300428357388,-33034757659,-334396686262,67003086533
2024-11-28,310513252758,79756233267,-491391527088,101122041063
2024-11-29,50891883004,588152993953,-748289991699,109245114742
2024-12-02,389155225218,-320023091335,-130141451443,61009317560
2024-12-03,279573700365,-833758455862,564512256207,-10327500710
2024-12-04,16233457535,339821650307,-407964119359,51909011517
2024-12-05,56210085024,163662995078,-316443118315,96570038213
2024-12-06,825605577043,-581630312427,-284258264617,40283000001
2024-12-09,691610151433,-890887866937,104877528032,94400187472
2024-12-10,459595242775,-420978634102,-106673721263,68057112590
2024-12-11,176488914794,-122733897879,-141293986510,87538969595
2024-12-12,156307495040,-251962013078,-22687955830,118342473868
2024-12-13,139793998615,-82134947562,-174555966539,116896915486
2024-12-16,126762673,366771552852,-432146687084,65248371559
2024-12-17,156602372357,464712331575,-701242480684,79927776752
2024-12-18,133871724852,-468393282743,392184540472,-57662982581
2024-12-19,-509884826185,802366475118,-428774486152,136292837219
2024-12-20,-88317494048,789015526644,-818078479995,117380447399
2024-12-23,435171933953,-683638375514,144860998476,103605443085
2024-12-24,23902776124,-106850051501,-6623389234,89570664611
2024-12-26,185774794420,-324234764530,19863455137,118596514973
2024-12-27,-115903698813,225610035597,-171568640168,61862303384
2024-12-30,55731670240,-30624008629,-120480086126,95372424515
2025-01-02,-258874410234,414314011982,-238808156594,83368554846
2025-01-03,320434669266,-698474383288,280111930741,97927783281
2025-01-06,65352493071,-537025903119,366240428055,105432981993
2025-01-07,-42261436468,-204859770038,158655922238,88465284268
2025-01-08,109580929347,-385477969934,220899882401,54997158186
2025-01-09,-505599126176,-327023196650,748199460921,84422861905
2025-01-10,-397552126513,338109207814,-1560767087,61003685786
2025-01-13,25960951826,748555677036,-871743772221,97227143359
2025-01-14,-57985495095,299229341936,-294643676338,53399829497
2025-01-15,-258995317010,123099652010,56138744442,79756920558
2025-01-16,18979488995,-575708075975,624434647464,-67706060484
2025-01-17,-100657566276,286414640170,-233065044601,47307970707
2025-01-20,66439742491,276664348149,-416208092881,73104002241
2025-01-21,62040445683,53421460208,-173124729473,57662823582
2025-01-22,420825500684,-823193950261,350002226977,52366222600
2025-01-23,-203208485996,759570967501,-617365995846,61003514341
2025-01-24,43624234596,-383002909677,275148033604,64230641477
2025-01-31,285913588902,962045687957,-1167900441799,-80058835060
2025-02-03,-370422089516,1122017573951,-868868766049,117273281614
2025-02-04,123061858295,-293175378901,79901713570,90211807036
2025-02-05,31185815254,-192935265838,64537100741,97212349843
2025-02-06,161175589220,-605983406108,351596767077,93211049811
2025-02-07,-209862347061,330204748922,-238921877538,118579475677
2025-02-10,262648472716,-69984426123,-278637005116,85972958523
2025-02-11,243670762416,-469399102312,140153875725,85574464171
2025-02-12,-221735686441,-198187313204,372912249819,47010749826
2025-02-13,672980387114,-609604568118,-113833628350,50457809354
2025-02-14,366093225236,-65221006215,-321788789424,20916570403
2025-02-17,243084270421,-33570169570,-222835275993,13321175142
2025-02-18,164848051186,-188369596315,18509465879,5012079250
2025-02-19,776736685935,-1218619458109,392742348319,49140423855
2025-02-20,-107929438042,290715744783,-290360706365,107574399624
2025-02-21,118110536250,2781565209,-218064383571,97172282112
2025-02-24,-92519693045,192900573056,-203979010555,103598130544
2025-02-25,-94426591128,312081322979,-318971095564,101316363713
2025-02-26,240366228107,-20123644445,-322758328153,102515744491
2025-02-27,-338877670836,480963608159,-175355512233,33269574910
2025-02-28,-616687106773,2032382656492,-1552444913994,136749364275
2025-03-04,-147320808920,204382469527,-189645808872,132584148265
2025-03-05,47855667126,91066500284,-223347606939,84425439529
2025-03-06,156144652402,-369304105752,138207974010,74951479340
2025-03-07,27856131122,-194120499877,59605484234,106658884521
2025-03-10,142750024810,209667744371,-424196449310,71778680129
2025-03-11,-238060527473,492939309810,-1537257307360,1282378525023
2025-03-12,31867264214,-504958414021,378982087826,94109061981
2025-03-13,444773544214,-73727742866,-480416738535,109370937187
2025-03-14,-20501352189,207853019949,-289400129540,102048461780
2025-03-17,494744914949,-1180353839193,615221716565,70387207679
2025-03-18,95013526205,-612601232385,440755734243,76831971937
2025-03-19,287328491126,-674359406045,302647861883,84383053036
2025-03-20,66431924499,-701303580484,548668324870,86203331115
2025-03-21,-401954932372,-537856613617,847766724707,92044821282
2025-03-24,-28815092997,-78072551149,7650077994,99237566152
2025-03-25,69077231040,-64208792928,-78712523646,73844085534
2025-03-26,260278092505,-679767099398,350382266536,69106740357
2025-03-27,-315162549116,119583160856,87710525091,107868863169
2025-03-28,3124159748,540832139068,-640312444210,96356145394
2025-03-31,667341521839,789060533771,-1575449626349,119047570739
2025-04-01,180611969545,86643959926,-390131836623,122875907152
2025-04-02,147993900540,479139129768,-724163135384,97030105076
2025-04-03,461007107795,801357568034,-1375238308994,112873633165
2025-04-04,621083532821,1077003876813,-1786867965800,88780556166
2025-04-07,257110500943,1672137875705,-2095740628323,166492251675
2025-04-08,-89842804874,602936971302,-642484237175,129390070747
2025-04-09,-69828647099,938876183274,-1000654553663,131607017488
2025-04-10,668231509086,-1069273712266,328744438726,72297764454
2025-04-11,137846685916,433927493486,-688820910856,117046731454
2025-04-14,-6669629343,193924281753,-241984461732,54729809322
2025-04-15,183126814301,-146752801669,-117717431287,81343418655
2025-04-16,-15311474732,383464238589,-457723440706,89570676849
2025-04-17,368859206372,-110217398766,-351893104994,93251297388
2025-04-18,81561573648,-22341226592,-105169139086,45948792030
2025-04-21,23361905583,186369417575,-288632483128,78901159970
2025-04-22,10662675005,166715363052,-242999390956,65621352899
2025-04-23,686622730594,-548474619474,-197746450834,59598339714
2025-04-24,-198709373069,135076872106,-7708410105,71340911068
2025-04-25,507219548646,-774123444810,612554881277,-345650985113
2025-04-28,91552023475,-49615248271,-85414384607,43477609403
2025-04-29,-580412351813,-159096949862,692533312776,46975988899
2025-04-30,-221015660439,305528164765,-168787890017,84275385691
2025-05-02,322822327954,-234941754547,-170207281085,82326707678
2025-05-07,86944158905,-464596166854,348749980035,28902027914
2025-05-08,-189768748055,-1272039154,130292671655,60748115554
2025-05-09,-187285680725,63193736999,67531039412,56560904314
2025-05-12,342908323654,-390677339862,-7136093983,54905110191
2025-05-13,-89286152649,-135989591209,171437557383,53838186475
2025-05-14,534775999876,-1002421637348,470380155005,-2734517533
2025-05-15,-368057587851,45998914240,272308945480,49749728131
2025-05-16,113357862684,-282294932328,169421760258,-484690614
2025-05-19,-194768285181,298602351170,-113359013566,9524947577
2025-05-20,61003199298,20553770476,-114478880653,32921910879
2025-05-21,104568454511,-331546163923,192024458137,34953251275
2025-05-22,-431916913475,684835074401,-223713281254,-29204879672
2025-05-23,-102642931357,134726625712,-58496023319,26412328964
2025-05-26,432290131169,-515793878896,101519555015,-18015807288
2025-05-27,-20103128153,53674718853,-78150189064,44578598364
2025-05-28,743757365323,-990695885958,299869574185,-52931053550
2025-05-29,684162754643,-996293425563,289704312663,22426358257
2025-05-30,-15985412248,605082973403,-607042486859,17944925704
2025-06-02,-241471165549,98174472629,125015860996,18280831924
2025-06-04,204638343689,-1225950250573,1050710507613,-29398600729
2025-06-05,220668701678,-1189190568565,980059256787,-11537389900
2025-06-09,-733175769677,-230060856896,976675894648,-13439268075
2025-06-10,14187118504,-626911817020,632296769925,-19572071409
2025-06-11,230383318505,-366279677043,166084516892,-30188158354
2025-06-12,-230429635470,-179372349893,407286098349,2515887014
2025-06-13,-646063384807,467376637111,121031913221,57654834475
2025-06-16,252399853157,46336398678,-322400630611,23664378776
2025-06-17,-100625902406,224516760159,-95257934062,-28632923691
2025-06-18,110118710491,-431823111183,287048512142,34655888550
2025-06-19,-301775558158,349996172424,-82587787419,34367173153
2025-06-20,37228244464,-596587665389,562551825000,-3192404075
2025-06-23,-948506269171,1379737330900,-366757662037,-64473399692
2025-06-24,259382348233,-567559328482,438255800267,-130078820018
2025-06-25,-588335023653,757991128985,-110771654554,-58884450778
2025-06-26,-408021845323,832543762503,-579413155371,154891238191
2025-06-27,343356203643,486804505568,-857960562916,27799853705
2025-06-30,475723585607,189201924744,-648948994942,-15976515409
2025-07-01,474495645350,-640517494119,175990491491,-9968642722
2025-07-02,72030633422,232887314089,-327772625933,22854678422
2025-07-03,548390638149,-1232988586443,642679905950,41918042344
2025-07-04,-382244217520,257471765773,162380501500,-37608049753
2025-07-07,-81051538440,155829824927,-93659936327,18881649840
2025-07-08,-32643905578,-254918918473,246138541485,41424282566
2025-07-09,-57076587509,430965199985,-410524785931,36636173455
2025-07-10,44673595933,-586852576435,469370078590,72808901912
2025-07-11,-74288684251,124981960702,325933147798,-376626424249
2025-07-14,-94654288927,-356839722153,370654086922,80839924158
2025-07-15,-16706567128,-310246142835,212333725568,114618984395
2025-07-16,-552521477568,401643624426,55486246323,95391606819
2025-07-17,158285735249,-335552703118,49334506563,127932461306
2025-07-18,32046643462,-341074144655,187843739271,121183761922
2025-07-21,99433590864,-1057841096072,893526859257,64880645951
2025-07-22,-412749950778,478049258195,-128779674000,63480366583
2025-07-23,191741847080,-698161202640,422800798785,83618556775
2025-07-24,127317870685,-951263341691,738622325283,85323145723
2025-07-25,110011400619,-461583546988,270579295376,80992850993
2025-07-28,452025095461,-997518346048,475280012830,70213237757
2025-07-29,116667598449,-825891434822,605394948392,103828887981
2025-07-30,330708145089,-984432056175,578346734768,75377176318
2025-07-31,-705251647747,223517816286,344963126100,136770705361
2025-08-01,-1071973959139,1628294453278,-652419629727,96099135588
2025-08-04,131617717591,-299575204687,82952364051,85005123045
2025-08-05,94670099779,-478457590780,291894192196,91893298805
2025-08-06,-402029246448,47394406643,280383444511,74251395294
2025-08-07,109241961820,-204829354872,-17128043288,112715436340
2025-08-08,-131813631998,183521736525,-157623253174,105915148647
2025-08-11,-216007804596,-140726036469,216860026427,139873814638
2025-08-12,-98063778575,63445355515,-60396471352,95014894412
2025-08-13,-80912489856,-664773774786,634925268055,110760996587
2025-08-14,19668852655,-53374019376,-77938222425,111643389146
2025-08-18,81264715972,356968505072,-488095860361,49862639317
2025-08-19,253889827734,90396487472,-454392242213,110105927007
2025-08-20,502399149040,-392911883978,-218460960217,108973695155
2025-08-21,159825369627,-259127569716,-15219371162,114521571251
2025-08-22,155607020292,-457174919453,182565204518,119002694643
2025-08-25,154344027863,-385715710412,122446679010,108925003539
2025-08-26,-265713038035,851938193741,-683641514506,97416358800
2025-08-27,27685143548,56898386694,-202259157432,117675627190
2025-08-28,326383974869,-393854896770,-24102294620,91573216521
2025-08-29,64789068871,235313020436,-372371707807,72269618500
2025-09-01,-194015528758,346926276127,-271992008594,119081261225
2025-09-02,-141647061950,-347355381159,400989246912,88013196197
2025-09-03,-375605702502,-156343707045,435947639055,96001770492
2025-09-04,-23218341817,-284749283667,202512960236,105454665248
2025-09-05,112418902273,-55219557960,-137436167338,80236823025
2025-09-08,77834051975,-384846287743,230068865375,76943370393
2025-09-09,280615000953,-1037072124917,680808624516,75648499448
2025-09-10,904642820662,-2263412257864,1381737748521,-22968311319
2025-09-11,822538944315,-1149255055498,299994315282,26721795901
2025-09-12,611858092630,-2028716674860,1435493080357,-18634498127
2025-09-15,-137631875449,-137373876674,266720651667,8285100456
2025-09-16,108292237478,-1763694208025,1792728813127,-137326842580
2025-09-17,-307531277786,252158813817,-34737445934,90109909903
2025-09-18,429405364402,-781575710433,285113783983,67056562048
2025-09-19,-335726472774,533232416562,-308043114005,110537170217
2025-09-22,267154835816,-768202556164,565291519475,-64243799127
2025-09-23,-136325868569,-246208736001,341364655716,41169948854
2025-09-24,212404698232,1703608564,-248646171083,34537864287
2025-09-25,270684199746,-541056676748,219607190258,50765286744
2025-09-26,-489151538005,1099714578308,-570723467875,-39839572428
2025-09-29,301427855442,-747978242746,447158464866,-608077562
2025-09-30,-49701444650,-26459201148,23010842639,53149803159
2025-10-01,220785734133,-1081215968692,845479306657,14950927902
2025-10-02,-67494864641,-3071501688403,3126495557624,12500995420
2025-10-10,-593625744034,-502205481964,1059155437264,36675788734
2025-10-13,-447053529181,1164887446708,-822045849472,104211931945
2025-10-14,-629949724197,2032610895,558110342895,69806770407
2025-10-15,751244684647,-970634907511,163126960151,56263262713
2025-10-16,781334358462,-1393575835595,653284978657,-41043501524
2025-10-17,-168824894252,-312231103199,443789523706,37266473745
2025-10-20,642782201892,-410871483240,-249966017836,18055299184
2025-10-21,211597377289,-155647822487,-12356803635,-43592751167
2025-10-22,763258177231,-76940439605,-703276232668,16958495042
2025-10-23,-397163655872,750469443686,-407144363935,53838576121
2025-10-24,1405424779261,-2000473430059,575575156471,19473494327
2025-10-27,234313115221,-796853163819,647078464393,-84538415795
2025-10-28,92515404843,1572810962804,-1637906155102,-27420212545
2025-10-29,519641066853,-358345186284,-106609485622,-54686394947
2025-10-30,-837908856533,936318780063,-117263096807,18853173277
2025-10-31,-1106353204612,-201763499630,1321168942225,-13052237983
2025-11-03,184063777621,625562748965,-794896105270,-14730421316
2025-11-04,-498871597317,2700876159952,-2228203062377,26198499742
2025-11-05,-187678526688,2553806449366,-2069528758717,-296599163961
2025-11-06,830106353177,883953376104,-1695002510569,-19057218712
2025-11-07,-244601749401,679058071186,-455011222242,20554900457
2025-11-10,1306560118446,-1160702124044,-151023699612,5165705210
2025-11-11,224740119047,-283050576825,77010145674,-18699687896
2025-11-12,909304152453,-442326009195,-426514383378,-40463759880
2025-11-13,-717863772288,-234260918734,998946017110,-46821326088
2025-11-14,-900518750937,3234612905719,-2357543690043,23449535261
2025-11-17,-24507260579,-499983170608,518857239208,5633191979
2025-11-18,-678836202084,1238200968592,-549994869749,-9369896759
2025-11-19,625601627343,445030681609,-1049521678701,-21110630251
2025-11-20,756611433034,-1381721757538,740564800746,-115454476242
2025-11-21,493544884258,2269504229455,-2822902740058,59853626345
2025-11-24,1271869709365,-461934107492,-799256846123,-10678755750
2025-11-25,31536418040,-27561501598,4924689852,-8899606294
2025-11-26,1227984194567,-1804817491682,515757096721,61076200394
2025-11-27,432571516218,-615208082321,154561957973,28074608130
2025-11-28,458703640136,1568455037497,-2036874237208,9715559575
2025-12-01,-233264531773,52849970827,223495087548,-43080526602
2025-12-02,392876412814,-1576257057999,1214693873468,-31313228283
2025-12-03,736412064273,-898436662744,281643252127,-119618653656
2025-12-04,131833095944,558537402416,-696014100343,5643601983
2025-12-05,1152794416606,-2115649355095,993377421609,-30522483120
2025-12-08,-30750010068,-344917673748,321097925014,54569758802
2025-12-09,49406756729,-13316222951,-88931140553,52840606775
2025-12-10,-300289133306,-88919227288,373916535366,15291825228
2025-12-11,-775302720113,392249780953,365629542859,17423396301
2025-12-12,1418401432314,-1462492883754,41438847345,2652604095
2025-12-15,-480294289107,1421049362377,-956864737233,16109663963
2025-12-16,-230896622481,1241020412992,-1030510184994,20386394483
2025-12-17,335296130468,-337416851824,-32197418320,34318139676
2025-12-18,-100576420243,412953927143,-345940659358,33563152458
2025-12-19,854092561775,-141250142331,-757252923328,44410503884
2025-12-22,1605470286997,-2671442151621,1101702306405,-35730441781
2025-12-23,352698589372,-1285301049289,955107240513,-22504780596
2025-12-24,203889109402,-717073555017,522500928426,-9316482811
2025-12-26,443547202137,-2326467768137,1779048244137,103872321863
2025-12-29,-313274790525,66112377803,333657871492,-86495458770
2025-12-30,-376313975016,844810840951,-476829899047,8333033112
2026-01-02,-247657510168,-425191162424,630930347181,41918325411
2026-01-05,-704560046644,-1514132746064,2172631108243,46061684465
2026-01-06,-66435136390,596306968273,-618423575211,88551743328
2026-01-07,-939719802366,-294372102548,1254771463403,-20679558489
2026-01-08,-1401406595131,1253964269897,-97854372084,245296697318
2026-01-09,1204591351365,133924237297,-1606829385593,268313796931
2026-01-12,210069173736,-101323361161,-351223680612,242477868037
2026-01-13,788132480167,-712512927317,-279274378089,203654825239
2026-01-14,588711206610,-437732748184,-376006906006,225028447580
2026-01-15,1290549747197,-1823510023785,344957890535,188002386053
2026-01-16,308347116093,-938252028497,434998324075,194906588329
2026-01-19,-25642092639,-751280291693,553218192144,223704192188
2026-01-20,-649971374712,352440222604,123175331239,174355820869
2026-01-21,321674652597,-996543774982,439399466579,235469655806
2026-01-22,-156829850910,155544155849,-243170833470,244456528531
2026-01-23,478962766496,-723937500239,143820244344,101154489399
2026-01-26,-1541420013199,1715655293003,-158813475105,-15421804699
2026-01-27,247398776513,-1019705108207,844810737722,-72504406028
2026-01-28,-1402102942288,1213077810991,400788090530,-211762959233
2026-01-29,-167311965786,1617281206128,-1489664191224,39694950882
2026-01-30,-424097885676,2297931825297,-1972888171334,99054231713
2026-02-02,-2212550033243,4587422032159,-2516782977501,141910978585
2026-02-03,2170791453382,-2942271907278,703797224072,67683229824
2026-02-04,1783625006319,-1011873695979,-941267105888,169515795548
2026-02-05,-2069271187792,6779074094183,-5010769631710,300966725319
2026-02-06,941368676394,2173604694161,-3323262023404,208288652849
2026-02-09,2712339196769,-3294703632302,432014443684,150349991849
2026-02-10,564307735521,-877983534528,147401952607,166273846400
2026-02-11,692660036532,-1714888617937,846121628848,176106952557
2026-02-12,1380001667469,-4454691937676,2995403902686,79286367521
2026-02-13,83065545270,714122266181,-922032240628,124844429177
2026-02-19,1654219924740,-860916939279,-939568992599,146266007138
2026-02-20,1614950004823,-987250143135,-742024922789,114325061101
2026-02-23,-127121967255,1081514407090,-1113163675644,158771235809
2026-02-24,2377272957285,-2286114966638,-201345293505,110187302858
2026-02-25,1470124842242,230708399291,-1308239622357,-392593619176
2026-02-26,1256912628353,649753777013,-2113478953912,206812548546
2026-02-27,566621550399,6249572015585,-7052755917317,236562351333
2026-03-03,-885917938073,5797435116262,-5148704880655,237187702466
2026-03-04,-597824243365,79581921485,230260805890,287981515990
2026-03-05,-1718559699122,1822811165903,-144564366301,40312899520
2026-03-06,-1114155720638,2948792695782,-1941817020609,107180045465
2026-03-09,-1544058422897,4624213469630,-3173537497780,93382451047
2026-03-10,916404311114,-1833954520513,1028253956525,-110703747126
2026-03-11,782135420831,-508618474128,-256257157597,-17259789106
2026-03-12,77530029135,2229145808643,-2383104255114,76428417336
2026-03-13,-1043403661756,2451168486203,-1450151195302,42386370855
2026-03-16,91068348977,716354973147,-848545681464,41122359340
2026-03-17,734056815711,-575205789665,-174045790319,15194764273
2026-03-18,3109262842413,-3871669299907,880183925497,-117777468003
2026-03-19,-664895639966,2411569384552,-1876040578471,129366833885
2026-03-20,-1026015603868,2233843409079,-1240161564517,32333759306
2026-03-23,-3817298062623,7002865842895,-3675071260972,489503480700
2026-03-24,968313589975,726959037961,-1986273672403,291001044467
2026-03-25,2322962665451,-1340225271395,-1289483771400,306746377344
2026-03-26,-299924291183,3059800464740,-2937020624064,177144450507
2026-03-27,778472507114,2259609106954,-3428600198031,390518583963
2026-03-30,844955351237,894519330948,-2094507403429,355032721244
2026-03-31,1025064531679,2439975790640,-3838556095940,373515773621
2026-04-01,4041874436569,-3762839014337,-641053419155,362017996923
2026-04-02,-1451708272004,1209746108057,-136809850507,378772014454
2026-04-03,738959668798,-2095232844889,803528807974,552744368117
2026-04-06,837148006190,-1050174737549,-159572530409,372599261768
2026-04-07,-400081959661,-342931874097,370372327760,372641505998
2026-04-08,2726770394776,-5416119637615,1908877774595,780471468244
2026-04-09,-2512488496601,295000823204,1847646992361,369840681036
2026-04-10,-203107649113,-1228043614578,1064128295685,367022968006
2026-04-13,-669837211792,717335465544,-457899726242,410401472490
2026-04-14,1254458601698,-2391883308222,827636982525,309787723999
2026-04-15,36807337289,-940028174882,497336112981,405884724612
2026-04-16,1078312991155,-1804981758958,481387272077,245281495726
2026-04-17,150108474594,1446409451303,-1997433022616,400915096719
2026-04-20,293793137597,-315833698549,-233789885590,255830446542
2026-04-21,918068087791,-1920425893772,1156458688355,-154100882374
2026-04-22,-404586193903,1198372279038,-676199166361,-117586918774
2026-04-23,-296549298520,451363565012,-82029475914,-72784790578
2026-04-24,805313238881,1183246082455,-1949625431536,-38933889800
2026-04-27,1134930690491,-1975755229902,856309564362,-15485024951
2026-04-28,353200924898,-130556926957,-184346135074,-38297862867
2026-04-29,477066017809,168131255833,-607069645305,-38127628337
2026-04-30,283792403208,1182435282900,-1455932900363,-10294785745
2026-05-04,2009778368731,-4793554205749,2930781046308,-147005209290
2026-05-06,-2289423705027,-571460160923,3108504156023,-247620290073
2026-05-07,891693196851,5992456051002,-6698677511479,-185471736374
2026-05-08,1254235715271,3970674545455,-5296666497319,71756236593
2026-05-11,-45811812144,2866857948477,-2814735320009,-6310816324
2026-05-12,-1213799406510,6681827189926,-5608972221835,140944438419
2026-05-13,1687602172993,1886837224070,-3722651041632,148211644569
2026-05-14,192721414900,1849914672172,-2144998926181,102362839109
2026-05-15,-1734715679164,7230783541527,-5603949473238,107881610875
2026-05-18,1390378624453,2209432084781,-3649181592018,49370882784
2026-05-19,157475263234,5628947333872,-5724241885627,-62180711479
2026-05-20,1106962003097,1710442795942,-2930951913359,113547114320
2026-05-21,2900833284774,-2675362676372,-221187255471,-4283352931
2026-05-22,758319231649,1065462936426,-1922137348806,98355180731
2026-05-26,816766462945,-574538032703,-132057162469,-110171267773
2026-05-27,-12554928224,406440673710,-249283661778,-144602083708
2026-05-28,-1042161646858,3614582923426,-2741423356812,169002080244
2026-05-29,2368782530707,-1405413404417,-1042061224509,78692098219
2026-06-01,2442734402012,386231493075,-2821919938662,-7045956425
2026-06-02,-54581539354,6353747500232,-6303527747372,4361786494
2026-06-04,1525451417948,5013493246131,-6666258812628,127314148549
2026-06-05,-1380859195556,4223997369786,-2763793534728,-79344639502
2026-06-08,-1716421115525,1762763256491,-264434687569,218092546603
2026-06-09,2504819861719,-616691027307,-2006385462049,118256627637
2026-06-10,-2266525448946,4864291077283,-2775388676477,177623048140
2026-06-11,-756138214272,2080253723825,-1464016783153,139901273600
2026-06-12,2286978507345,-4317449210947,2204090964626,-173620261024
2026-06-15,446150928645,-1512354476864,1077439453261,-11235905042
2026-06-16,707639486920,-2184145612019,1535308337697,-58802212598
2026-06-17,595662689477,525407174087,-995168911131,-125900952433
2026-06-18,-768222503858,-415616109847,1277623506364,-93784892659
2026-06-19,-1224429261550,1647837497702,-355511281466,-67896954686
2026-06-22,303392723767,2150592309455,-2546552111684,92567078462
2026-06-23,-4476010594245,8590959838666,-4204745511304,89796266883
2026-06-24,1909547585373,2631247369628,-4654581482884,113786527883
2026-06-25,3324420926752,-2413628428783,-875357677161,-35434820808
2026-06-26,-4122382290990,8191914462922,-4290583447403,221051275471
2026-06-29,2932671361947,4597523451051,-7733173563449,202978750451
2026-06-30,2933197152517,840145149876,-3799200281467,25857979074
2026-07-01,-69989140851,1736962309714,-1702844682265,35871513402
2026-07-02,-2082530852810,6241276991124,-4370568861758,211822723444
2026-07-03,4407883765211,-2294244849992,-2175019501794,61380586575
2026-07-06,-1461842879984,2682906194491,-1314367605093,93304290586
2026-07-07,-310762059568,3135872544572,-2917227300818,92116815814
2026-07-08,-355216418536,-35780410059,343684749277,47312079318
2026-07-09,1288449517552,-1327759149575,134309337529,-94999705506
2026-07-10,1131391195463,-780456198835,-322774928477,-28160068151
2026-07-13,-2233823130778,3886877194117,-1670548199599,17494136260
2026-07-14,3211674893321,-4141089409066,956508341713,-27093825968
2026-07-15,199209399429,-2466617983510,2303147161905,-35738577824
2026-07-16,-2383101440612,3664672283347,-1366513327563,84942484828
2026-07-20,-923489562779,349006643501,519818325536,54664593742
2026-07-21,1374442420812,-1642051190963,295156052056,-27547281905
2026-07-22,-1396304121066,-1217613031947,2621088153737,-7171000724
2026-07-23,97550761999,-2207706846282,2135890428708,-25734344425
2026-07-24,-1951440805082,5178227576349,-3268336059869,41549288602
2026-07-27,859536458189,1978839287911,-2881111306323,42735560223
2026-07-28,183030837507,4315196845084,-4500876590236,2648907645
2026-07-29,3176944556864,-1970097761933,-1250217230563,43370435632
2026-07-30,80522818815,-1430884319848,1328009849612,22351651421
2026-07-31,1150288377561,-8283997766512,7240983259815,-107273870864
2026-08-03,-1951626631819,4652309467002,-2822020992412,121338157229
2026-08-04,-538461970735,818661597786,-371610123888,91410496837
2026-08-05,-283756507370,-1184395808956,1446367785275,21784531051
2026-08-06,-121432979716,3336698439523,-3289273582814,74008123007
2026-08-07,585372759153,267529553591,-865101351861,12199039117
2026-08-10,569154428443,900252155268,-1490868124271,21461540560
2026-08-11,21247714866,-70758520471,53515660549,-4004854944
2026-08-12,527900780018,-3191075700212,2835391684751,-172216764557
2026-08-13,683411217345,-2741033003861,2110210322563,-52588536047
2026-08-14,-1029822538789,-1982030091838,3038710607036,-26857976409
2026-08-18,-795137033261,741996842982,91404379484,-38264189205
2026-08-19,-1338951727811,4635672224050,-3472598237304,175877741065
2026-08-20,-489513680779,-2271236483543,1706838874475,1053911289847
2026-08-21,248081816300,-1165243517771,-175962421089,1093124122560
2026-08-24,-1290118569223,3321735158691,-3669086244766,1637469655298
2026-08-25,1171082954788,1050905481654,-3813987991652,1591999555210
2026-08-26,761514681877,-2246091857589,-114831684860,1599408860572
2026-08-27,183528283004,-1911574582153,133282442497,1594763856652
2026-08-28,-1187553242961,419377763150,-852451551905,1620627031716
2026-08-31,-789140666263,-146406223015,-643444956971,1578991846249
2026-09-01,-628605211641,-540202924233,-496839782219,1665647918093
2026-09-02,-2036139637417,2302860310409,-1917255370179,1650534697187
2026-09-03,914345120731,-955168464632,41438637419,-615293518
2026-09-04,1669408339768,-3722938092663,479608076393,1573921676502
2026-09-07,2649064891596,-6837380848446,2553157939517,1635158017333
2026-09-08,642690024599,-3032904557567,631626318962,1758588214006
