일자,티커,이름,거래소,시가,고가,저가,종가,거래량
20240313,AVGO,브로드컴,NAS,1282.88,1282.88,1252.355,1257.87,3783848.0
20240313,MU,마이크론,NAS,95.32,95.34,93.1,94.16,16732631.0
20240313,NVDA,엔비디아,NAS,910.55,915.04,884.35,908.88,63571289.0
20240313,QQQ,나스닥100,NAS,442.65,442.67,439.12,440.25,37928691.0
20240313,SMH,반도체ETF2,NAS,225.87,225.87,221.15,223.46,9835835.0
20240313,SOXX,반도체ETF,NAS,227.05,227.37,222.81,224.17,3264589.0
20240313,TSM,TSMC ADR,NYS,143.05,143.23,141.37,142.14,12923058.0
20240314,AVGO,브로드컴,NAS,1262.54,1273.13,1247.71,1262.27,3802938.0
20240314,MU,마이크론,NAS,93.3,93.45,90.3,91.43,16718903.0
20240314,NVDA,엔비디아,NAS,895.77,906.46,866.0,879.44,60231816.0
20240314,QQQ,나스닥100,NAS,441.5,442.03,436.39,439.14,52195208.0
20240314,SMH,반도체ETF2,NAS,222.78,223.9893,217.4109,219.46,11440058.0
20240314,SOXX,반도체ETF,NAS,223.57,224.84,218.12,220.34,4662092.0
20240314,TSM,TSMC ADR,NYS,142.61,143.1,139.02,139.62,14961903.0
20240315,AVGO,브로드컴,NAS,1253.46,1267.37,1230.07,1235.5,8882251.0
20240315,MU,마이크론,NAS,92.48,94.7,92.02,93.25,29579528.0
20240315,NVDA,엔비디아,NAS,869.3,895.46,862.57,878.365,64208616.0
20240315,QQQ,나스닥100,NAS,436.07,438.8733,432.7417,433.92,73069824.0
20240315,SMH,반도체ETF2,NAS,216.94,220.3,215.93,217.84,11402014.0
20240315,SOXX,반도체ETF,NAS,217.4,221.37,217.1,218.76,4105300.0
20240315,TSM,TSMC ADR,NYS,135.44,137.7,134.63,136.98,22751213.0
20240318,AVGO,브로드컴,NAS,1253.98,1262.88,1231.7,1237.24,2573716.0
20240318,MU,마이크론,NAS,96.82,97.08,93.69,93.78,23140267.0
20240318,NVDA,엔비디아,NAS,903.88,924.05,870.85,884.55,66897593.0
20240318,QQQ,나스닥100,NAS,438.73,441.04,437.24,437.48,47323802.0
20240318,SMH,반도체ETF2,NAS,222.17,223.16,217.82,218.28,8671721.0
20240318,SOXX,반도체ETF,NAS,222.5,223.34,218.37,218.59,3143257.0
20240318,TSM,TSMC ADR,NYS,140.18,141.54,136.61,136.64,14732899.0
20240319,AVGO,브로드컴,NAS,1216.95,1240.27,1204.02,1238.01,2449087.0
20240319,MU,마이크론,NAS,92.58,94.16,91.0,94.0,21054656.0
20240319,NVDA,엔비디아,NAS,867.0,905.44,850.1,893.98,67217127.0
20240319,QQQ,나스닥100,NAS,435.45,438.98,433.33,438.57,43004105.0
20240319,SMH,반도체ETF2,NAS,215.72,218.85,212.82,217.8,10606869.0
20240319,SOXX,반도체ETF,NAS,215.745,217.69,212.654,216.76,3558697.0
20240319,TSM,TSMC ADR,NYS,135.3,136.2731,133.03,134.87,17341128.0
20240320,AVGO,브로드컴,NAS,1239.02,1287.99,1226.59,1276.0,4094614.0
20240320,MU,마이크론,NAS,94.99,96.68,93.59,96.25,39807351.0
20240320,NVDA,엔비디아,NAS,897.97,904.1,882.23,903.72,47906279.0
20240320,QQQ,나스닥100,NAS,439.78,444.11,438.06,443.77,43653490.0
20240320,SMH,반도체ETF2,NAS,218.85,221.62,216.83,221.29,9158063.0
20240320,SOXX,반도체ETF,NAS,217.28,221.03,215.53,220.45,3386568.0
20240320,TSM,TSMC ADR,NYS,136.53,137.31,135.01,136.75,12750230.0
20240321,AVGO,브로드컴,NAS,1328.32,1403.61,1316.0,1348.0,7246773.0
20240321,MU,마이크론,NAS,113.365,113.5,108.7816,109.85,89554124.0
20240321,NVDA,엔비디아,NAS,923.0,926.48,904.05,914.35,48037231.0
20240321,QQQ,나스닥100,NAS,448.88,449.34,445.67,445.87,39345652.0
20240321,SMH,반도체ETF2,NAS,228.58,230.05,225.81,226.31,11728038.0
20240321,SOXX,반도체ETF,NAS,227.37,229.28,224.76,225.18,4059795.0
20240321,TSM,TSMC ADR,NYS,142.55,142.6,139.04,139.45,17809393.0
20240322,AVGO,브로드컴,NAS,1350.0,1376.22,1346.15,1353.47,3862386.0
20240322,MU,마이크론,NAS,109.31,111.34,107.0548,110.21,37281438.0
20240322,NVDA,엔비디아,NAS,911.41,947.7799,908.3401,942.89,58671936.0
20240322,QQQ,나스닥100,NAS,445.35,447.49,444.49,446.38,28253899.0
20240322,SMH,반도체ETF2,NAS,225.6,229.2547,225.22,227.64,5350234.0
20240322,SOXX,반도체ETF,NAS,224.16,227.1,223.45,225.45,2658907.0
20240322,TSM,TSMC ADR,NYS,139.4,141.34,139.11,140.54,9944135.0
20240325,AVGO,브로드컴,NAS,1345.03,1358.4399,1337.47,1351.58,2123660.0
20240325,MU,마이크론,NAS,110.24,121.41,110.16,117.13,55766124.0
20240325,NVDA,엔비디아,NAS,939.41,967.6599,935.1,950.02,55213608.0
20240325,QQQ,나스닥100,NAS,443.55,446.26,442.54,444.76,27789154.0
20240325,SMH,반도체ETF2,NAS,225.22,229.24,224.862,227.08,4938942.0
20240325,SOXX,반도체ETF,NAS,222.25,226.61,221.71,224.57,2283509.0
20240325,TSM,TSMC ADR,NYS,140.16,141.68,139.26,140.23,9922244.0
20240326,AVGO,브로드컴,NAS,1364.69,1379.9377,1330.51,1331.49,2352218.0
20240326,MU,마이크론,NAS,119.0,122.4599,118.17,118.8,44295145.0
20240326,NVDA,엔비디아,NAS,958.51,963.75,925.02,925.61,51364758.0
20240326,QQQ,나스닥100,NAS,446.3,447.225,443.09,443.32,34142043.0
20240326,SMH,반도체ETF2,NAS,228.8,229.46,224.76,224.97,6402507.0
20240326,SOXX,반도체ETF,NAS,226.19,226.88,222.83,222.88,4414209.0
20240326,TSM,TSMC ADR,NYS,140.61,140.96,138.64,138.84,10786446.0
20240327,AVGO,브로드컴,NAS,1350.0,1350.0,1296.02,1318.73,2558265.0
20240327,MU,마이크론,NAS,119.3,120.112,117.08,119.25,29320731.0
20240327,NVDA,엔비디아,NAS,931.12,932.4,891.23,902.5,58606723.0
20240327,QQQ,나스닥100,NAS,446.44,446.54,441.93,444.83,41359240.0
20240327,SMH,반도체ETF2,NAS,226.59,226.84,221.49,224.89,7614662.0
20240327,SOXX,반도체ETF,NAS,225.39,225.76,221.4,225.68,4161724.0
20240327,TSM,TSMC ADR,NYS,138.86,139.28,135.15,136.69,13842815.0
20240328,AVGO,브로드컴,NAS,1317.9,1330.09,1311.53,1325.41,1985552.0
20240328,MU,마이크론,NAS,119.44,119.63,117.35,117.89,21047778.0
20240328,NVDA,엔비디아,NAS,900.0,913.0,891.93,903.56,43521227.0
20240328,QQQ,나스닥100,NAS,444.78,445.64,443.65,444.01,36839641.0
20240328,SMH,반도체ETF2,NAS,224.31,225.94,223.74,224.99,3763264.0
20240328,SOXX,반도체ETF,NAS,225.42,227.0,224.91,225.92,1794250.0
20240328,TSM,TSMC ADR,NYS,135.68,136.8,135.44,136.05,10019364.0
20240401,AVGO,브로드컴,NAS,1325.68,1362.98,1325.41,1350.26,1725196.0
20240401,MU,마이크론,NAS,119.195,127.3799,119.0,124.3,44309399.0
20240401,NVDA,엔비디아,NAS,902.99,922.25,892.04,903.63,45244149.0
20240401,QQQ,나스닥100,NAS,444.97,447.53,443.02,444.95,38728951.0
20240401,SMH,반도체ETF2,NAS,225.5,230.95,225.5,227.94,7896809.0
20240401,SOXX,반도체ETF,NAS,226.06,231.45,226.06,228.3,3000859.0
20240401,TSM,TSMC ADR,NYS,137.29,142.96,137.05,141.49,14222662.0
20240402,AVGO,브로드컴,NAS,1315.79,1342.37,1303.4138,1338.76,2469356.0
20240402,MU,마이크론,NAS,122.71,123.68,120.92,122.75,25026423.0
20240402,NVDA,엔비디아,NAS,884.48,900.94,876.2,894.52,43306355.0
20240402,QQQ,나스닥100,NAS,440.08,441.43,438.03,441.11,44259665.0
20240402,SMH,반도체ETF2,NAS,224.25,225.43,222.38,225.01,5995047.0
20240402,SOXX,반도체ETF,NAS,224.54,225.26,222.4,224.78,2383542.0
20240402,TSM,TSMC ADR,NYS,140.38,141.04,139.35,140.22,9869172.0
20240403,AVGO,브로드컴,NAS,1328.0,1376.82,1325.27,1363.21,2865042.0
20240403,MU,마이크론,NAS,122.2,128.28,121.33,128.01,40130137.0
20240403,NVDA,엔비디아,NAS,884.84,903.74,884.0,889.64,37006655.0
20240403,QQQ,나스닥100,NAS,438.96,444.0,438.95,442.1,39949750.0
20240403,SMH,반도체ETF2,NAS,222.73,227.52,222.68,225.91,5914890.0
20240403,SOXX,반도체ETF,NAS,222.17,226.9868,222.14,225.41,1860588.0
20240403,TSM,TSMC ADR,NYS,138.58,142.93,138.39,142.0,9707518.0
20240404,AVGO,브로드컴,NAS,1385.32,1403.98,1315.0,1317.5,2701365.0
20240404,MU,마이크론,NAS,130.18,130.5431,123.65,124.09,36009860.0
20240404,NVDA,엔비디아,NAS,904.06,906.3399,858.8,859.05,43496492.0
20240404,QQQ,나스닥100,NAS,446.33,446.95,435.11,435.34,57267660.0
20240404,SMH,반도체ETF2,NAS,229.1,229.81,219.64,219.89,9294036.0
20240404,SOXX,반도체ETF,NAS,228.51,229.17,218.56,219.03,3743961.0
20240404,TSM,TSMC ADR,NYS,144.0,146.75,139.43,139.66,15759510.0
20240405,AVGO,브로드컴,NAS,1326.0,1361.23,1314.195,1339.43,1943828.0
20240405,MU,마이크론,NAS,124.4,125.69,121.2001,123.58,23326521.0
20240405,NVDA,엔비디아,NAS,868.66,884.81,859.26,880.08,39967846.0
20240405,QQQ,나스닥100,NAS,436.78,443.17,435.96,440.47,54744634.0
20240405,SMH,반도체ETF2,NAS,221.22,224.07,219.61,222.64,8103963.0
20240405,SOXX,반도체ETF,NAS,220.0,223.0,218.5825,221.63,2428251.0
20240405,TSM,TSMC ADR,NYS,140.0,142.0,138.92,141.36,8263641.0
20240408,AVGO,브로드컴,NAS,1333.65,1342.5,1315.7501,1336.1,1713917.0
20240408,MU,마이크론,NAS,129.055,129.7,122.61,122.95,27955768.0
20240408,NVDA,엔비디아,NAS,887.0,888.3,867.32,871.33,28322000.0
20240408,QQQ,나스닥100,NAS,441.41,442.5,439.2,440.6,28144944.0
20240408,SMH,반도체ETF2,NAS,224.89,225.28,222.17,223.06,4215259.0
20240408,SOXX,반도체ETF,NAS,222.94,224.11,221.31,222.2,1866884.0
20240408,TSM,TSMC ADR,NYS,145.24,146.0,142.76,142.79,16307401.0
20240409,AVGO,브로드컴,NAS,1357.37,1359.48,1308.64,1334.08,1800794.0
20240409,MU,마이크론,NAS,124.89,126.14,121.27,122.63,19243787.0
20240409,NVDA,엔비디아,NAS,874.42,876.35,830.22,853.54,50354735.0
20240409,QQQ,나스닥100,NAS,442.96,443.24,437.44,442.23,39521568.0
20240409,SMH,반도체ETF2,NAS,225.36,225.95,220.04,224.1,5376028.0
20240409,SOXX,반도체ETF,NAS,224.44,225.3,220.755,224.59,3173009.0
20240409,TSM,TSMC ADR,NYS,146.26,148.1699,142.95,145.4,18487980.0
20240410,AVGO,브로드컴,NAS,1323.0,1335.75,1315.48,1322.37,1746652.0
20240410,MU,마이크론,NAS,120.0,124.48,119.93,122.2,22242282.0
20240410,NVDA,엔비디아,NAS,839.26,874.0,837.09,870.39,43192853.0
20240410,QQQ,나스닥100,NAS,437.0,439.24,436.28,438.37,61502191.0
20240410,SMH,반도체ETF2,NAS,221.0,224.3769,220.5,222.15,8164904.0
20240410,SOXX,반도체ETF,NAS,220.84,223.425,219.225,220.49,3610492.0
20240410,TSM,TSMC ADR,NYS,146.63,148.43,145.26,146.22,18861324.0
20240411,AVGO,브로드컴,NAS,1332.68,1391.87,1323.65,1382.46,3171331.0
20240411,MU,마이크론,NAS,122.9,127.56,122.08,127.51,21745300.0
20240411,NVDA,엔비디아,NAS,874.2,907.3899,869.26,906.16,43163727.0
20240411,QQQ,나스닥100,NAS,440.26,446.33,437.96,445.37,45474550.0
20240411,SMH,반도체ETF2,NAS,223.48,227.57,221.68,227.31,7200625.0
20240411,SOXX,반도체ETF,NAS,221.88,225.87,220.06,225.47,2455324.0
20240411,TSM,TSMC ADR,NYS,147.2,147.56,144.13,147.2,11818761.0
20240412,AVGO,브로드컴,NAS,1352.01,1366.505,1336.62,1344.07,2782332.0
20240412,MU,마이크론,NAS,125.25,125.99,121.83,122.52,24808212.0
20240412,NVDA,엔비디아,NAS,896.99,901.7499,875.3,881.86,42680479.0
20240412,QQQ,나스닥100,NAS,441.1,442.24,436.88,438.27,53664995.0
20240412,SMH,반도체ETF2,NAS,223.5,223.8199,219.97,220.68,8741486.0
20240412,SOXX,반도체ETF,NAS,221.49,221.76,217.64,218.07,3210362.0
20240412,TSM,TSMC ADR,NYS,145.0,146.51,142.15,142.52,12024043.0
20240415,AVGO,브로드컴,NAS,1370.0,1370.0,1306.0,1310.69,2437045.0
20240415,MU,마이크론,NAS,123.63,124.78,120.61,121.37,17732610.0
20240415,NVDA,엔비디아,NAS,890.98,906.13,859.2901,860.01,44307695.0
20240415,QQQ,나스닥100,NAS,442.06,442.15,430.21,431.06,63453622.0
20240415,SMH,반도체ETF2,NAS,223.75,224.98,216.61,217.36,6750355.0
20240415,SOXX,반도체ETF,NAS,221.05,221.86,214.24,215.31,3170838.0
20240415,TSM,TSMC ADR,NYS,145.02,145.48,139.8801,140.14,13458780.0
20240416,AVGO,브로드컴,NAS,1315.38,1336.319,1311.0,1329.06,1892274.0
20240416,MU,마이크론,NAS,119.53,122.5499,118.36,121.77,17452449.0
20240416,NVDA,엔비디아,NAS,864.325,881.18,860.639,874.15,37045302.0
20240416,QQQ,나스닥100,NAS,430.9,433.76,429.7,431.1,47618961.0
20240416,SMH,반도체ETF2,NAS,217.33,220.36,216.4702,219.16,6754863.0
20240416,SOXX,반도체ETF,NAS,215.4,218.0,214.51,216.94,2452334.0
20240416,TSM,TSMC ADR,NYS,137.89,140.5399,137.06,139.8,14218222.0
20240417,AVGO,브로드컴,NAS,1343.11,1347.0,1281.42,1282.63,2471780.0
20240417,MU,마이크론,NAS,122.02,124.42,116.2,116.33,25546487.0
20240417,NVDA,엔비디아,NAS,883.4,887.75,839.5,840.35,49539951.0
20240417,QQQ,나스닥100,NAS,433.1,433.12,424.9,425.84,56880536.0
20240417,SMH,반도체ETF2,NAS,219.51,220.12,212.07,212.4,11726419.0
20240417,SOXX,반도체ETF,NAS,217.1,217.44,209.9,210.36,4798630.0
20240417,TSM,TSMC ADR,NYS,141.13,142.57,137.3601,139.03,18823237.0
20240418,AVGO,브로드컴,NAS,1288.0,1292.65,1255.46,1258.99,2488803.0
20240418,MU,마이크론,NAS,116.0,117.615,111.48,111.93,32146904.0
20240418,NVDA,엔비디아,NAS,849.7,861.8999,824.02,846.71,44726034.0
20240418,QQQ,나스닥100,NAS,426.49,428.24,422.83,423.41,46549363.0
20240418,SMH,반도체ETF2,NAS,210.97,212.25,207.36,208.63,10350628.0
20240418,SOXX,반도체ETF,NAS,208.86,210.23,205.97,206.63,5372719.0
20240418,TSM,TSMC ADR,NYS,132.89,135.13,130.3,132.27,39306149.0
20240419,AVGO,브로드컴,NAS,1258.99,1260.0,1197.56,1204.71,4479658.0
20240419,MU,마이크론,NAS,109.66,110.88,105.72,106.77,33787517.0
20240419,NVDA,엔비디아,NAS,831.5,843.24,756.06,762.0,87519800.0
20240419,QQQ,나스닥100,NAS,422.22,422.75,413.07,414.65,75230990.0
20240419,SMH,반도체ETF2,NAS,206.72,208.0,198.44,199.21,13584568.0
20240419,SOXX,반도체ETF,NAS,204.8,206.12,197.43,198.39,6406611.0
20240419,TSM,TSMC ADR,NYS,129.37,131.55,126.64,127.7,28284021.0
20240422,AVGO,브로드컴,NAS,1224.5,1233.2,1200.54,1224.46,2516218.0
20240422,MU,마이크론,NAS,107.6,110.23,106.63,109.12,19820866.0
20240422,NVDA,엔비디아,NAS,781.04,800.73,764.0,795.18,59634051.0
20240422,QQQ,나스닥100,NAS,417.31,421.18,413.94,418.82,47807663.0
20240422,SMH,반도체ETF2,NAS,200.97,204.38,199.15,203.02,9801705.0
20240422,SOXX,반도체ETF,NAS,200.44,203.11,198.02,201.66,4493791.0
20240422,TSM,TSMC ADR,NYS,126.75,130.6606,125.78,129.75,18556792.0
20240423,AVGO,브로드컴,NAS,1228.17,1257.9,1228.02,1249.19,2202513.0
20240423,MU,마이크론,NAS,109.71,112.89,108.91,112.46,17887455.0
20240423,NVDA,엔비디아,NAS,807.69,827.69,802.64,824.23,43855937.0
20240423,QQQ,나스닥100,NAS,420.77,426.28,418.8715,425.07,44384741.0
20240423,SMH,반도체ETF2,NAS,204.49,208.58,203.93,207.8,7300632.0
20240423,SOXX,반도체ETF,NAS,203.05,206.86,202.5,205.87,3645360.0
20240423,TSM,TSMC ADR,NYS,131.36,133.71,130.66,133.43,12573756.0
20240424,AVGO,브로드컴,NAS,1263.9,1285.62,1244.96,1256.82,2010793.0
20240424,MU,마이크론,NAS,112.72,113.95,109.23,111.78,20505925.0
20240424,NVDA,엔비디아,NAS,839.5,840.82,791.83,796.77,51220753.0
20240424,QQQ,나스닥100,NAS,428.2,429.73,424.2,426.51,48440305.0
20240424,SMH,반도체ETF2,NAS,212.64,213.14,206.95,208.04,6564870.0
20240424,SOXX,반도체ETF,NAS,211.38,212.5,206.74,208.54,4077580.0
20240424,TSM,TSMC ADR,NYS,136.09,136.29,131.54,132.97,15558000.0
20240425,AVGO,브로드컴,NAS,1272.45,1308.03,1257.0,1294.42,3040967.0
20240425,MU,마이크론,NAS,109.3728,113.0595,108.07,111.58,18342804.0
20240425,NVDA,엔비디아,NAS,788.6801,833.2299,782.23,826.32,42464073.0
20240425,QQQ,나스닥100,NAS,419.24,425.32,418.14,424.45,57392169.0
20240425,SMH,반도체ETF2,NAS,207.09,213.68,205.75,212.2,8682207.0
20240425,SOXX,반도체ETF,NAS,208.04,213.83,206.93,212.41,3902877.0
20240425,TSM,TSMC ADR,NYS,130.0,137.84,128.86,136.58,18034257.0
20240426,AVGO,브로드컴,NAS,1310.0,1355.83,1303.13,1344.07,2409983.0
20240426,MU,마이크론,NAS,112.0,115.06,111.6,114.84,20630671.0
20240426,NVDA,엔비디아,NAS,838.18,883.3093,833.87,877.35,55101078.0
20240426,QQQ,나스닥100,NAS,427.62,432.55,426.92,431.0,41874907.0
20240426,SMH,반도체ETF2,NAS,212.53,218.6803,211.94,217.64,6365428.0
20240426,SOXX,반도체ETF,NAS,212.15,217.82,211.66,216.9,3812628.0
20240426,TSM,TSMC ADR,NYS,136.81,138.7399,135.945,138.3,9453393.0
20240429,AVGO,브로드컴,NAS,1344.08,1352.98,1325.695,1338.62,1337179.0
20240429,MU,마이크론,NAS,113.81,114.75,112.11,114.36,14419102.0
20240429,NVDA,엔비디아,NAS,875.95,879.92,852.66,877.57,38897076.0
20240429,QQQ,나스닥100,NAS,433.13,433.76,429.98,432.75,30022161.0
20240429,SMH,반도체ETF2,NAS,217.48,218.61,214.9,218.38,4817964.0
20240429,SOXX,반도체ETF,NAS,216.52,218.76,214.97,218.55,3247287.0
20240429,TSM,TSMC ADR,NYS,138.0,138.646,135.91,138.5,10025907.0
20240430,AVGO,브로드컴,NAS,1328.88,1348.35,1299.05,1300.27,2211336.0
20240430,MU,마이크론,NAS,114.18,116.28,112.93,112.96,14845577.0
20240430,NVDA,엔비디아,NAS,872.4,888.19,863.0,864.02,36370870.0
20240430,QQQ,나스닥100,NAS,431.15,432.56,424.51,424.59,43665934.0
20240430,SMH,반도체ETF2,NAS,217.34,219.62,214.09,214.09,4944785.0
20240430,SOXX,반도체ETF,NAS,217.6,220.0,213.93,213.99,3583507.0
20240430,TSM,TSMC ADR,NYS,137.94,139.7,137.26,137.34,10980630.0
20240501,AVGO,브로드컴,NAS,1278.33,1292.37,1241.345,1242.86,3095783.0
20240501,MU,마이크론,NAS,110.52,113.73,108.75,109.7,16686150.0
20240501,NVDA,엔비디아,NAS,850.77,860.0,812.5456,830.41,55986317.0
20240501,QQQ,나스닥100,NAS,423.15,430.14,420.66,421.52,52251707.0
20240501,SMH,반도체ETF2,NAS,211.14,214.54,206.1075,207.85,12945808.0
20240501,SOXX,반도체ETF,NAS,210.01,213.84,205.59,206.76,7023235.0
20240501,TSM,TSMC ADR,NYS,137.42,139.43,133.21,134.94,12573480.0
20240502,AVGO,브로드컴,NAS,1256.28,1264.45,1223.31,1238.57,2947968.0
20240502,MU,마이크론,NAS,111.74,112.41,109.43,112.33,15439203.0
20240502,NVDA,엔비디아,NAS,844.49,862.37,832.0,858.17,37789754.0
20240502,QQQ,나스닥100,NAS,425.3,427.81,420.63,426.9,36559007.0
20240502,SMH,반도체ETF2,NAS,211.37,212.74,207.31,212.03,6382549.0
20240502,SOXX,반도체ETF,NAS,210.3,212.16,206.52,211.41,3955489.0
20240502,TSM,TSMC ADR,NYS,135.6,136.74,133.22,136.23,9261896.0
20240503,AVGO,브로드컴,NAS,1259.0,1283.88,1247.14,1278.11,2489755.0
20240503,MU,마이크론,NAS,115.03,115.48,113.45,114.7,15564363.0
20240503,NVDA,엔비디아,NAS,877.89,892.81,870.4,887.89,39834072.0
20240503,QQQ,나스닥100,NAS,434.44,436.48,432.62,435.48,48515252.0
20240503,SMH,반도체ETF2,NAS,215.92,218.36,215.15,217.73,6379116.0
20240503,SOXX,반도체ETF,NAS,215.85,217.41,214.48,216.17,3467130.0
20240503,TSM,TSMC ADR,NYS,138.9,142.11,138.76,141.56,13264336.0
20240506,AVGO,브로드컴,NAS,1286.225,1310.77,1275.07,1310.31,1628708.0
20240506,MU,마이크론,NAS,119.78,121.3699,118.02,120.13,22538716.0
20240506,NVDA,엔비디아,NAS,893.9,922.2,890.55,921.4,37620255.0
20240506,QQQ,나스닥100,NAS,437.3,440.34,436.52,440.25,30227200.0
20240506,SMH,반도체ETF2,NAS,219.37,222.68,218.22,222.67,5343124.0
20240506,SOXX,반도체ETF,NAS,218.01,220.68,217.16,220.66,2441528.0
20240506,TSM,TSMC ADR,NYS,140.47,142.83,139.81,142.83,8601573.0
20240507,AVGO,브로드컴,NAS,1316.44,1318.99,1296.755,1303.11,1241283.0
20240507,MU,마이크론,NAS,120.15,121.41,119.18,119.21,12508334.0
20240507,NVDA,엔비디아,NAS,910.98,917.8099,890.11,905.54,43734161.0
20240507,QQQ,나스닥100,NAS,440.7,441.97,439.58,440.32,30996094.0
20240507,SMH,반도체ETF2,NAS,222.55,223.18,220.64,220.73,5067007.0
20240507,SOXX,반도체ETF,NAS,220.98,221.57,218.71,218.71,2859521.0
20240507,TSM,TSMC ADR,NYS,141.87,142.295,140.51,141.11,8682941.0
20240508,AVGO,브로드컴,NAS,1293.5,1337.905,1288.49,1325.37,1391764.0
20240508,MU,마이크론,NAS,118.302,120.47,118.22,119.32,10867910.0
20240508,NVDA,엔비디아,NAS,894.825,911.94,894.2,904.12,32572102.0
20240508,QQQ,나스닥100,NAS,437.67,441.48,437.55,440.06,24896723.0
20240508,SMH,반도체ETF2,NAS,218.95,221.86,218.7,221.4,5404255.0
20240508,SOXX,반도체ETF,NAS,216.6,219.13,216.37,218.92,3212177.0
20240508,TSM,TSMC ADR,NYS,141.11,144.26,140.8,143.6,10202348.0
20240509,AVGO,브로드컴,NAS,1317.83,1321.61,1302.0,1305.67,1216955.0
20240509,MU,마이크론,NAS,119.315,119.63,117.44,117.81,11524824.0
20240509,NVDA,엔비디아,NAS,905.29,910.72,882.31,887.47,37801268.0
20240509,QQQ,나스닥100,NAS,440.33,441.6,438.46,441.02,24580121.0
20240509,SMH,반도체ETF2,NAS,221.49,221.77,218.89,219.98,4023276.0
20240509,SOXX,반도체ETF,NAS,218.93,219.34,217.06,218.1,1874296.0
20240509,TSM,TSMC ADR,NYS,142.94,143.35,141.1301,142.79,8012668.0
20240510,AVGO,브로드컴,NAS,1315.31,1344.0,1315.31,1332.8,1629953.0
20240510,MU,마이크론,NAS,120.04,121.85,119.18,121.24,13922427.0
20240510,NVDA,엔비디아,NAS,903.045,914.01,892.27,898.78,33532541.0
20240510,QQQ,나스닥100,NAS,442.54,444.31,440.499,442.06,27116566.0
20240510,SMH,반도체ETF2,NAS,222.96,225.44,222.43,223.3,6126631.0
20240510,SOXX,반도체ETF,NAS,220.49,222.42,219.27,220.24,3079201.0
20240510,TSM,TSMC ADR,NYS,147.22,150.495,146.93,149.26,23671378.0
20240513,AVGO,브로드컴,NAS,1348.0,1358.39,1330.11,1337.51,1850703.0
20240513,MU,마이크론,NAS,122.93,124.11,121.65,123.0,16643246.0
20240513,NVDA,엔비디아,NAS,904.78,909.98,885.29,903.99,28968017.0
20240513,QQQ,나스닥100,NAS,443.99,444.09,441.65,443.08,22994192.0
20240513,SMH,반도체ETF2,NAS,224.0,224.545,222.32,223.26,3972377.0
20240513,SOXX,반도체ETF,NAS,221.2,222.08,220.33,220.7,1843208.0
20240513,TSM,TSMC ADR,NYS,148.02,148.44,146.3,146.41,8278732.0
20240514,AVGO,브로드컴,NAS,1332.34,1381.99,1325.8,1380.03,1942029.0
20240514,MU,마이크론,NAS,122.99,125.04,121.673,124.81,13887747.0
20240514,NVDA,엔비디아,NAS,895.99,916.51,889.34,913.56,29650708.0
20240514,QQQ,나스닥100,NAS,442.65,446.465,442.46,445.93,34478321.0
20240514,SMH,반도체ETF2,NAS,222.94,227.325,222.24,227.08,5050504.0
20240514,SOXX,반도체ETF,NAS,220.53,224.56,220.32,224.37,2149424.0
20240514,TSM,TSMC ADR,NYS,146.49,152.01,146.25,151.95,12316540.0
20240515,AVGO,브로드컴,NAS,1380.0,1438.95,1369.975,1436.17,3275738.0
20240515,MU,마이크론,NAS,126.23,127.95,125.442,127.81,14265109.0
20240515,NVDA,엔비디아,NAS,924.72,948.62,915.99,946.3,41773545.0
20240515,QQQ,나스닥100,NAS,448.43,453.15,446.9,452.9,41464651.0
20240515,SMH,반도체ETF2,NAS,229.27,234.0,228.53,233.9,8212767.0
20240515,SOXX,반도체ETF,NAS,226.75,230.82,225.5,230.67,3106213.0
20240515,TSM,TSMC ADR,NYS,153.36,156.0,152.73,155.58,14027093.0
20240516,AVGO,브로드컴,NAS,1426.0,1445.4,1405.06,1412.13,2839503.0
20240516,MU,마이크론,NAS,127.93,130.13,127.05,127.89,15874694.0
20240516,NVDA,엔비디아,NAS,949.1,958.1899,941.03,943.59,32395182.0
20240516,QQQ,나스닥100,NAS,452.71,454.69,451.81,451.98,34780412.0
20240516,SMH,반도체ETF2,NAS,233.85,235.11,232.09,232.2,6209568.0
20240516,SOXX,반도체ETF,NAS,230.62,232.44,229.46,229.54,2878408.0
20240516,TSM,TSMC ADR,NYS,154.1,155.055,152.21,152.23,13394140.0
20240517,AVGO,브로드컴,NAS,1412.42,1419.53,1381.78,1395.29,1817367.0
20240517,MU,마이크론,NAS,128.36,129.03,124.86,125.29,13774737.0
20240517,NVDA,엔비디아,NAS,943.69,947.4,918.06,924.79,35969103.0
20240517,QQQ,나스닥100,NAS,452.11,452.72,449.5399,451.76,35803719.0
20240517,SMH,반도체ETF2,NAS,233.59,233.82,228.62,230.25,5241271.0
20240517,SOXX,반도체ETF,NAS,231.0,231.4,226.42,228.24,1806075.0
20240517,TSM,TSMC ADR,NYS,154.0,154.0,150.84,151.68,7711247.0
20240520,AVGO,브로드컴,NAS,1396.0,1416.94,1393.16,1414.03,2716995.0
20240520,MU,마이크론,NAS,127.125,131.02,126.64,129.0,19123181.0
20240520,NVDA,엔비디아,NAS,937.5,952.0,934.4,947.8,31876446.0
20240520,QQQ,나스닥100,NAS,451.98,455.58,451.785,454.91,24474226.0
20240520,SMH,반도체ETF2,NAS,231.47,236.04,230.885,235.0,4986447.0
20240520,SOXX,반도체ETF,NAS,229.27,234.72,228.845,233.26,2555314.0
20240520,TSM,TSMC ADR,NYS,151.67,154.24,150.82,153.55,9261190.0
20240521,AVGO,브로드컴,NAS,1398.68,1409.39,1393.46,1399.2,1533251.0
20240521,MU,마이크론,NAS,124.2,128.82,123.28,127.5,15717818.0
20240521,NVDA,엔비디아,NAS,935.99,954.0,931.8,953.86,32894646.0
20240521,QQQ,나스닥100,NAS,453.04,455.99,452.84,455.8,23167720.0
20240521,SMH,반도체ETF2,NAS,232.96,234.92,231.87,234.67,4396157.0
20240521,SOXX,반도체ETF,NAS,230.18,232.8943,230.07,232.51,2178896.0
20240521,TSM,TSMC ADR,NYS,152.3,153.99,151.95,153.67,7919449.0
20240522,AVGO,브로드컴,NAS,1396.01,1405.0,1384.22,1392.24,2100212.0
20240522,MU,마이크론,NAS,127.79,127.87,125.24,126.28,11190126.0
20240522,NVDA,엔비디아,NAS,954.59,960.2,932.49,949.5,54864799.0
20240522,QQQ,나스닥100,NAS,456.06,456.82,453.08,455.71,25120040.0
20240522,SMH,반도체ETF2,NAS,236.91,237.215,233.99,236.59,8112705.0
20240522,SOXX,반도체ETF,NAS,234.67,235.85,232.805,235.24,3488522.0
20240522,TSM,TSMC ADR,NYS,155.88,157.23,154.5401,156.15,13455201.0
20240523,AVGO,브로드컴,NAS,1428.43,1429.0,1378.0,1393.29,3103899.0
20240523,MU,마이크론,NAS,131.77,131.95,124.66,126.27,20747381.0
20240523,NVDA,엔비디아,NAS,1020.28,1063.2,1015.2,1037.99,83506528.0
20240523,QQQ,나스닥100,NAS,460.55,460.58,451.8503,453.66,40899230.0
20240523,SMH,반도체ETF2,NAS,244.15,244.56,237.79,239.82,12401014.0
20240523,SOXX,반도체ETF,NAS,240.83,240.92,232.16,233.92,4704798.0
20240523,TSM,TSMC ADR,NYS,159.18,160.7799,155.865,157.09,20872972.0
20240524,AVGO,브로드컴,NAS,1399.79,1413.5844,1392.0242,1407.84,1672996.0
20240524,MU,마이크론,NAS,127.82,130.4,126.6,129.49,14048894.0
20240524,NVDA,엔비디아,NAS,1044.49,1064.75,1030.0,1064.69,42949367.0
20240524,QQQ,나스닥100,NAS,455.29,459.23,453.5674,457.95,29669461.0
20240524,SMH,반도체ETF2,NAS,241.53,244.44,240.29,244.26,4644652.0
20240524,SOXX,반도체ETF,NAS,236.04,239.35,235.0,238.56,2450116.0
20240524,TSM,TSMC ADR,NYS,157.2,160.66,156.71,160.0,11908211.0
20240528,AVGO,브로드컴,NAS,1410.0,1417.1813,1392.54,1412.45,2291886.0
20240528,MU,마이크론,NAS,131.755,133.3,129.27,132.67,14142956.0
20240528,NVDA,엔비디아,NAS,1102.44,1149.39,1098.83,1139.01,65272789.0
20240528,QQQ,나스닥100,NAS,459.18,459.74,456.69,459.68,26216815.0
20240528,SMH,반도체ETF2,NAS,247.69,250.85,245.46,249.83,7702965.0
20240528,SOXX,반도체ETF,NAS,241.35,243.63,238.8469,242.59,2824235.0
20240528,TSM,TSMC ADR,NYS,159.68,160.38,157.6,159.41,13964361.0
20240529,AVGO,브로드컴,NAS,1399.1,1399.1,1383.0,1390.67,2686055.0
20240529,MU,마이크론,NAS,130.0,133.1,129.9,131.58,11242475.0
20240529,NVDA,엔비디아,NAS,1130.5,1154.92,1109.01,1148.25,55744193.0
20240529,QQQ,나스닥100,NAS,455.48,458.24,455.34,456.44,29739238.0
20240529,SMH,반도체ETF2,NAS,246.1,246.98,244.07,245.65,7581261.0
20240529,SOXX,반도체ETF,NAS,238.13,239.18,237.2615,237.58,2061105.0
20240529,TSM,TSMC ADR,NYS,156.75,156.88,153.21,154.34,15779980.0
20240530,AVGO,브로드컴,NAS,1379.0,1382.78,1355.6399,1364.08,2172828.0
20240530,MU,마이크론,NAS,130.3,131.67,125.7,126.29,12666205.0
20240530,NVDA,엔비디아,NAS,1146.5,1158.1915,1096.63,1105.0,48735033.0
20240530,QQQ,나스닥100,NAS,455.5,455.64,450.21,451.55,30714121.0
20240530,SMH,반도체ETF2,NAS,245.49,246.13,241.08,242.27,7093060.0
20240530,SOXX,반도체ETF,NAS,237.65,238.33,234.69,235.93,1541145.0
20240530,TSM,TSMC ADR,NYS,153.59,154.05,151.89,152.96,9710978.0
20240531,AVGO,브로드컴,NAS,1361.36,1362.55,1307.26,1328.55,7309132.0
20240531,MU,마이크론,NAS,126.35,127.32,121.01,125.0,24153782.0
20240531,NVDA,엔비디아,NAS,1125.2,1127.17,1069.4,1096.33,61326250.0
20240531,QQQ,나스닥100,NAS,451.78,452.48,443.055,450.71,55941301.0
20240531,SMH,반도체ETF2,NAS,243.37,244.02,234.26,240.48,12722755.0
20240531,SOXX,반도체ETF,NAS,236.78,237.355,227.5,234.01,2991016.0
20240531,TSM,TSMC ADR,NYS,151.48,152.5,147.81,151.04,13782609.0
20240603,AVGO,브로드컴,NAS,1352.7,1353.0,1302.53,1321.9,2627847.0
20240603,MU,마이크론,NAS,128.13,128.84,125.145,128.17,16134335.0
20240603,NVDA,엔비디아,NAS,1136.21,1150.0,1120.03,1150.0,43839176.0
20240603,QQQ,나스닥100,NAS,454.57,455.58,447.9,453.13,32997467.0
20240603,SMH,반도체ETF2,NAS,245.1,245.44,239.02,243.48,6312764.0
20240603,SOXX,반도체ETF,NAS,237.8,237.9476,230.2,234.39,1815875.0
20240603,TSM,TSMC ADR,NYS,155.12,157.15,152.4602,154.95,12924395.0
20240604,AVGO,브로드컴,NAS,1320.4,1331.99,1307.01,1330.82,2304814.0
20240604,MU,마이크론,NAS,127.35,127.86,125.42,126.64,12995515.0
20240604,NVDA,엔비디아,NAS,1157.16,1166.0,1140.45,1164.37,40332401.0
20240604,QQQ,나스닥100,NAS,452.87,455.575,451.1311,454.37,23767436.0
20240604,SMH,반도체ETF2,NAS,243.3,243.7,240.1,242.6,5796989.0
20240604,SOXX,반도체ETF,NAS,234.0,234.36,230.79,232.56,2246862.0
20240604,TSM,TSMC ADR,NYS,153.4,153.79,150.99,152.47,10066743.0
20240605,AVGO,브로드컴,NAS,1346.0,1414.35,1340.54,1413.09,3294656.0
20240605,MU,마이크론,NAS,128.8,133.87,127.65,133.71,22301829.0
20240605,NVDA,엔비디아,NAS,1183.71,1224.495,1174.68,1224.4,52840178.0
20240605,QQQ,나스닥100,NAS,457.98,463.61,454.408,463.53,33817409.0
20240605,SMH,반도체ETF2,NAS,247.53,254.53,246.71,254.41,10950352.0
20240605,SOXX,반도체ETF,NAS,236.7,242.89,235.86,242.73,3749406.0
20240605,TSM,TSMC ADR,NYS,158.59,163.73,157.95,162.92,23192572.0
20240606,AVGO,브로드컴,NAS,1421.87,1422.6899,1388.2401,1401.27,2017181.0
20240606,MU,마이크론,NAS,133.84,134.13,129.18,130.07,15505001.0
20240606,NVDA,엔비디아,NAS,1240.48,1255.87,1183.2,1209.98,66469619.0
20240606,QQQ,나스닥100,NAS,464.22,464.54,462.19,463.37,21966820.0
20240606,SMH,반도체ETF2,NAS,255.52,255.9162,250.245,252.41,9828172.0
20240606,SOXX,반도체ETF,NAS,242.97,242.97,238.94,240.74,2261298.0
20240606,TSM,TSMC ADR,NYS,164.52,164.7,160.36,162.07,14819056.0
20240607,AVGO,브로드컴,NAS,1407.775,1425.0,1397.02,1406.64,1785903.0
20240607,MU,마이크론,NAS,130.21,132.54,129.62,130.94,12139476.0
20240607,NVDA,엔비디아,NAS,1197.7,1216.9171,1180.22,1208.88,41238580.0
20240607,QQQ,나스닥100,NAS,463.0,465.74,461.84,462.96,25829720.0
20240607,SMH,반도체ETF2,NAS,252.24,254.06,250.49,252.21,5470342.0
20240607,SOXX,반도체ETF,NAS,240.84,241.55,238.35,240.02,2052693.0
20240607,TSM,TSMC ADR,NYS,163.57,166.1199,161.96,164.39,14023335.0
20240610,AVGO,브로드컴,NAS,1409.8,1449.0499,1409.125,1440.47,3108171.0
20240610,MU,마이크론,NAS,129.71,135.665,129.71,134.82,14668151.0
20240610,NVDA,엔비디아,NAS,120.37,123.1,117.01,121.79,314162650.0
20240610,QQQ,나스닥100,NAS,461.82,465.19,461.53,464.83,20719771.0
20240610,SMH,반도체ETF2,NAS,251.1,256.72,250.0478,255.86,6430878.0
20240610,SOXX,반도체ETF,NAS,238.16,244.17,237.825,243.48,1828521.0
20240610,TSM,TSMC ADR,NYS,164.0,169.84,162.4156,168.16,12438405.0
20240611,AVGO,브로드컴,NAS,1438.2,1465.01,1416.23,1461.03,3484432.0
20240611,MU,마이크론,NAS,135.325,135.85,131.78,135.07,14124955.0
20240611,NVDA,엔비디아,NAS,121.77,122.87,118.74,120.91,222551158.0
20240611,QQQ,나스닥100,NAS,463.54,468.14,462.03,468.02,22053281.0
20240611,SMH,반도체ETF2,NAS,255.0,255.89,251.85,255.48,6117786.0
20240611,SOXX,반도체ETF,NAS,241.9,243.71,239.5,243.37,1662086.0
20240611,TSM,TSMC ADR,NYS,168.18,168.405,163.79,165.71,11508574.0
20240612,AVGO,브로드컴,NAS,1500.0,1505.8,1476.4,1495.51,5669737.0
20240612,MU,마이크론,NAS,138.51,141.71,136.83,140.75,16973557.0
20240612,NVDA,엔비디아,NAS,123.06,126.88,122.57,125.2,299595001.0
20240612,QQQ,나스닥100,NAS,471.99,476.5,471.29,474.15,34532585.0
20240612,SMH,반도체ETF2,NAS,260.57,264.55,259.76,263.09,8051492.0
20240612,SOXX,반도체ETF,NAS,247.7,251.1636,247.17,250.23,3101590.0
20240612,TSM,TSMC ADR,NYS,173.36,176.06,171.535,172.98,20309502.0
20240613,AVGO,브로드컴,NAS,1710.0,1735.85,1652.52,1678.99,8906065.0
20240613,MU,마이크론,NAS,142.79,144.22,140.2601,143.14,16312938.0
20240613,NVDA,엔비디아,NAS,129.39,129.8,127.16,129.61,260704537.0
20240613,QQQ,나스닥100,NAS,477.72,478.39,474.42,476.72,25859014.0
20240613,SMH,반도체ETF2,NAS,266.79,268.1399,263.96,267.21,7647184.0
20240613,SOXX,반도체ETF,NAS,252.06,254.08,249.51,252.95,3469394.0
20240613,TSM,TSMC ADR,NYS,172.95,174.07,170.51,172.91,15591789.0
20240614,AVGO,브로드컴,NAS,1686.86,1747.24,1682.1,1735.04,6970471.0
20240614,MU,마이크론,NAS,141.8,142.4889,139.6501,141.36,14028467.0
20240614,NVDA,엔비디아,NAS,129.96,132.84,128.32,131.88,309320376.0
20240614,QQQ,나스닥100,NAS,476.52,479.26,476.05,479.19,23372620.0
20240614,SMH,반도체ETF2,NAS,265.4,268.589,264.62,267.89,6257022.0
20240614,SOXX,반도체ETF,NAS,250.8,252.78,249.73,252.04,2567611.0
20240614,TSM,TSMC ADR,NYS,172.0,173.64,170.36,172.51,9192483.0
20240617,AVGO,브로드컴,NAS,1800.0,1843.0,1778.58,1828.87,8752762.0
20240617,MU,마이크론,NAS,145.58,148.75,142.14,147.83,23908993.0
20240617,NVDA,엔비디아,NAS,132.99,133.73,129.58,130.98,288504444.0
20240617,QQQ,나스닥100,NAS,479.46,486.86,478.14,485.06,37054504.0
20240617,SMH,반도체ETF2,NAS,270.71,273.21,266.9186,272.48,7501958.0
20240617,SOXX,반도체ETF,NAS,253.73,256.5,250.615,256.02,3057939.0
20240617,TSM,TSMC ADR,NYS,177.84,178.67,173.48,177.24,18593708.0
20240618,AVGO,브로드컴,NAS,1839.59,1851.62,1785.01,1802.52,8679674.0
20240618,MU,마이크론,NAS,151.74,157.535,151.51,153.45,42192569.0
20240618,NVDA,엔비디아,NAS,131.14,136.33,130.69,135.58,294335054.0
20240618,QQQ,나스닥100,NAS,485.01,485.9,483.43,485.21,24438565.0
20240618,SMH,반도체ETF2,NAS,273.52,278.27,273.02,276.76,8241579.0
20240618,SOXX,반도체ETF,NAS,257.0,260.65,256.49,259.28,3071501.0
20240618,TSM,TSMC ADR,NYS,180.02,184.86,178.99,179.69,27155146.0
20240620,AVGO,브로드컴,NAS,1803.46,1804.75,1722.2201,1734.56,6815662.0
20240620,MU,마이크론,NAS,157.01,157.41,142.91,144.19,41284979.0
20240620,NVDA,엔비디아,NAS,139.8,140.76,129.52,130.78,517768425.0
20240620,QQQ,나스닥100,NAS,486.42,486.8387,479.62,481.47,33918683.0
20240620,SMH,반도체ETF2,NAS,279.22,279.57,267.08,268.92,14053815.0
20240620,SOXX,반도체ETF,NAS,259.66,260.12,250.82,252.24,3921475.0
20240620,TSM,TSMC ADR,NYS,182.58,183.1746,173.5,175.38,28403222.0
20240621,AVGO,브로드컴,NAS,1695.66,1713.999,1651.42,1658.63,9999861.0
20240621,MU,마이크론,NAS,137.65,142.6,135.7,139.54,51189670.0
20240621,NVDA,엔비디아,NAS,127.12,130.63,124.3,126.57,655484664.0
20240621,QQQ,나스닥100,NAS,481.19,482.535,478.67,480.18,39432913.0
20240621,SMH,반도체ETF2,NAS,265.57,268.93,262.015,264.89,11809908.0
20240621,SOXX,반도체ETF,NAS,250.14,252.69,246.94,249.78,3196187.0
20240621,TSM,TSMC ADR,NYS,172.71,177.48,172.21,173.96,20271302.0
20240624,AVGO,브로드컴,NAS,1642.05,1661.0,1590.66,1592.21,5857538.0
20240624,MU,마이크론,NAS,142.44,142.83,137.89,139.01,32410058.0
20240624,NVDA,엔비디아,NAS,123.24,124.46,118.04,118.11,476060866.0
20240624,QQQ,나스닥100,NAS,478.18,479.93,473.82,473.96,37750969.0
20240624,SMH,반도체ETF2,NAS,261.5,263.085,255.73,255.78,10154101.0
20240624,SOXX,반도체ETF,NAS,247.53,249.04,242.52,242.65,3958339.0
20240624,TSM,TSMC ADR,NYS,170.43,171.42,167.121,167.81,19741664.0
20240625,AVGO,브로드컴,NAS,1600.13,1606.04,1564.0,1580.79,5681045.0
20240625,MU,마이크론,NAS,140.07,141.13,137.75,141.12,32370046.0
20240625,NVDA,엔비디아,NAS,121.2,126.5,119.32,126.09,425787456.0
20240625,QQQ,나스닥100,NAS,476.07,479.68,475.12,479.38,29250209.0
20240625,SMH,반도체ETF2,NAS,258.52,261.91,255.81,261.77,6743540.0
20240625,SOXX,반도체ETF,NAS,244.6,246.52,241.7854,246.38,2600572.0
20240625,TSM,TSMC ADR,NYS,169.95,172.64,169.01,172.6,13480972.0
20240626,AVGO,브로드컴,NAS,1597.62,1618.18,1573.59,1592.0,4647875.0
20240626,MU,마이크론,NAS,143.04,144.07,139.54,142.36,55490293.0
20240626,NVDA,엔비디아,NAS,126.13,128.12,122.6,126.4,362975918.0
20240626,QQQ,나스닥100,NAS,478.55,480.92,478.13,480.37,22737105.0
20240626,SMH,반도체ETF2,NAS,261.61,263.07,257.75,260.91,5950295.0
20240626,SOXX,반도체ETF,NAS,246.21,247.66,242.71,245.42,1933758.0
20240626,TSM,TSMC ADR,NYS,172.12,173.69,170.2,172.07,11901499.0
20240627,AVGO,브로드컴,NAS,1592.0,1605.62,1571.0,1586.66,3164906.0
20240627,MU,마이크론,NAS,135.79,137.39,131.08,132.23,68172714.0
20240627,NVDA,엔비디아,NAS,124.1,126.41,122.92,123.99,252571693.0
20240627,QQQ,나스닥100,NAS,480.12,483.1,479.3,481.61,26222135.0
20240627,SMH,반도체ETF2,NAS,260.4,262.43,257.64,258.86,5738731.0
20240627,SOXX,반도체ETF,NAS,244.94,246.7475,242.7,244.16,2363557.0
20240627,TSM,TSMC ADR,NYS,173.79,175.48,171.15,171.63,10864584.0
20240628,AVGO,브로드컴,NAS,1595.88,1639.23,1586.0,1605.53,6937663.0
20240628,MU,마이크론,NAS,132.82,135.42,130.75,131.53,38140587.0
20240628,NVDA,엔비디아,NAS,124.58,127.71,122.75,123.54,315516740.0
20240628,QQQ,나스닥100,NAS,482.41,487.2,478.46,479.11,34881581.0
20240628,SMH,반도체ETF2,NAS,260.475,266.4,258.98,260.7,7743251.0
20240628,SOXX,반도체ETF,NAS,245.85,251.46,244.67,246.63,3851382.0
20240628,TSM,TSMC ADR,NYS,172.81,176.8199,172.81,173.81,11216068.0
20240701,AVGO,브로드컴,NAS,1608.2,1648.75,1593.5,1640.8,4762344.0
20240701,MU,마이크론,NAS,130.5,132.0834,127.2689,131.52,24748994.0
20240701,NVDA,엔비디아,NAS,123.47,124.84,118.83,124.3,284885534.0
20240701,QQQ,나스닥100,NAS,480.04,482.49,476.255,481.92,24898336.0
20240701,SMH,반도체ETF2,NAS,261.0,261.349,255.662,261.01,6185982.0
20240701,SOXX,반도체ETF,NAS,246.49,246.91,241.97,246.62,2330411.0
20240701,TSM,TSMC ADR,NYS,174.24,175.3,170.45,172.33,10716975.0
20240702,AVGO,브로드컴,NAS,1640.8,1659.1999,1622.0,1657.48,3253884.0
20240702,MU,마이크론,NAS,129.91,132.71,129.42,132.59,20776035.0
20240702,NVDA,엔비디아,NAS,121.13,123.41,121.03,122.67,218373969.0
20240702,QQQ,나스닥100,NAS,480.41,487.04,480.28,486.98,26723559.0
20240702,SMH,반도체ETF2,NAS,258.99,263.66,258.71,263.63,4117110.0
20240702,SOXX,반도체ETF,NAS,245.2,250.17,245.0,250.09,1617362.0
20240702,TSM,TSMC ADR,NYS,171.13,176.71,171.03,175.7,10655486.0
20240703,AVGO,브로드컴,NAS,1670.0,1729.22,1664.46,1729.22,3995382.0
20240703,MU,마이크론,NAS,132.66,136.82,132.43,136.82,14507146.0
20240703,NVDA,엔비디아,NAS,121.66,128.28,121.36,128.28,215748955.0
20240703,QQQ,나스닥100,NAS,486.22,491.17,486.22,491.04,18064880.0
20240703,SMH,반도체ETF2,NAS,264.09,270.4,263.28,269.62,4633045.0
20240703,SOXX,반도체ETF,NAS,250.72,255.58,249.38,254.26,1392246.0
20240703,TSM,TSMC ADR,NYS,177.99,182.49,177.88,182.49,11808737.0
20240705,AVGO,브로드컴,NAS,1755.56,1765.47,1696.0001,1703.31,4524048.0
20240705,MU,마이크론,NAS,136.82,137.13,130.91,131.6,30104619.0
20240705,NVDA,엔비디아,NAS,127.38,128.85,125.68,125.83,214176689.0
20240705,QQQ,나스닥100,NAS,491.89,496.6,491.59,496.16,28495936.0
20240705,SMH,반도체ETF2,NAS,271.22,272.05,268.05,269.72,6415237.0
20240705,SOXX,반도체ETF,NAS,256.28,256.825,253.28,254.76,1823851.0
20240705,TSM,TSMC ADR,NYS,184.14,185.08,182.3,183.99,11372882.0
20240708,AVGO,브로드컴,NAS,1705.0,1756.8999,1705.0,1745.86,3639846.0
20240708,MU,마이크론,NAS,131.295,133.27,130.09,130.69,20500745.0
20240708,NVDA,엔비디아,NAS,127.49,130.77,127.04,128.2,237677322.0
20240708,QQQ,나스닥100,NAS,496.53,497.895,495.5,497.34,22109420.0
20240708,SMH,반도체ETF2,NAS,272.84,275.7047,272.55,274.21,5832663.0
20240708,SOXX,반도체ETF,NAS,256.71,259.9,256.69,259.59,2295490.0
20240708,TSM,TSMC ADR,NYS,190.0,192.8,185.13,186.63,22582402.0
20240709,AVGO,브로드컴,NAS,1756.56,1770.98,1705.56,1733.31,3791621.0
20240709,MU,마이크론,NAS,131.75,135.21,130.88,131.14,21903375.0
20240709,NVDA,엔비디아,NAS,130.35,133.82,128.65,131.38,287020820.0
20240709,QQQ,나스닥100,NAS,498.87,500.0,496.24,497.77,25701253.0
20240709,SMH,반도체ETF2,NAS,276.29,277.61,272.16,274.81,5915764.0
20240709,SOXX,반도체ETF,NAS,260.75,262.08,257.13,259.47,2376280.0
20240709,TSM,TSMC ADR,NYS,188.09,188.44,182.5,184.52,19972038.0
20240710,AVGO,브로드컴,NAS,1746.0,1766.4899,1726.3628,1744.69,4107420.0
20240710,MU,마이크론,NAS,133.105,136.5,132.7,136.39,22460199.0
20240710,NVDA,엔비디아,NAS,134.03,135.1,132.42,134.91,248978569.0
20240710,QQQ,나스닥100,NAS,499.71,503.52,498.39,502.96,28046901.0
20240710,SMH,반도체ETF2,NAS,278.13,281.73,276.29,281.27,6180973.0
20240710,SOXX,반도체ETF,NAS,261.874,265.9998,260.58,265.49,3075771.0
20240710,TSM,TSMC ADR,NYS,188.28,191.42,186.7,191.05,19293520.0
20240711,AVGO,브로드컴,NAS,1764.66,1764.87,1668.5,1705.95,5111168.0
20240711,MU,마이크론,NAS,136.36,136.43,130.07,130.23,25401541.0
20240711,NVDA,엔비디아,NAS,135.75,136.15,127.05,127.4,374782738.0
20240711,QQQ,나스닥100,NAS,503.07,503.28,490.725,491.93,49966590.0
20240711,SMH,반도체ETF2,NAS,283.0,283.07,269.9999,271.02,12287006.0
20240711,SOXX,반도체ETF,NAS,267.15,267.24,255.97,256.76,4695206.0
20240711,TSM,TSMC ADR,NYS,193.09,193.47,183.01,184.5,21584170.0
20240712,AVGO,브로드컴,NAS,1711.03,1725.91,1691.31,1700.67,3045300.0
20240712,MU,마이크론,NAS,131.75,134.43,130.72,133.55,20726899.0
20240712,NVDA,엔비디아,NAS,128.26,131.92,127.22,129.24,252680535.0
20240712,QQQ,나스닥100,NAS,492.51,499.62,492.04,494.82,37109399.0
20240712,SMH,반도체ETF2,NAS,271.8,278.94,271.06,274.45,8392846.0
20240712,SOXX,반도체ETF,NAS,257.84,264.42,256.56,259.89,2929608.0
20240712,TSM,TSMC ADR,NYS,183.07,190.38,182.75,187.35,19220331.0
20240715,AVGO,브로드컴,NAS,170.0,173.5099,169.26,171.42,22999201.0
20240715,MU,마이크론,NAS,133.91,135.35,130.03,130.87,20416018.0
20240715,NVDA,엔비디아,NAS,130.56,131.39,127.18,128.44,208326164.0
20240715,QQQ,나스닥100,NAS,496.61,501.01,494.09,496.15,31151386.0
20240715,SMH,반도체ETF2,NAS,276.41,277.4689,272.02,273.83,7814828.0
20240715,SOXX,반도체ETF,NAS,261.35,263.63,258.59,260.18,3202168.0
20240715,TSM,TSMC ADR,NYS,188.68,190.06,184.08,185.22,15683114.0
20240716,AVGO,브로드컴,NAS,172.4,172.81,166.4,169.375,22244943.0
20240716,MU,마이크론,NAS,130.42,130.97,127.24,127.49,21312635.0
20240716,NVDA,엔비디아,NAS,128.44,129.04,124.58,126.36,214769515.0
20240716,QQQ,나스닥100,NAS,497.62,498.44,493.15,496.34,25950622.0
20240716,SMH,반도체ETF2,NAS,275.31,275.63,270.5407,273.71,5638589.0
20240716,SOXX,반도체ETF,NAS,261.53,262.14,257.59,261.79,2595071.0
20240716,TSM,TSMC ADR,NYS,188.27,189.59,185.02,186.04,16663311.0
20240717,AVGO,브로드컴,NAS,162.31,162.84,155.61,155.98,43343355.0
20240717,MU,마이크론,NAS,122.58,123.03,119.23,119.5,31414074.0
20240717,NVDA,엔비디아,NAS,121.35,121.85,116.72,117.99,390086189.0
20240717,QQQ,나스닥100,NAS,488.28,488.7984,481.7,481.77,56268768.0
20240717,SMH,반도체ETF2,NAS,263.79,264.0,253.85,254.22,15181903.0
20240717,SOXX,반도체ETF,NAS,252.745,253.66,242.78,243.17,9101641.0
20240717,TSM,TSMC ADR,NYS,175.215,176.58,170.51,171.2,45052592.0
20240718,AVGO,브로드컴,NAS,158.89,161.51,153.9,160.52,37973498.0
20240718,MU,마이크론,NAS,120.5,121.64,114.09,117.45,30404911.0
20240718,NVDA,엔비디아,NAS,121.85,122.4,116.56,121.09,320979530.0
20240718,QQQ,나스닥100,NAS,485.53,485.71,476.27,479.49,49347361.0
20240718,SMH,반도체ETF2,NAS,259.13,260.0,250.01,255.54,12807627.0
20240718,SOXX,반도체ETF,NAS,247.41,247.52,239.65,243.9,5273993.0
20240718,TSM,TSMC ADR,NYS,175.5,178.69,164.51,171.87,52903620.0
20240719,AVGO,브로드컴,NAS,161.84,163.95,157.12,157.35,26309545.0
20240719,MU,마이크론,NAS,116.69,117.2124,113.85,114.26,18038924.0
20240719,NVDA,엔비디아,NAS,120.35,121.6,117.37,117.93,217223800.0
20240719,QQQ,나스닥100,NAS,479.15,481.69,473.94,475.24,42042856.0
20240719,SMH,반도체ETF2,NAS,254.86,255.21,247.79,248.14,8589500.0
20240719,SOXX,반도체ETF,NAS,243.56,243.7,236.04,236.44,4983515.0
20240719,TSM,TSMC ADR,NYS,169.17,170.52,165.22,165.77,22585296.0
20240722,AVGO,브로드컴,NAS,160.23,162.99,157.9,161.06,28813334.0
20240722,MU,마이크론,NAS,115.36,115.58,113.64,115.28,23837761.0
20240722,NVDA,엔비디아,NAS,120.35,124.07,119.86,123.54,258068943.0
20240722,QQQ,나스닥100,NAS,481.16,483.35,477.7068,482.32,40299999.0
20240722,SMH,반도체ETF2,NAS,253.0,257.9,251.61,257.72,10757923.0
20240722,SOXX,반도체ETF,NAS,241.52,246.4392,239.5,246.24,4941710.0
20240722,TSM,TSMC ADR,NYS,166.61,170.88,166.18,169.35,21037199.0
20240723,AVGO,브로드컴,NAS,160.395,165.33,159.9,163.77,21570177.0
20240723,MU,마이크론,NAS,115.13,116.335,113.83,114.25,14707710.0
20240723,NVDA,엔비디아,NAS,122.78,124.69,122.1,122.59,173910983.0
20240723,QQQ,나스닥100,NAS,481.41,484.43,480.14,480.62,23282454.0
20240723,SMH,반도체ETF2,NAS,254.98,257.37,254.335,254.86,5869857.0
20240723,SOXX,반도체ETF,NAS,242.89,245.08,241.84,242.57,2418663.0
20240723,TSM,TSMC ADR,NYS,169.42,171.54,167.9666,169.82,11690667.0
20240724,AVGO,브로드컴,NAS,160.355,161.405,151.1,151.34,37162620.0
20240724,MU,마이크론,NAS,111.47,114.04,110.0,110.28,25261038.0
20240724,NVDA,엔비디아,NAS,119.17,119.95,113.44,114.25,327776884.0
20240724,QQQ,나스닥100,NAS,473.82,474.19,462.51,463.38,58818629.0
20240724,SMH,반도체ETF2,NAS,250.59,251.32,240.34,240.98,11295018.0
20240724,SOXX,반도체ETF,NAS,239.26,239.89,229.35,229.67,5738900.0
20240724,TSM,TSMC ADR,NYS,165.09,165.45,159.59,159.8,19536581.0
20240725,AVGO,브로드컴,NAS,151.26,153.55,145.52,149.26,30872127.0
20240725,MU,마이크론,NAS,106.8,110.7,105.04,107.45,29068384.0
20240725,NVDA,엔비디아,NAS,113.04,116.63,106.3,112.28,460067019.0
20240725,QQQ,나스닥100,NAS,463.72,467.94,455.63,458.27,59256759.0
20240725,SMH,반도체ETF2,NAS,239.0,243.64,230.82,236.56,18765116.0
20240725,SOXX,반도체ETF,NAS,227.71,232.055,220.63,224.55,8437613.0
20240725,TSM,TSMC ADR,NYS,158.16,163.4,152.11,160.28,25731750.0
20240726,AVGO,브로드컴,NAS,153.5,153.58,149.9202,151.63,20839871.0
20240726,MU,마이크론,NAS,110.0,110.63,107.78,109.41,18547885.0
20240726,NVDA,엔비디아,NAS,116.19,116.2,111.58,113.06,293399073.0
20240726,QQQ,나스닥100,NAS,462.65,465.93,459.77,462.97,39992132.0
20240726,SMH,반도체ETF2,NAS,242.22,242.32,238.18,240.31,7325633.0
20240726,SOXX,반도체ETF,NAS,229.67,231.2073,226.9075,229.37,3805615.0
20240726,TSM,TSMC ADR,NYS,164.3,164.59,159.19,161.94,13089172.0
20240729,AVGO,브로드컴,NAS,152.02,155.0,149.15,150.22,16625762.0
20240729,MU,마이크론,NAS,110.54,111.0299,107.14,107.85,13517675.0
20240729,NVDA,엔비디아,NAS,113.69,116.28,111.3,111.59,248152068.0
20240729,QQQ,나스닥100,NAS,465.71,467.91,461.615,463.9,28218476.0
20240729,SMH,반도체ETF2,NAS,242.44,245.23,237.77,238.6,6745307.0
20240729,SOXX,반도체ETF,NAS,231.6,234.83,228.03,228.89,2926807.0
20240729,TSM,TSMC ADR,NYS,162.68,163.23,158.63,160.01,12663082.0
20240730,AVGO,브로드컴,NAS,153.28,153.47,143.35,143.52,31102341.0
20240730,MU,마이크론,NAS,109.0,109.25,102.17,102.56,23915140.0
20240730,NVDA,엔비디아,NAS,111.52,111.99,102.54,103.73,486833274.0
20240730,QQQ,나스닥100,NAS,465.85,466.561,454.15,457.53,41317210.0
20240730,SMH,반도체ETF2,NAS,240.22,240.71,228.33,229.47,12932120.0
20240730,SOXX,반도체ETF,NAS,230.0,230.56,219.82,220.58,8083544.0
20240730,TSM,TSMC ADR,NYS,160.44,161.1499,152.55,154.54,22017963.0
20240731,AVGO,브로드컴,NAS,151.47,161.33,151.0,160.68,45827511.0
20240731,MU,마이크론,NAS,109.85,111.3399,107.75,109.82,26503554.0
20240731,NVDA,엔비디아,NAS,112.9,118.34,110.88,117.02,473174182.0
20240731,QQQ,나스닥100,NAS,467.87,472.79,466.41,471.07,44552134.0
20240731,SMH,반도체ETF2,NAS,242.5,247.69,240.51,246.99,18412093.0
20240731,SOXX,반도체ETF,NAS,230.72,235.6,228.97,235.38,7494101.0
20240731,TSM,TSMC ADR,NYS,163.77,166.65,162.07,165.8,19860383.0
20240801,AVGO,브로드컴,NAS,157.5,158.91,146.17,147.02,40319955.0
20240801,MU,마이크론,NAS,107.18,107.86,99.95,101.51,31643707.0
20240801,NVDA,엔비디아,NAS,117.53,120.16,106.8104,109.21,523462326.0
20240801,QQQ,나스닥100,NAS,471.76,475.55,455.98,459.66,56653900.0
20240801,SMH,반도체ETF2,NAS,244.04,246.8,227.9004,231.01,17111645.0
20240801,SOXX,반도체ETF,NAS,231.4,233.21,215.59,218.42,8576306.0
20240801,TSM,TSMC ADR,NYS,163.48,167.665,156.84,158.18,21095641.0
20240802,AVGO,브로드컴,NAS,141.925,145.35,139.6,143.82,33745843.0
20240802,MU,마이크론,NAS,97.16,97.69,91.07,92.7,36039440.0
20240802,NVDA,엔비디아,NAS,103.76,108.72,101.37,107.27,482027464.0
20240802,QQQ,나스닥100,NAS,450.89,453.57,444.47,448.75,66323244.0
20240802,SMH,반도체ETF2,NAS,219.92,222.34,214.18,218.43,20261333.0
20240802,SOXX,반도체ETF,NAS,209.06,211.45,204.21,206.81,13105442.0
20240802,TSM,TSMC ADR,NYS,151.25,153.86,146.89,149.86,31095265.0
20240805,AVGO,브로드컴,NAS,129.61,145.42,128.5,142.08,41309257.0
20240805,MU,마이크론,NAS,87.63,92.25,84.91,90.42,36977615.0
20240805,NVDA,엔비디아,NAS,92.06,103.41,90.69,100.45,552842375.0
20240805,QQQ,나스닥100,NAS,424.71,442.29,423.45,435.37,87483452.0
20240805,SMH,반도체ETF2,NAS,200.98,218.5,200.49,213.31,18420837.0
20240805,SOXX,반도체ETF,NAS,193.09,208.68,192.87,203.16,9247089.0
20240805,TSM,TSMC ADR,NYS,133.86,150.0,133.57,147.95,31193148.0
20240806,AVGO,브로드컴,NAS,141.73,148.91,140.25,143.92,24751290.0
20240806,MU,마이크론,NAS,89.2,90.86,87.15,89.0,26460039.0
20240806,NVDA,엔비디아,NAS,103.84,107.71,100.55,104.25,409012089.0
20240806,QQQ,나스닥100,NAS,437.23,447.07,434.56,439.53,63164429.0
20240806,SMH,반도체ETF2,NAS,216.54,222.8,212.64,217.46,15388764.0
20240806,SOXX,반도체ETF,NAS,205.06,210.48,201.74,205.0,6602315.0
20240806,TSM,TSMC ADR,NYS,150.44,157.71,147.72,155.39,24528068.0
20240807,AVGO,브로드컴,NAS,148.25,150.1,135.83,136.27,29749755.0
20240807,MU,마이크론,NAS,93.38,93.58,86.58,86.8,29483752.0
20240807,NVDA,엔비디아,NAS,107.81,108.8,98.69,98.91,411440423.0
20240807,QQQ,나스닥100,NAS,446.49,449.0,434.37,434.77,54929163.0
20240807,SMH,반도체ETF2,NAS,224.69,226.1,211.01,211.47,13066499.0
20240807,SOXX,반도체ETF,NAS,211.5,213.18,198.85,199.29,5292535.0
20240807,TSM,TSMC ADR,NYS,161.55,162.65,154.52,155.04,22379012.0
20240808,AVGO,브로드컴,NAS,141.2,146.27,138.4,145.74,27583199.0
20240808,MU,마이크론,NAS,88.48,92.85,88.03,92.07,24760739.0
20240808,NVDA,엔비디아,NAS,102.0,105.5,97.52,104.97,391910023.0
20240808,QQQ,나스닥100,NAS,441.06,448.99,437.15,448.07,47890071.0
20240808,SMH,반도체ETF2,NAS,217.6,225.27,212.7,224.91,11407866.0
20240808,SOXX,반도체ETF,NAS,205.47,213.26,201.24,213.04,6243205.0
20240808,TSM,TSMC ADR,NYS,159.27,164.75,155.54,164.55,18889635.0
20240809,AVGO,브로드컴,NAS,144.2,149.55,144.11,148.26,18438655.0
20240809,MU,마이크론,NAS,91.79,94.53,91.45,93.08,21627209.0
20240809,NVDA,엔비디아,NAS,105.64,106.6,103.43,104.75,290844157.0
20240809,QQQ,나스닥100,NAS,446.74,452.06,445.61,450.41,33573976.0
20240809,SMH,반도체ETF2,NAS,224.7,226.49,221.39,224.85,7241675.0
20240809,SOXX,반도체ETF,NAS,211.49,213.675,208.75,211.78,3454505.0
20240809,TSM,TSMC ADR,NYS,166.32,167.8,163.24,167.12,20519406.0
20240812,AVGO,브로드컴,NAS,148.08,151.13,146.37,148.62,17778473.0
20240812,MU,마이크론,NAS,93.1,96.53,92.6301,94.64,18886624.0
20240812,NVDA,엔비디아,NAS,106.32,111.07,106.26,109.02,325559870.0
20240812,QQQ,나스닥100,NAS,451.39,454.37,448.5546,451.38,27795006.0
20240812,SMH,반도체ETF2,NAS,225.19,229.55,224.05,226.96,6751158.0
20240812,SOXX,반도체ETF,NAS,212.1,215.55,210.3,213.0,4365247.0
20240812,TSM,TSMC ADR,NYS,166.0,169.53,165.54,167.63,14727277.0
20240813,AVGO,브로드컴,NAS,151.55,156.38,149.81,156.16,22053604.0
20240813,MU,마이크론,NAS,96.615,97.78,94.91,97.44,23565495.0
20240813,NVDA,엔비디아,NAS,112.44,116.23,111.58,116.14,312646660.0
20240813,QQQ,나스닥100,NAS,455.82,462.85,455.68,462.58,40084457.0
20240813,SMH,반도체ETF2,NAS,230.545,236.3,228.87,236.19,7647449.0
20240813,SOXX,반도체ETF,NAS,215.99,221.98,214.67,221.65,4525401.0
20240813,TSM,TSMC ADR,NYS,168.0,172.45,166.34,172.34,15243472.0
20240814,AVGO,브로드컴,NAS,158.02,160.25,154.72,157.69,20184199.0
20240814,MU,마이크론,NAS,101.0,101.95,98.0652,100.41,22458958.0
20240814,NVDA,엔비디아,NAS,118.53,118.6,114.07,118.08,339246407.0
20240814,QQQ,나스닥100,NAS,463.51,465.1093,458.4,462.73,34733746.0
20240814,SMH,반도체ETF2,NAS,238.71,239.18,232.16,236.39,7187132.0
20240814,SOXX,반도체ETF,NAS,223.65,224.54,217.49,221.09,3769879.0
20240814,TSM,TSMC ADR,NYS,171.88,172.51,167.19,169.97,11510307.0
20240815,AVGO,브로드컴,NAS,161.2,166.67,160.3351,166.13,27944968.0
20240815,MU,마이크론,NAS,103.51,108.0483,102.75,106.95,29127952.0
20240815,NVDA,엔비디아,NAS,118.76,123.24,117.47,122.86,318086673.0
20240815,QQQ,나스닥100,NAS,468.76,474.82,468.38,474.42,38280565.0
20240815,SMH,반도체ETF2,NAS,240.8,247.34,239.53,246.37,8376779.0
20240815,SOXX,반도체ETF,NAS,226.07,232.62,225.04,231.72,4332066.0
20240815,TSM,TSMC ADR,NYS,172.43,175.44,170.82,173.96,15393526.0
20240816,AVGO,브로드컴,NAS,164.47,166.09,162.68,165.72,19296868.0
20240816,MU,마이크론,NAS,106.83,109.47,105.35,107.99,18383278.0
20240816,NVDA,엔비디아,NAS,121.94,125.0,121.18,124.58,302589872.0
20240816,QQQ,나스닥100,NAS,472.62,476.41,471.65,475.03,38383623.0
20240816,SMH,반도체ETF2,NAS,244.21,247.4,243.0,246.71,5194621.0
20240816,SOXX,반도체ETF,NAS,229.59,232.22,228.03,231.23,3966086.0
20240816,TSM,TSMC ADR,NYS,173.39,175.0,172.25,174.54,10709972.0
20240819,AVGO,브로드컴,NAS,164.86,167.83,160.42,167.71,20441691.0
20240819,MU,마이크론,NAS,107.245,108.72,104.76,108.63,15744648.0
20240819,NVDA,엔비디아,NAS,124.28,130.0,123.42,130.0,318333577.0
20240819,QQQ,나스닥100,NAS,475.17,481.31,473.37,481.27,23737674.0
20240819,SMH,반도체ETF2,NAS,245.79,251.4,243.29,251.34,5564348.0
20240819,SOXX,반도체ETF,NAS,230.33,235.2,227.66,235.16,2197772.0
20240819,TSM,TSMC ADR,NYS,174.76,175.45,171.1,175.45,11510990.0
20240820,AVGO,브로드컴,NAS,167.05,168.3699,164.15,165.95,19417494.0
20240820,MU,마이크론,NAS,108.33,109.19,106.16,107.99,16075515.0
20240820,NVDA,엔비디아,NAS,128.4,129.88,125.89,127.25,300087415.0
20240820,QQQ,나스닥100,NAS,480.35,482.94,478.55,480.26,29209340.0
20240820,SMH,반도체ETF2,NAS,250.15,251.53,245.87,248.06,6578580.0
20240820,SOXX,반도체ETF,NAS,233.95,235.55,230.27,232.05,2587659.0
20240820,TSM,TSMC ADR,NYS,175.4,175.4,169.85,172.04,13555525.0
20240821,AVGO,브로드컴,NAS,165.12,166.47,162.88,165.78,16097693.0
20240821,MU,마이크론,NAS,108.16,108.4,106.21,108.33,13658899.0
20240821,NVDA,엔비디아,NAS,127.315,129.35,126.66,128.5,257883572.0
20240821,QQQ,나스닥100,NAS,481.05,484.37,479.32,482.5,25658787.0
20240821,SMH,반도체ETF2,NAS,248.6,251.87,247.865,250.63,4813708.0
20240821,SOXX,반도체ETF,NAS,233.21,236.51,232.64,235.34,1832242.0
20240821,TSM,TSMC ADR,NYS,170.36,173.08,169.91,171.44,9434811.0
20240822,AVGO,브로드컴,NAS,170.84,172.42,161.49,162.34,30044532.0
20240822,MU,마이크론,NAS,108.95,111.0,103.96,104.26,17967028.0
20240822,NVDA,엔비디아,NAS,130.02,130.75,123.1,123.74,376189076.0
20240822,QQQ,나스닥100,NAS,484.84,485.54,473.81,474.85,37739576.0
20240822,SMH,반도체ETF2,NAS,252.52,253.32,241.54,242.42,8007438.0
20240822,SOXX,반도체ETF,NAS,236.7,237.5,226.62,227.3,2969554.0
20240822,TSM,TSMC ADR,NYS,172.0,173.28,166.06,166.44,13546124.0
20240823,AVGO,브로드컴,NAS,165.025,168.28,163.46,166.36,18848022.0
20240823,MU,마이크론,NAS,103.04,104.41,100.31,102.85,25465076.0
20240823,NVDA,엔비디아,NAS,125.86,129.6,125.22,129.37,323230332.0
20240823,QQQ,나스닥100,NAS,479.24,482.74,475.28,480.0,36061508.0
20240823,SMH,반도체ETF2,NAS,245.85,250.33,244.7,248.39,6933374.0
20240823,SOXX,반도체ETF,NAS,230.92,235.0,229.7,233.39,3452909.0
20240823,TSM,TSMC ADR,NYS,169.0,173.29,167.915,171.28,12189133.0
20240826,AVGO,브로드컴,NAS,164.96,165.7,158.66,159.62,18521153.0
20240826,MU,마이크론,NAS,100.67,102.19,97.61,98.91,26752251.0
20240826,NVDA,엔비디아,NAS,129.57,131.26,124.37,126.46,331964672.0
20240826,QQQ,나스닥100,NAS,479.45,480.38,473.24,475.34,27452641.0
20240826,SMH,반도체ETF2,NAS,247.49,248.55,241.13,242.57,6925237.0
20240826,SOXX,반도체ETF,NAS,232.47,233.21,226.7,227.53,2148184.0
20240826,TSM,TSMC ADR,NYS,170.38,171.05,167.82,169.07,9611328.0
20240827,AVGO,브로드컴,NAS,157.6,162.03,155.83,161.39,16683106.0
20240827,MU,마이크론,NAS,97.09,98.49,96.668,97.86,17234616.0
20240827,NVDA,엔비디아,NAS,125.05,129.2,123.88,128.3,303134573.0
20240827,QQQ,나스닥100,NAS,473.69,477.84,471.71,476.76,27510003.0
20240827,SMH,반도체ETF2,NAS,240.67,245.75,238.57,245.01,5534390.0
20240827,SOXX,반도체ETF,NAS,225.88,230.812,223.81,230.05,2024724.0
20240827,TSM,TSMC ADR,NYS,166.42,170.58,165.04,170.55,9186041.0
20240828,AVGO,브로드컴,NAS,160.08,162.28,156.25,158.18,18063622.0
20240828,MU,마이크론,NAS,97.36,97.6847,92.7,94.86,25564297.0
20240828,NVDA,엔비디아,NAS,128.12,128.33,122.64,125.61,448101115.0
20240828,QQQ,나스닥100,NAS,476.29,477.02,467.89,471.35,37372436.0
20240828,SMH,반도체ETF2,NAS,244.5,245.68,237.82,240.89,8114008.0
20240828,SOXX,반도체ETF,NAS,229.09,230.7,223.62,225.9,3480004.0
20240828,TSM,TSMC ADR,NYS,171.32,172.465,166.2,169.2,10581371.0
20240829,AVGO,브로드컴,NAS,158.49,163.2,155.41,156.93,23519286.0
20240829,MU,마이크론,NAS,96.56,97.98,94.99,95.57,18984288.0
20240829,NVDA,엔비디아,NAS,121.355,124.43,116.71,117.59,453023305.0
20240829,QQQ,나스닥100,NAS,473.28,477.93,469.372,470.66,41081465.0
20240829,SMH,반도체ETF2,NAS,240.47,244.51,236.78,237.91,9256468.0
20240829,SOXX,반도체ETF,NAS,227.1,231.02,224.21,225.25,4084564.0
20240829,TSM,TSMC ADR,NYS,168.65,175.42,167.51,169.15,13213194.0
20240830,AVGO,브로드컴,NAS,161.12,163.24,158.71,162.82,25158510.0
20240830,MU,마이크론,NAS,96.92,98.4129,94.99,96.24,18819367.0
20240830,NVDA,엔비디아,NAS,119.53,121.75,117.22,119.37,333751583.0
20240830,QQQ,나스닥100,NAS,475.04,476.9,470.51,476.27,33466473.0
20240830,SMH,반도체ETF2,NAS,242.45,244.6,239.38,243.46,8623765.0
20240830,SOXX,반도체ETF,NAS,230.56,231.75,227.28,231.14,3249708.0
20240830,TSM,TSMC ADR,NYS,170.055,172.23,168.75,171.7,9481403.0
20240903,AVGO,브로드컴,NAS,160.38,160.74,151.38,152.79,37179061.0
20240903,MU,마이크론,NAS,93.63,93.8799,88.31,88.58,28897236.0
20240903,NVDA,엔비디아,NAS,116.01,116.21,107.29,108.0,477155100.0
20240903,QQQ,나스닥100,NAS,473.2,473.33,459.4101,461.81,44985219.0
20240903,SMH,반도체ETF2,NAS,238.87,238.87,223.81,225.19,14466252.0
20240903,SOXX,반도체ETF,NAS,226.8,226.83,212.28,213.5,7214274.0
20240903,TSM,TSMC ADR,NYS,168.0,168.679,159.8,160.49,18464355.0
20240904,AVGO,브로드컴,NAS,150.3,157.79,149.15,154.12,20324062.0
20240904,MU,마이크론,NAS,88.36,90.73,87.81,89.29,16356537.0
20240904,NVDA,엔비디아,NAS,105.41,113.27,104.12,106.21,372470291.0
20240904,QQQ,나스닥100,NAS,458.67,464.45,457.73,460.61,32505102.0
20240904,SMH,반도체ETF2,NAS,221.83,228.58,221.46,224.65,8646295.0
20240904,SOXX,반도체ETF,NAS,211.11,217.49,210.52,214.2,4435768.0
20240904,TSM,TSMC ADR,NYS,159.3,163.88,158.95,160.87,11317391.0
20240905,AVGO,브로드컴,NAS,150.565,156.36,150.11,152.82,31548537.0
20240905,MU,마이크론,NAS,88.1,90.7,87.76,89.39,13890660.0
20240905,NVDA,엔비디아,NAS,104.985,109.65,104.76,107.21,306850696.0
20240905,QQQ,나스닥100,NAS,458.97,465.36,457.939,461.04,34452385.0
20240905,SMH,반도체ETF2,NAS,222.06,227.77,221.73,224.26,6535443.0
20240905,SOXX,반도체ETF,NAS,211.2,216.38,210.86,213.05,3988332.0
20240905,TSM,TSMC ADR,NYS,161.54,164.59,161.05,163.7,10260578.0
20240906,AVGO,브로드컴,NAS,143.25,143.5,136.6,136.995,76634630.0
20240906,MU,마이크론,NAS,89.37,89.65,85.26,86.38,23587097.0
20240906,NVDA,엔비디아,NAS,108.04,108.15,100.95,102.83,413638098.0
20240906,QQQ,나스닥100,NAS,460.33,461.22,448.19,448.69,50624385.0
20240906,SMH,반도체ETF2,NAS,223.35,223.67,213.57,215.0,12019320.0
20240906,SOXX,반도체ETF,NAS,211.45,211.61,202.86,203.93,5596274.0
20240906,TSM,TSMC ADR,NYS,164.89,165.4053,156.01,156.82,14964411.0
20240909,AVGO,브로드컴,NAS,139.11,141.585,134.9,140.82,39516691.0
20240909,MU,마이크론,NAS,87.85,87.96,85.01,86.27,20526393.0
20240909,NVDA,엔비디아,NAS,104.88,106.55,103.69,106.47,273912015.0
20240909,QQQ,나스닥100,NAS,453.06,455.46,449.8234,454.46,32981169.0
20240909,SMH,반도체ETF2,NAS,218.46,220.31,215.79,219.86,7933427.0
20240909,SOXX,반도체ETF,NAS,207.24,208.68,204.56,207.96,4078571.0
20240909,TSM,TSMC ADR,NYS,160.76,163.1,160.25,162.78,10339023.0
20240910,AVGO,브로드컴,NAS,141.22,149.86,141.04,148.21,36067473.0
20240910,MU,마이크론,NAS,86.97,87.19,84.87,86.85,17019016.0
20240910,NVDA,엔비디아,NAS,107.81,109.4,104.95,108.1,268283736.0
20240910,QQQ,나스닥100,NAS,456.24,459.17,452.23,458.66,29680319.0
20240910,SMH,반도체ETF2,NAS,220.62,222.14,216.46,221.94,7651577.0
20240910,SOXX,반도체ETF,NAS,208.34,210.38,204.96,210.15,2390615.0
20240910,TSM,TSMC ADR,NYS,162.89,162.89,157.6931,162.43,11910831.0
20240911,AVGO,브로드컴,NAS,148.39,158.87,145.04,158.27,39700766.0
20240911,MU,마이크론,NAS,88.2,90.83,86.08,90.65,20879599.0
20240911,NVDA,엔비디아,NAS,109.39,117.19,107.42,116.91,441422370.0
20240911,QQQ,나스닥100,NAS,459.91,469.37,451.28,468.62,57842992.0
20240911,SMH,반도체ETF2,NAS,223.79,233.7,219.4,233.4,11148303.0
20240911,SOXX,반도체ETF,NAS,211.59,220.34,207.17,219.91,6521352.0
20240911,TSM,TSMC ADR,NYS,163.8,170.38,161.42,170.23,15059547.0
20240912,AVGO,브로드컴,NAS,158.1,166.32,156.83,164.56,43581917.0
20240912,MU,마이크론,NAS,87.1,88.03,84.12,87.21,30982533.0
20240912,NVDA,엔비디아,NAS,116.84,120.79,115.38,119.14,367100496.0
20240912,QQQ,나스닥100,NAS,468.65,474.04,466.8491,473.22,40175456.0
20240912,SMH,반도체ETF2,NAS,232.92,235.955,229.962,233.9,8212412.0
20240912,SOXX,반도체ETF,NAS,218.7,220.97,215.625,218.94,4739645.0
20240912,TSM,TSMC ADR,NYS,170.6,172.15,169.0,171.43,13415497.0
20240913,AVGO,브로드컴,NAS,166.735,168.08,164.0401,167.69,29850048.0
20240913,MU,마이크론,NAS,88.09,91.47,87.87,91.22,21267222.0
20240913,NVDA,엔비디아,NAS,119.08,119.955,117.6,119.1,238358328.0
20240913,QQQ,나스닥100,NAS,472.48,476.53,472.25,475.34,29111849.0
20240913,SMH,반도체ETF2,NAS,235.0,237.55,234.22,236.91,6405793.0
20240913,SOXX,반도체ETF,NAS,220.85,223.45,220.32,222.85,5267972.0
20240913,TSM,TSMC ADR,NYS,172.24,174.765,171.45,172.5,8787842.0
20240916,AVGO,브로드컴,NAS,165.19,165.5,160.41,164.02,26126934.0
20240916,MU,마이크론,NAS,87.24,88.24,85.92,87.18,26494332.0
20240916,NVDA,엔비디아,NAS,116.79,118.18,114.36,116.78,248772308.0
20240916,QQQ,나스닥100,NAS,473.19,473.8599,469.89,473.24,22585596.0
20240916,SMH,반도체ETF2,NAS,233.39,235.0,230.8678,233.8,5505227.0
20240916,SOXX,반도체ETF,NAS,219.67,221.0,217.04,219.88,2469826.0
20240916,TSM,TSMC ADR,NYS,169.91,170.56,166.77,169.08,12194259.0
20240917,AVGO,브로드컴,NAS,165.49,166.02,160.7,162.47,19844343.0
20240917,MU,마이크론,NAS,88.06,89.57,87.5401,88.73,17744764.0
20240917,NVDA,엔비디아,NAS,118.17,118.8,114.83,115.59,231925876.0
20240917,QQQ,나스닥100,NAS,476.29,477.6,470.97,473.49,30084438.0
20240917,SMH,반도체ETF2,NAS,236.61,237.13,231.84,233.72,4722843.0
20240917,SOXX,반도체ETF,NAS,222.65,223.17,218.23,220.15,2304065.0
20240917,TSM,TSMC ADR,NYS,169.35,170.2402,166.355,167.35,8582819.0
20240918,AVGO,브로드컴,NAS,163.77,167.47,161.36,161.67,26557560.0
20240918,MU,마이크론,NAS,87.99,89.2,86.71,87.35,20130596.0
20240918,NVDA,엔비디아,NAS,115.89,117.7,113.22,113.37,310318937.0
20240918,QQQ,나스닥100,NAS,474.7,478.83,470.83,471.44,39909215.0
20240918,SMH,반도체ETF2,NAS,234.89,237.84,230.79,231.06,7299791.0
20240918,SOXX,반도체ETF,NAS,221.18,224.21,217.5,217.72,4671939.0
20240918,TSM,TSMC ADR,NYS,168.46,171.6,167.0,167.28,9115969.0
20240919,AVGO,브로드컴,NAS,167.68,170.0,165.66,167.42,32453057.0
20240919,MU,마이크론,NAS,89.35,90.39,87.58,89.25,25208917.0
20240919,NVDA,엔비디아,NAS,117.35,119.66,117.25,117.87,293506438.0
20240919,QQQ,나스닥100,NAS,482.61,486.23,480.49,483.36,52782523.0
20240919,SMH,반도체ETF2,NAS,239.97,243.8525,238.31,241.09,11254192.0
20240919,SOXX,반도체ETF,NAS,225.97,230.06,224.16,226.99,4624651.0
20240919,TSM,TSMC ADR,NYS,174.38,177.78,172.63,176.22,15855048.0
20240920,AVGO,브로드컴,NAS,167.18,172.02,166.47,171.1,91758507.0
20240920,MU,마이크론,NAS,88.4,90.97,88.33,90.9,28711000.0
20240920,NVDA,엔비디아,NAS,117.06,118.6181,115.3901,116.0,382462428.0
20240920,QQQ,나스닥100,NAS,482.49,483.69,478.3,482.44,34577663.0
20240920,SMH,반도체ETF2,NAS,238.8,239.65,234.96,237.9,8183279.0
20240920,SOXX,반도체ETF,NAS,224.71,225.57,220.44,223.67,4550812.0
20240920,TSM,TSMC ADR,NYS,174.87,176.02,173.6501,174.08,18429784.0
20240923,AVGO,브로드컴,NAS,172.0,173.32,168.3501,172.94,29431112.0
20240923,MU,마이크론,NAS,92.675,94.8,92.58,93.57,23394101.0
20240923,NVDA,엔비디아,NAS,116.55,116.99,114.86,116.26,206228490.0
20240923,QQQ,나스닥100,NAS,482.95,484.14,481.6,483.04,24842972.0
20240923,SMH,반도체ETF2,NAS,238.81,239.8199,237.12,238.95,3781433.0
20240923,SOXX,반도체ETF,NAS,224.75,225.55,222.95,224.54,2454242.0
20240923,TSM,TSMC ADR,NYS,174.84,175.4,173.7,174.76,5794249.0
20240924,AVGO,브로드컴,NAS,172.81,175.99,171.68,174.84,34223405.0
20240924,MU,마이크론,NAS,94.73,95.0,92.76,94.0,23043237.0
20240924,NVDA,엔비디아,NAS,116.515,121.8,115.38,120.87,354966772.0
20240924,QQQ,나스닥100,NAS,484.46,486.33,480.17,485.37,25952637.0
20240924,SMH,반도체ETF2,NAS,241.08,244.38,238.2838,243.4,5435856.0
20240924,SOXX,반도체ETF,NAS,226.55,228.63,223.97,227.26,4314726.0
20240924,TSM,TSMC ADR,NYS,179.5,182.78,177.05,181.97,14576105.0
20240925,AVGO,브로드컴,NAS,174.65,177.14,173.76,175.52,16613795.0
20240925,MU,마이크론,NAS,94.16,96.175,93.93,95.77,54762883.0
20240925,NVDA,엔비디아,NAS,122.02,124.94,121.61,123.51,284692948.0
20240925,QQQ,나스닥100,NAS,484.74,487.79,484.56,485.82,26549866.0
20240925,SMH,반도체ETF2,NAS,243.23,247.0795,242.8,245.54,4978310.0
20240925,SOXX,반도체ETF,NAS,225.98,229.77,225.85,228.27,2191237.0
20240925,TSM,TSMC ADR,NYS,181.52,183.82,181.21,182.35,8280927.0
20240926,AVGO,브로드컴,NAS,178.5,180.25,175.0,178.09,24339996.0
20240926,MU,마이크론,NAS,113.1,114.8,107.53,109.88,107965892.0
20240926,NVDA,엔비디아,NAS,126.8,127.665,121.8,124.04,302582868.0
20240926,QQQ,나스닥100,NAS,493.37,493.7,485.8,489.47,32020206.0
20240926,SMH,반도체ETF2,NAS,255.5,255.99,247.37,252.62,10082089.0
20240926,SOXX,반도체ETF,NAS,237.72,238.38,230.29,236.43,5537381.0
20240926,TSM,TSMC ADR,NYS,188.495,189.33,183.8,186.83,15103400.0
20240927,AVGO,브로드컴,NAS,178.17,178.47,171.76,172.69,20580905.0
20240927,MU,마이크론,NAS,110.5,110.97,107.03,107.5,42960180.0
20240927,NVDA,엔비디아,NAS,123.97,124.03,119.26,121.4,271009175.0
20240927,QQQ,나스닥100,NAS,490.5,490.64,485.56,486.75,22851120.0
20240927,SMH,반도체ETF2,NAS,253.19,253.21,246.12,247.74,7128566.0
20240927,SOXX,반도체ETF,NAS,237.15,237.18,231.47,232.68,2303594.0
20240927,TSM,TSMC ADR,NYS,185.84,185.94,177.4,177.97,17908399.0
20240930,AVGO,브로드컴,NAS,171.87,172.92,169.6302,172.5,16900033.0
20240930,MU,마이크론,NAS,106.08,106.7483,102.26,103.71,39627713.0
20240930,NVDA,엔비디아,NAS,118.31,121.5,118.15,121.44,227053651.0
20240930,QQQ,나스닥100,NAS,485.78,488.41,482.92,488.07,30330605.0
20240930,SMH,반도체ETF2,NAS,244.15,247.01,241.87,245.45,6256911.0
20240930,SOXX,반도체ETF,NAS,229.79,232.11,227.3,230.59,2694896.0
20240930,TSM,TSMC ADR,NYS,174.27,176.82,171.93,173.67,13561649.0
20241001,AVGO,브로드컴,NAS,172.16,172.25,165.8,167.47,23770416.0
20241001,MU,마이크론,NAS,103.4,104.2,98.94,100.31,34309766.0
20241001,NVDA,엔비디아,NAS,121.765,122.4351,115.79,117.0,302094485.0
20241001,QQQ,나스닥100,NAS,487.7,488.0,477.4,481.27,42735424.0
20241001,SMH,반도체ETF2,NAS,245.63,246.58,237.0,238.88,7751838.0
20241001,SOXX,반도체ETF,NAS,230.5,231.2,222.33,224.13,3926494.0
20241001,TSM,TSMC ADR,NYS,175.31,175.99,170.78,172.07,11850168.0
20241002,AVGO,브로드컴,NAS,167.55,172.84,167.0201,170.66,14317834.0
20241002,MU,마이크론,NAS,100.59,102.12,99.33,99.85,26334893.0
20241002,NVDA,엔비디아,NAS,116.44,119.38,115.14,118.85,221845887.0
20241002,QQQ,나스닥100,NAS,480.36,483.88,477.72,481.95,23744049.0
20241002,SMH,반도체ETF2,NAS,239.17,244.45,237.59,242.32,5842606.0
20241002,SOXX,반도체ETF,NAS,224.57,229.65,223.26,227.15,1762086.0
20241002,TSM,TSMC ADR,NYS,172.96,176.9739,170.7899,175.8,11164365.0
20241003,AVGO,브로드컴,NAS,169.62,174.94,169.19,171.89,13072281.0
20241003,MU,마이크론,NAS,99.47,102.53,99.4,101.82,22176651.0
20241003,NVDA,엔비디아,NAS,120.92,124.36,120.3401,122.85,277117973.0
20241003,QQQ,나스닥100,NAS,479.74,484.545,478.99,481.59,25337220.0
20241003,SMH,반도체ETF2,NAS,241.55,247.15,241.34,244.55,5926885.0
20241003,SOXX,반도체ETF,NAS,225.36,230.83,225.21,227.96,2110717.0
20241003,TSM,TSMC ADR,NYS,175.8,180.79,175.1218,179.48,12555033.0
20241004,AVGO,브로드컴,NAS,176.3,176.8998,172.6,176.64,17941387.0
20241004,MU,마이크론,NAS,103.65,104.2399,101.4,102.25,21945805.0
20241004,NVDA,엔비디아,NAS,124.94,125.04,121.83,124.92,244465552.0
20241004,QQQ,나스닥100,NAS,487.45,487.88,482.385,487.32,30744909.0
20241004,SMH,반도체ETF2,NAS,249.21,249.21,244.33,247.82,5776498.0
20241004,SOXX,반도체ETF,NAS,232.49,232.88,228.385,231.08,2686621.0
20241004,TSM,TSMC ADR,NYS,179.7,181.23,177.55,181.16,10001896.0
20241007,AVGO,브로드컴,NAS,174.82,178.31,173.86,175.08,15588333.0
20241007,MU,마이크론,NAS,102.16,104.5932,100.81,102.91,21749278.0
20241007,NVDA,엔비디아,NAS,124.99,130.64,124.95,127.72,346250233.0
20241007,QQQ,나스닥100,NAS,485.39,486.57,480.87,482.1,24975119.0
20241007,SMH,반도체ETF2,NAS,246.53,250.6,246.31,248.22,4958756.0
20241007,SOXX,반도체ETF,NAS,229.6,232.26,228.775,230.45,2006777.0
20241007,TSM,TSMC ADR,NYS,181.6,185.0,180.93,184.51,12054159.0
20241008,AVGO,브로드컴,NAS,175.42,181.6,174.89,180.73,20774189.0
20241008,MU,마이크론,NAS,102.18,102.94,101.26,102.54,18858267.0
20241008,NVDA,엔비디아,NAS,130.26,133.48,129.42,132.89,285722485.0
20241008,QQQ,나스닥100,NAS,484.66,489.99,483.845,489.3,28272017.0
20241008,SMH,반도체ETF2,NAS,249.16,253.17,247.88,252.52,4435348.0
20241008,SOXX,반도체ETF,NAS,230.45,233.54,228.94,232.72,2508524.0
20241008,TSM,TSMC ADR,NYS,184.96,186.54,182.03,186.05,10394172.0
20241009,AVGO,브로드컴,NAS,179.24,186.42,176.42,185.95,25504058.0
20241009,MU,마이크론,NAS,102.25,102.29,100.322,101.7,18442718.0
20241009,NVDA,엔비디아,NAS,134.11,134.52,131.38,132.65,246191612.0
20241009,QQQ,나스닥100,NAS,489.0,493.73,487.95,493.15,24994950.0
20241009,SMH,반도체ETF2,NAS,252.99,255.41,250.21,255.15,4063391.0
20241009,SOXX,반도체ETF,NAS,232.49,235.48,230.88,235.15,2019084.0
20241009,TSM,TSMC ADR,NYS,187.8,188.0,182.26,187.14,11925013.0
20241010,AVGO,브로드컴,NAS,183.56,186.31,182.53,185.69,16317969.0
20241010,MU,마이크론,NAS,101.37,106.58,100.845,105.69,27605588.0
20241010,NVDA,엔비디아,NAS,131.91,135.0,131.0,134.81,242311337.0
20241010,QQQ,나스닥100,NAS,490.85,494.47,489.53,492.59,25750446.0
20241010,SMH,반도체ETF2,NAS,252.51,255.87,250.995,254.65,4044564.0
20241010,SOXX,반도체ETF,NAS,231.99,234.79,230.65,233.5,1886504.0
20241010,TSM,TSMC ADR,NYS,185.86,187.08,184.4,185.78,6443849.0
20241011,AVGO,브로드컴,NAS,181.14,182.59,177.4,181.48,23070023.0
20241011,MU,마이크론,NAS,105.04,107.65,104.9915,106.92,19133928.0
20241011,NVDA,엔비디아,NAS,134.01,135.78,133.66,134.8,170209474.0
20241011,QQQ,나스닥100,NAS,490.74,494.39,490.17,493.36,20644497.0
20241011,SMH,반도체ETF2,NAS,253.61,257.295,253.6,256.69,4202875.0
20241011,SOXX,반도체ETF,NAS,231.79,236.19,231.672,235.46,4572949.0
20241011,TSM,TSMC ADR,NYS,188.17,191.4899,188.01,190.81,12163858.0
20241014,AVGO,브로드컴,NAS,183.3,184.9516,180.13,182.31,17195824.0
20241014,MU,마이크론,NAS,107.805,108.71,106.8,108.34,15021917.0
20241014,NVDA,엔비디아,NAS,136.47,139.6,136.3,138.07,232347668.0
20241014,QQQ,나스닥100,NAS,495.77,498.83,495.26,497.5,26060145.0
20241014,SMH,반도체ETF2,NAS,258.52,262.26,258.42,261.28,4608583.0
20241014,SOXX,반도체ETF,NAS,236.96,240.29,236.8101,239.8,2142457.0
20241014,TSM,TSMC ADR,NYS,190.61,194.25,190.5029,192.21,11714387.0
20241015,AVGO,브로드컴,NAS,180.79,181.7,173.3652,175.98,27657529.0
20241015,MU,마이크론,NAS,107.86,109.49,102.71,104.32,23419132.0
20241015,NVDA,엔비디아,NAS,137.87,138.57,128.74,131.6,377831021.0
20241015,QQQ,나스닥100,NAS,497.83,498.5,488.68,490.85,34784506.0
20241015,SMH,반도체ETF2,NAS,261.0,262.105,245.5786,247.16,14128878.0
20241015,SOXX,반도체ETF,NAS,239.24,240.47,225.72,227.36,6421198.0
20241015,TSM,TSMC ADR,NYS,192.96,193.62,184.25,187.13,21812670.0
20241016,AVGO,브로드컴,NAS,178.51,179.25,175.33,176.82,15285054.0
20241016,MU,마이크론,NAS,106.02,109.63,105.61,109.24,20450884.0
20241016,NVDA,엔비디아,NAS,133.98,136.62,131.58,135.72,264879720.0
20241016,QQQ,나스닥100,NAS,491.18,491.69,487.57,490.91,22996776.0
20241016,SMH,반도체ETF2,NAS,249.83,249.83,245.5,247.32,5692277.0
20241016,SOXX,반도체ETF,NAS,230.12,230.12,226.405,227.36,3776554.0
20241016,TSM,TSMC ADR,NYS,189.78,190.01,186.66,187.48,18689223.0
20241017,AVGO,브로드컴,NAS,181.37,185.51,180.69,181.53,25232427.0
20241017,MU,마이크론,NAS,111.34,114.14,111.01,112.05,26584811.0
20241017,NVDA,엔비디아,NAS,139.34,140.89,136.87,136.93,306435921.0
20241017,QQQ,나스닥100,NAS,496.44,496.49,491.1901,491.25,27210658.0
20241017,SMH,반도체ETF2,NAS,255.175,256.17,251.5,251.58,6744992.0
20241017,SOXX,반도체ETF,NAS,233.3,233.87,229.15,229.15,2407756.0
20241017,TSM,TSMC ADR,NYS,203.35,212.6,201.97,205.84,62274668.0
20241018,AVGO,브로드컴,NAS,182.32,182.71,178.68,179.89,17835247.0
20241018,MU,마이크론,NAS,111.75,112.9,109.86,111.15,16700370.0
20241018,NVDA,엔비디아,NAS,138.665,138.9,137.28,138.0,176090184.0
20241018,QQQ,나스닥100,NAS,494.06,495.57,493.3,494.47,25335030.0
20241018,SMH,반도체ETF2,NAS,253.5,253.52,250.86,251.51,3720736.0
20241018,SOXX,반도체ETF,NAS,231.3,231.31,228.42,229.36,1643661.0
20241018,TSM,TSMC ADR,NYS,205.95,205.95,200.76,200.78,21030823.0
20241021,AVGO,브로드컴,NAS,179.38,181.7199,178.25,179.99,13695149.0
20241021,MU,마이크론,NAS,111.1,111.14,107.69,109.08,14829420.0
20241021,NVDA,엔비디아,NAS,138.13,143.71,138.0,143.71,264554514.0
20241021,QQQ,나스닥100,NAS,493.25,496.23,491.31,495.42,30336549.0
20241021,SMH,반도체ETF2,NAS,251.0,253.05,249.49,252.84,3923395.0
20241021,SOXX,반도체ETF,NAS,228.44,229.54,225.98,228.93,2034318.0
20241021,TSM,TSMC ADR,NYS,200.81,203.44,199.66,201.95,14819950.0
20241022,AVGO,브로드컴,NAS,178.66,180.69,177.41,179.38,12062648.0
20241022,MU,마이크론,NAS,108.24,108.515,106.37,107.82,13758061.0
20241022,NVDA,엔비디아,NAS,142.91,144.42,141.78,143.59,226311589.0
20241022,QQQ,나스닥100,NAS,492.73,497.445,491.97,495.96,26685841.0
20241022,SMH,반도체ETF2,NAS,251.33,252.49,249.67,251.69,3629141.0
20241022,SOXX,반도체ETF,NAS,227.68,228.81,226.28,228.08,2476371.0
20241022,TSM,TSMC ADR,NYS,199.07,200.17,197.11,198.48,11165073.0
20241023,AVGO,브로드컴,NAS,177.585,178.98,172.57,173.51,19513713.0
20241023,MU,마이크론,NAS,106.564,107.1,103.54,105.05,15174706.0
20241023,NVDA,엔비디아,NAS,142.03,142.43,137.46,139.56,285930038.0
20241023,QQQ,나스닥100,NAS,493.59,494.25,485.05,488.36,39346565.0
20241023,SMH,반도체ETF2,NAS,250.45,251.67,245.84,249.01,4971630.0
20241023,SOXX,반도체ETF,NAS,227.65,228.51,222.87,226.04,2259997.0
20241023,TSM,TSMC ADR,NYS,196.68,203.13,196.23,200.86,16535701.0
20241024,AVGO,브로드컴,NAS,174.26,174.3,169.5,171.35,20485174.0
20241024,MU,마이크론,NAS,106.775,107.53,105.545,106.85,13206263.0
20241024,NVDA,엔비디아,NAS,140.82,141.35,138.46,140.41,172354888.0
20241024,QQQ,나스닥100,NAS,492.11,493.0,489.44,492.32,22024930.0
20241024,SMH,반도체ETF2,NAS,250.87,251.2,248.2,250.06,2595528.0
20241024,SOXX,반도체ETF,NAS,228.07,228.21,225.58,227.3,2247889.0
20241024,TSM,TSMC ADR,NYS,198.96,200.5,197.41,197.93,9935780.0
20241025,AVGO,브로드컴,NAS,174.19,176.796,172.72,173.0,19977679.0
20241025,MU,마이크론,NAS,108.34,109.88,107.72,107.91,12264950.0
20241025,NVDA,엔비디아,NAS,140.93,144.13,140.8,141.54,205122109.0
20241025,QQQ,나스닥100,NAS,495.14,500.28,494.43,495.32,38762143.0
20241025,SMH,반도체ETF2,NAS,252.49,256.55,252.3,252.96,6835930.0
20241025,SOXX,반도체ETF,NAS,229.45,233.07,229.3701,229.58,2209641.0
20241025,TSM,TSMC ADR,NYS,200.25,205.2,200.0,203.44,13434862.0
20241028,AVGO,브로드컴,NAS,173.0,173.9728,171.345,172.02,13195829.0
20241028,MU,마이크론,NAS,106.78,108.18,106.32,106.39,12381045.0
20241028,NVDA,엔비디아,NAS,143.0,143.14,140.05,140.52,173586745.0
20241028,QQQ,나스닥100,NAS,498.46,498.52,495.1,495.4,20477778.0
20241028,SMH,반도체ETF2,NAS,252.77,253.05,251.0,251.21,3557268.0
20241028,SOXX,반도체ETF,NAS,229.5,231.305,228.37,229.72,1508521.0
20241028,TSM,TSMC ADR,NYS,199.26,199.74,194.5201,194.68,20135345.0
20241029,AVGO,브로드컴,NAS,172.435,180.23,171.2101,179.24,23702344.0
20241029,MU,마이크론,NAS,106.585,108.75,105.6037,108.18,15164581.0
20241029,NVDA,엔비디아,NAS,140.285,142.2598,138.9,141.25,157593634.0
20241029,QQQ,나스닥100,NAS,495.72,501.35,493.85,500.16,28014059.0
20241029,SMH,반도체ETF2,NAS,251.9,258.33,250.86,256.92,5392840.0
20241029,SOXX,반도체ETF,NAS,229.92,236.455,228.86,235.37,3135032.0
20241029,TSM,TSMC ADR,NYS,194.39,198.79,193.6,196.94,13779107.0
20241030,AVGO,브로드컴,NAS,177.47,179.19,175.62,176.64,17911488.0
20241030,MU,마이크론,NAS,106.26,106.8,103.64,104.08,14321780.0
20241030,NVDA,엔비디아,NAS,139.54,140.33,136.81,139.335,179418082.0
20241030,QQQ,나스닥100,NAS,499.39,500.35,495.89,496.38,29755960.0
20241030,SMH,반도체ETF2,NAS,251.74,253.0,249.45,250.68,5348394.0
20241030,SOXX,반도체ETF,NAS,229.29,230.74,226.98,227.07,4324391.0
20241030,TSM,TSMC ADR,NYS,194.38,195.45,192.61,194.48,10007766.0
20241031,AVGO,브로드컴,NAS,174.45,174.45,167.38,169.77,26086587.0
20241031,MU,마이크론,NAS,102.2,102.49,99.0707,99.65,19830324.0
20241031,NVDA,엔비디아,NAS,137.6,137.61,132.1106,132.76,270039641.0
20241031,QQQ,나스닥100,NAS,492.38,492.43,483.75,483.85,41245248.0
20241031,SMH,반도체ETF2,NAS,248.27,248.27,240.28,241.68,9464712.0
20241031,SOXX,반도체ETF,NAS,224.9,224.99,216.56,218.26,6120820.0
20241031,TSM,TSMC ADR,NYS,192.86,192.86,187.66,190.54,13062658.0
20241101,AVGO,브로드컴,NAS,168.26,171.3255,167.5,168.92,17847038.0
20241101,MU,마이크론,NAS,100.0,100.61,99.37,99.73,13623350.0
20241101,NVDA,엔비디아,NAS,134.7,137.31,134.57,135.4,207127838.0
20241101,QQQ,나스닥100,NAS,485.5,490.7507,485.2,487.43,33655757.0
20241101,SMH,반도체ETF2,NAS,244.19,247.29,243.35,244.75,5520983.0
20241101,SOXX,반도체ETF,NAS,220.02,222.76,219.31,220.58,2130522.0
20241101,TSM,TSMC ADR,NYS,194.2,198.17,192.55,192.95,12691190.0
20241104,AVGO,브로드컴,NAS,169.28,172.45,168.42,168.55,13621310.0
20241104,MU,마이크론,NAS,101.5,103.7867,101.0011,101.73,15765848.0
20241104,NVDA,엔비디아,NAS,137.21,138.96,135.57,136.05,187528173.0
20241104,QQQ,나스닥100,NAS,486.82,489.38,484.2545,486.01,23291580.0
20241104,SMH,반도체ETF2,NAS,245.31,247.51,243.41,244.27,5199206.0
20241104,SOXX,반도체ETF,NAS,219.93,222.46,218.5,219.31,1727676.0
20241104,TSM,TSMC ADR,NYS,193.7,194.36,190.6,191.56,10917292.0
20241105,AVGO,브로드컴,NAS,170.05,174.4,170.05,173.9,13441752.0
20241105,MU,마이크론,NAS,102.0,105.62,101.79,105.49,12071905.0
20241105,NVDA,엔비디아,NAS,137.45,140.3701,137.33,139.91,160537373.0
20241105,QQQ,나스닥100,NAS,487.61,492.88,487.52,492.21,24353615.0
20241105,SMH,반도체ETF2,NAS,245.25,249.04,245.08,248.31,4344210.0
20241105,SOXX,반도체ETF,NAS,219.41,222.07,219.14,221.87,2273746.0
20241105,TSM,TSMC ADR,NYS,193.58,198.34,193.49,195.76,10339213.0
20241106,AVGO,브로드컴,NAS,179.63,180.21,175.96,179.55,24300758.0
20241106,MU,마이크론,NAS,108.38,112.32,107.0,111.83,20304531.0
20241106,NVDA,엔비디아,NAS,142.96,146.49,141.96,145.61,242043945.0
20241106,QQQ,나스닥100,NAS,500.56,506.41,499.6,505.58,43082198.0
20241106,SMH,반도체ETF2,NAS,252.29,255.69,250.21,254.81,7284403.0
20241106,SOXX,반도체ETF,NAS,226.36,229.17,224.31,228.34,3643965.0
20241106,TSM,TSMC ADR,NYS,192.04,194.26,188.5,193.22,19834867.0
20241107,AVGO,브로드컴,NAS,181.9853,184.8722,181.79,183.81,18970581.0
20241107,MU,마이크론,NAS,112.5586,113.86,111.37,113.41,13569838.0
20241107,NVDA,엔비디아,NAS,146.39,148.93,146.17,148.88,207323303.0
20241107,QQQ,나스닥100,NAS,508.4,514.33,508.34,513.54,32853120.0
20241107,SMH,반도체ETF2,NAS,258.39,261.15,258.14,261.02,5370187.0
20241107,SOXX,반도체ETF,NAS,231.83,233.405,231.317,233.1,3154591.0
20241107,TSM,TSMC ADR,NYS,196.31,202.01,196.25,201.19,14865161.0
20241108,AVGO,브로드컴,NAS,182.99,185.05,181.83,183.64,13503154.0
20241108,MU,마이크론,NAS,112.14,114.3,110.565,111.9,13045721.0
20241108,NVDA,엔비디아,NAS,148.77,149.77,146.26,147.63,175665830.0
20241108,QQQ,나스닥100,NAS,513.035,514.9175,512.41,514.14,22924483.0
20241108,SMH,반도체ETF2,NAS,260.76,261.88,257.92,259.34,3915598.0
20241108,SOXX,반도체ETF,NAS,231.83,233.19,230.14,231.36,1769237.0
20241108,TSM,TSMC ADR,NYS,203.89,206.61,200.02,201.2,13112091.0
20241111,AVGO,브로드컴,NAS,183.4,183.63,176.8201,178.91,17036660.0
20241111,MU,마이크론,NAS,110.945,111.51,106.77,108.65,14479681.0
20241111,NVDA,엔비디아,NAS,148.68,148.85,143.57,145.26,182325620.0
20241111,QQQ,나스닥100,NAS,515.37,515.58,510.92,513.84,24167479.0
20241111,SMH,반도체ETF2,NAS,257.92,258.05,250.99,253.53,7667252.0
20241111,SOXX,반도체ETF,NAS,229.18,229.18,222.78,225.57,4250375.0
20241111,TSM,TSMC ADR,NYS,197.96,198.2,191.49,194.05,16610009.0
20241112,AVGO,브로드컴,NAS,178.9,179.56,173.2,176.22,15861981.0
20241112,MU,마이크론,NAS,105.0,105.09,102.07,104.1,21859729.0
20241112,NVDA,엔비디아,NAS,146.78,149.65,146.01,148.29,198634738.0
20241112,QQQ,나스닥100,NAS,513.77,514.66,509.83,512.91,25835288.0
20241112,SMH,반도체ETF2,NAS,253.1,253.57,248.86,251.86,6574034.0
20241112,SOXX,반도체ETF,NAS,224.78,225.15,220.15,223.11,3259697.0
20241112,TSM,TSMC ADR,NYS,193.83,194.0,189.72,191.77,11818985.0
20241113,AVGO,브로드컴,NAS,174.705,175.5926,172.6,173.58,17472513.0
20241113,MU,마이크론,NAS,102.8,103.3402,99.82,99.92,18416175.0
20241113,NVDA,엔비디아,NAS,149.07,149.33,145.9,146.27,191903267.0
20241113,QQQ,나스닥100,NAS,512.4,514.98,509.95,512.25,24567416.0
20241113,SMH,반도체ETF2,NAS,250.65,251.18,247.22,247.63,5537892.0
20241113,SOXX,반도체ETF,NAS,221.5,222.13,217.973,218.37,3057482.0
20241113,TSM,TSMC ADR,NYS,192.443,192.48,186.5,186.66,13882151.0
20241114,AVGO,브로드컴,NAS,174.77,175.57,169.87,170.38,20638855.0
20241114,MU,마이크론,NAS,101.29,102.29,98.56,99.18,18459749.0
20241114,NVDA,엔비디아,NAS,147.64,149.0,145.55,146.76,194463301.0
20241114,QQQ,나스닥100,NAS,511.91,512.79,507.77,508.69,28679519.0
20241114,SMH,반도체ETF2,NAS,249.56,250.96,247.38,248.18,4607584.0
20241114,SOXX,반도체ETF,NAS,220.5,221.365,217.84,218.24,2523582.0
20241114,TSM,TSMC ADR,NYS,188.4,192.66,187.535,188.5,11453908.0
20241115,AVGO,브로드컴,NAS,168.47,169.135,163.43,164.84,20836160.0
20241115,MU,마이크론,NAS,97.55,98.2,95.6374,96.34,18518298.0
20241115,NVDA,엔비디아,NAS,144.87,145.24,140.08,141.98,250132869.0
20241115,QQQ,나스닥100,NAS,502.94,503.33,494.49,496.57,51461054.0
20241115,SMH,반도체ETF2,NAS,244.17,244.57,238.8001,239.95,9499673.0
20241115,SOXX,반도체ETF,NAS,214.57,215.67,210.585,211.21,4748178.0
20241115,TSM,TSMC ADR,NYS,188.18,188.8,184.81,186.01,9834757.0
20241118,AVGO,브로드컴,NAS,165.66,166.3463,162.22,165.67,17870329.0
20241118,MU,마이크론,NAS,96.545,98.07,95.53,97.51,14251177.0
20241118,NVDA,엔비디아,NAS,139.5,141.55,137.15,140.15,221865993.0
20241118,QQQ,나스닥100,NAS,498.13,502.14,496.73,500.02,27192662.0
20241118,SMH,반도체ETF2,NAS,239.025,242.17,237.39,241.54,7707042.0
20241118,SOXX,반도체ETF,NAS,211.15,214.33,210.24,213.94,2444116.0
20241118,TSM,TSMC ADR,NYS,184.35,188.0,183.49,187.48,10694009.0
20241119,AVGO,브로드컴,NAS,166.66,166.8,164.31,165.35,18003401.0
20241119,MU,마이크론,NAS,97.0,98.18,96.51,97.73,14160307.0
20241119,NVDA,엔비디아,NAS,141.32,147.13,140.99,147.01,227834912.0
20241119,QQQ,나스닥100,NAS,497.42,503.9536,497.08,503.46,24523020.0
20241119,SMH,반도체ETF2,NAS,241.1,244.27,240.6,244.18,4505181.0
20241119,SOXX,반도체ETF,NAS,213.33,214.81,212.466,214.35,2363416.0
20241119,TSM,TSMC ADR,NYS,189.13,190.02,188.02,189.67,9390115.0
20241120,AVGO,브로드컴,NAS,165.54,165.54,160.86,163.25,17196728.0
20241120,MU,마이크론,NAS,97.975,98.53,96.53,98.37,10490585.0
20241120,NVDA,엔비디아,NAS,147.41,147.56,142.73,145.89,309871654.0
20241120,QQQ,나스닥100,NAS,503.16,503.48,496.555,503.17,29565491.0
20241120,SMH,반도체ETF2,NAS,243.33,243.75,238.65,242.54,7585585.0
20241120,SOXX,반도체ETF,NAS,213.07,213.68,209.65,212.71,3995002.0
20241120,TSM,TSMC ADR,NYS,188.85,188.85,184.06,188.36,10624495.0
20241121,AVGO,브로드컴,NAS,166.25,166.34,160.6,163.94,24835252.0
20241121,MU,마이크론,NAS,100.095,103.2864,98.062,102.76,18915150.0
20241121,NVDA,엔비디아,NAS,149.35,152.89,140.7,146.67,400946570.0
20241121,QQQ,나스닥100,NAS,506.24,506.96,497.56,504.98,34526738.0
20241121,SMH,반도체ETF2,NAS,245.52,248.1899,239.6,246.1,8825388.0
20241121,SOXX,반도체ETF,NAS,215.05,217.26,210.895,216.08,4245358.0
20241121,TSM,TSMC ADR,NYS,189.41,192.3,186.74,191.24,18137330.0
20241122,AVGO,브로드컴,NAS,164.3,164.9092,162.4,164.23,17332473.0
20241122,MU,마이크론,NAS,102.36,103.71,101.65,102.64,12063730.0
20241122,NVDA,엔비디아,NAS,145.93,147.16,141.1,141.95,236406154.0
20241122,QQQ,나스닥100,NAS,504.42,506.53,502.78,505.79,23826644.0
20241122,SMH,반도체ETF2,NAS,245.97,246.64,243.31,244.62,4746337.0
20241122,SOXX,반도체ETF,NAS,215.62,216.7,214.56,216.17,2672597.0
20241122,TSM,TSMC ADR,NYS,192.95,193.0,189.43,190.08,8838925.0
20241125,AVGO,브로드컴,NAS,165.395,167.225,162.89,164.82,26850591.0
20241125,MU,마이크론,NAS,103.85,106.4,103.81,104.48,22837895.0
20241125,NVDA,엔비디아,NAS,141.99,142.05,135.82,136.02,344941875.0
20241125,QQQ,나스닥100,NAS,509.9,511.4525,504.2625,506.59,26375166.0
20241125,SMH,반도체ETF2,NAS,246.35,246.35,242.2765,243.66,4562667.0
20241125,SOXX,반도체ETF,NAS,218.97,220.3,216.88,218.28,2787692.0
20241125,TSM,TSMC ADR,NYS,188.09,188.25,183.71,185.08,14380026.0
20241126,AVGO,브로드컴,NAS,164.6,166.37,162.69,164.74,16308772.0
20241126,MU,마이크론,NAS,104.0,104.72,100.31,101.8,19275679.0
20241126,NVDA,엔비디아,NAS,137.7,139.3,135.67,136.92,190287654.0
20241126,QQQ,나스닥100,NAS,508.08,510.14,507.23,509.31,26557061.0
20241126,SMH,반도체ETF2,NAS,245.82,246.12,239.89,241.42,4996487.0
20241126,SOXX,반도체ETF,NAS,220.0,220.59,213.77,215.45,2783854.0
20241126,TSM,TSMC ADR,NYS,185.4,185.9,182.33,183.84,10186572.0
20241127,AVGO,브로드컴,NAS,163.2,163.2,157.54,159.67,19722723.0
20241127,MU,마이크론,NAS,100.94,101.04,96.635,98.2,17046441.0
20241127,NVDA,엔비디아,NAS,135.01,137.22,131.8,135.34,226370912.0
20241127,QQQ,나스닥100,NAS,508.17,508.24,501.93,505.3,24957441.0
20241127,SMH,반도체ETF2,NAS,239.66,239.8,234.17,238.25,6911612.0
20241127,SOXX,반도체ETF,NAS,214.25,214.41,208.89,212.56,3122325.0
20241127,TSM,TSMC ADR,NYS,182.0,182.45,178.05,181.19,9895248.0
20241129,AVGO,브로드컴,NAS,159.57,162.69,159.08,162.08,11024005.0
20241129,MU,마이크론,NAS,97.24,98.2,96.1,97.95,13729436.0
20241129,NVDA,엔비디아,NAS,136.78,139.35,136.05,138.25,141863156.0
20241129,QQQ,나스닥100,NAS,505.93,510.34,505.31,509.74,15333968.0
20241129,SMH,반도체ETF2,NAS,240.0,244.49,239.59,242.13,5607353.0
20241129,SOXX,반도체ETF,NAS,214.12,218.02,214.08,215.4,2505319.0
20241129,TSM,TSMC ADR,NYS,181.51,186.95,181.18,184.66,8045290.0
20241202,AVGO,브로드컴,NAS,162.95,168.3797,162.75,166.51,21472442.0
20241202,MU,마이크론,NAS,97.6,100.09,97.53,98.55,16525553.0
20241202,NVDA,엔비디아,NAS,138.83,140.45,137.825,138.63,171682777.0
20241202,QQQ,나스닥100,NAS,511.01,516.26,510.62,515.29,25147165.0
20241202,SMH,반도체ETF2,NAS,243.35,249.15,243.35,247.87,8070277.0
20241202,SOXX,반도체ETF,NAS,216.7,222.47,216.519,221.06,3706952.0
20241202,TSM,TSMC ADR,NYS,189.34,195.29,188.94,194.4,16646881.0
20241203,AVGO,브로드컴,NAS,164.48,168.27,164.03,168.15,17024434.0
20241203,MU,마이크론,NAS,101.12,103.68,99.63,99.84,23479706.0
20241203,NVDA,엔비디아,NAS,138.26,140.54,137.95,140.26,164413965.0
20241203,QQQ,나스닥100,NAS,513.95,517.15,513.37,516.87,18597900.0
20241203,SMH,반도체ETF2,NAS,246.93,248.68,245.93,248.42,3227262.0
20241203,SOXX,반도체ETF,NAS,219.65,221.06,219.0211,219.81,1914917.0
20241203,TSM,TSMC ADR,NYS,193.5,199.0,192.6,198.89,11217660.0
20241204,AVGO,브로드컴,NAS,173.44,175.39,168.56,170.56,32748246.0
20241204,MU,마이크론,NAS,100.77,103.41,99.8,103.2,16306240.0
20241204,NVDA,엔비디아,NAS,141.995,145.79,140.29,145.14,231224295.0
20241204,QQQ,나스닥100,NAS,520.32,523.52,519.6,523.26,26086222.0
20241204,SMH,반도체ETF2,NAS,252.23,253.065,249.32,252.63,5457365.0
20241204,SOXX,반도체ETF,NAS,224.15,224.32,221.14,222.72,2681217.0
20241204,TSM,TSMC ADR,NYS,199.85,202.6,198.27,200.69,12761061.0
20241205,AVGO,브로드컴,NAS,170.75,172.3981,169.2,170.47,18489993.0
20241205,MU,마이크론,NAS,103.875,104.2498,100.61,100.87,13448928.0
20241205,NVDA,엔비디아,NAS,145.11,146.54,143.95,145.06,172621180.0
20241205,QQQ,나스닥100,NAS,523.31,524.0399,521.42,521.81,18169632.0
20241205,SMH,반도체ETF2,NAS,251.89,252.16,247.58,248.3,3872077.0
20241205,SOXX,반도체ETF,NAS,222.33,222.66,217.89,218.51,2421990.0
20241205,TSM,TSMC ADR,NYS,201.25,205.63,200.75,204.3,12483722.0
20241206,AVGO,브로드컴,NAS,170.1,180.68,169.3301,179.53,27830828.0
20241206,MU,마이크론,NAS,100.88,102.19,100.03,101.17,12381020.0
20241206,NVDA,엔비디아,NAS,144.6,145.7,141.31,142.44,188505573.0
20241206,QQQ,나스닥100,NAS,522.48,526.72,522.35,526.48,23762611.0
20241206,SMH,반도체ETF2,NAS,247.88,249.4216,247.21,248.61,3885289.0
20241206,SOXX,반도체ETF,NAS,218.6,220.375,218.0,219.83,1823118.0
20241206,TSM,TSMC ADR,NYS,202.0,203.19,199.93,203.02,9672870.0
20241209,AVGO,브로드컴,NAS,178.95,180.7933,176.0209,178.94,20886305.0
20241209,MU,마이크론,NAS,100.65,104.5,100.37,102.82,14141937.0
20241209,NVDA,엔비디아,NAS,138.97,139.95,137.13,138.81,189308625.0
20241209,QQQ,나스닥100,NAS,525.55,526.35,521.22,522.38,20674405.0
20241209,SMH,반도체ETF2,NAS,246.22,248.96,244.93,246.07,4532551.0
20241209,SOXX,반도체ETF,NAS,218.5,221.54,217.38,218.77,1574785.0
20241209,TSM,TSMC ADR,NYS,200.93,203.125,198.98,199.17,9699663.0
20241210,AVGO,브로드컴,NAS,177.81,178.5,169.73,171.81,27762632.0
20241210,MU,마이크론,NAS,104.96,105.0,97.2701,98.1,23548508.0
20241210,NVDA,엔비디아,NAS,139.01,141.82,133.79,135.07,210020888.0
20241210,QQQ,나스닥100,NAS,523.62,525.38,519.16,520.6,24350040.0
20241210,SMH,반도체ETF2,NAS,246.43,247.15,238.37,239.88,6402370.0
20241210,SOXX,반도체ETF,NAS,219.43,219.575,212.19,213.57,2566552.0
20241210,TSM,TSMC ADR,NYS,199.1,199.91,190.37,191.94,15307905.0
20241211,AVGO,브로드컴,NAS,180.01,184.87,176.4296,183.2,41295179.0
20241211,MU,마이크론,NAS,99.5,102.66,98.3,102.055,15248381.0
20241211,NVDA,엔비디아,NAS,137.36,140.17,135.21,139.31,184905192.0
20241211,QQQ,나스닥100,NAS,525.0,530.61,524.59,529.92,32168579.0
20241211,SMH,반도체ETF2,NAS,243.645,247.04,241.73,245.75,5588413.0
20241211,SOXX,반도체ETF,NAS,216.73,220.23,215.4,218.94,3233876.0
20241211,TSM,TSMC ADR,NYS,194.67,196.0,193.26,194.6,9027611.0
20241212,AVGO,브로드컴,NAS,180.93,182.0,175.99,180.66,46967170.0
20241212,MU,마이크론,NAS,101.4,101.98,97.76,98.24,19334854.0
20241212,NVDA,엔비디아,NAS,137.08,138.44,135.8,137.34,159211393.0
20241212,QQQ,나스닥100,NAS,527.68,528.96,526.02,526.5,23577504.0
20241212,SMH,반도체ETF2,NAS,244.01,244.64,241.93,243.37,3979280.0
20241212,SOXX,반도체ETF,NAS,217.39,218.18,215.46,217.24,2680182.0
20241212,TSM,TSMC ADR,NYS,194.63,195.42,191.29,191.46,7944938.0
20241213,AVGO,브로드컴,NAS,213.9,228.7,211.11,224.8,121336628.0
20241213,MU,마이크론,NAS,100.765,103.2,99.6651,102.5,23926017.0
20241213,NVDA,엔비디아,NAS,138.94,139.6,132.54,134.25,231514881.0
20241213,QQQ,나스닥100,NAS,530.46,533.1661,527.3001,530.53,28780405.0
20241213,SMH,반도체ETF2,NAS,249.52,251.63,246.05,249.49,8628587.0
20241213,SOXX,반도체ETF,NAS,222.3,224.66,220.01,223.3,3720995.0
20241213,TSM,TSMC ADR,NYS,198.51,202.54,197.27,200.99,19476980.0
20241216,AVGO,브로드컴,NAS,231.79,251.88,230.81,250.0,111623166.0
20241216,MU,마이크론,NAS,105.61,111.13,104.54,108.26,42741152.0
20241216,NVDA,엔비디아,NAS,134.18,134.4,130.42,132.0,237951130.0
20241216,QQQ,나스닥100,NAS,533.08,539.15,533.0,538.17,31979863.0
20241216,SMH,반도체ETF2,NAS,250.5,254.355,248.92,253.25,4892952.0
20241216,SOXX,반도체ETF,NAS,224.01,228.58,222.39,227.44,4773986.0
20241216,TSM,TSMC ADR,NYS,203.2,205.5,200.87,202.22,15139257.0
20241217,AVGO,브로드컴,NAS,240.65,242.47,233.8,240.23,70382134.0
20241217,MU,마이크론,NAS,109.75,110.49,107.68,108.6,35811475.0
20241217,NVDA,엔비디아,NAS,129.09,131.59,126.86,130.39,259410263.0
20241217,QQQ,나스닥100,NAS,536.36,537.48,534.13,535.8,28579070.0
20241217,SMH,반도체ETF2,NAS,250.48,251.17,248.03,249.96,4027848.0
20241217,SOXX,반도체ETF,NAS,224.84,226.179,222.56,223.87,2397293.0
20241217,TSM,TSMC ADR,NYS,201.0,202.4,197.47,200.66,11169364.0
20241218,AVGO,브로드컴,NAS,239.41,239.85,219.22,223.62,53960103.0
20241218,MU,마이크론,NAS,110.25,112.04,102.73,103.9,63024283.0
20241218,NVDA,엔비디아,NAS,133.86,136.7,128.28,128.91,277444533.0
20241218,QQQ,나스닥100,NAS,535.15,536.8799,515.01,516.47,54703155.0
20241218,SMH,반도체ETF2,NAS,252.16,254.47,240.4527,241.99,8125847.0
20241218,SOXX,반도체ETF,NAS,225.35,227.1586,213.95,215.59,4425962.0
20241218,TSM,TSMC ADR,NYS,203.0,205.24,193.96,195.56,14721065.0
20241219,AVGO,브로드컴,NAS,227.91,228.05,217.58,218.32,40845167.0
20241219,MU,마이크론,NAS,90.075,91.0,84.61,87.09,91396777.0
20241219,NVDA,엔비디아,NAS,131.76,134.03,129.55,130.68,209719210.0
20241219,QQQ,나스닥100,NAS,521.19,521.7599,513.83,514.17,46441754.0
20241219,SMH,반도체ETF2,NAS,243.0,243.25,238.35,238.87,6895880.0
20241219,SOXX,반도체ETF,NAS,216.09,216.56,211.45,211.97,3255705.0
20241219,TSM,TSMC ADR,NYS,198.4,198.57,193.95,194.64,10553405.0
20241220,AVGO,브로드컴,NAS,220.36,230.29,218.91,220.79,131910354.0
20241220,MU,마이크론,NAS,85.4063,90.25,83.54,90.12,49578449.0
20241220,NVDA,엔비디아,NAS,129.81,135.28,128.22,134.7,306528553.0
20241220,QQQ,나스닥100,NAS,510.44,524.82,509.29,518.66,60529961.0
20241220,SMH,반도체ETF2,NAS,237.4,245.2599,236.54,242.71,6909310.0
20241220,SOXX,반도체ETF,NAS,210.81,217.78,210.3,214.82,4681123.0
20241220,TSM,TSMC ADR,NYS,192.6,198.08,191.98,197.21,16170143.0
20241223,AVGO,브로드컴,NAS,226.69,233.3994,225.13,232.35,40643778.0
20241223,MU,마이크론,NAS,90.0,91.1,88.4,89.72,26041473.0
20241223,NVDA,엔비디아,NAS,136.28,139.79,135.1201,139.67,176053506.0
20241223,QQQ,나스닥100,NAS,519.55,523.25,516.13,522.87,29672800.0
20241223,SMH,반도체ETF2,NAS,243.53,249.585,243.53,249.22,6650078.0
20241223,SOXX,반도체ETF,NAS,216.47,221.6,216.47,221.32,3044278.0
20241223,TSM,TSMC ADR,NYS,201.0,208.0499,200.905,207.36,17847038.0
20241224,AVGO,브로드컴,NAS,240.115,240.228,234.8,239.68,22827188.0
20241224,MU,마이크론,NAS,89.58,89.7,88.23,89.28,13021257.0
20241224,NVDA,엔비디아,NAS,140.0,141.9,138.65,140.22,105156989.0
20241224,QQQ,나스닥100,NAS,524.83,530.05,524.19,529.96,17558215.0
20241224,SMH,반도체ETF2,NAS,250.44,251.37,249.38,251.37,2097390.0
20241224,SOXX,반도체ETF,NAS,222.78,223.68,221.345,223.6,1252261.0
20241224,TSM,TSMC ADR,NYS,205.92,207.2,204.55,206.33,7634490.0
20241226,AVGO,브로드컴,NAS,240.0,247.28,237.6,245.36,28537540.0
20241226,MU,마이크론,NAS,88.5,90.63,88.1,89.82,14506092.0
20241226,NVDA,엔비디아,NAS,139.7,140.85,137.73,139.93,116519090.0
20241226,QQQ,나스닥100,NAS,528.32,531.24,526.31,529.6,19141494.0
20241226,SMH,반도체ETF2,NAS,250.42,252.39,248.88,250.93,2171444.0
20241226,SOXX,반도체ETF,NAS,221.98,224.95,221.69,223.53,1306310.0
20241226,TSM,TSMC ADR,NYS,205.5,208.16,202.89,203.06,8053235.0
20241227,AVGO,브로드컴,NAS,245.64,245.78,236.3532,241.75,29282230.0
20241227,MU,마이크론,NAS,89.0,89.49,87.58,88.63,19422607.0
20241227,NVDA,엔비디아,NAS,138.55,139.02,134.71,137.01,170582603.0
20241227,QQQ,나스닥100,NAS,526.01,526.45,517.86,522.56,33839555.0
20241227,SMH,반도체ETF2,NAS,249.28,250.07,245.16,248.4,3812328.0
20241227,SOXX,반도체ETF,NAS,222.19,222.72,218.85,221.64,1932951.0
20241227,TSM,TSMC ADR,NYS,204.5,204.5,199.05,201.63,10664418.0
20241230,AVGO,브로드컴,NAS,234.695,238.77,231.62,235.58,27316797.0
20241230,MU,마이크론,NAS,86.985,87.05,84.58,85.31,22022912.0
20241230,NVDA,엔비디아,NAS,134.83,140.27,134.02,137.49,167734700.0
20241230,QQQ,나스닥100,NAS,515.51,519.36,511.83,515.61,34584028.0
20241230,SMH,반도체ETF2,NAS,244.62,247.35,242.73,244.66,3532095.0
20241230,SOXX,반도체ETF,NAS,217.84,219.31,215.67,217.28,2566907.0
20241230,TSM,TSMC ADR,NYS,199.84,201.967,198.48,200.39,11235213.0
20241231,AVGO,브로드컴,NAS,235.88,237.46,231.31,231.84,17927719.0
20241231,MU,마이크론,NAS,85.44,86.4,84.09,84.16,18691546.0
20241231,NVDA,엔비디아,NAS,138.03,138.07,133.83,134.29,155659211.0
20241231,QQQ,나스닥100,NAS,516.9,517.66,510.26,511.23,29117028.0
20241231,SMH,반도체ETF2,NAS,245.51,246.05,241.4,242.17,3071840.0
20241231,SOXX,반도체ETF,NAS,217.93,218.82,214.64,215.49,1354488.0
20241231,TSM,TSMC ADR,NYS,200.79,201.78,197.36,197.49,6427867.0
20250102,AVGO,브로드컴,NAS,236.155,239.5,230.2425,231.98,31525830.0
20250102,MU,마이크론,NAS,84.98,87.65,84.74,87.33,18859957.0
20250102,NVDA,엔비디아,NAS,136.0,138.88,134.63,138.31,198247166.0
20250102,QQQ,나스닥100,NAS,514.3,516.64,505.71,510.23,36389783.0
20250102,SMH,반도체ETF2,NAS,244.52,247.75,242.25,244.79,4464000.0
20250102,SOXX,반도체ETF,NAS,217.68,220.22,214.96,216.82,2409284.0
20250102,TSM,TSMC ADR,NYS,197.0,203.7699,196.69,201.58,10951425.0
20250103,AVGO,브로드컴,NAS,233.59,236.4893,229.0,232.55,24973192.0
20250103,MU,마이크론,NAS,87.95,90.195,87.51,89.87,17484588.0
20250103,NVDA,엔비디아,NAS,140.01,144.9,139.73,144.47,229322478.0
20250103,QQQ,나스닥100,NAS,513.35,519.6454,512.53,518.58,29059520.0
20250103,SMH,반도체ETF2,NAS,247.0,252.33,246.68,251.88,4997025.0
20250103,SOXX,반도체ETF,NAS,218.25,223.04,217.96,222.47,2624311.0
20250103,TSM,TSMC ADR,NYS,204.1,208.8,203.7,208.61,10261948.0
20250106,AVGO,브로드컴,NAS,236.5,241.75,233.3,236.41,34028377.0
20250106,MU,마이크론,NAS,95.565,101.52,95.48,99.26,42903278.0
20250106,NVDA,엔비디아,NAS,148.59,152.156,147.8201,149.43,265377359.0
20250106,QQQ,나스닥100,NAS,524.02,527.92,522.03,524.54,36109734.0
20250106,SMH,반도체ETF2,NAS,258.67,263.29,258.5,260.23,10533193.0
20250106,SOXX,반도체ETF,NAS,227.26,231.8,227.26,228.91,4176463.0
20250106,TSM,TSMC ADR,NYS,218.77,222.2,215.693,220.01,24339947.0
20250107,AVGO,브로드컴,NAS,239.5,239.5,227.6,228.64,25928606.0
20250107,MU,마이크론,NAS,103.41,106.7399,101.16,101.91,53570014.0
20250107,NVDA,엔비디아,NAS,153.03,153.13,140.01,140.14,351782174.0
20250107,QQQ,나스닥100,NAS,525.59,525.99,513.28,515.18,36690272.0
20250107,SMH,반도체ETF2,NAS,263.42,263.58,253.05,254.04,7661073.0
20250107,SOXX,반도체ETF,NAS,231.7,231.89,224.56,225.79,3694760.0
20250107,TSM,TSMC ADR,NYS,221.24,221.48,211.32,211.42,17010000.0
20250108,AVGO,브로드컴,NAS,229.7,232.47,226.06,229.31,18756487.0
20250108,MU,마이크론,NAS,102.82,103.475,98.3,99.41,33516888.0
20250108,NVDA,엔비디아,NAS,142.58,143.95,137.56,140.11,227349948.0
20250108,QQQ,나스닥100,NAS,515.08,516.9199,510.57,515.27,30777777.0
20250108,SMH,반도체ETF2,NAS,253.56,254.33,249.5108,252.23,5189522.0
20250108,SOXX,반도체ETF,NAS,225.05,225.46,221.11,223.54,3141824.0
20250108,TSM,TSMC ADR,NYS,209.97,210.3,205.92,207.12,13262732.0
20250110,AVGO,브로드컴,NAS,227.3,227.83,221.25,224.31,23864005.0
20250110,MU,마이크론,NAS,98.115,100.78,96.87,99.34,20512560.0
20250110,NVDA,엔비디아,NAS,137.45,139.92,134.22,135.91,207602514.0
20250110,QQQ,나스닥100,NAS,511.48,511.58,503.92,507.19,40532495.0
20250110,SMH,반도체ETF2,NAS,249.41,249.59,244.92,247.18,6901514.0
20250110,SOXX,반도체ETF,NAS,220.74,220.88,216.78,218.2,4037986.0
20250110,TSM,TSMC ADR,NYS,207.6,209.9791,203.23,208.37,17265198.0
20250113,AVGO,브로드컴,NAS,219.99,229.26,219.51,225.29,23772091.0
20250113,MU,마이크론,NAS,95.84,96.0,92.88,95.06,22699139.0
20250113,NVDA,엔비디아,NAS,129.99,133.49,129.51,133.23,204808914.0
20250113,QQQ,나스닥100,NAS,501.2,506.02,499.7,505.56,31694210.0
20250113,SMH,반도체ETF2,NAS,241.065,244.93,240.62,244.64,6007459.0
20250113,SOXX,반도체ETF,NAS,213.85,217.84,213.66,217.53,2309950.0
20250113,TSM,TSMC ADR,NYS,200.52,203.59,200.05,201.36,16612392.0
20250114,AVGO,브로드컴,NAS,226.57,230.26,223.1,224.7,18143124.0
20250114,MU,마이크론,NAS,97.05,97.41,95.38,97.36,18613447.0
20250114,NVDA,엔비디아,NAS,136.05,136.38,130.05,131.76,195590485.0
20250114,QQQ,나스닥100,NAS,508.74,510.155,501.59,505.08,33737237.0
20250114,SMH,반도체ETF2,NAS,247.73,248.3828,242.39,245.44,3791539.0
20250114,SOXX,반도체ETF,NAS,219.35,220.75,216.121,218.96,1492750.0
20250114,TSM,TSMC ADR,NYS,205.185,206.26,198.5,201.45,14182944.0
20250115,AVGO,브로드컴,NAS,228.55,230.34,225.58,228.0,21745616.0
20250115,MU,마이크론,NAS,99.44,103.9299,99.35,103.19,27568126.0
20250115,NVDA,엔비디아,NAS,133.65,136.45,131.29,136.24,185217338.0
20250115,QQQ,나스닥100,NAS,513.03,517.85,511.46,516.7,34957554.0
20250115,SMH,반도체ETF2,NAS,249.245,252.07,247.7,251.21,5316796.0
20250115,SOXX,반도체ETF,NAS,222.48,224.65,221.67,223.21,2900152.0
20250115,TSM,TSMC ADR,NYS,202.49,209.04,199.35,206.8,18286492.0
20250116,AVGO,브로드컴,NAS,235.22,238.6,229.21,229.41,23471871.0
20250116,MU,마이크론,NAS,104.32,104.8,101.87,102.6,16243839.0
20250116,NVDA,엔비디아,NAS,138.64,138.75,133.49,133.57,209235583.0
20250116,QQQ,나스닥100,NAS,518.98,519.0599,512.95,513.08,28229037.0
20250116,SMH,반도체ETF2,NAS,257.11,257.2,252.15,252.29,5696146.0
20250116,SOXX,반도체ETF,NAS,227.25,227.79,223.53,223.54,3029480.0
20250116,TSM,TSMC ADR,NYS,218.89,221.95,213.17,214.79,38539551.0
20250117,AVGO,브로드컴,NAS,237.08,238.1,232.66,237.44,31196642.0
20250117,MU,마이크론,NAS,104.64,105.88,102.5,105.75,18908887.0
20250117,NVDA,엔비디아,NAS,136.69,138.5,135.4649,137.71,201188760.0
20250117,QQQ,나스닥100,NAS,522.85,524.0733,513.1086,521.74,51837941.0
20250117,SMH,반도체ETF2,NAS,257.98,258.68,255.61,258.25,5387323.0
20250117,SOXX,반도체ETF,NAS,228.58,230.32,227.3591,229.74,3785506.0
20250117,TSM,TSMC ADR,NYS,215.17,215.68,211.06,211.5,21606103.0
20250121,AVGO,브로드컴,NAS,241.5,242.75,237.4,240.31,30903186.0
20250121,MU,마이크론,NAS,105.425,110.24,105.23,109.38,23533649.0
20250121,NVDA,엔비디아,NAS,139.16,141.83,137.09,140.83,197748985.0
20250121,QQQ,나스닥100,NAS,524.48,525.97,520.06,524.8,23627971.0
20250121,SMH,반도체ETF2,NAS,260.8,264.32,258.4506,262.39,4922970.0
20250121,SOXX,반도체ETF,NAS,231.81,234.58,229.8,232.45,3201458.0
20250121,TSM,TSMC ADR,NYS,214.46,220.15,212.05,218.7,19061304.0
20250122,AVGO,브로드컴,NAS,246.75,246.99,240.69,240.91,29610501.0
20250122,MU,마이크론,NAS,109.165,110.67,107.76,109.23,20004316.0
20250122,NVDA,엔비디아,NAS,144.66,147.79,143.67,147.07,237651395.0
20250122,QQQ,나스닥100,NAS,529.57,533.82,529.26,531.51,33592988.0
20250122,SMH,반도체ETF2,NAS,266.0,269.66,265.14,267.17,6616460.0
20250122,SOXX,반도체ETF,NAS,234.83,238.34,234.32,235.81,3461054.0
20250122,TSM,TSMC ADR,NYS,221.95,225.43,219.31,223.2,17294474.0
20250123,AVGO,브로드컴,NAS,238.41,240.4,236.12,240.28,17653942.0
20250123,MU,마이크론,NAS,104.79,106.18,103.3501,104.84,22677612.0
20250123,NVDA,엔비디아,NAS,145.05,147.23,143.72,147.22,155915549.0
20250123,QQQ,나스닥100,NAS,529.04,532.76,528.45,532.64,23096588.0
20250123,SMH,반도체ETF2,NAS,263.02,266.86,261.9,266.85,4704876.0
20250123,SOXX,반도체ETF,NAS,232.03,235.38,231.18,235.37,2567085.0
20250123,TSM,TSMC ADR,NYS,220.1,224.7,219.41,224.62,8986795.0
20250124,AVGO,브로드컴,NAS,244.7,249.59,241.91,244.7,25387825.0
20250124,MU,마이크론,NAS,105.5,105.72,102.72,103.19,19743841.0
20250124,NVDA,엔비디아,NAS,148.37,148.97,141.88,142.62,234657635.0
20250124,QQQ,나스닥100,NAS,533.02,533.79,528.15,529.63,19878251.0
20250124,SMH,반도체ETF2,NAS,267.4,267.43,260.62,261.53,5119857.0
20250124,SOXX,반도체ETF,NAS,235.475,235.475,229.71,230.64,2229926.0
20250124,TSM,TSMC ADR,NYS,226.22,226.4,220.96,221.88,13183798.0
20250127,AVGO,브로드컴,NAS,213.4,218.43,196.23,202.13,90569376.0
20250127,MU,마이크론,NAS,94.86,96.1,88.36,91.11,50696163.0
20250127,NVDA,엔비디아,NAS,124.8,128.4,116.7,118.42,818830895.0
20250127,QQQ,나스닥100,NAS,511.0,517.99,510.15,514.21,60771695.0
20250127,SMH,반도체ETF2,NAS,242.48,245.08,232.24,235.81,21944880.0
20250127,SOXX,반도체ETF,NAS,219.0,219.61,209.74,212.55,16943563.0
20250127,TSM,TSMC ADR,NYS,197.04,207.0,187.665,192.31,68667472.0
20250128,AVGO,브로드컴,NAS,208.01,209.95,198.89,207.36,50315987.0
20250128,MU,마이크론,NAS,92.605,93.45,88.04,88.25,34793604.0
20250128,NVDA,엔비디아,NAS,121.81,129.0,116.25,128.99,579666350.0
20250128,QQQ,나스닥100,NAS,515.22,523.0,511.78,521.81,33194214.0
20250128,SMH,반도체ETF2,NAS,237.89,241.031,232.26,240.45,11707323.0
20250128,SOXX,반도체ETF,NAS,213.62,214.77,208.98,213.5,9118291.0
20250128,TSM,TSMC ADR,NYS,195.65,202.84,192.46,202.4,31738835.0
20250129,AVGO,브로드컴,NAS,208.84,211.45,202.77,206.35,32533735.0
20250129,MU,마이크론,NAS,89.88,90.45,87.76,89.01,25342802.0
20250129,NVDA,엔비디아,NAS,126.5,126.89,120.05,123.7,467120640.0
20250129,QQQ,나스닥100,NAS,522.46,522.59,516.8988,520.83,26649011.0
20250129,SMH,반도체ETF2,NAS,242.41,242.4537,236.635,239.53,8366035.0
20250129,SOXX,반도체ETF,NAS,215.56,216.18,212.15,214.38,2430750.0
20250129,TSM,TSMC ADR,NYS,204.49,206.45,199.75,202.33,15199493.0
20250130,AVGO,브로드컴,NAS,218.57,221.96,213.7,215.66,42449478.0
20250130,MU,마이크론,NAS,90.66,93.16,90.3,92.5,22497086.0
20250130,NVDA,엔비디아,NAS,123.1,125.0,118.1,124.65,392925469.0
20250130,QQQ,나스닥100,NAS,523.71,526.095,518.21,523.05,27431302.0
20250130,SMH,반도체ETF2,NAS,243.42,245.8499,240.67,245.17,7676288.0
20250130,SOXX,반도체ETF,NAS,217.01,219.99,215.76,218.74,4653826.0
20250130,TSM,TSMC ADR,NYS,206.57,209.62,205.4161,208.15,13538952.0
20250131,AVGO,브로드컴,NAS,219.66,226.8,216.3,221.27,41150975.0
20250131,MU,마이크론,NAS,91.65,94.27,91.14,91.24,20540227.0
20250131,NVDA,엔비디아,NAS,123.78,127.85,119.19,120.07,390372899.0
20250131,QQQ,나스닥100,NAS,526.92,531.5178,521.19,522.29,38845467.0
20250131,SMH,반도체ETF2,NAS,246.17,251.455,242.92,243.62,8021088.0
20250131,SOXX,반도체ETF,NAS,219.99,224.29,217.47,218.13,3870302.0
20250131,TSM,TSMC ADR,NYS,209.93,215.0,208.2,209.32,15781905.0
20250203,AVGO,브로드컴,NAS,215.46,220.9377,213.51,217.73,24507274.0
20250203,MU,마이크론,NAS,88.65,91.4,88.0193,89.92,18607873.0
20250203,NVDA,엔비디아,NAS,114.75,118.57,113.01,116.66,371235677.0
20250203,QQQ,나스닥100,NAS,513.47,520.8496,511.05,518.11,40580835.0
20250203,SMH,반도체ETF2,NAS,235.97,241.64,235.12,238.78,7479648.0
20250203,SOXX,반도체ETF,NAS,212.39,216.85,210.96,214.2,3646784.0
20250203,TSM,TSMC ADR,NYS,199.63,204.99,197.98,199.8,17719766.0
20250204,AVGO,브로드컴,NAS,219.35,223.03,215.3,222.43,23768517.0
20250204,MU,마이크론,NAS,89.05,91.45,88.8001,90.66,12827497.0
20250204,NVDA,엔비디아,NAS,116.96,121.2,116.7,118.65,256550040.0
20250204,QQQ,나스닥100,NAS,518.63,525.11,518.23,524.47,26046753.0
20250204,SMH,반도체ETF2,NAS,238.81,242.62,238.58,241.47,4579021.0
20250204,SOXX,반도체ETF,NAS,213.72,217.27,213.425,216.4,3742276.0
20250204,TSM,TSMC ADR,NYS,204.07,205.75,202.08,204.05,12692908.0
20250205,AVGO,브로드컴,NAS,233.94,237.9299,227.5,232.0,29250582.0
20250205,MU,마이크론,NAS,90.385,93.65,90.22,93.6,15684526.0
20250205,NVDA,엔비디아,NAS,121.76,125.0,120.76,124.83,263110629.0
20250205,QQQ,나스닥100,NAS,521.82,527.01,520.62,526.85,21134070.0
20250205,SMH,반도체ETF2,NAS,242.12,247.5,240.4,247.14,4811115.0
20250205,SOXX,반도체ETF,NAS,215.83,221.04,214.48,220.59,2200543.0
20250205,TSM,TSMC ADR,NYS,206.0,210.48,203.83,208.57,10997769.0
20250206,AVGO,브로드컴,NAS,234.5,234.8,228.56,231.36,21169529.0
20250206,MU,마이크론,NAS,94.88,96.6088,93.58,94.54,16141135.0
20250206,NVDA,엔비디아,NAS,127.42,128.77,125.21,128.68,251483574.0
20250206,QQQ,나스닥100,NAS,527.36,529.81,525.7413,529.6,19434454.0
20250206,SMH,반도체ETF2,NAS,247.18,248.43,245.61,248.35,4877200.0
20250206,SOXX,반도체ETF,NAS,219.05,220.7,217.88,220.3,3111652.0
20250206,TSM,TSMC ADR,NYS,210.055,211.18,207.0,210.5,8491436.0
20250207,AVGO,브로드컴,NAS,235.0,235.65,224.11,224.87,22117468.0
20250207,MU,마이크론,NAS,95.59,95.93,91.59,92.3,15602828.0
20250207,NVDA,엔비디아,NAS,129.22,130.37,125.0,129.84,228186298.0
20250207,QQQ,나스닥100,NAS,530.14,532.1,522.19,522.92,29605470.0
20250207,SMH,반도체ETF2,NAS,249.56,250.65,243.48,245.0,7258908.0
20250207,SOXX,반도체ETF,NAS,220.81,222.08,215.39,216.87,3297641.0
20250207,TSM,TSMC ADR,NYS,213.01,213.18,205.72,206.12,11616199.0
20250210,AVGO,브로드컴,NAS,227.43,235.82,227.12,235.04,23901643.0
20250210,MU,마이크론,NAS,93.185,96.26,93.17,95.93,16217948.0
20250210,NVDA,엔비디아,NAS,130.09,135.0,129.96,133.57,216989086.0
20250210,QQQ,나스닥100,NAS,527.22,530.3571,526.75,529.25,20852784.0
20250210,SMH,반도체ETF2,NAS,247.0,250.29,247.0,249.62,4231308.0
20250210,SOXX,반도체ETF,NAS,218.45,220.25,218.42,219.7,2698566.0
20250210,TSM,TSMC ADR,NYS,208.0,209.98,206.53,207.95,9296479.0
20250211,AVGO,브로드컴,NAS,232.48,237.89,229.9739,235.04,18476200.0
20250211,MU,마이크론,NAS,94.245,95.84,93.56,94.08,12124047.0
20250211,NVDA,엔비디아,NAS,132.58,134.48,131.02,132.8,178902379.0
20250211,QQQ,나스닥100,NAS,525.96,529.92,525.83,527.99,19325500.0
20250211,SMH,반도체ETF2,NAS,247.7,251.04,247.41,249.87,3134879.0
20250211,SOXX,반도체ETF,NAS,217.89,221.17,217.89,219.9,1550036.0
20250211,TSM,TSMC ADR,NYS,205.13,209.84,201.0,208.74,9224508.0
20250212,AVGO,브로드컴,NAS,230.355,236.48,230.0,236.35,16397336.0
20250212,MU,마이크론,NAS,89.6,92.64,87.35,91.68,22874727.0
20250212,NVDA,엔비디아,NAS,130.02,132.24,129.08,131.14,160278552.0
20250212,QQQ,나스닥100,NAS,522.3,529.19,521.95,528.3,25009362.0
20250212,SMH,반도체ETF2,NAS,245.7,248.74,244.54,248.51,4212803.0
20250212,SOXX,반도체ETF,NAS,216.44,220.22,215.95,220.14,2017516.0
20250212,TSM,TSMC ADR,NYS,204.9,207.0691,203.01,206.38,7373675.0
20250213,AVGO,브로드컴,NAS,236.06,236.95,230.7276,235.8,20962031.0
20250213,MU,마이크론,NAS,92.06,96.065,92.02,95.66,16579876.0
20250213,NVDA,엔비디아,NAS,131.555,136.5,131.17,135.29,197429975.0
20250213,QQQ,나스닥100,NAS,529.98,536.22,529.19,535.9,28714799.0
20250213,SMH,반도체ETF2,NAS,248.0,252.09,247.79,251.92,4486146.0
20250213,SOXX,반도체ETF,NAS,219.95,222.99,219.885,222.84,2546770.0
20250213,TSM,TSMC ADR,NYS,201.88,202.3,199.23,201.83,15580928.0
20250214,AVGO,브로드컴,NAS,234.53,235.74,228.9,233.04,16988777.0
20250214,MU,마이크론,NAS,98.41,100.6983,98.0,99.52,21284541.0
20250214,NVDA,엔비디아,NAS,136.48,139.25,135.5,138.85,195479557.0
20250214,QQQ,나스닥100,NAS,536.005,538.84,535.67,538.15,17862572.0
20250214,SMH,반도체ETF2,NAS,252.0,253.22,250.63,252.58,4279519.0
20250214,SOXX,반도체ETF,NAS,222.82,223.77,221.92,223.07,1566517.0
20250214,TSM,TSMC ADR,NYS,199.98,206.25,197.4605,203.9,23220332.0
20250218,AVGO,브로드컴,NAS,230.1,232.2,224.3001,228.53,26080547.0
20250218,MU,마이크론,NAS,102.635,107.88,102.045,106.79,29641935.0
20250218,NVDA,엔비디아,NAS,141.27,143.44,137.925,139.4,219176627.0
20250218,QQQ,나스닥100,NAS,539.73,540.0,536.04,539.37,20565028.0
20250218,SMH,반도체ETF2,NAS,254.715,257.2,253.34,256.22,6361446.0
20250218,SOXX,반도체ETF,NAS,224.7,227.47,223.47,226.76,3605031.0
20250218,TSM,TSMC ADR,NYS,204.755,205.85,200.52,202.74,14988136.0
20250219,AVGO,브로드컴,NAS,227.85,229.0653,224.4,228.73,16375487.0
20250219,MU,마이크론,NAS,105.755,107.19,103.62,104.36,17875863.0
20250219,NVDA,엔비디아,NAS,139.51,141.36,137.22,139.23,167536006.0
20250219,QQQ,나스닥100,NAS,538.57,540.81,536.46,539.52,19666861.0
20250219,SMH,반도체ETF2,NAS,255.98,258.3799,253.88,257.34,3025373.0
20250219,SOXX,반도체ETF,NAS,227.15,231.62,226.26,230.53,2635670.0
20250219,TSM,TSMC ADR,NYS,202.01,202.6,200.02,200.95,13163071.0
20250220,AVGO,브로드컴,NAS,228.645,228.98,222.75,226.74,16103996.0
20250220,MU,마이크론,NAS,103.98,104.85,102.34,103.18,14487950.0
20250220,NVDA,엔비디아,NAS,140.03,140.66,136.7901,140.11,143903583.0
20250220,QQQ,나스닥100,NAS,538.73,539.1,532.46,537.23,26550753.0
20250220,SMH,반도체ETF2,NAS,258.07,259.63,254.92,257.8,4401707.0
20250220,SOXX,반도체ETF,NAS,231.995,233.44,228.75,231.07,2642349.0
20250220,TSM,TSMC ADR,NYS,200.28,200.34,197.61,200.1,10639333.0
20250221,AVGO,브로드컴,NAS,225.65,227.75,215.63,218.66,24883556.0
20250221,MU,마이크론,NAS,103.64,103.66,97.75,98.84,18650786.0
20250221,NVDA,엔비디아,NAS,140.04,141.46,134.03,134.43,228217585.0
20250221,QQQ,나스닥100,NAS,538.38,538.4,525.71,526.08,47093750.0
20250221,SMH,반도체ETF2,NAS,258.35,258.7,249.19,249.99,7578486.0
20250221,SOXX,반도체ETF,NAS,231.76,231.85,223.13,223.98,2946986.0
20250221,TSM,TSMC ADR,NYS,201.33,202.69,196.01,198.24,13757337.0
20250224,AVGO,브로드컴,NAS,218.6,219.48,207.54,207.93,33050425.0
20250224,MU,마이크론,NAS,100.215,100.7,95.28,95.41,14883722.0
20250224,NVDA,엔비디아,NAS,136.56,138.59,130.08,130.28,251381137.0
20250224,QQQ,나스닥100,NAS,527.88,529.069,519.53,519.87,39268392.0
20250224,SMH,반도체ETF2,NAS,251.3,252.06,243.28,243.42,7518002.0
20250224,SOXX,반도체ETF,NAS,224.97,225.34,218.54,218.72,3372810.0
20250224,TSM,TSMC ADR,NYS,196.88,198.79,191.46,191.65,15114277.0
20250225,AVGO,브로드컴,NAS,207.0,208.6425,200.92,202.54,33100814.0
20250225,MU,마이크론,NAS,95.5,95.93,92.755,93.22,18608206.0
20250225,NVDA,엔비디아,NAS,129.98,130.2,124.44,126.63,271428711.0
20250225,QQQ,나스닥100,NAS,519.24,519.32,509.44,513.32,48940025.0
20250225,SMH,반도체ETF2,NAS,242.71,243.78,237.34,238.25,7658557.0
20250225,SOXX,반도체ETF,NAS,218.45,219.2225,213.58,214.21,3514151.0
20250225,TSM,TSMC ADR,NYS,190.65,193.53,187.468,189.37,20580951.0
20250226,AVGO,브로드컴,NAS,206.91,213.54,206.0,212.94,21368302.0
20250226,MU,마이크론,NAS,96.0,99.72,95.5,97.71,21335231.0
20250226,NVDA,엔비디아,NAS,129.985,133.73,128.49,131.28,322553814.0
20250226,QQQ,나스닥100,NAS,515.53,519.66,511.37,514.56,34457618.0
20250226,SMH,반도체ETF2,NAS,241.6,246.12,240.9,243.82,6675886.0
20250226,SOXX,반도체ETF,NAS,216.95,219.8,215.58,217.94,2562568.0
20250226,TSM,TSMC ADR,NYS,191.09,196.08,191.09,194.62,14112250.0
20250227,AVGO,브로드컴,NAS,217.28,219.25,197.4,197.8,27572887.0
20250227,MU,마이크론,NAS,97.84,99.885,91.49,91.82,22386276.0
20250227,NVDA,엔비디아,NAS,135.0,135.01,120.01,120.15,443175846.0
20250227,QQQ,나스닥100,NAS,518.13,519.0699,500.05,500.27,52447966.0
20250227,SMH,반도체ETF2,NAS,246.072,246.38,228.7,228.79,10520634.0
20250227,SOXX,반도체ETF,NAS,219.18,219.5,204.92,205.25,4349108.0
20250227,TSM,TSMC ADR,NYS,194.69,194.77,181.08,181.09,24219211.0
20250228,AVGO,브로드컴,NAS,195.76,201.19,193.15,199.43,39747248.0
20250228,MU,마이크론,NAS,91.0,94.46,89.87,93.63,23359055.0
20250228,NVDA,엔비디아,NAS,118.02,125.09,116.4,124.92,389091145.0
20250228,QQQ,나스닥100,NAS,500.13,508.78,496.93,508.17,47654043.0
20250228,SMH,반도체ETF2,NAS,228.37,233.78,225.63,232.77,8654651.0
20250228,SOXX,반도체ETF,NAS,205.37,210.05,203.12,208.52,3722143.0
20250228,TSM,TSMC ADR,NYS,179.31,182.16,175.52,180.53,27929427.0
20250303,AVGO,브로드컴,NAS,204.0,204.06,184.53,187.37,37435603.0
20250303,MU,마이크론,NAS,95.805,96.2,89.39,90.54,20281784.0
20250303,NVDA,엔비디아,NAS,123.51,123.7,112.28,114.06,411381373.0
20250303,QQQ,나스닥100,NAS,511.52,513.04,493.58,497.05,44587204.0
20250303,SMH,반도체ETF2,NAS,235.365,235.37,220.95,223.01,10001218.0
20250303,SOXX,반도체ETF,NAS,211.51,211.65,199.32,201.15,5067773.0
20250303,TSM,TSMC ADR,NYS,181.15,181.57,171.07,172.97,37402998.0
20250304,AVGO,브로드컴,NAS,189.215,193.95,180.48,187.48,37910477.0
20250304,MU,마이크론,NAS,90.2,93.59,86.8,91.2,23611503.0
20250304,NVDA,엔비디아,NAS,110.645,119.31,110.11,115.99,398163305.0
20250304,QQQ,나스닥100,NAS,494.18,503.74,487.735,495.55,67875402.0
20250304,SMH,반도체ETF2,NAS,222.464,230.8,218.05,225.23,12563101.0
20250304,SOXX,반도체ETF,NAS,200.8,207.62,196.7,202.27,5487928.0
20250304,TSM,TSMC ADR,NYS,175.06,183.6,174.18,180.0,29395234.0
20250305,AVGO,브로드컴,NAS,191.86,194.08,187.1,191.58,25644540.0
20250305,MU,마이크론,NAS,92.15,95.05,90.4301,94.34,14010312.0
20250305,NVDA,엔비디아,NAS,117.58,118.2781,114.51,117.3,284337886.0
20250305,QQQ,나스닥100,NAS,496.2,503.63,491.26,502.01,46323725.0
20250305,SMH,반도체ETF2,NAS,227.82,230.21,223.47,229.4,6799419.0
20250305,SOXX,반도체ETF,NAS,204.54,207.29,200.57,206.63,3312542.0
20250305,TSM,TSMC ADR,NYS,183.0,184.74,180.72,184.28,17333996.0
20250306,AVGO,브로드컴,NAS,181.04,186.83,177.61,179.45,56864099.0
20250306,MU,마이크론,NAS,90.926,93.2896,89.0301,89.27,18708085.0
20250306,NVDA,엔비디아,NAS,113.53,115.35,110.22,110.57,321181861.0
20250306,QQQ,나스닥100,NAS,493.69,498.58,486.2,488.2,57574332.0
20250306,SMH,반도체ETF2,NAS,221.98,226.16,219.07,219.78,9155207.0
20250306,SOXX,반도체ETF,NAS,199.58,203.72,197.33,198.04,5088703.0
20250306,TSM,TSMC ADR,NYS,178.575,181.55,175.79,175.85,17864290.0
20250307,AVGO,브로드컴,NAS,187.73,195.48,181.56,194.96,74528855.0
20250307,MU,마이크론,NAS,90.29,93.34,89.49,92.96,19133938.0
20250307,NVDA,엔비디아,NAS,111.25,113.48,107.56,112.69,341755468.0
20250307,QQQ,나스닥100,NAS,487.16,493.28,480.53,491.79,54714726.0
20250307,SMH,반도체ETF2,NAS,220.6,225.75,217.07,225.09,9426838.0
20250307,SOXX,반도체ETF,NAS,198.8,204.54,196.48,203.85,3713680.0
20250307,TSM,TSMC ADR,NYS,175.79,178.47,171.02,177.1,21012687.0
20250310,AVGO,브로드컴,NAS,189.6,191.978,180.43,184.45,44217115.0
20250310,MU,마이크론,NAS,89.59,91.37,85.76,87.08,21897870.0
20250310,NVDA,엔비디아,NAS,109.9,111.85,105.46,106.98,366487363.0
20250310,QQQ,나스닥100,NAS,483.45,483.97,468.66,472.73,76668029.0
20250310,SMH,반도체ETF2,NAS,219.57,221.29,211.51,214.53,9616473.0
20250310,SOXX,반도체ETF,NAS,198.82,200.28,191.5608,194.42,5410827.0
20250310,TSM,TSMC ADR,NYS,172.47,174.89,167.91,170.65,18265099.0
20250311,AVGO,브로드컴,NAS,188.05,195.6155,185.345,190.09,42153248.0
20250311,MU,마이크론,NAS,87.9,91.1,86.0703,89.05,21962141.0
20250311,NVDA,엔비디아,NAS,106.99,112.236,104.77,108.76,354865692.0
20250311,QQQ,나스닥100,NAS,472.35,478.805,467.01,471.6,68760771.0
20250311,SMH,반도체ETF2,NAS,215.21,219.02,210.46,214.22,7381274.0
20250311,SOXX,반도체ETF,NAS,194.52,196.31,189.11,192.12,3776566.0
20250311,TSM,TSMC ADR,NYS,170.65,173.3346,168.1,170.97,16561137.0
20250312,AVGO,브로드컴,NAS,196.215,199.98,192.4527,194.23,30409728.0
20250312,MU,마이크론,NAS,92.47,96.99,92.24,95.64,23584745.0
20250312,NVDA,엔비디아,NAS,114.12,116.76,112.88,115.74,323857454.0
20250312,QQQ,나스닥100,NAS,479.16,481.06,471.79,476.92,46971082.0
20250312,SMH,반도체ETF2,NAS,220.32,222.95,218.18,220.52,8710844.0
20250312,SOXX,반도체ETF,NAS,196.7,198.69,194.32,196.08,3143006.0
20250312,TSM,TSMC ADR,NYS,175.6,178.13,174.76,177.17,14737610.0
20250313,AVGO,브로드컴,NAS,193.15,196.32,189.465,191.36,27236137.0
20250313,MU,마이크론,NAS,94.25,98.12,94.0,94.88,18824701.0
20250313,NVDA,엔비디아,NAS,117.03,117.76,113.79,115.58,299033131.0
20250313,QQQ,나스닥100,NAS,476.25,476.2801,466.43,468.34,46563349.0
20250313,SMH,반도체ETF2,NAS,220.78,223.88,217.81,219.55,5126791.0
20250313,SOXX,반도체ETF,NAS,196.07,199.24,193.18,195.1,2504164.0
20250313,TSM,TSMC ADR,NYS,173.89,173.89,170.5,171.59,14381570.0
20250314,AVGO,브로드컴,NAS,196.2,197.5,193.2,195.54,25900939.0
20250314,MU,마이크론,NAS,98.75,102.78,98.75,100.79,24623572.0
20250314,NVDA,엔비디아,NAS,118.61,121.88,118.15,121.67,277593455.0
20250314,QQQ,나스닥100,NAS,473.73,480.56,473.12,479.66,43563010.0
20250314,SMH,반도체ETF2,NAS,223.35,226.964,223.28,226.57,5100693.0
20250314,SOXX,반도체ETF,NAS,198.5,201.705,198.32,201.12,3696844.0
20250314,TSM,TSMC ADR,NYS,172.65,174.37,171.9309,174.09,11449411.0
20250317,AVGO,브로드컴,NAS,188.05,196.72,187.5,194.5,26830624.0
20250317,MU,마이크론,NAS,101.06,104.45,100.96,103.11,17095050.0
20250317,NVDA,엔비디아,NAS,122.74,122.89,118.03,119.53,255501481.0
20250317,QQQ,나스닥100,NAS,479.61,485.84,477.8,482.77,41744354.0
20250317,SMH,반도체ETF2,NAS,226.23,231.04,226.02,228.96,5192188.0
20250317,SOXX,반도체ETF,NAS,200.31,206.26,200.21,204.44,2743139.0
20250317,TSM,TSMC ADR,NYS,173.95,177.16,173.82,176.24,9678112.0
20250318,AVGO,브로드컴,NAS,190.44,192.89,186.9,188.67,24951025.0
20250318,MU,마이크론,NAS,101.9,103.31,100.29,101.72,18434126.0
20250318,NVDA,엔비디아,NAS,118.0,119.02,114.54,115.43,299686944.0
20250318,QQQ,나스닥100,NAS,479.41,479.61,472.41,474.54,39072265.0
20250318,SMH,반도체ETF2,NAS,226.63,227.77,223.88,225.42,5196659.0
20250318,SOXX,반도체ETF,NAS,202.11,203.05,200.18,201.47,2470833.0
20250318,TSM,TSMC ADR,NYS,174.38,174.5755,170.4324,173.13,9986033.0
20250319,AVGO,브로드컴,NAS,189.34,198.27,186.9,195.57,37962698.0
20250319,MU,마이크론,NAS,100.82,103.6,100.49,102.06,16633077.0
20250319,NVDA,엔비디아,NAS,117.27,120.445,115.68,117.52,273426225.0
20250319,QQQ,나스닥100,NAS,476.81,485.33,474.87,480.89,40430334.0
20250319,SMH,반도체ETF2,NAS,225.42,231.015,223.775,227.41,4932530.0
20250319,SOXX,반도체ETF,NAS,201.495,206.43,200.0,203.11,2330806.0
20250319,TSM,TSMC ADR,NYS,173.0,175.73,171.74,173.76,10678482.0
20250320,AVGO,브로드컴,NAS,191.52,193.8365,188.94,190.54,31430022.0
20250320,MU,마이크론,NAS,101.58,104.69,101.35,103.0,29204411.0
20250320,NVDA,엔비디아,NAS,116.55,120.2,116.47,118.53,248829749.0
20250320,QQQ,나스닥100,NAS,476.88,484.55,476.18,479.26,36780549.0
20250320,SMH,반도체ETF2,NAS,225.14,229.01,224.892,227.05,3654700.0
20250320,SOXX,반도체ETF,NAS,200.52,203.72,200.36,201.49,2265887.0
20250320,TSM,TSMC ADR,NYS,174.85,178.67,174.55,177.47,12209690.0
20250321,AVGO,브로드컴,NAS,188.21,192.07,187.37,191.66,43086517.0
20250321,MU,마이크론,NAS,98.2,98.5,93.7,94.72,63239562.0
20250321,NVDA,엔비디아,NAS,116.94,117.99,115.42,117.7,266498528.0
20250321,QQQ,나스닥100,NAS,474.08,481.61,472.905,480.84,42234874.0
20250321,SMH,반도체ETF2,NAS,222.77,225.61,221.41,224.77,6319285.0
20250321,SOXX,반도체ETF,NAS,197.94,200.14,196.37,199.38,2873367.0
20250321,TSM,TSMC ADR,NYS,174.91,177.2,173.7918,176.73,9993226.0
20250324,AVGO,브로드컴,NAS,194.295,196.69,190.67,191.25,33180280.0
20250324,MU,마이크론,NAS,96.1,98.4188,95.33,96.94,35406647.0
20250324,NVDA,엔비디아,NAS,119.88,122.22,119.34,121.41,228452534.0
20250324,QQQ,나스닥100,NAS,487.74,491.51,484.4,490.66,34567186.0
20250324,SMH,반도체ETF2,NAS,229.2,232.418,229.1,230.63,6503200.0
20250324,SOXX,반도체ETF,NAS,203.57,206.66,203.33,205.3,3947023.0
20250324,TSM,TSMC ADR,NYS,179.99,182.925,179.675,181.16,11440018.0
20250325,AVGO,브로드컴,NAS,190.885,191.6,187.68,188.26,23417250.0
20250325,MU,마이크론,NAS,96.18,96.38,93.25,94.18,22191735.0
20250325,NVDA,엔비디아,NAS,120.545,121.29,118.92,120.69,167447198.0
20250325,QQQ,나스닥100,NAS,491.39,493.62,490.42,493.46,26035241.0
20250325,SMH,반도체ETF2,NAS,230.45,230.66,228.85,229.65,3451806.0
20250325,SOXX,반도체ETF,NAS,205.05,205.71,203.56,204.19,1419149.0
20250325,TSM,TSMC ADR,NYS,182.47,182.51,179.8,180.9,8718753.0
20250326,AVGO,브로드컴,NAS,186.66,188.06,177.582,179.27,30670536.0
20250326,MU,마이크론,NAS,96.0,96.64,90.97,92.13,27224340.0
20250326,NVDA,엔비디아,NAS,118.73,118.84,112.71,113.76,296431667.0
20250326,QQQ,나스닥100,NAS,492.3,493.16,482.82,484.38,35043357.0
20250326,SMH,반도체ETF2,NAS,228.4,228.795,220.05,222.01,9685704.0
20250326,SOXX,반도체ETF,NAS,203.22,204.06,196.44,198.47,3693809.0
20250326,TSM,TSMC ADR,NYS,179.23,179.55,171.4662,173.5,14644601.0
20250327,AVGO,브로드컴,NAS,177.655,178.38,170.46,171.99,32151667.0
20250327,MU,마이크론,NAS,91.09,92.205,89.61,91.16,15658675.0
20250327,NVDA,엔비디아,NAS,111.35,114.45,110.66,111.43,236902055.0
20250327,QQQ,나스닥100,NAS,482.41,486.5799,480.25,481.62,33469817.0
20250327,SMH,반도체ETF2,NAS,219.05,220.7,216.565,217.75,9072487.0
20250327,SOXX,반도체ETF,NAS,195.87,197.04,193.38,194.56,3545897.0
20250327,TSM,TSMC ADR,NYS,171.39,171.61,167.55,168.24,17559075.0
20250328,AVGO,브로드컴,NAS,171.93,173.3,166.47,169.12,30391479.0
20250328,MU,마이크론,NAS,90.47,90.89,87.6,88.44,17117992.0
20250328,NVDA,엔비디아,NAS,111.485,112.87,109.0701,109.67,229872549.0
20250328,QQQ,나스닥100,NAS,479.81,480.52,468.05,468.94,46363797.0
20250328,SMH,반도체ETF2,NAS,216.8,218.04,211.05,212.17,8722097.0
20250328,SOXX,반도체ETF,NAS,193.29,194.24,187.44,188.68,4122301.0
20250328,TSM,TSMC ADR,NYS,168.04,168.63,164.06,165.25,16331998.0
20250331,AVGO,브로드컴,NAS,164.485,167.94,160.62,167.43,35656449.0
20250331,MU,마이크론,NAS,86.0,87.09,84.1001,86.89,21089544.0
20250331,NVDA,엔비디아,NAS,105.13,110.955,103.65,108.38,299212653.0
20250331,QQQ,나스닥100,NAS,461.92,469.86,457.33,468.92,53000303.0
20250331,SMH,반도체ETF2,NAS,207.33,211.69,204.51,211.47,9477213.0
20250331,SOXX,반도체ETF,NAS,184.7,188.3,182.12,188.17,3843006.0
20250331,TSM,TSMC ADR,NYS,160.36,166.13,159.73,166.0,19408272.0
20250401,AVGO,브로드컴,NAS,166.37,168.71,163.42,168.52,20472443.0
20250401,MU,마이크론,NAS,88.525,88.89,86.245,88.71,15337056.0
20250401,NVDA,엔비디아,NAS,108.515,110.2,106.47,110.15,222614034.0
20250401,QQQ,나스닥100,NAS,467.3,473.63,464.42,472.7,41156226.0
20250401,SMH,반도체ETF2,NAS,210.96,212.54,207.26,212.49,6151300.0
20250401,SOXX,반도체ETF,NAS,187.45,188.34,183.8,188.27,3108828.0
20250401,TSM,TSMC ADR,NYS,166.39,168.87,165.06,168.64,9180009.0
20250402,AVGO,브로드컴,NAS,166.08,173.43,165.5,172.09,19523663.0
20250402,MU,마이크론,NAS,87.13,89.925,86.7,88.6,14520365.0
20250402,NVDA,엔비디아,NAS,107.29,111.98,106.79,110.42,220601243.0
20250402,QQQ,나스닥100,NAS,466.12,479.56,465.86,476.15,49894489.0
20250402,SMH,반도체ETF2,NAS,208.96,216.61,208.47,214.09,7096159.0
20250402,SOXX,반도체ETF,NAS,185.39,192.02,184.73,189.48,2784763.0
20250402,TSM,TSMC ADR,NYS,166.85,171.75,166.345,170.39,10072689.0
20250403,AVGO,브로드컴,NAS,160.54,163.425,153.7,154.01,44354859.0
20250403,MU,마이크론,NAS,82.915,83.3496,74.21,74.34,44839501.0
20250403,NVDA,엔비디아,NAS,103.51,105.63,101.6,101.8,338769412.0
20250403,QQQ,나스닥100,NAS,456.44,460.07,450.14,450.66,70456338.0
20250403,SMH,반도체ETF2,NAS,202.69,204.49,195.34,195.57,14298993.0
20250403,SOXX,반도체ETF,NAS,179.75,181.14,169.99,170.36,9982623.0
20250403,TSM,TSMC ADR,NYS,160.06,161.8,157.21,157.38,28370483.0
20250404,AVGO,브로드컴,NAS,148.17,152.8,139.1701,146.29,72302229.0
20250404,MU,마이크론,NAS,70.65,71.34,63.8603,64.72,50737722.0
20250404,NVDA,엔비디아,NAS,98.91,100.13,92.11,94.31,532273810.0
20250404,QQQ,나스닥100,NAS,438.14,440.37,422.67,422.67,117088441.0
20250404,SMH,반도체ETF2,NAS,188.7,190.29,178.231,180.8,22160097.0
20250404,SOXX,반도체ETF,NAS,163.92,165.765,154.61,157.63,13988416.0
20250404,TSM,TSMC ADR,NYS,150.89,151.31,144.84,146.8,36085144.0
20250407,AVGO,브로드컴,NAS,144.49,160.43,138.1,154.14,68503505.0
20250407,MU,마이크론,NAS,63.935,72.46,61.54,68.37,50181767.0
20250407,NVDA,엔비디아,NAS,87.46,101.75,86.62,97.64,611041347.0
20250407,QQQ,나스닥100,NAS,408.66,443.14,402.39,423.69,161556970.0
20250407,SMH,반도체ETF2,NAS,173.49,194.83,170.11,184.9,25600318.0
20250407,SOXX,반도체ETF,NAS,152.03,170.42,148.31,161.27,18686463.0
20250407,TSM,TSMC ADR,NYS,134.51,153.75,134.25,146.17,46388328.0
20250408,AVGO,브로드컴,NAS,167.62,169.78,153.09,156.03,58888228.0
20250408,MU,마이크론,NAS,71.6,72.97,63.52,65.54,40822110.0
20250408,NVDA,엔비디아,NAS,103.805,105.85,94.46,96.3,476243392.0
20250408,QQQ,나스닥100,NAS,438.16,443.1384,409.79,416.06,101248060.0
20250408,SMH,반도체ETF2,NAS,192.99,195.72,176.05,179.95,19097648.0
20250408,SOXX,반도체ETF,NAS,167.64,169.85,151.11,154.86,11023304.0
20250408,TSM,TSMC ADR,NYS,151.98,152.61,138.98,141.37,30479663.0
20250409,AVGO,브로드컴,NAS,160.5,187.33,157.51,185.15,72708307.0
20250409,MU,마이크론,NAS,66.2,78.56,63.7,77.87,63132622.0
20250409,NVDA,엔비디아,NAS,98.89,115.1,97.5301,114.33,612918336.0
20250409,QQQ,나스닥100,NAS,415.57,467.83,415.43,466.0,142876878.0
20250409,SMH,반도체ETF2,NAS,181.76,212.81,180.27,210.83,22178514.0
20250409,SOXX,반도체ETF,NAS,156.1,185.56,154.94,183.62,23539516.0
20250409,TSM,TSMC ADR,NYS,140.2,160.62,137.9,158.75,45612516.0
20250410,AVGO,브로드컴,NAS,175.3,176.95,166.4,172.3,51212217.0
20250410,MU,마이크론,NAS,72.5,73.05,67.5,70.05,44882314.0
20250410,NVDA,엔비디아,NAS,109.37,110.86,99.15,107.57,437812353.0
20250410,QQQ,나스닥100,NAS,453.56,455.59,432.63,446.18,108384092.0
20250410,SMH,반도체ETF2,NAS,201.38,202.5,189.04,196.21,18282536.0
20250410,SOXX,반도체ETF,NAS,174.56,175.65,162.39,168.61,14499042.0
20250410,TSM,TSMC ADR,NYS,155.5,156.0,146.91,151.13,24503452.0
20250411,AVGO,브로드컴,NAS,173.62,182.66,173.31,181.94,33964143.0
20250411,MU,마이크론,NAS,69.04,70.165,66.825,69.55,30807779.0
20250411,NVDA,엔비디아,NAS,108.5,111.5499,107.48,110.93,313417265.0
20250411,QQQ,나스닥100,NAS,444.65,455.79,441.33,454.4,52483779.0
20250411,SMH,반도체ETF2,NAS,195.7,201.94,193.7,201.31,10156256.0
20250411,SOXX,반도체ETF,NAS,166.975,173.11,164.42,172.26,9890868.0
20250411,TSM,TSMC ADR,NYS,156.0,158.01,153.25,157.08,19632205.0
20250414,AVGO,브로드컴,NAS,185.075,186.0,175.82,178.36,25748301.0
20250414,MU,마이크론,NAS,74.67,74.78,69.97,71.02,32634734.0
20250414,NVDA,엔비디아,NAS,114.11,114.29,109.07,110.71,264705049.0
20250414,QQQ,나스닥100,NAS,464.46,465.05,452.63,457.48,43941179.0
20250414,SMH,반도체ETF2,NAS,206.615,206.78,198.77,201.61,9843315.0
20250414,SOXX,반도체ETF,NAS,177.55,177.55,170.79,173.4,5657369.0
20250414,TSM,TSMC ADR,NYS,158.3,158.59,154.03,155.84,17509449.0
20250415,AVGO,브로드컴,NAS,179.725,182.2644,178.08,178.95,17242350.0
20250415,MU,마이크론,NAS,71.12,72.8,70.55,71.04,19132748.0
20250415,NVDA,엔비디아,NAS,110.97,113.615,110.5,112.2,228966900.0
20250415,QQQ,나스닥100,NAS,458.54,462.38,456.15,457.99,35404210.0
20250415,SMH,반도체ETF2,NAS,202.67,205.14,201.94,202.92,5097847.0
20250415,SOXX,반도체ETF,NAS,174.32,176.625,173.25,174.11,3201102.0
20250415,TSM,TSMC ADR,NYS,156.485,158.25,156.05,157.33,14306631.0
20250416,AVGO,브로드컴,NAS,170.43,176.08,166.92,174.61,34638639.0
20250416,MU,마이크론,NAS,67.925,70.4505,67.17,69.33,28475005.0
20250416,NVDA,엔비디아,NAS,104.55,106.79,100.45,104.49,397016870.0
20250416,QQQ,나스닥100,NAS,449.03,452.62,437.76,444.18,48980552.0
20250416,SMH,반도체ETF2,NAS,193.16,196.76,188.53,194.35,13067200.0
20250416,SOXX,반도체ETF,NAS,166.33,169.58,161.83,167.39,10204993.0
20250416,TSM,TSMC ADR,NYS,150.6,153.54,148.49,151.67,23806098.0
20250417,AVGO,브로드컴,NAS,176.25,176.25,169.9156,170.99,22501785.0
20250417,MU,마이크론,NAS,70.435,70.48,67.0,68.8,20694057.0
20250417,NVDA,엔비디아,NAS,104.45,104.47,100.05,101.49,292517465.0
20250417,QQQ,나스닥100,NAS,447.17,447.75,441.36,444.1,44837047.0
20250417,SMH,반도체ETF2,NAS,195.82,196.0,191.0,192.53,7067351.0
20250417,SOXX,반도체ETF,NAS,168.57,168.75,164.81,166.55,4920975.0
20250417,TSM,TSMC ADR,NYS,156.05,157.5,151.4469,151.74,27239900.0
20250421,AVGO,브로드컴,NAS,166.99,168.0,161.61,166.21,23469794.0
20250421,MU,마이크론,NAS,67.76,68.0,65.645,66.74,19826149.0
20250421,NVDA,엔비디아,NAS,98.77,99.44,95.04,96.91,288501136.0
20250421,QQQ,나스닥100,NAS,438.23,439.08,427.93,433.11,44149313.0
20250421,SMH,반도체ETF2,NAS,188.898,189.3884,184.4,187.83,9572732.0
20250421,SOXX,반도체ETF,NAS,163.14,163.9,160.26,163.64,4769663.0
20250421,TSM,TSMC ADR,NYS,149.99,150.28,145.84,147.86,15170478.0
20250422,AVGO,브로드컴,NAS,167.43,170.52,165.2229,169.58,18504860.0
20250422,MU,마이크론,NAS,67.54,70.4,67.44,70.21,20351236.0
20250422,NVDA,엔비디아,NAS,98.78,99.811,97.28,98.89,241004784.0
20250422,QQQ,나스닥100,NAS,438.82,447.58,437.62,444.48,52304388.0
20250422,SMH,반도체ETF2,NAS,190.35,193.3,188.96,191.9,7242693.0
20250422,SOXX,반도체ETF,NAS,165.23,168.02,164.62,166.82,4995995.0
20250422,TSM,TSMC ADR,NYS,148.0,152.5996,147.4401,151.4,12668584.0
20250423,AVGO,브로드컴,NAS,177.78,180.45,175.82,176.91,24380470.0
20250423,MU,마이크론,NAS,73.695,75.4,72.5,72.93,26385505.0
20250423,NVDA,엔비디아,NAS,104.52,104.8,102.02,102.71,247525971.0
20250423,QQQ,나스닥100,NAS,458.17,463.38,452.88,454.56,55801136.0
20250423,SMH,반도체ETF2,NAS,201.58,203.08,198.075,198.91,11495848.0
20250423,SOXX,반도체ETF,NAS,175.25,177.14,172.35,173.07,7323834.0
20250423,TSM,TSMC ADR,NYS,159.37,160.38,156.0,157.81,17667929.0
20250424,AVGO,브로드컴,NAS,179.69,188.57,178.295,188.15,27576900.0
20250424,MU,마이크론,NAS,74.57,77.59,73.6,77.42,23875592.0
20250424,NVDA,엔비디아,NAS,103.475,106.54,103.11,106.43,220815041.0
20250424,QQQ,나스닥100,NAS,456.48,467.66,455.83,467.35,45956136.0
20250424,SMH,반도체ETF2,NAS,203.22,209.28,202.1845,208.97,9696207.0
20250424,SOXX,반도체ETF,NAS,177.8,183.56,176.54,183.03,6873428.0
20250424,TSM,TSMC ADR,NYS,157.78,164.55,157.39,164.18,18761145.0
20250425,AVGO,브로드컴,NAS,186.92,193.37,186.89,192.31,21242342.0
20250425,MU,마이크론,NAS,77.55,80.3,76.9,79.78,19746209.0
20250425,NVDA,엔비디아,NAS,106.85,111.92,105.73,111.01,251064672.0
20250425,QQQ,나스닥100,NAS,466.97,473.09,465.39,472.56,38697063.0
20250425,SMH,반도체ETF2,NAS,207.18,213.29,206.5,211.97,7487437.0
20250425,SOXX,반도체ETF,NAS,181.2,186.12,180.66,184.81,4224852.0
20250425,TSM,TSMC ADR,NYS,163.93,165.91,161.16,165.1,14654790.0
20250428,AVGO,브로드컴,NAS,190.53,193.1,187.68,192.47,16385846.0
20250428,MU,마이크론,NAS,78.765,79.61,76.92,78.56,16882413.0
20250428,NVDA,엔비디아,NAS,109.69,110.3699,106.02,108.73,207708479.0
20250428,QQQ,나스닥100,NAS,473.03,474.808,466.03,472.41,33550778.0
20250428,SMH,반도체ETF2,NAS,210.89,212.207,206.4,210.65,5804925.0
20250428,SOXX,반도체ETF,NAS,183.89,185.76,180.44,184.48,2875390.0
20250428,TSM,TSMC ADR,NYS,165.0,165.32,160.5,163.4,11415622.0
20250429,AVGO,브로드컴,NAS,191.72,193.25,190.1,191.17,14630015.0
20250429,MU,마이크론,NAS,77.94,78.19,76.475,76.88,17098049.0
20250429,NVDA,엔비디아,NAS,107.67,110.1999,107.44,109.02,170444263.0
20250429,QQQ,나스닥100,NAS,470.17,476.4243,469.59,475.53,30613120.0
20250429,SMH,반도체ETF2,NAS,209.33,212.25,208.52,210.29,4506180.0
20250429,SOXX,반도체ETF,NAS,182.24,184.54,181.2516,182.51,3526968.0
20250429,TSM,TSMC ADR,NYS,164.38,166.0,163.5,164.48,9830097.0
20250430,AVGO,브로드컴,NAS,185.895,193.2,184.02,192.47,22768862.0
20250430,MU,마이크론,NAS,73.62,77.145,73.5,76.95,19779295.0
20250430,NVDA,엔비디아,NAS,104.47,108.92,104.08,108.92,235044611.0
20250430,QQQ,나스닥100,NAS,467.13,477.2,462.43,475.47,46810610.0
20250430,SMH,반도체ETF2,NAS,205.02,211.74,203.89,211.28,5974393.0
20250430,SOXX,반도체ETF,NAS,178.0,184.38,176.7686,183.84,3580528.0
20250430,TSM,TSMC ADR,NYS,163.54,166.92,161.75,166.69,10073011.0
20250501,AVGO,브로드컴,NAS,198.14,201.4,196.235,197.33,24939695.0
20250501,MU,마이크론,NAS,79.4,79.89,77.64,77.77,15349220.0
20250501,NVDA,엔비디아,NAS,113.08,114.94,111.3,111.61,236121507.0
20250501,QQQ,나스닥100,NAS,483.41,487.18,480.74,481.68,43316539.0
20250501,SMH,반도체ETF2,NAS,214.93,216.5259,212.11,212.3,6878154.0
20250501,SOXX,반도체ETF,NAS,186.0,187.35,183.47,183.59,3997602.0
20250501,TSM,TSMC ADR,NYS,172.8,174.78,170.95,172.72,22670639.0
20250502,AVGO,브로드컴,NAS,203.9,205.68,201.08,203.64,17766751.0
20250502,MU,마이크론,NAS,79.585,81.67,79.1,80.72,18899715.0
20250502,NVDA,엔비디아,NAS,114.18,115.4,113.37,114.5,190194778.0
20250502,QQQ,나스닥100,NAS,486.54,490.91,484.83,488.83,39218082.0
20250502,SMH,반도체ETF2,NAS,217.99,220.92,217.235,219.03,6522174.0
20250502,SOXX,반도체ETF,NAS,187.95,191.87,187.83,190.03,4581424.0
20250502,TSM,TSMC ADR,NYS,179.795,180.65,177.14,179.28,21691162.0
20250505,AVGO,브로드컴,NAS,200.25,203.2347,200.0,200.72,14025425.0
20250505,MU,마이크론,NAS,79.41,81.15,79.05,80.42,12513586.0
20250505,NVDA,엔비디아,NAS,112.905,114.665,112.66,113.82,133163241.0
20250505,QQQ,나스닥100,NAS,484.6,489.03,484.1,485.93,28309490.0
20250505,SMH,반도체ETF2,NAS,217.03,219.6,216.9,217.61,4536036.0
20250505,SOXX,반도체ETF,NAS,188.19,190.46,187.925,188.57,3323225.0
20250505,TSM,TSMC ADR,NYS,179.0,180.08,176.25,176.4,14618920.0
20250506,AVGO,브로드컴,NAS,196.44,201.91,195.94,200.09,16348806.0
20250506,MU,마이크론,NAS,79.04,81.215,78.54,80.51,13173791.0
20250506,NVDA,엔비디아,NAS,111.48,114.74,110.822,113.54,158525621.0
20250506,QQQ,나스닥100,NAS,479.56,485.05,478.19,481.41,32786310.0
20250506,SMH,반도체ETF2,NAS,213.65,217.44,212.8352,215.59,5019386.0
20250506,SOXX,반도체ETF,NAS,185.26,188.25,184.268,186.77,2844559.0
20250506,TSM,TSMC ADR,NYS,172.6,174.74,170.5884,172.28,14565567.0
20250507,AVGO,브로드컴,NAS,199.285,206.23,198.43,204.81,20277825.0
20250507,MU,마이크론,NAS,80.99,82.87,80.2,82.62,14919560.0
20250507,NVDA,엔비디아,NAS,113.045,117.68,112.2818,117.06,207827821.0
20250507,QQQ,나스닥100,NAS,482.08,485.8,476.782,483.3,38109864.0
20250507,SMH,반도체ETF2,NAS,215.72,220.92,214.19,220.02,9074353.0
20250507,SOXX,반도체ETF,NAS,186.58,190.58,184.81,190.04,3002722.0
20250507,TSM,TSMC ADR,NYS,174.1,175.98,171.37,174.54,9703998.0
20250508,AVGO,브로드컴,NAS,208.0,211.1625,203.69,207.77,18460929.0
20250508,MU,마이크론,NAS,84.25,86.21,83.36,85.15,17580500.0
20250508,NVDA,엔비디아,NAS,118.25,118.68,115.85,117.37,198428122.0
20250508,QQQ,나스닥100,NAS,488.53,492.7,484.17,488.29,39577592.0
20250508,SMH,반도체ETF2,NAS,222.845,224.84,220.1,221.95,5919181.0
20250508,SOXX,반도체ETF,NAS,192.51,195.035,190.47,191.74,3457666.0
20250508,TSM,TSMC ADR,NYS,175.34,177.45,173.66,175.22,10342957.0
20250509,AVGO,브로드컴,NAS,209.33,209.96,206.52,208.2,13289174.0
20250509,MU,마이크론,NAS,85.57,86.27,84.68,85.86,13017572.0
20250509,NVDA,엔비디아,NAS,117.35,118.23,115.21,116.65,132972189.0
20250509,QQQ,나스닥100,NAS,490.21,491.54,486.195,487.97,27767416.0
20250509,SMH,반도체ETF2,NAS,224.525,225.3625,221.99,223.4,3495475.0
20250509,SOXX,반도체ETF,NAS,194.475,195.63,192.28,193.94,2808480.0
20250509,TSM,TSMC ADR,NYS,179.8,180.46,176.47,176.52,11582754.0
20250512,AVGO,브로드컴,NAS,219.49,221.8,215.88,221.58,25437672.0
20250512,MU,마이크론,NAS,92.81,94.2,91.95,92.29,27765334.0
20250512,NVDA,엔비디아,NAS,121.97,123.0,120.28,123.0,225023345.0
20250512,QQQ,나스닥100,NAS,506.99,507.89,501.48,507.85,45090616.0
20250512,SMH,반도체ETF2,NAS,236.72,238.67,234.05,237.41,9246912.0
20250512,SOXX,반도체ETF,NAS,206.8,209.39,204.99,207.87,10675629.0
20250512,TSM,TSMC ADR,NYS,187.28,189.17,184.61,186.98,22064866.0
20250513,AVGO,브로드컴,NAS,222.0,235.28,222.0,232.42,28790536.0
20250513,MU,마이크론,NAS,92.545,97.41,92.545,96.93,28009085.0
20250513,NVDA,엔비디아,NAS,124.98,131.2189,124.47,129.93,330430105.0
20250513,QQQ,나스닥100,NAS,509.16,517.39,508.42,515.59,53269573.0
20250513,SMH,반도체ETF2,NAS,239.05,246.69,238.6,245.56,8665579.0
20250513,SOXX,반도체ETF,NAS,208.7,214.82,208.41,213.76,5693582.0
20250513,TSM,TSMC ADR,NYS,187.72,194.28,187.72,193.99,19996036.0
20250514,AVGO,브로드컴,NAS,230.23,233.5,228.35,232.12,19751445.0
20250514,MU,마이크론,NAS,96.3,97.65,94.32,95.32,28044449.0
20250514,NVDA,엔비디아,NAS,133.195,135.435,131.68,135.34,281180830.0
20250514,QQQ,나스닥100,NAS,516.77,519.2279,515.75,518.68,47014516.0
20250514,SMH,반도체ETF2,NAS,247.65,249.44,245.6,247.99,7439569.0
20250514,SOXX,반도체ETF,NAS,215.21,216.7,213.21,214.79,4162837.0
20250514,TSM,TSMC ADR,NYS,195.28,196.22,193.23,194.76,12358953.0
20250515,AVGO,브로드컴,NAS,230.16,234.455,228.07,232.64,18803678.0
20250515,MU,마이크론,NAS,94.01,95.61,92.17,95.45,24196105.0
20250515,NVDA,엔비디아,NAS,134.295,136.3,132.66,134.83,226632563.0
20250515,QQQ,나스닥100,NAS,516.52,521.93,515.17,519.25,50153275.0
20250515,SMH,반도체ETF2,NAS,245.75,249.0,244.075,247.13,6446329.0
20250515,SOXX,반도체ETF,NAS,212.69,215.0,210.91,213.41,4216879.0
20250515,TSM,TSMC ADR,NYS,193.1,194.49,191.63,194.22,10241765.0
20250516,AVGO,브로드컴,NAS,232.32,232.64,226.39,228.61,23094606.0
20250516,MU,마이크론,NAS,95.9,98.19,95.7,98.0,22609277.0
20250516,NVDA,엔비디아,NAS,136.22,136.35,133.46,135.4,226542451.0
20250516,QQQ,나스닥100,NAS,520.66,521.7,517.1,521.51,48394603.0
20250516,SMH,반도체ETF2,NAS,247.54,247.61,244.12,246.42,3800074.0
20250516,SOXX,반도체ETF,NAS,213.56,213.56,210.68,213.13,2521507.0
20250516,TSM,TSMC ADR,NYS,194.53,195.08,192.57,194.22,9146662.0
20250519,AVGO,브로드컴,NAS,221.85,231.2499,221.6,230.63,15355450.0
20250519,MU,마이크론,NAS,95.71,99.02,95.7,98.65,14380066.0
20250519,NVDA,엔비디아,NAS,132.39,135.87,132.39,135.57,193154571.0
20250519,QQQ,나스닥100,NAS,514.24,522.53,514.24,522.01,52536154.0
20250519,SMH,반도체ETF2,NAS,241.4,246.5,241.29,246.01,4196067.0
20250519,SOXX,반도체ETF,NAS,208.22,212.39,208.17,211.85,5334720.0
20250519,TSM,TSMC ADR,NYS,189.0,193.5,188.8107,193.5,10144438.0
20250520,AVGO,브로드컴,NAS,226.49,231.77,226.34,231.68,11787156.0
20250520,MU,마이크론,NAS,97.92,98.63,96.97,98.1,12331253.0
20250520,NVDA,엔비디아,NAS,134.29,134.58,132.62,134.38,161514247.0
20250520,QQQ,나스닥100,NAS,519.47,520.93,516.66,520.27,42517561.0
20250520,SMH,반도체ETF2,NAS,243.87,245.61,242.88,245.54,3115165.0
20250520,SOXX,반도체ETF,NAS,210.04,211.62,209.41,211.54,2968043.0
20250520,TSM,TSMC ADR,NYS,191.8,193.73,190.81,193.45,7054072.0
20250521,AVGO,브로드컴,NAS,228.39,236.5,227.8301,229.73,17642941.0
20250521,MU,마이크론,NAS,97.16,98.82,95.26,95.84,15764282.0
20250521,NVDA,엔비디아,NAS,133.06,137.4,130.59,131.8,270608738.0
20250521,QQQ,나스닥100,NAS,516.27,523.0,511.24,513.04,71292831.0
20250521,SMH,반도체ETF2,NAS,243.33,248.58,240.02,241.47,6392549.0
20250521,SOXX,반도체ETF,NAS,209.75,213.9,206.35,207.67,5007748.0
20250521,TSM,TSMC ADR,NYS,193.1,195.27,190.53,191.76,7375650.0
20250522,AVGO,브로드컴,NAS,228.34,233.6899,227.43,230.53,14340230.0
20250522,MU,마이크론,NAS,95.41,97.22,94.37,94.83,13245249.0
20250522,NVDA,엔비디아,NAS,132.23,134.25,131.55,132.83,187343954.0
20250522,QQQ,나스닥100,NAS,513.66,517.71,512.3,514.0,55607169.0
20250522,SMH,반도체ETF2,NAS,241.03,243.61,240.32,240.81,5185483.0
20250522,SOXX,반도체ETF,NAS,207.525,209.47,205.58,205.75,5397309.0
20250522,TSM,TSMC ADR,NYS,191.34,196.83,191.335,196.19,11824973.0
20250523,AVGO,브로드컴,NAS,226.94,230.65,226.18,228.72,15385632.0
20250523,MU,마이크론,NAS,92.26,93.84,90.93,93.37,16544976.0
20250523,NVDA,엔비디아,NAS,130.0,132.68,129.16,131.29,198821324.0
20250523,QQQ,나스닥100,NAS,506.18,511.84,505.58,509.24,58368075.0
20250523,SMH,반도체ETF2,NAS,235.231,238.86,234.585,237.44,6577211.0
20250523,SOXX,반도체ETF,NAS,200.47,203.66,199.93,202.56,9527915.0
20250523,TSM,TSMC ADR,NYS,192.02,192.8,190.03,191.98,9403136.0
20250527,AVGO,브로드컴,NAS,232.865,236.48,231.1308,235.65,17941668.0
20250527,MU,마이크론,NAS,95.18,96.7,94.19,96.38,17612618.0
20250527,NVDA,엔비디아,NAS,134.15,135.66,133.31,135.5,192953613.0
20250527,QQQ,나스닥100,NAS,516.15,521.71,514.59,521.22,47226323.0
20250527,SMH,반도체ETF2,NAS,242.49,245.69,240.6594,244.97,8858899.0
20250527,SOXX,반도체ETF,NAS,206.96,210.23,205.27,209.29,6057596.0
20250527,TSM,TSMC ADR,NYS,194.095,198.31,193.7,197.68,12228212.0
20250528,AVGO,브로드컴,NAS,237.15,240.99,234.425,239.43,20443004.0
20250528,MU,마이크론,NAS,96.7,97.21,95.6,96.18,10500295.0
20250528,NVDA,엔비디아,NAS,136.025,137.25,134.79,134.81,304021146.0
20250528,QQQ,나스닥100,NAS,522.18,523.68,518.39,518.91,46637175.0
20250528,SMH,반도체ETF2,NAS,245.29,246.21,241.905,242.36,10739453.0
20250528,SOXX,반도체ETF,NAS,209.84,210.46,207.75,208.24,6769206.0
20250528,TSM,TSMC ADR,NYS,196.09,198.065,195.48,196.14,17787617.0
20250529,AVGO,브로드컴,NAS,245.905,246.07,237.4,241.97,20768031.0
20250529,MU,마이크론,NAS,98.59,99.63,96.11,96.8,14640052.0
20250529,NVDA,엔비디아,NAS,142.245,143.49,137.91,139.19,370615167.0
20250529,QQQ,나스닥100,NAS,526.33,526.48,517.32,519.93,58724069.0
20250529,SMH,반도체ETF2,NAS,249.0,249.21,242.7001,244.08,9135620.0
20250529,SOXX,반도체ETF,NAS,213.025,213.17,207.75,209.09,8602757.0
20250529,TSM,TSMC ADR,NYS,199.46,199.8,196.08,197.15,14624606.0
20250530,AVGO,브로드컴,NAS,241.215,243.17,234.9,242.07,27088559.0
20250530,MU,마이크론,NAS,96.04,96.6099,92.22,94.46,23758198.0
20250530,NVDA,엔비디아,NAS,138.715,139.62,132.92,135.13,333170851.0
20250530,QQQ,나스닥100,NAS,519.44,520.68,511.93,519.11,67662836.0
20250530,SMH,반도체ETF2,NAS,243.23,243.23,235.37,239.75,11064652.0
20250530,SOXX,반도체ETF,NAS,207.815,207.87,201.115,204.94,10781006.0
20250530,TSM,TSMC ADR,NYS,195.77,195.91,190.56,193.32,11998300.0
20250602,AVGO,브로드컴,NAS,243.25,250.0,243.19,248.71,19197009.0
20250602,MU,마이크론,NAS,94.58,99.24,94.4,98.18,16850336.0
20250602,NVDA,엔비디아,NAS,135.49,138.12,135.4,137.38,197663116.0
20250602,QQQ,나스닥100,NAS,517.24,523.45,515.97,523.21,44762817.0
20250602,SMH,반도체ETF2,NAS,239.175,244.03,238.96,243.3,4719859.0
20250602,SOXX,반도체ETF,NAS,204.42,208.83,204.29,208.03,6034911.0
20250602,TSM,TSMC ADR,NYS,193.035,195.16,192.195,194.84,7447367.0
20250603,AVGO,브로드컴,NAS,250.075,257.88,249.4,256.85,30380248.0
20250603,MU,마이크론,NAS,98.355,102.93,96.96,102.25,22757621.0
20250603,NVDA,엔비디아,NAS,138.78,142.0,137.95,141.22,225578783.0
20250603,QQQ,나스닥100,NAS,523.56,528.74,522.69,527.3,44070330.0
20250603,SMH,반도체ETF2,NAS,243.48,249.17,242.35,248.79,7518683.0
20250603,SOXX,반도체ETF,NAS,208.145,214.14,206.71,213.62,8905096.0
20250603,TSM,TSMC ADR,NYS,194.345,198.1685,193.64,197.61,9548320.0
20250604,AVGO,브로드컴,NAS,258.06,265.43,257.59,261.08,31536047.0
20250604,MU,마이크론,NAS,102.38,103.91,101.7,103.25,14595879.0
20250604,NVDA,엔비디아,NAS,142.19,142.39,139.545,141.92,167120819.0
20250604,QQQ,나스닥100,NAS,528.01,529.84,525.9694,528.77,41359322.0
20250604,SMH,반도체ETF2,NAS,250.57,252.61,248.36,251.75,7258713.0
20250604,SOXX,반도체ETF,NAS,215.39,217.62,213.54,216.8,7339525.0
20250604,TSM,TSMC ADR,NYS,201.38,204.03,200.38,202.4,13531121.0
20250605,AVGO,브로드컴,NAS,262.95,264.89,259.06,259.93,42334079.0
20250605,MU,마이크론,NAS,106.3,109.03,105.53,106.29,28863453.0
20250605,NVDA,엔비디아,NAS,142.17,144.0,138.83,139.99,232410759.0
20250605,QQQ,나스닥100,NAS,530.18,533.05,522.66,524.79,61286623.0
20250605,SMH,반도체ETF2,NAS,253.74,256.06,249.76,251.3,8057739.0
20250605,SOXX,반도체ETF,NAS,218.47,220.28,214.41,215.89,10944227.0
20250605,TSM,TSMC ADR,NYS,204.88,205.76,202.28,203.34,12242180.0
20250606,AVGO,브로드컴,NAS,251.14,255.32,246.1348,246.93,41146653.0
20250606,MU,마이크론,NAS,108.08,111.05,108.0401,108.56,20710120.0
20250606,NVDA,엔비디아,NAS,142.51,143.27,141.51,141.72,153986153.0
20250606,QQQ,나스닥100,NAS,530.0,531.8,528.21,529.92,42467021.0
20250606,SMH,반도체ETF2,NAS,253.535,255.59,252.64,252.73,5589747.0
20250606,SOXX,반도체ETF,NAS,218.0,220.23,217.21,217.34,7582517.0
20250606,TSM,TSMC ADR,NYS,203.58,206.29,203.23,205.18,8531979.0
20250609,AVGO,브로드컴,NAS,245.045,248.17,241.11,244.28,25334081.0
20250609,MU,마이크론,NAS,109.51,112.53,108.58,110.95,20159672.0
20250609,NVDA,엔비디아,NAS,143.19,145.0,141.94,142.63,185114494.0
20250609,QQQ,나스닥100,NAS,530.14,532.35,529.01,530.7,33688671.0
20250609,SMH,반도체ETF2,NAS,255.0,259.87,255.0,256.96,10841427.0
20250609,SOXX,반도체ETF,NAS,219.325,224.41,219.13,222.46,7712015.0
20250609,TSM,TSMC ADR,NYS,206.4,209.27,205.87,207.0,11472258.0
20250610,AVGO,브로드컴,NAS,244.215,246.2795,241.4,244.63,25491286.0
20250610,MU,마이크론,NAS,111.53,114.9231,111.23,114.14,22949441.0
20250610,NVDA,엔비디아,NAS,142.69,144.29,141.525,143.96,155881897.0
20250610,QQQ,나스닥100,NAS,531.17,534.9,528.89,534.21,40664795.0
20250610,SMH,반도체ETF2,NAS,258.36,262.68,257.46,262.07,9762982.0
20250610,SOXX,반도체ETF,NAS,223.54,228.08,222.99,227.32,7676150.0
20250610,TSM,TSMC ADR,NYS,211.605,213.23,209.96,212.46,14513988.0
20250611,AVGO,브로드컴,NAS,246.355,254.77,243.8,252.91,24598987.0
20250611,MU,마이크론,NAS,115.6,117.26,114.73,116.03,21614059.0
20250611,NVDA,엔비디아,NAS,144.61,144.99,141.87,142.83,167694044.0
20250611,QQQ,나스닥100,NAS,535.62,536.78,530.11,532.41,53701033.0
20250611,SMH,반도체ETF2,NAS,263.6,264.91,259.69,261.88,12285963.0
20250611,SOXX,반도체ETF,NAS,228.9,229.8,224.27,226.56,10405605.0
20250611,TSM,TSMC ADR,NYS,215.0,217.43,212.95,214.1,13326440.0
20250612,AVGO,브로드컴,NAS,250.185,257.89,249.5,256.07,20410901.0
20250612,MU,마이크론,NAS,114.105,116.48,113.52,116.18,17076501.0
20250612,NVDA,엔비디아,NAS,141.97,145.0,141.85,145.0,162364991.0
20250612,QQQ,나스닥100,NAS,531.09,534.6438,530.84,533.66,34104887.0
20250612,SMH,반도체ETF2,NAS,260.06,264.0,260.06,263.15,6781903.0
20250612,SOXX,반도체ETF,NAS,224.94,228.0,224.6,226.87,5149168.0
20250612,TSM,TSMC ADR,NYS,212.92,215.88,211.91,215.43,9796134.0
20250613,AVGO,브로드컴,NAS,250.66,254.0,248.35,248.7,19028440.0
20250613,MU,마이크론,NAS,113.8,117.1,113.66,115.6,17453016.0
20250613,NVDA,엔비디아,NAS,142.48,143.58,140.855,141.97,180820565.0
20250613,QQQ,나스닥100,NAS,527.68,531.87,525.73,526.96,55814443.0
20250613,SMH,반도체ETF2,NAS,257.55,260.6,256.05,256.99,11950239.0
20250613,SOXX,반도체ETF,NAS,221.99,224.58,220.3,220.96,10484576.0
20250613,TSM,TSMC ADR,NYS,210.11,213.26,209.4,211.1,10152533.0
20250616,AVGO,브로드컴,NAS,250.35,255.19,249.565,252.1,20363010.0
20250616,MU,마이크론,NAS,117.81,120.9607,117.32,119.84,21374055.0
20250616,NVDA,엔비디아,NAS,143.345,146.175,143.2001,144.69,183133666.0
20250616,QQQ,나스닥100,NAS,530.5,535.37,530.45,534.29,37622051.0
20250616,SMH,반도체ETF2,NAS,259.965,265.05,259.78,263.38,7497747.0
20250616,SOXX,반도체ETF,NAS,223.585,228.58,223.24,227.44,5772471.0
20250616,TSM,TSMC ADR,NYS,213.0,217.6,212.73,215.68,10932869.0
20250617,AVGO,브로드컴,NAS,250.95,253.96,247.92,249.37,22014312.0
20250617,MU,마이크론,NAS,119.6,123.51,119.35,120.34,20837736.0
20250617,NVDA,엔비디아,NAS,144.49,145.22,143.78,144.12,139108000.0
20250617,QQQ,나스닥100,NAS,531.71,533.325,527.91,529.08,42180866.0
20250617,SMH,반도체ETF2,NAS,262.44,265.53,261.36,261.59,7284711.0
20250617,SOXX,반도체ETF,NAS,226.45,229.64,225.48,225.64,7290018.0
20250617,TSM,TSMC ADR,NYS,213.89,215.94,213.5,213.9,8389651.0
20250618,AVGO,브로드컴,NAS,250.89,255.64,249.41,251.26,30435494.0
20250618,MU,마이크론,NAS,120.46,122.98,120.18,121.82,20180011.0
20250618,NVDA,엔비디아,NAS,144.005,145.65,143.12,145.48,161494121.0
20250618,QQQ,나스닥100,NAS,530.1,532.55,527.4,528.99,43983522.0
20250618,SMH,반도체ETF2,NAS,262.78,264.9114,260.99,262.59,7367364.0
20250618,SOXX,반도체ETF,NAS,226.85,229.19,225.1,226.56,6657644.0
20250618,TSM,TSMC ADR,NYS,214.695,215.1651,212.89,213.5,6931992.0
20250620,AVGO,브로드컴,NAS,253.21,253.52,244.17,249.99,42134900.0
20250620,MU,마이크론,NAS,122.77,124.16,120.38,123.6,29290388.0
20250620,NVDA,엔비디아,NAS,145.45,146.2,142.65,143.85,242956157.0
20250620,QQQ,나스닥100,NAS,532.26,533.56,524.88,526.83,61643519.0
20250620,SMH,반도체ETF2,NAS,264.85,265.025,257.22,260.27,11439904.0
20250620,SOXX,반도체ETF,NAS,228.79,229.08,222.16,225.11,8202267.0
20250620,TSM,TSMC ADR,NYS,215.2,215.4978,208.15,209.51,16992048.0
20250623,AVGO,브로드컴,NAS,249.105,254.21,246.46,253.77,19747034.0
20250623,MU,마이크론,NAS,123.67,124.5091,119.81,122.08,23399222.0
20250623,NVDA,엔비디아,NAS,142.5,144.78,142.03,144.17,154308941.0
20250623,QQQ,나스닥100,NAS,526.81,532.17,523.65,531.65,50666146.0
20250623,SMH,반도체ETF2,NAS,259.85,262.66,257.12,261.92,10420123.0
20250623,SOXX,반도체ETF,NAS,225.015,227.89,221.86,226.51,7115093.0
20250623,TSM,TSMC ADR,NYS,206.63,210.59,206.2015,210.32,7535531.0
20250624,AVGO,브로드컴,NAS,258.77,265.87,258.77,263.77,32764864.0
20250624,MU,마이크론,NAS,125.11,128.1,124.96,127.91,26420607.0
20250624,NVDA,엔비디아,NAS,145.56,147.96,145.5,147.9,187566121.0
20250624,QQQ,나스닥100,NAS,536.89,540.7,536.27,539.78,45441982.0
20250624,SMH,반도체ETF2,NAS,265.93,271.62,265.74,271.54,9035532.0
20250624,SOXX,반도체ETF,NAS,230.57,235.36,230.46,235.1,7017460.0
20250624,TSM,TSMC ADR,NYS,214.39,220.365,213.88,220.09,14814705.0
20250625,AVGO,브로드컴,NAS,266.0,269.87,263.43,264.65,18894163.0
20250625,MU,마이크론,NAS,126.61,127.5,125.62,127.25,39406992.0
20250625,NVDA,엔비디아,NAS,149.27,154.45,149.26,154.31,269146471.0
20250625,QQQ,나스닥100,NAS,542.06,543.31,539.38,541.16,44804168.0
20250625,SMH,반도체ETF2,NAS,273.22,275.27,272.45,275.2,8480014.0
20250625,SOXX,반도체ETF,NAS,236.66,237.24,234.8,237.21,5252506.0
20250625,TSM,TSMC ADR,NYS,220.8,223.5,220.8,222.74,9168374.0
20250626,AVGO,브로드컴,NAS,265.075,271.67,264.125,270.17,23569585.0
20250626,MU,마이크론,NAS,129.53,129.85,123.79,126.0,62678063.0
20250626,NVDA,엔비디아,NAS,155.975,156.715,154.0,155.02,198145746.0
20250626,QQQ,나스닥100,NAS,543.35,546.67,541.52,546.22,43811432.0
20250626,SMH,반도체ETF2,NAS,277.08,277.95,274.95,277.2,6789034.0
20250626,SOXX,반도체ETF,NAS,239.035,239.65,237.18,239.07,4350082.0
20250626,TSM,TSMC ADR,NYS,224.98,225.22,222.6956,224.01,7982208.0
20250627,AVGO,브로드컴,NAS,270.3,271.85,266.88,269.35,27477575.0
20250627,MU,마이크론,NAS,125.14,127.54,123.39,124.76,36888608.0
20250627,NVDA,엔비디아,NAS,156.04,158.71,155.255,157.75,263234539.0
20250627,QQQ,나스닥100,NAS,547.26,549.99,544.545,548.09,57577147.0
20250627,SMH,반도체ETF2,NAS,278.18,280.5,275.6444,278.42,8170862.0
20250627,SOXX,반도체ETF,NAS,239.31,241.2338,236.37,238.86,4520463.0
20250627,TSM,TSMC ADR,NYS,224.3,228.88,224.03,228.57,13132971.0
20250630,AVGO,브로드컴,NAS,274.73,277.705,272.13,275.65,24708432.0
20250630,MU,마이크론,NAS,124.895,125.08,121.85,123.25,22799675.0
20250630,NVDA,엔비디아,NAS,158.4,158.66,155.96,157.99,194580316.0
20250630,QQQ,나스닥100,NAS,551.26,552.8,549.01,551.64,45548742.0
20250630,SMH,반도체ETF2,NAS,279.7,279.96,277.095,278.88,6375790.0
20250630,SOXX,반도체ETF,NAS,240.165,240.165,237.56,238.7,4925307.0
20250630,TSM,TSMC ADR,NYS,227.44,228.15,224.8,226.49,9279803.0
20250701,AVGO,브로드컴,NAS,274.4,274.5,262.6555,264.74,28847626.0
20250701,MU,마이크론,NAS,122.345,123.9899,119.08,120.89,24825833.0
20250701,NVDA,엔비디아,NAS,156.29,157.2,151.49,153.3,213143621.0
20250701,QQQ,나스닥100,NAS,549.73,550.71,544.66,546.99,56166736.0
20250701,SMH,반도체ETF2,NAS,276.8,278.055,272.16,275.84,8931315.0
20250701,SOXX,반도체ETF,NAS,236.7,239.18,234.08,237.62,10892948.0
20250701,TSM,TSMC ADR,NYS,227.425,228.6,221.18,224.68,9990210.0
20250702,AVGO,브로드컴,NAS,263.99,272.0,262.73,269.9,17582090.0
20250702,MU,마이크론,NAS,120.5,123.0,118.06,121.74,29303779.0
20250702,NVDA,엔비디아,NAS,152.98,157.6,152.97,157.25,171224111.0
20250702,QQQ,나스닥100,NAS,546.16,551.0,546.12,550.8,36538281.0
20250702,SMH,반도체ETF2,NAS,274.82,281.92,274.66,281.25,8713833.0
20250702,SOXX,반도체ETF,NAS,237.09,243.12,237.0,242.14,5978978.0
20250702,TSM,TSMC ADR,NYS,224.48,233.82,224.0,233.6,12012459.0
20250703,AVGO,브로드컴,NAS,270.73,275.8,270.12,275.18,10592655.0
20250703,MU,마이크론,NAS,122.325,123.63,121.83,122.29,13247931.0
20250703,NVDA,엔비디아,NAS,158.37,160.98,157.77,159.34,143716055.0
20250703,QQQ,나스닥100,NAS,553.18,557.2,553.18,556.22,26443524.0
20250703,SMH,반도체ETF2,NAS,282.82,285.19,282.31,283.62,4442978.0
20250703,SOXX,반도체ETF,NAS,243.15,244.198,242.7,243.34,3069405.0
20250703,TSM,TSMC ADR,NYS,233.87,237.58,233.27,234.8,7779584.0
20250707,AVGO,브로드컴,NAS,275.13,277.56,272.66,274.18,16760617.0
20250707,MU,마이크론,NAS,121.18,121.505,118.911,119.92,19148367.0
20250707,NVDA,엔비디아,NAS,158.2,159.31,157.342,158.24,140138975.0
20250707,QQQ,나스닥100,NAS,553.52,554.34,549.58,552.03,45349323.0
20250707,SMH,반도체ETF2,NAS,281.76,282.64,278.55,279.76,8616432.0
20250707,SOXX,반도체ETF,NAS,241.29,242.13,237.75,238.78,4859190.0
20250707,TSM,TSMC ADR,NYS,231.63,232.55,227.44,229.17,13817520.0
20250708,AVGO,브로드컴,NAS,276.345,276.345,271.1545,271.8,14869407.0
20250708,MU,마이크론,NAS,122.445,125.45,121.95,124.42,26238160.0
20250708,NVDA,엔비디아,NAS,159.33,160.22,158.39,160.0,138133025.0
20250708,QQQ,나스닥100,NAS,553.38,554.01,551.1,552.34,36153258.0
20250708,SMH,반도체ETF2,NAS,281.61,284.73,280.7,283.48,8186459.0
20250708,SOXX,반도체ETF,NAS,241.06,245.4,240.11,243.34,7276223.0
20250708,TSM,TSMC ADR,NYS,229.78,230.33,227.535,227.86,8854432.0
20250709,AVGO,브로드컴,NAS,272.96,279.45,272.72,277.9,20133002.0
20250709,MU,마이크론,NAS,124.815,126.15,121.28,122.24,20463955.0
20250709,NVDA,엔비디아,NAS,161.22,164.42,161.16,162.88,183656443.0
20250709,QQQ,나스닥100,NAS,554.48,557.63,553.1,556.25,43045534.0
20250709,SMH,반도체ETF2,NAS,284.73,287.84,283.57,285.42,6810712.0
20250709,SOXX,반도체ETF,NAS,244.01,246.53,241.88,244.12,4415318.0
20250709,TSM,TSMC ADR,NYS,230.45,233.27,230.24,231.84,9475340.0
20250710,AVGO,브로드컴,NAS,279.785,281.18,272.7,275.4,17891599.0
20250710,MU,마이크론,NAS,124.28,124.35,122.02,123.11,15378419.0
20250710,NVDA,엔비디아,NAS,164.32,164.5,161.61,164.1,167704075.0
20250710,QQQ,나스닥100,NAS,556.89,557.3,552.75,555.45,34710913.0
20250710,SMH,반도체ETF2,NAS,287.885,288.19,284.56,287.52,5636246.0
20250710,SOXX,반도체ETF,NAS,246.415,247.52,244.2701,246.55,4869235.0
20250710,TSM,TSMC ADR,NYS,232.78,233.05,227.77,229.76,13124703.0
20250711,AVGO,브로드컴,NAS,274.14,276.47,271.89,274.38,14274674.0
20250711,MU,마이크론,NAS,122.125,124.81,121.24,124.53,15820592.0
20250711,NVDA,엔비디아,NAS,163.715,167.89,163.47,164.92,193633263.0
20250711,QQQ,나스닥100,NAS,553.3,555.79,552.05,554.2,39618635.0
20250711,SMH,반도체ETF2,NAS,286.47,288.94,285.55,287.49,5676952.0
20250711,SOXX,반도체ETF,NAS,245.01,247.0695,244.055,246.17,2649556.0
20250711,TSM,TSMC ADR,NYS,231.0,232.27,229.4001,230.4,8817763.0
20250714,AVGO,브로드컴,NAS,274.13,278.355,269.58,275.6,11934236.0
20250714,MU,마이크론,NAS,120.38,120.44,117.02,118.61,32117724.0
20250714,NVDA,엔비디아,NAS,165.37,165.49,162.02,164.07,136975754.0
20250714,QQQ,나스닥100,NAS,553.99,556.945,551.63,556.21,36453314.0
20250714,SMH,반도체ETF2,NAS,286.3,286.52,281.74,285.32,7455764.0
20250714,SOXX,반도체ETF,NAS,244.15,244.735,240.35,243.83,5522611.0
20250714,TSM,TSMC ADR,NYS,229.33,229.85,226.31,228.67,10673518.0
20250715,AVGO,브로드컴,NAS,279.805,283.36,277.8501,280.94,17918352.0
20250715,MU,마이크론,NAS,120.94,121.39,119.122,120.11,24958888.0
20250715,NVDA,엔비디아,NAS,171.19,172.4,169.195,170.7,230627350.0
20250715,QQQ,나스닥100,NAS,560.25,560.8,556.66,556.72,43277661.0
20250715,SMH,반도체ETF2,NAS,291.67,293.2,290.08,290.8,9892534.0
20250715,SOXX,반도체ETF,NAS,248.79,249.96,246.1,246.26,6042060.0
20250715,TSM,TSMC ADR,NYS,234.46,237.71,233.85,236.95,14270133.0
20250716,AVGO,브로드컴,NAS,280.105,281.51,275.67,280.81,15031022.0
20250716,MU,마이크론,NAS,119.025,119.09,114.8103,116.43,30614775.0
20250716,NVDA,엔비디아,NAS,171.06,171.75,168.9,171.37,158831509.0
20250716,QQQ,나스닥100,NAS,557.28,560.21,551.56,557.29,52314711.0
20250716,SMH,반도체ETF2,NAS,288.5,289.57,283.13,289.28,10065893.0
20250716,SOXX,반도체ETF,NAS,244.28,245.67,239.215,245.59,8348922.0
20250716,TSM,TSMC ADR,NYS,236.395,238.31,234.15,237.56,15092753.0
20250717,AVGO,브로드컴,NAS,281.14,288.28,279.91,286.45,17231099.0
20250717,MU,마이크론,NAS,113.93,114.2,110.95,113.26,34702434.0
20250717,NVDA,엔비디아,NAS,172.02,174.16,170.83,173.0,160841119.0
20250717,QQQ,나스닥100,NAS,558.02,562.31,557.21,561.8,40423778.0
20250717,SMH,반도체ETF2,NAS,290.045,292.56,287.98,291.71,6998322.0
20250717,SOXX,반도체ETF,NAS,245.535,247.13,243.905,246.53,4801141.0
20250717,TSM,TSMC ADR,NYS,245.79,248.28,241.39,245.6,27395684.0
20250718,AVGO,브로드컴,NAS,287.11,287.53,281.0,283.34,15012409.0
20250718,MU,마이크론,NAS,114.24,114.8,113.28,114.39,19349851.0
20250718,NVDA,엔비디아,NAS,173.64,174.25,171.26,172.41,146456416.0
20250718,QQQ,나스닥100,NAS,563.12,564.7262,559.98,561.26,50484704.0
20250718,SMH,반도체ETF2,NAS,292.91,293.325,289.33,290.31,5522542.0
20250718,SOXX,반도체ETF,NAS,247.95,248.37,244.88,246.73,3758820.0
20250718,TSM,TSMC ADR,NYS,245.31,245.97,238.69,240.4,16252018.0
20250721,AVGO,브로드컴,NAS,283.955,290.54,283.63,288.21,17726804.0
20250721,MU,마이크론,NAS,113.585,115.92,112.67,113.23,22189833.0
20250721,NVDA,엔비디아,NAS,172.75,173.38,171.0,171.38,123126136.0
20250721,QQQ,나스닥100,NAS,562.09,566.06,562.06,564.17,39595214.0
20250721,SMH,반도체ETF2,NAS,290.67,293.53,290.4,290.51,5910943.0
20250721,SOXX,반도체ETF,NAS,247.355,250.19,246.95,246.95,4672569.0
20250721,TSM,TSMC ADR,NYS,240.12,242.34,238.75,238.85,11971805.0
20250722,AVGO,브로드컴,NAS,287.655,288.0,276.43,278.59,16564831.0
20250722,MU,마이크론,NAS,112.855,113.0,108.125,109.22,27917613.0
20250722,NVDA,엔비디아,NAS,171.34,171.39,164.58,167.03,193114327.0
20250722,QQQ,나스닥100,NAS,564.3,564.35,558.61,561.25,43270647.0
20250722,SMH,반도체ETF2,NAS,289.735,289.84,282.12,285.37,11537512.0
20250722,SOXX,반도체ETF,NAS,246.04,246.5,240.69,243.54,6870965.0
20250722,TSM,TSMC ADR,NYS,237.83,238.0,231.76,234.6,11919542.0
20250723,AVGO,브로드컴,NAS,276.78,284.0,273.0,283.69,20556237.0
20250723,MU,마이크론,NAS,109.44,110.289,108.876,109.83,17809995.0
20250723,NVDA,엔비디아,NAS,169.53,171.26,167.97,170.78,154082197.0
20250723,QQQ,나스닥100,NAS,562.34,563.85,559.58,563.81,40215259.0
20250723,SMH,반도체ETF2,NAS,285.3,286.67,282.99,286.61,8194570.0
20250723,SOXX,반도체ETF,NAS,241.715,242.4,239.06,242.06,5952646.0
20250723,TSM,TSMC ADR,NYS,238.52,240.48,236.38,240.33,9885441.0
20250724,AVGO,브로드컴,NAS,289.79,291.2,283.5,288.71,16413778.0
20250724,MU,마이크론,NAS,111.06,112.73,110.25,111.73,20293061.0
20250724,NVDA,엔비디아,NAS,172.44,173.83,171.3,173.74,128984628.0
20250724,QQQ,나스닥100,NAS,565.13,566.24,563.295,565.01,42275541.0
20250724,SMH,반도체ETF2,NAS,287.185,288.27,284.92,287.8,5902611.0
20250724,SOXX,반도체ETF,NAS,241.59,242.09,239.46,241.56,4166836.0
20250724,TSM,TSMC ADR,NYS,240.205,241.95,238.03,241.6,9081946.0
20250725,AVGO,브로드컴,NAS,288.07,292.5943,287.27,290.18,12476248.0
20250725,MU,마이크론,NAS,110.99,111.5,108.83,111.26,16372323.0
20250725,NVDA,엔비디아,NAS,173.61,174.72,172.96,173.5,122316792.0
20250725,QQQ,나스닥100,NAS,564.93,567.695,564.27,566.37,30630813.0
20250725,SMH,반도체ETF2,NAS,286.23,288.04,285.06,287.49,4014949.0
20250725,SOXX,반도체ETF,NAS,240.1,241.67,239.0963,241.54,3511499.0
20250725,TSM,TSMC ADR,NYS,241.32,246.24,240.94,245.6,11593366.0
20250728,AVGO,브로드컴,NAS,292.46,295.45,290.59,294.3,13683375.0
20250728,MU,마이크론,NAS,111.72,112.0,109.86,111.25,12932264.0
20250728,NVDA,엔비디아,NAS,174.02,177.0,173.97,176.75,140023521.0
20250728,QQQ,나스닥100,NAS,567.74,569.04,566.87,568.14,31498739.0
20250728,SMH,반도체ETF2,NAS,289.78,291.57,289.29,291.41,5671906.0
20250728,SOXX,반도체ETF,NAS,244.21,246.0,243.91,245.75,6432959.0
20250728,TSM,TSMC ADR,NYS,243.0,243.95,241.05,242.75,11892202.0
20250729,AVGO,브로드컴,NAS,297.5,302.19,294.87,297.42,19210780.0
20250729,MU,마이크론,NAS,112.045,113.54,110.67,111.96,16653250.0
20250729,NVDA,엔비디아,NAS,177.96,179.38,175.02,175.51,154077512.0
20250729,QQQ,나스닥100,NAS,570.76,572.11,566.53,567.26,45463317.0
20250729,SMH,반도체ETF2,NAS,293.56,296.7292,291.48,292.9,6968672.0
20250729,SOXX,반도체ETF,NAS,247.29,249.53,244.5,246.19,5299739.0
20250729,TSM,TSMC ADR,NYS,241.495,243.97,239.82,241.33,9411525.0
20250730,AVGO,브로드컴,NAS,297.15,303.255,295.8,302.62,16738929.0
20250730,MU,마이크론,NAS,112.6,114.89,112.41,114.74,16378824.0
20250730,NVDA,엔비디아,NAS,176.51,179.89,176.04,179.27,174312208.0
20250730,QQQ,나스닥100,NAS,568.18,570.62,565.05,568.02,43433777.0
20250730,SMH,반도체ETF2,NAS,294.76,297.38,293.59,296.26,7930267.0
20250730,SOXX,반도체ETF,NAS,248.36,249.5,245.87,247.95,5300502.0
20250730,TSM,TSMC ADR,NYS,242.12,244.57,241.22,242.91,6823770.0
20250731,AVGO,브로드컴,NAS,302.8,306.949,290.225,293.7,25488478.0
20250731,MU,마이크론,NAS,112.19,112.27,106.94,109.14,29224343.0
20250731,NVDA,엔비디아,NAS,182.9,183.3,175.93,177.87,221685446.0
20250731,QQQ,나스닥100,NAS,574.54,574.63,563.87,565.01,64613590.0
20250731,SMH,반도체ETF2,NAS,294.7,294.92,286.05,288.78,9928055.0
20250731,SOXX,반도체ETF,NAS,245.04,245.2946,237.66,240.03,9419309.0
20250731,TSM,TSMC ADR,NYS,245.98,247.41,239.8,241.62,13490682.0
20250801,AVGO,브로드컴,NAS,286.535,292.6365,281.61,288.64,21428128.0
20250801,MU,마이크론,NAS,105.49,106.5,103.38,104.88,24003253.0
20250801,NVDA,엔비디아,NAS,174.09,176.54,170.89,173.72,204528985.0
20250801,QQQ,나스닥100,NAS,558.83,559.02,551.68,553.88,69400789.0
20250801,SMH,반도체ETF2,NAS,282.91,286.9366,279.19,283.95,14032196.0
20250801,SOXX,반도체ETF,NAS,235.505,239.61,232.33,237.24,8549045.0
20250801,TSM,TSMC ADR,NYS,235.62,237.19,231.8401,235.21,13549793.0
20250804,AVGO,브로드컴,NAS,292.2,298.48,291.4,297.72,17164629.0
20250804,MU,마이크론,NAS,106.015,107.88,105.46,107.77,14780563.0
20250804,NVDA,엔비디아,NAS,175.16,180.2,174.52,180.0,148174609.0
20250804,QQQ,나스닥100,NAS,559.05,564.315,558.95,564.1,47669751.0
20250804,SMH,반도체ETF2,NAS,286.29,290.31,285.21,290.19,5323179.0
20250804,SOXX,반도체ETF,NAS,238.76,240.855,237.77,240.4,6189549.0
20250804,TSM,TSMC ADR,NYS,237.91,239.0,236.39,239.0,6450728.0
20250805,AVGO,브로드컴,NAS,297.81,301.2,291.45,292.93,18477469.0
20250805,MU,마이크론,NAS,109.3,110.635,106.83,109.06,17835962.0
20250805,NVDA,엔비디아,NAS,179.62,180.26,175.9,178.26,156407621.0
20250805,QQQ,나스닥100,NAS,565.39,566.5607,559.73,560.27,48666640.0
20250805,SMH,반도체ETF2,NAS,290.74,291.33,284.21,287.1,6918330.0
20250805,SOXX,반도체ETF,NAS,241.76,242.45,235.88,238.73,5149748.0
20250805,TSM,TSMC ADR,NYS,238.325,238.63,230.17,232.47,11868867.0
20250806,AVGO,브로드컴,NAS,292.9,302.81,291.9044,301.67,17392100.0
20250806,MU,마이크론,NAS,107.9,108.955,106.75,108.78,13021881.0
20250806,NVDA,엔비디아,NAS,176.325,179.9,176.25,179.42,137192265.0
20250806,QQQ,나스닥100,NAS,561.11,567.76,560.63,567.32,41823677.0
20250806,SMH,반도체ETF2,NAS,284.83,287.23,282.77,286.62,6124256.0
20250806,SOXX,반도체ETF,NAS,236.56,237.46,233.67,236.93,4966506.0
20250806,TSM,TSMC ADR,NYS,231.03,232.2,228.82,231.37,9457183.0
20250807,AVGO,브로드컴,NAS,306.17,310.34,299.8807,303.76,16319444.0
20250807,MU,마이크론,NAS,114.14,115.28,110.79,111.87,18986483.0
20250807,NVDA,엔비디아,NAS,181.57,183.88,178.795,180.77,151878365.0
20250807,QQQ,나스닥100,NAS,571.67,573.32,565.11,569.24,44462972.0
20250807,SMH,반도체ETF2,NAS,292.83,294.71,288.62,291.12,8069437.0
20250807,SOXX,반도체ETF,NAS,242.04,243.37,238.89,240.84,6073447.0
20250807,TSM,TSMC ADR,NYS,244.47,247.84,240.8,242.62,17691005.0
20250808,AVGO,브로드컴,NAS,304.05,307.87,302.5518,304.97,12458746.0
20250808,MU,마이크론,NAS,112.17,119.3299,111.67,118.89,28962204.0
20250808,NVDA,엔비디아,NAS,181.55,183.3,180.4,182.7,123396679.0
20250808,QQQ,나스닥100,NAS,570.45,574.77,570.15,574.55,35255472.0
20250808,SMH,반도체ETF2,NAS,291.93,293.92,290.65,293.53,5121579.0
20250808,SOXX,반도체ETF,NAS,241.005,243.18,240.29,242.87,5301269.0
20250808,TSM,TSMC ADR,NYS,243.16,243.16,238.97,241.83,10552538.0
20250811,AVGO,브로드컴,NAS,305.05,308.31,301.29,303.9,12396384.0
20250811,MU,마이크론,NAS,124.97,127.28,121.65,123.72,35065759.0
20250811,NVDA,엔비디아,NAS,182.05,183.84,180.25,182.06,138323191.0
20250811,QQQ,나스닥100,NAS,574.69,576.8,571.57,572.85,33112917.0
20250811,SMH,반도체ETF2,NAS,294.51,297.09,292.73,293.4,5799738.0
20250811,SOXX,반도체ETF,NAS,243.78,246.51,241.95,242.41,4127866.0
20250811,TSM,TSMC ADR,NYS,242.04,245.35,241.54,242.09,8272863.0
20250812,AVGO,브로드컴,NAS,306.63,313.44,304.665,312.83,17624009.0
20250812,MU,마이크론,NAS,124.7,128.55,123.0424,127.75,25990637.0
20250812,NVDA,엔비디아,NAS,182.96,184.48,179.46,183.16,145729202.0
20250812,QQQ,나스닥100,NAS,575.16,580.35,572.485,580.05,42271441.0
20250812,SMH,반도체ETF2,NAS,295.29,300.24,293.15,300.1,7598549.0
20250812,SOXX,반도체ETF,NAS,244.24,250.38,242.71,250.16,10096074.0
20250812,TSM,TSMC ADR,NYS,243.72,244.77,241.7,244.29,7301986.0
20250813,AVGO,브로드컴,NAS,316.75,317.35,304.75,309.09,17371167.0
20250813,MU,마이크론,NAS,127.58,128.6,123.35,124.27,18438169.0
20250813,NVDA,엔비디아,NAS,182.615,183.97,179.35,181.59,179871724.0
20250813,QQQ,나스닥100,NAS,582.76,583.3199,578.94,580.34,41209294.0
20250813,SMH,반도체ETF2,NAS,301.84,302.98,298.57,301.28,8959735.0
20250813,SOXX,반도체ETF,NAS,252.133,254.1,251.04,253.88,6022389.0
20250813,TSM,TSMC ADR,NYS,246.43,246.43,239.94,241.44,7971850.0
20250814,AVGO,브로드컴,NAS,307.01,314.1651,307.0001,311.23,15717631.0
20250814,MU,마이크론,NAS,123.2,125.74,121.4,125.29,12235946.0
20250814,NVDA,엔비디아,NAS,179.75,183.02,179.46,182.02,129553959.0
20250814,QQQ,나스닥100,NAS,578.28,581.88,577.91,579.89,45425043.0
20250814,SMH,반도체ETF2,NAS,298.0,302.8,297.28,301.92,5826969.0
20250814,SOXX,반도체ETF,NAS,250.36,255.06,250.05,254.14,5315659.0
20250814,TSM,TSMC ADR,NYS,237.97,241.38,236.82,241.0,11040536.0
20250815,AVGO,브로드컴,NAS,311.03,311.5,299.76,306.34,22806938.0
20250815,MU,마이크론,NAS,123.17,123.38,119.44,120.87,18986654.0
20250815,NVDA,엔비디아,NAS,181.88,181.9,178.0417,180.45,156602161.0
20250815,QQQ,나스닥100,NAS,579.8,579.84,575.5743,577.34,49480161.0
20250815,SMH,반도체ETF2,NAS,299.36,299.36,293.94,295.65,9026333.0
20250815,SOXX,반도체ETF,NAS,252.19,252.27,247.62,248.32,6840108.0
20250815,TSM,TSMC ADR,NYS,240.33,240.8,237.26,238.88,8155486.0
20250818,AVGO,브로드컴,NAS,302.7,306.17,299.0,305.76,14724667.0
20250818,MU,마이크론,NAS,121.35,123.68,120.66,123.55,12208770.0
20250818,NVDA,엔비디아,NAS,180.6,182.9375,180.59,182.01,132007959.0
20250818,QQQ,나스닥100,NAS,576.44,577.765,575.2412,577.11,29830957.0
20250818,SMH,반도체ETF2,NAS,294.915,297.19,294.78,296.86,5577455.0
20250818,SOXX,반도체ETF,NAS,247.54,249.34,247.48,249.05,4978214.0
20250818,TSM,TSMC ADR,NYS,239.99,242.8575,239.99,241.41,6919779.0
20250819,AVGO,브로드컴,NAS,302.415,302.8999,292.39,294.91,20149581.0
20250819,MU,마이크론,NAS,122.94,124.24,121.31,122.05,11491231.0
20250819,NVDA,엔비디아,NAS,182.43,182.5,175.49,175.64,185229219.0
20250819,QQQ,나스닥100,NAS,576.39,576.56,568.25,569.28,53752635.0
20250819,SMH,반도체ETF2,NAS,296.86,297.12,290.63,290.87,8191866.0
20250819,SOXX,반도체ETF,NAS,249.07,250.04,244.72,245.15,3508013.0
20250819,TSM,TSMC ADR,NYS,240.02,240.165,232.58,232.7,14594688.0
20250820,AVGO,브로드컴,NAS,295.46,295.49,281.87,291.17,23600512.0
20250820,MU,마이크론,NAS,118.7,118.91,113.46,117.21,25794993.0
20250820,NVDA,엔비디아,NAS,175.165,176.0,168.801,175.4,215142725.0
20250820,QQQ,나스닥100,NAS,568.33,568.45,558.84,565.9,76781087.0
20250820,SMH,반도체ETF2,NAS,290.0,290.0,281.15,288.96,10091017.0
20250820,SOXX,반도체ETF,NAS,244.635,244.635,237.1,243.74,9423054.0
20250820,TSM,TSMC ADR,NYS,228.14,229.03,223.7,228.6,17165201.0
20250821,AVGO,브로드컴,NAS,290.06,292.385,286.17,289.6,14946309.0
20250821,MU,마이크론,NAS,117.0,117.73,115.61,115.79,13174938.0
20250821,NVDA,엔비디아,NAS,174.85,176.9,173.81,174.98,140040850.0
20250821,QQQ,나스닥100,NAS,564.35,566.49,560.98,563.28,46436899.0
20250821,SMH,반도체ETF2,NAS,287.78,289.87,285.88,287.46,6067701.0
20250821,SOXX,반도체ETF,NAS,242.47,244.12,241.0,242.36,4581134.0
20250821,TSM,TSMC ADR,NYS,228.15,230.33,226.26,227.33,7449144.0
20250822,AVGO,브로드컴,NAS,291.745,300.09,289.0101,294.0,16301330.0
20250822,MU,마이크론,NAS,117.65,120.7,116.51,117.68,17038258.0
20250822,NVDA,엔비디아,NAS,172.61,178.59,171.2,177.99,172789427.0
20250822,QQQ,나스닥100,NAS,564.67,573.99,563.27,571.97,51502129.0
20250822,SMH,반도체ETF2,NAS,287.63,296.36,286.54,293.64,5810384.0
20250822,SOXX,반도체ETF,NAS,243.12,251.99,242.44,249.09,6527739.0
20250822,TSM,TSMC ADR,NYS,228.0,234.4493,226.17,232.99,10299467.0
20250825,AVGO,브로드컴,NAS,292.81,298.4016,291.71,294.23,15124746.0
20250825,MU,마이크론,NAS,117.68,118.08,116.1,116.42,8674832.0
20250825,NVDA,엔비디아,NAS,178.35,181.91,176.57,179.81,163012789.0
20250825,QQQ,나스닥100,NAS,570.4,573.2871,569.16,570.32,34044749.0
20250825,SMH,반도체ETF2,NAS,293.75,295.79,292.115,293.92,4964984.0
20250825,SOXX,반도체ETF,NAS,248.85,249.63,247.27,248.51,3654369.0
20250825,TSM,TSMC ADR,NYS,234.3,237.275,232.2501,235.59,7654954.0
20250826,AVGO,브로드컴,NAS,294.35,300.2499,293.99,298.01,25689111.0
20250826,MU,마이크론,NAS,116.09,118.36,115.81,116.5,12584324.0
20250826,NVDA,엔비디아,NAS,180.055,182.39,178.81,181.77,168688186.0
20250826,QQQ,나스닥100,NAS,569.83,572.92,568.8,572.61,34103014.0
20250826,SMH,반도체ETF2,NAS,294.82,297.24,294.67,296.75,4967051.0
20250826,SOXX,반도체ETF,NAS,249.57,251.61,249.51,250.85,3762018.0
20250826,TSM,TSMC ADR,NYS,236.37,238.83,235.73,238.72,9793068.0
20250827,AVGO,브로드컴,NAS,297.53,301.18,293.78,300.25,13830302.0
20250827,MU,마이크론,NAS,116.85,118.73,116.44,117.75,15349289.0
20250827,NVDA,엔비디아,NAS,181.98,182.49,179.1,181.6,235518949.0
20250827,QQQ,나스닥100,NAS,571.59,574.405,570.37,573.49,36927144.0
20250827,SMH,반도체ETF2,NAS,295.85,298.1,294.38,297.66,5646172.0
20250827,SOXX,반도체ETF,NAS,249.88,251.6599,248.82,251.34,4195432.0
20250827,TSM,TSMC ADR,NYS,236.87,239.4,235.4356,239.29,9516362.0
20250828,AVGO,브로드컴,NAS,302.928,311.0,302.333,308.65,18907053.0
20250828,MU,마이크론,NAS,118.88,122.571,118.73,122.0,17295541.0
20250828,NVDA,엔비디아,NAS,180.82,184.47,176.41,180.17,281787824.0
20250828,QQQ,나스닥100,NAS,574.11,578.0,572.46,577.08,46787857.0
20250828,SMH,반도체ETF2,NAS,298.1,300.78,295.98,298.88,7193988.0
20250828,SOXX,반도체ETF,NAS,252.315,254.32,250.9,252.55,5060161.0
20250828,TSM,TSMC ADR,NYS,236.295,240.66,236.0,238.27,8466216.0
20250829,AVGO,브로드컴,NAS,307.01,307.01,293.66,297.39,21610682.0
20250829,MU,마이크론,NAS,122.6,122.7699,118.06,119.01,16774027.0
20250829,NVDA,엔비디아,NAS,178.11,178.15,173.145,174.18,243257873.0
20250829,QQQ,나스닥100,NAS,574.655,575.03,568.54,570.4,56030409.0
20250829,SMH,반도체ETF2,NAS,295.56,295.56,289.1,290.29,13420941.0
20250829,SOXX,반도체ETF,NAS,248.94,248.94,244.17,245.32,8672580.0
20250829,TSM,TSMC ADR,NYS,235.84,235.95,230.58,230.87,15526018.0
20250902,AVGO,브로드컴,NAS,289.34,298.71,287.17,298.24,19693016.0
20250902,MU,마이크론,NAS,115.86,118.555,114.25,118.48,13771931.0
20250902,NVDA,엔비디아,NAS,170.0,172.379,167.22,170.78,231164853.0
20250902,QQQ,나스닥100,NAS,561.31,565.965,559.535,565.62,65876765.0
20250902,SMH,반도체ETF2,NAS,283.09,286.67,281.74,286.48,11543672.0
20250902,SOXX,반도체ETF,NAS,238.67,242.93,238.15,242.83,6659245.0
20250902,TSM,TSMC ADR,NYS,226.15,229.34,225.6301,228.39,13974904.0
20250903,AVGO,브로드컴,NAS,302.29,304.45,296.4,302.39,18529390.0
20250903,MU,마이크론,NAS,119.36,119.44,117.295,118.72,14101285.0
20250903,NVDA,엔비디아,NAS,171.06,172.41,168.875,170.62,164424873.0
20250903,QQQ,나스닥100,NAS,569.23,571.695,566.725,570.07,54230213.0
20250903,SMH,반도체ETF2,NAS,287.36,287.93,283.78,286.43,7249632.0
20250903,SOXX,반도체ETF,NAS,243.23,243.42,239.23,241.68,5473321.0
20250903,TSM,TSMC ADR,NYS,231.515,232.445,228.6,231.39,7198492.0
20250904,AVGO,브로드컴,NAS,305.06,308.78,302.2501,306.1,31220803.0
20250904,MU,마이크론,NAS,118.85,124.41,118.52,124.21,18589051.0
20250904,NVDA,엔비디아,NAS,170.57,171.86,169.41,171.66,141670144.0
20250904,QQQ,나스닥100,NAS,570.74,575.6,569.025,575.23,47526280.0
20250904,SMH,반도체ETF2,NAS,285.24,290.21,284.3,289.86,8079271.0
20250904,SOXX,반도체ETF,NAS,240.06,244.52,238.75,244.17,11842211.0
20250904,TSM,TSMC ADR,NYS,231.35,235.31,230.3,235.21,6241940.0
20250905,AVGO,브로드컴,NAS,355.78,356.34,331.42,334.89,78401554.0
20250905,MU,마이크론,NAS,127.77,131.41,125.66,131.37,28416041.0
20250905,NVDA,엔비디아,NAS,168.03,169.03,164.07,167.02,224441435.0
20250905,QQQ,나스닥100,NAS,580.49,581.12,571.53,576.06,68342532.0
20250905,SMH,반도체ETF2,NAS,295.07,295.15,289.25,293.28,9809634.0
20250905,SOXX,반도체ETF,NAS,247.85,248.5,244.13,247.05,17105531.0
20250905,TSM,TSMC ADR,NYS,240.24,244.55,237.9,243.41,14056566.0
20250908,AVGO,브로드컴,NAS,342.75,354.1656,341.2501,345.65,43535639.0
20250908,MU,마이크론,NAS,130.55,132.2586,128.4,131.46,19492587.0
20250908,NVDA,엔비디아,NAS,167.55,170.96,167.35,168.31,163769133.0
20250908,QQQ,나스닥100,NAS,578.37,580.84,577.77,578.87,46371354.0
20250908,SMH,반도체ETF2,NAS,295.135,297.82,294.8,296.52,7223203.0
20250908,SOXX,반도체ETF,NAS,248.405,249.92,247.56,248.85,10290464.0
20250908,TSM,TSMC ADR,NYS,241.99,247.88,241.62,247.19,12986596.0
20250909,AVGO,브로드컴,NAS,349.545,350.98,335.83,336.67,26972315.0
20250909,MU,마이크론,NAS,131.76,138.0,131.56,135.24,20704950.0
20250909,NVDA,엔비디아,NAS,169.09,170.98,166.7401,170.76,157548392.0
20250909,QQQ,나스닥100,NAS,579.67,580.94,577.04,580.51,44007592.0
20250909,SMH,반도체ETF2,NAS,297.22,297.99,295.11,297.81,6796992.0
20250909,SOXX,반도체ETF,NAS,249.105,249.675,247.23,249.06,9305217.0
20250909,TSM,TSMC ADR,NYS,246.93,254.7299,246.93,250.92,13443419.0
20250910,AVGO,브로드컴,NAS,351.52,372.97,350.55,369.57,51086826.0
20250910,MU,마이크론,NAS,140.02,142.235,138.34,140.0,25791266.0
20250910,NVDA,엔비디아,NAS,176.64,179.29,175.47,177.33,226852020.0
20250910,QQQ,나스닥100,NAS,583.74,583.77,578.55,580.7,49307959.0
20250910,SMH,반도체ETF2,NAS,300.59,302.38,298.775,300.83,10221377.0
20250910,SOXX,반도체ETF,NAS,253.03,254.21,251.86,253.45,13398411.0
20250910,TSM,TSMC ADR,NYS,258.87,264.58,257.75,260.44,18822431.0
20250911,AVGO,브로드컴,NAS,371.18,374.23,358.7604,359.63,29430947.0
20250911,MU,마이크론,NAS,147.72,156.26,147.61,150.57,52446416.0
20250911,NVDA,엔비디아,NAS,179.68,180.28,176.48,177.17,151159274.0
20250911,QQQ,나스닥100,NAS,583.24,584.88,581.62,584.08,44745766.0
20250911,SMH,반도체ETF2,NAS,303.54,305.56,303.17,303.93,7312385.0
20250911,SOXX,반도체ETF,NAS,254.81,256.51,254.62,255.19,10286195.0
20250911,TSM,TSMC ADR,NYS,260.345,261.64,258.2301,258.91,10004967.0
20250912,AVGO,브로드컴,NAS,362.91,364.385,357.16,359.87,31949795.0
20250912,MU,마이크론,NAS,153.55,158.28,153.21,157.23,32288339.0
20250912,NVDA,엔비디아,NAS,177.77,178.595,176.45,177.82,124911026.0
20250912,QQQ,나스닥100,NAS,585.04,587.86,584.1,586.66,50745886.0
20250912,SMH,반도체ETF2,NAS,305.06,305.59,303.1,304.32,5231908.0
20250912,SOXX,반도체ETF,NAS,255.81,256.4,254.16,255.64,7144393.0
20250912,TSM,TSMC ADR,NYS,260.85,260.95,258.38,259.33,8496585.0
20250915,AVGO,브로드컴,NAS,359.87,365.5,356.34,364.09,21792185.0
20250915,MU,마이크론,NAS,156.96,160.3399,156.55,157.77,20101397.0
20250915,NVDA,엔비디아,NAS,175.67,178.85,174.51,177.75,147061559.0
20250915,QQQ,나스닥100,NAS,588.44,591.79,588.295,591.68,44360315.0
20250915,SMH,반도체ETF2,NAS,303.815,307.23,303.01,307.17,5390242.0
20250915,SOXX,반도체ETF,NAS,255.2,257.84,254.53,257.8,7239217.0
20250915,TSM,TSMC ADR,NYS,260.0,262.8,258.75,261.38,8147738.0
20250916,AVGO,브로드컴,NAS,365.425,365.69,356.99,360.0,21306508.0
20250916,MU,마이크론,NAS,157.98,159.56,157.165,158.82,16911615.0
20250916,NVDA,엔비디아,NAS,177.0,177.5,174.38,174.88,140737775.0
20250916,QQQ,나스닥100,NAS,592.61,592.86,590.49,591.18,36942130.0
20250916,SMH,반도체ETF2,NAS,308.425,308.67,305.57,307.21,4227633.0
20250916,SOXX,반도체ETF,NAS,258.29,259.05,256.58,258.58,7543308.0
20250916,TSM,TSMC ADR,NYS,265.92,266.4383,260.61,262.06,10381854.0
20250917,AVGO,브로드컴,NAS,358.85,359.93,341.5,346.17,45197133.0
20250917,MU,마이크론,NAS,157.405,160.59,155.26,159.99,18843556.0
20250917,NVDA,엔비디아,NAS,172.64,173.2,168.41,170.29,211843817.0
20250917,QQQ,나스닥100,NAS,591.1,591.75,584.365,590.0,69384820.0
20250917,SMH,반도체ETF2,NAS,306.5,307.1494,301.37,305.25,9647743.0
20250917,SOXX,반도체ETF,NAS,257.94,260.74,254.83,258.53,6566882.0
20250917,TSM,TSMC ADR,NYS,264.34,264.81,259.73,262.79,10422030.0
20250918,AVGO,브로드컴,NAS,350.0,350.7,343.79,345.35,24663891.0
20250918,MU,마이크론,NAS,162.99,170.45,162.6,168.89,28212796.0
20250918,NVDA,엔비디아,NAS,173.98,177.1,172.96,176.24,191763313.0
20250918,QQQ,나스닥100,NAS,594.91,598.14,592.96,595.32,61069294.0
20250918,SMH,반도체ETF2,NAS,313.55,318.62,312.6,316.97,16335567.0
20250918,SOXX,반도체ETF,NAS,265.06,268.98,264.14,267.57,12601556.0
20250918,TSM,TSMC ADR,NYS,258.0,270.54,257.98,268.64,16917295.0
20250919,AVGO,브로드컴,NAS,344.65,346.27,336.43,344.94,41240071.0
20250919,MU,마이크론,NAS,162.75,163.7,159.38,162.73,37309873.0
20250919,NVDA,엔비디아,NAS,175.77,178.08,175.18,176.67,237182143.0
20250919,QQQ,나스닥100,NAS,597.33,600.05,595.85,599.35,58196109.0
20250919,SMH,반도체ETF2,NAS,316.4,316.51,313.43,315.71,8381595.0
20250919,SOXX,반도체ETF,NAS,267.295,267.4,263.6,265.86,5839134.0
20250919,TSM,TSMC ADR,NYS,266.37,266.57,262.8102,264.87,17640249.0
20250922,AVGO,브로드컴,NAS,342.425,346.67,337.94,338.79,28660030.0
20250922,MU,마이크론,NAS,164.375,167.26,161.59,164.62,25851216.0
20250922,NVDA,엔비디아,NAS,175.3,184.55,174.7053,183.61,269637001.0
20250922,QQQ,나스닥100,NAS,597.74,602.87,597.72,602.2,57154769.0
20250922,SMH,반도체ETF2,NAS,316.27,323.14,316.0,322.17,11618134.0
20250922,SOXX,반도체ETF,NAS,266.65,270.66,266.58,269.83,5721424.0
20250922,TSM,TSMC ADR,NYS,266.54,276.36,265.45,272.63,15630292.0
20250923,AVGO,브로드컴,NAS,340.24,345.215,337.0216,338.94,21944079.0
20250923,MU,마이크론,NAS,165.68,168.99,165.23,166.41,43316501.0
20250923,NVDA,엔비디아,NAS,181.97,182.42,176.21,178.43,192559552.0
20250923,QQQ,나스닥100,NAS,602.37,602.57,596.98,598.2,64635486.0
20250923,SMH,반도체ETF2,NAS,323.16,325.36,320.02,321.7,9158952.0
20250923,SOXX,반도체ETF,NAS,270.79,272.13,267.91,269.51,6068279.0
20250923,TSM,TSMC ADR,NYS,282.395,286.0,280.0,282.71,17830324.0
20250924,AVGO,브로드컴,NAS,339.755,340.0799,333.81,339.31,19677304.0
20250924,MU,마이크론,NAS,165.08,166.0,158.3,161.71,57096440.0
20250924,NVDA,엔비디아,NAS,179.77,179.78,175.4,176.97,143564116.0
20250924,QQQ,나스닥100,NAS,599.58,599.9,593.36,596.1,49850301.0
20250924,SMH,반도체ETF2,NAS,321.395,321.96,317.47,321.11,8632214.0
20250924,SOXX,반도체ETF,NAS,268.74,269.755,265.61,269.1,7825458.0
20250924,TSM,TSMC ADR,NYS,280.305,281.21,276.7177,280.71,10230965.0
20250925,AVGO,브로드컴,NAS,332.99,338.062,327.3,336.1,21678187.0
20250925,MU,마이크론,NAS,157.39,158.95,154.65,156.83,32209195.0
20250925,NVDA,엔비디아,NAS,174.48,180.26,173.125,177.69,191586733.0
20250925,QQQ,나스닥100,NAS,592.2,595.115,588.5,593.53,70920209.0
20250925,SMH,반도체ETF2,NAS,316.29,322.03,313.6,321.06,9592888.0
20250925,SOXX,반도체ETF,NAS,264.58,268.94,261.8,268.24,11157772.0
20250925,TSM,TSMC ADR,NYS,273.12,277.14,270.19,276.66,11863397.0
20250926,AVGO,브로드컴,NAS,337.43,339.08,330.5801,334.53,15464697.0
20250926,MU,마이크론,NAS,158.52,158.92,155.18,157.27,24044953.0
20250926,NVDA,엔비디아,NAS,178.17,179.77,174.93,178.19,148573732.0
20250926,QQQ,나스닥100,NAS,594.35,596.3,591.06,595.97,54337416.0
20250926,SMH,반도체ETF2,NAS,321.64,322.42,318.14,321.82,6886102.0
20250926,SOXX,반도체ETF,NAS,268.53,269.42,265.74,268.83,7244460.0
20250926,TSM,TSMC ADR,NYS,273.89,275.5,270.62,273.36,10451886.0
20250929,AVGO,브로드컴,NAS,336.0,341.05,327.55,327.9,21336001.0
20250929,MU,마이크론,NAS,160.0,165.8,159.9706,163.9,26506504.0
20250929,NVDA,엔비디아,NAS,180.425,184.0,180.32,181.85,193063455.0
20250929,QQQ,나스닥100,NAS,599.11,602.05,597.41,598.73,48332934.0
20250929,SMH,반도체ETF2,NAS,324.655,326.83,322.47,322.66,5833585.0
20250929,SOXX,반도체ETF,NAS,271.72,272.8,268.865,268.93,5954879.0
20250929,TSM,TSMC ADR,NYS,276.49,279.87,273.23,273.23,8046187.0
20250930,AVGO,브로드컴,NAS,330.12,331.05,324.61,329.91,20109459.0
20250930,MU,마이크론,NAS,164.105,168.95,163.96,167.32,20092460.0
20250930,NVDA,엔비디아,NAS,182.08,187.35,181.48,186.58,236981032.0
20250930,QQQ,나스닥100,NAS,598.43,600.71,596.1,600.37,46533814.0
20250930,SMH,반도체ETF2,NAS,322.75,326.72,322.43,326.36,7459901.0
20250930,SOXX,반도체ETF,NAS,268.85,271.445,267.76,271.12,7091836.0
20250930,TSM,TSMC ADR,NYS,275.32,279.49,273.83,279.29,8348796.0
20251001,AVGO,브로드컴,NAS,328.145,337.95,324.5,333.39,21122687.0
20251001,MU,마이크론,NAS,165.6,182.39,165.5,182.15,41674762.0
20251001,NVDA,엔비디아,NAS,185.24,188.14,183.9,187.24,173844901.0
20251001,QQQ,나스닥100,NAS,597.17,603.79,596.34,603.25,46899612.0
20251001,SMH,반도체ETF2,NAS,324.28,334.11,324.11,333.69,9911833.0
20251001,SOXX,반도체ETF,NAS,269.38,276.695,268.88,276.34,9339556.0
20251001,TSM,TSMC ADR,NYS,278.435,290.48,277.17,288.47,14620139.0
20251002,AVGO,브로드컴,NAS,347.61,347.61,335.25,338.18,19917622.0
20251002,MU,마이크론,NAS,184.955,186.18,181.21,183.75,25122189.0
20251002,NVDA,엔비디아,NAS,189.6,191.05,188.06,188.89,136805821.0
20251002,QQQ,나스닥100,NAS,607.06,607.16,602.93,605.73,43765410.0
20251002,SMH,반도체ETF2,NAS,339.66,340.0,336.56,338.24,8092564.0
20251002,SOXX,반도체ETF,NAS,281.5,282.54,279.61,281.69,7250026.0
20251002,TSM,TSMC ADR,NYS,296.52,296.72,287.031,288.11,10197961.0
20251003,AVGO,브로드컴,NAS,341.5,344.4,335.74,338.37,14749068.0
20251003,MU,마이크론,NAS,185.21,191.8499,184.92,187.83,29399259.0
20251003,NVDA,엔비디아,NAS,189.19,190.36,185.38,187.62,137596896.0
20251003,QQQ,나스닥100,NAS,606.51,607.3255,601.385,603.18,46482098.0
20251003,SMH,반도체ETF2,NAS,339.41,340.78,335.18,336.68,7769988.0
20251003,SOXX,반도체ETF,NAS,282.95,284.34,278.48,279.96,8629281.0
20251003,TSM,TSMC ADR,NYS,292.86,296.0634,290.49,292.19,10572491.0
20251006,AVGO,브로드컴,NAS,335.92,344.13,334.56,335.49,18465729.0
20251006,MU,마이크론,NAS,195.01,201.0,189.43,190.96,36392256.0
20251006,NVDA,엔비디아,NAS,185.5,187.23,183.33,185.54,157678104.0
20251006,QQQ,나스닥100,NAS,608.45,609.36,605.97,607.71,41962115.0
20251006,SMH,반도체ETF2,NAS,345.46,348.53,343.38,343.38,10263178.0
20251006,SOXX,반도체ETF,NAS,290.99,292.51,288.35,288.36,11274978.0
20251006,TSM,TSMC ADR,NYS,300.01,307.3,299.935,302.4,15785026.0
20251007,AVGO,브로드컴,NAS,337.025,338.11,326.58,336.41,18086705.0
20251007,MU,마이크론,NAS,194.85,195.2999,183.24,185.69,27828161.0
20251007,NVDA,엔비디아,NAS,186.23,189.06,184.0,185.04,140088008.0
20251007,QQQ,나스닥100,NAS,609.02,609.71,603.03,604.51,58209463.0
20251007,SMH,반도체ETF2,NAS,346.29,346.67,336.56,337.05,9365713.0
20251007,SOXX,반도체ETF,NAS,290.975,291.48,281.53,281.91,9952035.0
20251007,TSM,TSMC ADR,NYS,306.62,307.1,293.28,294.03,13080969.0
20251008,AVGO,브로드컴,NAS,333.82,346.54,332.62,345.5,21478344.0
20251008,MU,마이크론,NAS,188.99,196.95,188.8,196.54,26833890.0
20251008,NVDA,엔비디아,NAS,186.57,189.6,186.54,189.11,130168861.0
20251008,QQQ,나스닥100,NAS,605.41,611.75,605.26,611.44,50629754.0
20251008,SMH,반도체ETF2,NAS,336.73,346.46,336.42,346.07,7841482.0
20251008,SOXX,반도체ETF,NAS,281.995,291.86,281.48,291.54,9301739.0
20251008,TSM,TSMC ADR,NYS,295.0,306.4,293.98,304.52,12821210.0
20251009,AVGO,브로드컴,NAS,345.75,347.31,340.4,345.02,17643744.0
20251009,MU,마이크론,NAS,192.965,196.62,189.5,192.33,19721480.0
20251009,NVDA,엔비디아,NAS,192.225,195.3,191.06,192.57,182997234.0
20251009,QQQ,나스닥100,NAS,611.48,611.61,607.48,610.7,45550958.0
20251009,SMH,반도체ETF2,NAS,346.04,347.1,342.4,345.21,5565527.0
20251009,SOXX,반도체ETF,NAS,291.085,291.6125,287.47,290.19,7603525.0
20251009,TSM,TSMC ADR,NYS,302.305,302.83,297.42,299.88,10259887.0
20251010,AVGO,브로드컴,NAS,345.39,350.6,324.05,324.63,28941011.0
20251010,MU,마이크론,NAS,192.96,193.44,179.61,181.6,26990253.0
20251010,NVDA,엔비디아,NAS,193.505,195.62,182.05,183.16,268774359.0
20251010,QQQ,나스닥100,NAS,611.4,613.18,589.05,589.5,97614783.0
20251010,SMH,반도체ETF2,NAS,345.97,346.4887,324.83,325.34,18804465.0
20251010,SOXX,반도체ETF,NAS,290.82,291.63,271.46,271.99,26691230.0
20251010,TSM,TSMC ADR,NYS,299.955,300.2,280.33,280.66,23398001.0
20251013,AVGO,브로드컴,NAS,352.77,359.38,343.5201,356.7,45984259.0
20251013,MU,마이크론,NAS,190.79,193.3995,187.99,192.77,20928376.0
20251013,NVDA,엔비디아,NAS,187.965,190.1099,185.96,188.32,153482755.0
20251013,QQQ,나스닥100,NAS,599.68,602.95,597.23,602.01,65872584.0
20251013,SMH,반도체ETF2,NAS,337.48,341.09,335.0,339.75,11760190.0
20251013,SOXX,반도체ETF,NAS,282.78,285.95,280.34,284.87,8703376.0
20251013,TSM,TSMC ADR,NYS,298.235,304.63,292.32,302.89,20318268.0
20251014,AVGO,브로드컴,NAS,350.125,350.67,339.6532,344.13,22078000.0
20251014,MU,마이크론,NAS,186.96,192.46,186.25,187.06,15912423.0
20251014,NVDA,엔비디아,NAS,184.77,184.8,179.7,180.03,205641380.0
20251014,QQQ,나스닥100,NAS,595.31,602.69,590.13,598.0,69203187.0
20251014,SMH,반도체ETF2,NAS,333.06,339.06,330.25,333.5,7296663.0
20251014,SOXX,반도체ETF,NAS,278.5,284.77,277.36,279.03,8476042.0
20251014,TSM,TSMC ADR,NYS,295.63,301.75,291.3426,295.94,16567867.0
20251015,AVGO,브로드컴,NAS,354.47,359.4,347.5,351.33,23918539.0
20251015,MU,마이크론,NAS,192.475,192.88,187.4235,191.94,17793126.0
20251015,NVDA,엔비디아,NAS,184.8,184.87,177.29,179.83,214450482.0
20251015,QQQ,나스닥100,NAS,604.01,606.7,595.93,602.22,62805456.0
20251015,SMH,반도체ETF2,NAS,342.1,343.08,335.51,341.78,8283819.0
20251015,SOXX,반도체ETF,NAS,286.25,288.015,281.84,287.64,7595239.0
20251015,TSM,TSMC ADR,NYS,306.285,306.61,300.07,304.71,20788021.0
20251016,AVGO,브로드컴,NAS,356.8,363.24,349.485,354.15,20317222.0
20251016,MU,마이크론,NAS,199.96,206.34,195.2,202.53,42041348.0
20251016,NVDA,엔비디아,NAS,182.23,183.28,179.77,181.81,179723309.0
20251016,QQQ,나스닥100,NAS,605.11,608.31,595.5,599.99,70981963.0
20251016,SMH,반도체ETF2,NAS,346.17,347.085,339.805,343.3,9047529.0
20251016,SOXX,반도체ETF,NAS,291.075,292.26,285.94,288.98,7410391.0
20251016,TSM,TSMC ADR,NYS,310.93,311.3685,296.69,299.84,26341457.0
20251017,AVGO,브로드컴,NAS,349.61,350.97,340.78,349.33,20937936.0
20251017,MU,마이크론,NAS,199.28,203.39,195.55,202.38,23283075.0
20251017,NVDA,엔비디아,NAS,180.18,184.1,179.75,183.22,173135217.0
20251017,QQQ,나스닥100,NAS,597.95,605.51,596.37,603.93,72024872.0
20251017,SMH,반도체ETF2,NAS,341.22,344.93,338.14,342.83,8396255.0
20251017,SOXX,반도체ETF,NAS,286.89,289.635,283.7193,288.17,6261510.0
20251017,TSM,TSMC ADR,NYS,298.395,303.3,294.915,295.08,17633323.0
20251020,AVGO,브로드컴,NAS,353.8,356.59,347.84,349.24,15640229.0
20251020,MU,마이크론,NAS,209.655,214.75,205.5,206.77,23268429.0
20251020,NVDA,엔비디아,NAS,183.13,185.2,181.73,182.64,128544711.0
20251020,QQQ,나스닥100,NAS,607.14,612.8,607.065,611.54,45761697.0
20251020,SMH,반도체ETF2,NAS,346.0,350.05,345.66,347.22,6436924.0
20251020,SOXX,반도체ETF,NAS,290.61,295.0,290.495,292.97,5832300.0
20251020,TSM,TSMC ADR,NYS,300.0,303.65,297.06,297.7,13391614.0
20251021,AVGO,브로드컴,NAS,350.0,351.1,341.31,342.66,16092578.0
20251021,MU,마이크론,NAS,204.3,205.87,200.8401,202.29,13717259.0
20251021,NVDA,엔비디아,NAS,182.785,182.785,179.8,181.16,124240168.0
20251021,QQQ,나스닥100,NAS,611.64,612.7213,609.32,611.38,44538161.0
20251021,SMH,반도체ETF2,NAS,347.06,347.1,343.16,345.3,4391848.0
20251021,SOXX,반도체ETF,NAS,292.5,292.7,289.22,291.33,3965223.0
20251021,TSM,TSMC ADR,NYS,299.0,299.37,293.655,294.51,11190502.0
20251022,AVGO,브로드컴,NAS,347.3,348.01,335.51,340.3,19268825.0
20251022,MU,마이크론,NAS,202.25,205.5764,192.4,198.47,21949776.0
20251022,NVDA,엔비디아,NAS,181.14,183.44,176.76,180.28,162249552.0
20251022,QQQ,나스닥100,NAS,610.82,611.41,599.74,605.49,61478802.0
20251022,SMH,반도체ETF2,NAS,342.86,344.86,332.4,338.6,8014246.0
20251022,SOXX,반도체ETF,NAS,288.11,289.825,278.46,284.13,7875302.0
20251022,TSM,TSMC ADR,NYS,293.0,295.2,284.4,288.88,15409109.0
20251023,AVGO,브로드컴,NAS,340.4,346.57,340.4,344.29,12859162.0
20251023,MU,마이크론,NAS,196.7,209.0,195.2,206.71,19397915.0
20251023,NVDA,엔비디아,NAS,180.42,183.03,179.7901,182.16,111363718.0
20251023,QQQ,나스닥100,NAS,604.91,611.37,604.52,610.58,42844298.0
20251023,SMH,반도체ETF2,NAS,337.05,345.905,336.725,344.8,6422550.0
20251023,SOXX,반도체ETF,NAS,282.49,291.86,282.25,291.06,5374810.0
20251023,TSM,TSMC ADR,NYS,289.8,294.09,289.63,290.73,10379853.0
20251024,AVGO,브로드컴,NAS,352.51,358.3,350.875,354.13,16143739.0
20251024,MU,마이크론,NAS,212.39,219.82,209.98,219.02,25821756.0
20251024,NVDA,엔비디아,NAS,183.835,187.47,183.5,186.26,131296677.0
20251024,QQQ,나스닥100,NAS,615.99,618.42,615.13,617.1,47632473.0
20251024,SMH,반도체ETF2,NAS,350.58,352.94,349.82,351.14,5649324.0
20251024,SOXX,반도체ETF,NAS,296.33,298.22,295.44,295.86,4621169.0
20251024,TSM,TSMC ADR,NYS,295.57,297.9499,294.3897,294.96,8747007.0
20251027,AVGO,브로드컴,NAS,361.54,362.75,355.08,362.05,20065771.0
20251027,MU,마이크론,NAS,224.81,224.98,215.74,220.1,23873072.0
20251027,NVDA,엔비디아,NAS,189.99,192.0,188.4318,191.49,153452704.0
20251027,QQQ,나스닥100,NAS,624.52,628.55,624.03,628.09,54098611.0
20251027,SMH,반도체ETF2,NAS,357.67,360.6,356.21,359.94,6663417.0
20251027,SOXX,반도체ETF,NAS,301.43,305.01,300.405,304.08,5165020.0
20251027,TSM,TSMC ADR,NYS,298.65,300.48,293.69,298.25,13615029.0
20251028,AVGO,브로드컴,NAS,362.62,374.06,362.53,372.97,21056048.0
20251028,MU,마이크론,NAS,218.93,222.9,217.56,221.91,14957513.0
20251028,NVDA,엔비디아,NAS,193.05,203.15,191.91,201.03,297986180.0
20251028,QQQ,나스닥100,NAS,630.36,634.68,629.25,632.92,61195733.0
20251028,SMH,반도체ETF2,NAS,359.61,364.67,358.46,363.11,5086004.0
20251028,SOXX,반도체ETF,NAS,303.46,305.97,302.38,304.45,4156442.0
20251028,TSM,TSMC ADR,NYS,298.315,302.13,296.08,301.53,11804198.0
20251029,AVGO,브로드컴,NAS,373.19,386.48,373.19,385.98,24975209.0
20251029,MU,마이크론,NAS,229.055,232.4,226.1,226.63,23217288.0
20251029,NVDA,엔비디아,NAS,207.98,212.1899,204.775,207.04,308829564.0
20251029,QQQ,나스닥100,NAS,635.59,637.01,630.25,635.77,67422806.0
20251029,SMH,반도체ETF2,NAS,369.075,372.7816,365.82,368.61,8102599.0
20251029,SOXX,반도체ETF,NAS,309.865,312.7897,306.97,309.6,4503069.0
20251029,TSM,TSMC ADR,NYS,305.8,307.96,302.38,305.09,16177305.0
20251030,AVGO,브로드컴,NAS,386.4,386.4,370.06,376.47,24295268.0
20251030,MU,마이크론,NAS,226.1,227.4,220.74,224.01,14795071.0
20251030,NVDA,엔비디아,NAS,205.15,206.16,201.41,202.89,178864443.0
20251030,QQQ,나스닥100,NAS,632.17,633.5,625.94,626.05,61628621.0
20251030,SMH,반도체ETF2,NAS,367.43,369.86,363.55,363.73,6932721.0
20251030,SOXX,반도체ETF,NAS,307.94,311.12,305.38,305.41,4630695.0
20251030,TSM,TSMC ADR,NYS,303.08,307.31,300.8248,303.22,14507088.0
20251031,AVGO,브로드컴,NAS,378.27,378.82,365.1,369.63,21598441.0
20251031,MU,마이크론,NAS,227.75,231.25,218.82,223.77,16319993.0
20251031,NVDA,엔비디아,NAS,206.45,207.97,202.07,202.49,179802178.0
20251031,QQQ,나스닥100,NAS,634.17,634.2,626.69,629.07,66305147.0
20251031,SMH,반도체ETF2,NAS,366.88,368.43,360.5,363.02,4917864.0
20251031,SOXX,반도체ETF,NAS,308.7,311.3225,304.26,306.55,5164275.0
20251031,TSM,TSMC ADR,NYS,305.99,307.675,296.675,300.43,12667857.0
20251103,AVGO,브로드컴,NAS,372.0,374.85,361.98,362.55,17198917.0
20251103,MU,마이크론,NAS,233.875,237.62,231.8,234.7,21199296.0
20251103,NVDA,엔비디아,NAS,208.08,211.335,205.56,206.88,180267285.0
20251103,QQQ,나스닥100,NAS,635.11,635.82,629.85,632.08,37154307.0
20251103,SMH,반도체ETF2,NAS,367.69,369.47,364.69,366.1,4470471.0
20251103,SOXX,반도체ETF,NAS,310.4,311.7525,307.13,308.38,3750762.0
20251103,TSM,TSMC ADR,NYS,302.59,310.12,302.12,304.86,12466592.0
20251104,AVGO,브로드컴,NAS,358.52,368.95,351.0,351.94,24047461.0
20251104,MU,마이크론,NAS,222.14,228.6726,217.4,218.03,23696205.0
20251104,NVDA,엔비디아,NAS,203.0,203.9699,197.93,198.69,188919320.0
20251104,QQQ,나스닥100,NAS,623.28,626.95,618.455,619.25,63830768.0
20251104,SMH,반도체ETF2,NAS,357.98,361.7925,351.795,352.76,8268996.0
20251104,SOXX,반도체ETF,NAS,300.34,304.745,295.55,296.26,5288819.0
20251104,TSM,TSMC ADR,NYS,296.88,301.99,293.51,294.05,16224285.0
20251105,AVGO,브로드컴,NAS,350.89,364.8699,350.0913,358.98,17087644.0
20251105,MU,마이크론,NAS,225.665,239.88,224.725,237.5,28617387.0
20251105,NVDA,엔비디아,NAS,198.77,202.92,194.65,195.21,171350332.0
20251105,QQQ,나스닥100,NAS,618.49,626.6,617.21,623.28,48688484.0
20251105,SMH,반도체ETF2,NAS,353.095,364.28,352.72,359.5,8605366.0
20251105,SOXX,반도체ETF,NAS,297.21,309.17,296.89,305.47,4949353.0
20251105,TSM,TSMC ADR,NYS,292.62,298.2185,291.5,293.64,10502502.0
20251106,AVGO,브로드컴,NAS,360.11,363.5,352.71,355.59,19896860.0
20251106,MU,마이크론,NAS,237.84,246.41,234.88,238.33,32016797.0
20251106,NVDA,엔비디아,NAS,196.42,197.62,186.38,188.08,223029778.0
20251106,QQQ,나스닥100,NAS,621.79,622.04,610.3,611.67,72115128.0
20251106,SMH,반도체ETF2,NAS,359.59,360.15,348.71,351.09,9600467.0
20251106,SOXX,반도체ETF,NAS,305.0,305.89,295.35,297.5,8548311.0
20251106,TSM,TSMC ADR,NYS,294.1,294.64,287.3811,289.24,11516858.0
20251107,AVGO,브로드컴,NAS,354.185,354.5,337.27,349.43,21903223.0
20251107,MU,마이크론,NAS,234.03,242.55,226.4001,237.92,30613835.0
20251107,NVDA,엔비디아,NAS,184.9,188.32,178.91,188.15,264942255.0
20251107,QQQ,나스닥100,NAS,608.31,609.95,598.67,609.74,81835388.0
20251107,SMH,반도체ETF2,NAS,346.54,348.18,336.68,348.12,14723174.0
20251107,SOXX,반도체ETF,NAS,292.64,294.45,283.59,294.38,13798565.0
20251107,TSM,TSMC ADR,NYS,285.21,287.885,277.13,286.5,15715706.0
20251110,AVGO,브로드컴,NAS,357.9,360.0,354.61,358.39,16408963.0
20251110,MU,마이크론,NAS,247.955,257.07,247.81,253.3,27870630.0
20251110,NVDA,엔비디아,NAS,195.11,199.94,193.79,199.05,198897134.0
20251110,QQQ,나스닥100,NAS,618.92,624.31,616.89,623.23,55919931.0
20251110,SMH,반도체ETF2,NAS,357.55,360.0,353.95,358.79,9180650.0
20251110,SOXX,반도체ETF,NAS,302.44,303.36,298.54,302.0,6030840.0
20251110,TSM,TSMC ADR,NYS,294.36,297.13,291.75,295.27,10869194.0
20251111,AVGO,브로드컴,NAS,358.97,361.885,349.67,351.96,16446800.0
20251111,MU,마이크론,NAS,248.34,249.99,238.79,241.11,22622470.0
20251111,NVDA,엔비디아,NAS,195.155,195.42,191.3,193.16,176483327.0
20251111,QQQ,나스닥100,NAS,620.57,622.72,617.52,621.57,44868841.0
20251111,SMH,반도체ETF2,NAS,355.25,356.0431,349.74,351.05,7661156.0
20251111,SOXX,반도체ETF,NAS,299.04,300.02,294.69,295.15,5877863.0
20251111,TSM,TSMC ADR,NYS,292.06,294.92,288.91,291.17,9666250.0
20251112,AVGO,브로드컴,NAS,358.035,358.87,351.68,355.22,12190452.0
20251112,MU,마이크론,NAS,244.9,249.19,240.84,244.9,17263143.0
20251112,NVDA,엔비디아,NAS,195.72,195.89,191.13,193.8,154935263.0
20251112,QQQ,나스닥100,NAS,624.84,624.86,617.81,621.08,47444384.0
20251112,SMH,반도체ETF2,NAS,356.2,357.4799,352.94,355.53,5870743.0
20251112,SOXX,반도체ETF,NAS,300.22,301.69,297.5,299.67,4144965.0
20251112,TSM,TSMC ADR,NYS,293.7,294.87,289.58,290.62,9715927.0
20251113,AVGO,브로드컴,NAS,351.58,353.55,334.16,339.98,22616621.0
20251113,MU,마이크론,NAS,243.6,249.5,230.16,236.95,32324591.0
20251113,NVDA,엔비디아,NAS,191.05,191.44,183.85,186.86,207423074.0
20251113,QQQ,나스닥100,NAS,617.54,618.12,606.08,608.4,71333634.0
20251113,SMH,반도체ETF2,NAS,351.625,352.88,341.25,344.82,10654836.0
20251113,SOXX,반도체ETF,NAS,295.94,297.13,286.45,289.38,10980641.0
20251113,TSM,TSMC ADR,NYS,289.17,289.4998,280.0,282.2,13827622.0
20251114,AVGO,브로드컴,NAS,331.47,344.74,329.06,342.46,18500849.0
20251114,MU,마이크론,NAS,231.45,255.17,231.23,246.83,36171119.0
20251114,NVDA,엔비디아,NAS,182.86,191.01,180.58,190.17,186591856.0
20251114,QQQ,나스닥100,NAS,599.55,613.35,597.17,608.86,80087291.0
20251114,SMH,반도체ETF2,NAS,335.24,348.91,333.75,344.98,12271174.0
20251114,SOXX,반도체ETF,NAS,280.62,292.8,279.41,288.52,7141995.0
20251114,TSM,TSMC ADR,NYS,275.91,286.86,273.23,284.82,11486828.0
20251117,AVGO,브로드컴,NAS,339.815,352.2,337.52,342.65,14799565.0
20251117,MU,마이크론,NAS,246.92,260.58,239.46,241.95,30304352.0
20251117,NVDA,엔비디아,NAS,185.965,189.0,184.32,186.6,173628858.0
20251117,QQQ,나스닥100,NAS,606.3,612.48,599.87,603.66,63850367.0
20251117,SMH,반도체ETF2,NAS,341.94,348.3435,337.05,340.3,6921299.0
20251117,SOXX,반도체ETF,NAS,286.07,291.53,280.24,283.56,8188737.0
20251117,TSM,TSMC ADR,NYS,281.44,286.53,279.8,282.01,10227124.0
20251118,AVGO,브로드컴,NAS,343.2,347.97,335.51,340.5,21726806.0
20251118,MU,마이크론,NAS,235.48,238.93,225.52,228.5,33843910.0
20251118,NVDA,엔비디아,NAS,183.375,184.8,179.65,181.36,213598877.0
20251118,QQQ,나스닥100,NAS,599.62,602.31,591.34,596.31,83327279.0
20251118,SMH,반도체ETF2,NAS,335.75,337.79,329.12,333.29,12933067.0
20251118,SOXX,반도체ETF,NAS,279.54,281.405,274.09,276.98,11103066.0
20251118,TSM,TSMC ADR,NYS,277.55,280.19,272.72,277.91,11850366.0
20251119,AVGO,브로드컴,NAS,340.705,359.69,337.8,354.42,21851875.0
20251119,MU,마이크론,NAS,226.91,234.35,216.36,225.92,35256563.0
20251119,NVDA,엔비디아,NAS,184.79,187.855,182.8301,186.52,247246436.0
20251119,QQQ,나스닥100,NAS,597.07,606.16,594.59,599.87,73111487.0
20251119,SMH,반도체ETF2,NAS,334.81,343.06,333.46,339.44,9842253.0
20251119,SOXX,반도체ETF,NAS,278.14,285.14,276.82,281.61,5108056.0
20251119,TSM,TSMC ADR,NYS,276.92,284.5489,276.32,282.37,11179176.0
20251120,AVGO,브로드컴,NAS,366.0,376.08,345.18,346.82,28866958.0
20251120,MU,마이크론,NAS,230.235,230.598,199.6,201.37,47420728.0
20251120,NVDA,엔비디아,NAS,195.95,196.0,179.85,180.64,343504849.0
20251120,QQQ,나스닥100,NAS,611.62,614.03,584.75,585.67,117743195.0
20251120,SMH,반도체ETF2,NAS,348.86,349.7799,323.69,325.1,14686653.0
20251120,SOXX,반도체ETF,NAS,288.9,289.99,267.0,268.1,13398331.0
20251120,TSM,TSMC ADR,NYS,292.21,292.85,276.41,277.5,15747324.0
20251121,AVGO,브로드컴,NAS,345.155,348.6,331.8,340.2,30280339.0
20251121,MU,마이크론,NAS,204.53,212.0,192.59,207.37,36679691.0
20251121,NVDA,엔비디아,NAS,181.235,184.56,172.93,178.88,346926153.0
20251121,QQQ,나스닥100,NAS,587.47,596.98,580.74,590.07,103344155.0
20251121,SMH,반도체ETF2,NAS,325.0,331.62,315.05,326.13,17298698.0
20251121,SOXX,반도체ETF,NAS,268.265,274.76,260.44,270.83,15355858.0
20251121,TSM,TSMC ADR,NYS,272.81,278.6887,266.82,275.06,20872828.0
20251124,AVGO,브로드컴,NAS,347.73,382.0,347.66,377.96,47262426.0
20251124,MU,마이크론,NAS,213.41,226.11,212.36,223.93,33052839.0
20251124,NVDA,엔비디아,NAS,179.49,183.5,176.48,182.55,256618335.0
20251124,QQQ,나스닥100,NAS,595.28,606.68,595.16,605.16,60168149.0
20251124,SMH,반도체ETF2,NAS,329.0,340.57,328.83,339.12,10650899.0
20251124,SOXX,반도체ETF,NAS,273.78,284.05,273.615,282.7,6424802.0
20251124,TSM,TSMC ADR,NYS,273.19,285.06,273.19,284.64,13570309.0
20251125,AVGO,브로드컴,NAS,384.93,388.13,371.75,385.03,33507573.0
20251125,MU,마이크론,NAS,219.22,226.19,216.0,224.53,17441636.0
20251125,NVDA,엔비디아,NAS,174.91,178.16,169.55,177.82,320600271.0
20251125,QQQ,나스닥100,NAS,603.51,610.2601,597.32,608.89,57560867.0
20251125,SMH,반도체ETF2,NAS,334.73,340.72,327.35,340.01,12052681.0
20251125,SOXX,반도체ETF,NAS,278.955,284.34,272.76,283.58,5942820.0
20251125,TSM,TSMC ADR,NYS,282.73,285.4,273.08,284.68,13726811.0
20251126,AVGO,브로드컴,NAS,385.55,399.87,383.26,397.57,28693013.0
20251126,MU,마이크론,NAS,229.616,233.8299,226.0,230.26,17817622.0
20251126,NVDA,엔비디아,NAS,181.63,182.91,178.24,180.26,183852010.0
20251126,QQQ,나스닥100,NAS,612.51,616.19,610.39,614.27,42393598.0
20251126,SMH,반도체ETF2,NAS,344.25,350.3,343.43,347.71,5533284.0
20251126,SOXX,반도체ETF,NAS,286.72,294.08,286.61,291.39,5818259.0
20251126,TSM,TSMC ADR,NYS,289.1025,292.81,287.73,289.96,12220253.0
20251128,AVGO,브로드컴,NAS,399.35,403.0,397.16,402.96,13365500.0
20251128,MU,마이크론,NAS,235.615,238.1,233.47,236.48,12914741.0
20251128,NVDA,엔비디아,NAS,179.01,179.29,176.5,177.0,121332776.0
20251128,QQQ,나스닥100,NAS,616.11,619.32,615.4174,619.25,23034394.0
20251128,SMH,반도체ETF2,NAS,349.17,352.57,347.71,352.28,3352740.0
20251128,SOXX,반도체ETF,NAS,293.25,296.99,291.83,296.74,3037957.0
20251128,TSM,TSMC ADR,NYS,292.48,292.67,289.0,291.51,5515376.0
20251201,AVGO,브로드컴,NAS,394.85,395.42,385.1,386.08,23251969.0
20251201,MU,마이크론,NAS,232.285,242.36,231.5,240.46,18238209.0
20251201,NVDA,엔비디아,NAS,174.76,180.3,173.68,179.92,188130955.0
20251201,QQQ,나스닥100,NAS,613.63,619.4401,612.52,617.17,40957588.0
20251201,SMH,반도체ETF2,NAS,348.845,355.01,348.06,352.96,3901980.0
20251201,SOXX,반도체ETF,NAS,292.87,299.42,292.53,296.92,3932993.0
20251201,TSM,TSMC ADR,NYS,286.92,291.1599,283.19,287.68,7713000.0
20251202,AVGO,브로드컴,NAS,388.31,393.5,379.79,381.57,22206951.0
20251202,MU,마이크론,NAS,238.745,244.3699,234.33,239.49,18166225.0
20251202,NVDA,엔비디아,NAS,181.76,185.66,180.0,181.46,182632230.0
20251202,QQQ,나스닥100,NAS,619.46,623.75,617.59,622.0,54541834.0
20251202,SMH,반도체ETF2,NAS,355.85,360.79,354.15,359.43,6657912.0
20251202,SOXX,반도체ETF,NAS,300.445,304.84,298.69,302.84,5086879.0
20251202,TSM,TSMC ADR,NYS,292.0,294.5,289.18,292.09,10746376.0
20251203,AVGO,브로드컴,NAS,380.0,382.3,370.65,380.61,21336367.0
20251203,MU,마이크론,NAS,236.39,237.8,228.09,234.16,19188220.0
20251203,NVDA,엔비디아,NAS,181.08,182.45,179.1101,179.59,165138023.0
20251203,QQQ,나스닥100,NAS,619.62,624.22,618.03,623.52,47841627.0
20251203,SMH,반도체ETF2,NAS,359.7,364.575,356.23,364.37,4642684.0
20251203,SOXX,반도체ETF,NAS,304.5,309.57,301.465,309.36,3867116.0
20251203,TSM,TSMC ADR,NYS,292.18,296.6225,286.07,295.45,9599221.0
20251204,AVGO,브로드컴,NAS,380.68,383.89,376.53,381.03,15845862.0
20251204,MU,마이크론,NAS,230.28,234.16,223.33,226.65,23513857.0
20251204,NVDA,엔비디아,NAS,181.62,184.515,179.96,183.38,167364857.0
20251204,QQQ,나스닥100,NAS,624.93,624.94,619.54,622.94,47067751.0
20251204,SMH,반도체ETF2,NAS,363.26,364.37,359.6,361.6,3971848.0
20251204,SOXX,반도체ETF,NAS,307.84,308.27,304.5919,306.28,4639662.0
20251204,TSM,TSMC ADR,NYS,293.98,294.03,290.2,292.93,6752997.0
20251205,AVGO,브로드컴,NAS,386.165,393.53,385.1452,390.24,24779924.0
20251205,MU,마이크론,NAS,228.945,240.57,226.685,237.22,21160980.0
20251205,NVDA,엔비디아,NAS,183.89,184.66,180.91,182.41,143971098.0
20251205,QQQ,나스닥100,NAS,624.38,628.92,623.71,625.48,53614169.0
20251205,SMH,반도체ETF2,NAS,364.46,368.578,363.54,364.42,3619211.0
20251205,SOXX,반도체ETF,NAS,309.295,312.83,308.93,309.4,4338106.0
20251205,TSM,TSMC ADR,NYS,296.05,300.8,293.25,294.72,10275297.0
20251208,AVGO,브로드컴,NAS,402.48,407.285,397.4,401.1,30410550.0
20251208,MU,마이크론,NAS,243.49,249.23,241.61,246.92,20495362.0
20251208,NVDA,엔비디아,NAS,182.64,188.0,182.4,185.55,204378106.0
20251208,QQQ,나스닥100,NAS,627.21,628.84,621.69,624.28,43462406.0
20251208,SMH,반도체ETF2,NAS,368.1,370.72,365.74,368.55,4334313.0
20251208,SOXX,반도체ETF,NAS,311.925,314.0799,309.865,312.76,3620859.0
20251208,TSM,TSMC ADR,NYS,301.2,302.62,296.72,301.87,16643118.0
20251209,AVGO,브로드컴,NAS,398.745,406.93,395.51,406.29,24545964.0
20251209,MU,마이크론,NAS,244.485,255.5075,242.83,252.42,17067054.0
20251209,NVDA,엔비디아,NAS,185.56,185.7167,183.32,184.97,144719705.0
20251209,QQQ,나스닥100,NAS,623.01,625.87,621.0,625.05,37155999.0
20251209,SMH,반도체ETF2,NAS,367.035,369.5572,365.35,369.0,3173307.0
20251209,SOXX,반도체ETF,NAS,310.78,312.85,309.435,312.18,2775282.0
20251209,TSM,TSMC ADR,NYS,299.99,304.68,298.5,303.41,11349073.0
20251210,AVGO,브로드컴,NAS,402.2,414.61,399.56,412.97,31530976.0
20251210,MU,마이크론,NAS,255.13,264.75,250.58,263.71,21960704.0
20251210,NVDA,엔비디아,NAS,184.965,185.48,182.035,183.78,162785370.0
20251210,QQQ,나스닥100,NAS,623.85,629.21,620.99,627.61,55031384.0
20251210,SMH,반도체ETF2,NAS,368.91,375.59,366.93,374.1,5653318.0
20251210,SOXX,반도체ETF,NAS,312.005,317.35,310.56,316.33,5093809.0
20251210,TSM,TSMC ADR,NYS,305.37,313.98,302.5,310.14,12429150.0
20251211,AVGO,브로드컴,NAS,404.825,409.3,394.19,406.37,45681617.0
20251211,MU,마이크론,NAS,261.53,262.85,251.55,258.46,18867027.0
20251211,NVDA,엔비디아,NAS,180.275,181.32,176.62,180.93,182136641.0
20251211,QQQ,나스닥100,NAS,623.82,625.78,617.72,625.58,58272844.0
20251211,SMH,반도체ETF2,NAS,369.775,371.22,361.68,370.89,7499886.0
20251211,SOXX,반도체ETF,NAS,312.8,314.775,305.79,314.52,6504706.0
20251211,TSM,TSMC ADR,NYS,305.32,305.84,299.64,304.85,15028375.0
20251212,AVGO,브로드컴,NAS,379.96,382.0,355.15,359.93,95588458.0
20251212,MU,마이크론,NAS,255.67,255.82,239.32,241.14,25936927.0
20251212,NVDA,엔비디아,NAS,181.11,182.82,174.62,175.02,204274918.0
20251212,QQQ,나스닥100,NAS,622.08,623.54,611.36,613.62,75158726.0
20251212,SMH,반도체ETF2,NAS,366.99,367.56,352.88,354.12,12705929.0
20251212,SOXX,반도체ETF,NAS,310.8,311.6,297.96,299.48,13813631.0
20251212,TSM,TSMC ADR,NYS,304.28,304.28,290.976,292.04,19306089.0
20251215,AVGO,브로드컴,NAS,361.89,362.0,337.51,339.81,65894902.0
20251215,MU,마이크론,NAS,247.11,250.11,236.0,237.5,27483624.0
20251215,NVDA,엔비디아,NAS,177.936,178.415,175.03,176.29,164775636.0
20251215,QQQ,나스닥100,NAS,618.37,618.42,609.32,610.54,49538197.0
20251215,SMH,반도체ETF2,NAS,358.13,359.2,352.19,352.9,5605782.0
20251215,SOXX,반도체ETF,NAS,302.595,303.5,297.23,298.01,5241792.0
20251215,TSM,TSMC ADR,NYS,295.145,295.8,287.55,287.74,12082441.0
20251216,AVGO,브로드컴,NAS,336.02,347.4999,335.06,341.3,58061051.0
20251216,MU,마이크론,NAS,235.8,239.3999,230.58,232.51,22577259.0
20251216,NVDA,엔비디아,NAS,176.26,178.49,174.9,177.72,148588098.0
20251216,QQQ,나스닥100,NAS,608.26,613.51,606.9101,611.75,55152819.0
20251216,SMH,반도체ETF2,NAS,351.57,354.39,348.31,351.94,5849243.0
20251216,SOXX,반도체ETF,NAS,296.705,298.92,293.08,296.2,5850416.0
20251216,TSM,TSMC ADR,NYS,287.26,288.46,283.32,286.87,11418442.0
20251217,AVGO,브로드컴,NAS,346.61,346.61,321.42,326.02,73300901.0
20251217,MU,마이크론,NAS,236.555,237.45,221.69,225.52,41957128.0
20251217,NVDA,엔비디아,NAS,176.1,176.13,170.31,170.94,222775464.0
20251217,QQQ,나스닥100,NAS,613.06,613.65,600.28,600.41,70654327.0
20251217,SMH,반도체ETF2,NAS,352.89,352.89,338.062,339.24,10780364.0
20251217,SOXX,반도체ETF,NAS,297.32,298.18,284.43,285.23,10422049.0
20251217,TSM,TSMC ADR,NYS,288.525,289.1,275.0773,276.96,16823004.0
20251218,AVGO,브로드컴,NAS,336.0,336.025,323.63,329.88,54501918.0
20251218,MU,마이크론,NAS,256.53,263.65,245.0,248.55,65006099.0
20251218,NVDA,엔비디아,NAS,174.53,176.15,171.82,174.14,176096001.0
20251218,QQQ,나스닥100,NAS,609.8,612.93,606.92,609.11,78875824.0
20251218,SMH,반도체ETF2,NAS,350.84,352.09,345.83,347.25,8260179.0
20251218,SOXX,반도체ETF,NAS,295.72,296.96,290.835,292.04,6740393.0
20251218,TSM,TSMC ADR,NYS,285.0,287.16,281.7501,284.68,11260340.0
20251219,AVGO,브로드컴,NAS,333.335,343.45,332.5775,340.36,159095200.0
20251219,MU,마이크론,NAS,251.75,268.38,251.745,265.92,62312103.0
20251219,NVDA,엔비디아,NAS,176.665,181.45,176.34,180.99,324925927.0
20251219,QQQ,나스닥100,NAS,611.95,617.62,611.87,617.05,60369829.0
20251219,SMH,반도체ETF2,NAS,350.31,358.53,350.31,356.23,8838677.0
20251219,SOXX,반도체ETF,NAS,294.67,301.69,294.5,299.81,5074953.0
20251219,TSM,TSMC ADR,NYS,286.38,292.17,286.38,288.95,12735804.0
20251222,AVGO,브로드컴,NAS,346.03,346.24,337.22,341.45,28739578.0
20251222,MU,마이크론,NAS,277.15,279.99,268.29,276.59,30961879.0
20251222,NVDA,엔비디아,NAS,183.92,184.16,182.35,183.69,129064369.0
20251222,QQQ,나스닥100,NAS,621.35,621.65,617.77,619.21,43703101.0
20251222,SMH,반도체ETF2,NAS,362.41,362.48,357.77,359.7,4799521.0
20251222,SOXX,반도체ETF,NAS,306.725,306.938,302.55,303.84,4018973.0
20251222,TSM,TSMC ADR,NYS,294.67,295.01,291.21,293.28,6091071.0
20251223,AVGO,브로드컴,NAS,340.81,350.11,338.54,349.32,28232577.0
20251223,MU,마이크론,NAS,275.92,281.86,272.32,276.27,20767600.0
20251223,NVDA,엔비디아,NAS,182.97,189.33,182.9,189.21,174873621.0
20251223,QQQ,나스닥100,NAS,618.2,622.41,617.78,622.11,41120445.0
20251223,SMH,반도체ETF2,NAS,358.6,363.3,358.06,363.16,3542056.0
20251223,SOXX,반도체ETF,NAS,302.21,305.12,301.37,304.96,2708577.0
20251223,TSM,TSMC ADR,NYS,293.395,297.91,292.2001,296.95,6802255.0
20251224,AVGO,브로드컴,NAS,350.685,352.86,347.14,350.22,11424403.0
20251224,MU,마이크론,NAS,278.0,289.3,277.25,286.68,18592572.0
20251224,NVDA,엔비디아,NAS,187.94,188.91,186.59,188.61,65528545.0
20251224,QQQ,나스닥100,NAS,621.99,624.28,621.72,623.93,18468707.0
20251224,SMH,반도체ETF2,NAS,362.7,364.54,362.15,364.17,1640529.0
20251224,SOXX,반도체ETF,NAS,304.995,306.5,304.71,306.14,1723245.0
20251224,TSM,TSMC ADR,NYS,297.74,299.16,296.2301,298.8,2753914.0
20251226,AVGO,브로드컴,NAS,351.06,353.25,347.75,352.13,15028133.0
20251226,MU,마이크론,NAS,290.835,290.87,283.42,284.79,17878464.0
20251226,NVDA,엔비디아,NAS,189.92,192.69,188.0,190.53,139740292.0
20251226,QQQ,나스닥100,NAS,624.66,625.515,623.14,623.89,28959778.0
20251226,SMH,반도체ETF2,NAS,366.065,367.35,364.49,365.86,2921277.0
20251226,SOXX,반도체ETF,NAS,307.4,307.5399,305.29,306.04,1860929.0
20251226,TSM,TSMC ADR,NYS,299.9,303.38,298.52,302.84,5125913.0
20251229,AVGO,브로드컴,NAS,348.72,350.33,344.69,349.39,21946856.0
20251229,MU,마이크론,NAS,280.325,294.5,278.5,294.37,26642890.0
20251229,NVDA,엔비디아,NAS,187.71,188.755,185.91,188.22,120006103.0
20251229,QQQ,나스닥100,NAS,620.1,622.78,618.73,620.87,32458308.0
20251229,SMH,반도체ETF2,NAS,362.655,365.82,360.82,364.21,4874419.0
20251229,SOXX,반도체ETF,NAS,303.37,306.46,301.885,305.32,3620720.0
20251229,TSM,TSMC ADR,NYS,301.78,304.5,298.65,300.92,6205140.0
20251230,AVGO,브로드컴,NAS,349.97,352.68,349.3,349.85,16633607.0
20251230,MU,마이크론,NAS,294.7,298.83,292.01,292.63,23056391.0
20251230,NVDA,엔비디아,NAS,188.24,188.99,186.93,187.54,97687274.0
20251230,QQQ,나스닥100,NAS,619.84,622.18,619.215,619.43,31226754.0
20251230,SMH,반도체ETF2,NAS,365.16,366.24,363.07,363.31,2926998.0
20251230,SOXX,반도체ETF,NAS,306.08,307.48,304.7,304.92,2984846.0
20251230,TSM,TSMC ADR,NYS,302.36,304.55,299.45,299.58,6190570.0
20251231,AVGO,브로드컴,NAS,349.73,349.88,345.42,346.1,15346052.0
20251231,MU,마이크론,NAS,293.165,293.165,284.18,285.41,17573788.0
20251231,NVDA,엔비디아,NAS,189.57,190.56,186.49,186.5,120100484.0
20251231,QQQ,나스닥100,NAS,619.65,619.96,614.05,614.31,40746527.0
20251231,SMH,반도체ETF2,NAS,364.83,365.5684,360.07,360.13,2687316.0
20251231,SOXX,반도체ETF,NAS,305.635,306.12,301.11,301.15,2954235.0
20251231,TSM,TSMC ADR,NYS,304.0,307.39,303.43,303.89,8175079.0
20260102,AVGO,브로드컴,NAS,352.775,360.66,345.56,347.62,25398633.0
20260102,MU,마이크론,NAS,295.125,315.6,294.86,315.42,42604280.0
20260102,NVDA,엔비디아,NAS,189.835,192.9299,188.26,188.85,148240462.0
20260102,QQQ,나스닥100,NAS,620.06,622.85,610.15,613.12,61859163.0
20260102,SMH,반도체ETF2,NAS,368.95,376.335,368.835,373.3,8972358.0
20260102,SOXX,반도체ETF,NAS,308.56,315.81,308.56,313.69,8491325.0
20260102,TSM,TSMC ADR,NYS,311.98,321.59,311.7,319.61,18526908.0
20260105,AVGO,브로드컴,NAS,354.74,355.03,336.5,343.42,31136049.0
20260105,MU,마이크론,NAS,325.13,325.53,309.55,312.15,34608591.0
20260105,NVDA,엔비디아,NAS,191.76,193.63,186.15,188.12,183529733.0
20260105,QQQ,나스닥100,NAS,619.32,620.81,616.72,617.99,46828359.0
20260105,SMH,반도체ETF2,NAS,381.715,383.99,376.94,377.59,9071296.0
20260105,SOXX,반도체ETF,NAS,320.7,322.64,316.88,318.06,7923201.0
20260105,TSM,TSMC ADR,NYS,330.4,331.25,321.5,322.25,17446299.0
20260106,AVGO,브로드컴,NAS,343.6,349.05,338.0,343.77,27135526.0
20260106,MU,마이크론,NAS,318.28,344.55,318.06,343.43,48732420.0
20260106,NVDA,엔비디아,NAS,190.52,192.174,186.82,187.24,176862604.0
20260106,QQQ,나스닥100,NAS,619.23,624.0213,618.54,623.42,43137520.0
20260106,SMH,반도체ETF2,NAS,382.395,389.365,382.14,387.62,10201168.0
20260106,SOXX,반도체ETF,NAS,322.07,329.15,322.0,328.35,7579894.0
20260106,TSM,TSMC ADR,NYS,330.22,333.08,324.59,327.43,15599625.0
20260107,AVGO,브로드컴,NAS,341.7,349.7,335.88,343.5,20249259.0
20260107,MU,마이크론,NAS,340.71,346.3,337.1801,339.55,32781099.0
20260107,NVDA,엔비디아,NAS,188.57,191.37,186.56,189.11,153543174.0
20260107,QQQ,나스닥100,NAS,623.04,627.94,622.56,624.02,44880339.0
20260107,SMH,반도체ETF2,NAS,385.2,387.81,383.59,385.02,6058880.0
20260107,SOXX,반도체ETF,NAS,325.05,325.95,322.11,324.89,4528460.0
20260107,TSM,TSMC ADR,NYS,324.67,326.3,318.544,318.68,11744818.0
20260108,AVGO,브로드컴,NAS,342.78,343.68,330.5,332.48,24385175.0
20260108,MU,마이크론,NAS,342.9,343.66,321.36,327.02,33897720.0
20260108,NVDA,엔비디아,NAS,189.11,189.55,183.71,185.04,172457048.0
20260108,QQQ,나스닥100,NAS,623.03,623.42,617.8,620.47,50435941.0
20260108,SMH,반도체ETF2,NAS,384.56,384.74,375.86,378.98,5724015.0
20260108,SOXX,반도체ETF,NAS,324.19,324.19,316.4,319.58,5408327.0
20260108,TSM,TSMC ADR,NYS,324.39,324.5,316.14,318.01,10850820.0
20260109,AVGO,브로드컴,NAS,337.92,347.39,333.5,344.97,22482508.0
20260109,MU,마이크론,NAS,332.745,345.8,326.19,345.09,33387505.0
20260109,NVDA,엔비디아,NAS,185.08,186.34,183.6701,184.86,131327534.0
20260109,QQQ,나스닥100,NAS,621.41,627.89,619.06,626.65,49688734.0
20260109,SMH,반도체ETF2,NAS,382.275,390.88,380.08,389.22,6490839.0
20260109,SOXX,반도체ETF,NAS,322.8,330.67,321.11,328.78,7323053.0
20260109,TSM,TSMC ADR,NYS,319.83,324.77,318.2501,323.63,12325146.0
20260112,AVGO,브로드컴,NAS,340.95,353.9,340.95,352.21,20949634.0
20260112,MU,마이크론,NAS,340.55,348.47,339.32,345.87,23152588.0
20260112,NVDA,엔비디아,NAS,183.22,187.12,183.02,184.94,137968453.0
20260112,QQQ,나스닥100,NAS,622.31,628.845,622.26,627.17,37388651.0
20260112,SMH,반도체ETF2,NAS,385.665,391.98,385.665,390.66,5532026.0
20260112,SOXX,반도체ETF,NAS,325.695,331.38,325.53,330.35,5159571.0
20260112,TSM,TSMC ADR,NYS,322.1,333.55,321.06,331.77,12714751.0
20260113,AVGO,브로드컴,NAS,352.88,359.49,350.91,354.61,18307969.0
20260113,MU,마이크론,NAS,346.27,351.23,335.22,338.13,23881339.0
20260113,NVDA,엔비디아,NAS,184.995,188.1099,183.4,185.81,160128939.0
20260113,QQQ,나스닥100,NAS,627.27,629.47,623.695,626.24,44481380.0
20260113,SMH,반도체ETF2,NAS,392.27,396.1,390.3832,391.53,5281595.0
20260113,SOXX,반도체ETF,NAS,332.85,336.42,331.89,333.3,3835882.0
20260113,TSM,TSMC ADR,NYS,332.87,336.42,330.78,331.21,11473628.0
20260114,AVGO,브로드컴,NAS,348.97,350.69,334.4201,339.89,30094734.0
20260114,MU,마이크론,NAS,334.84,339.1,328.2,333.35,20277196.0
20260114,NVDA,엔비디아,NAS,184.32,184.46,180.8,183.14,159586135.0
20260114,QQQ,나스닥100,NAS,622.24,623.45,614.56,619.55,72598700.0
20260114,SMH,반도체ETF2,NAS,388.96,389.3406,383.81,388.35,6696503.0
20260114,SOXX,반도체ETF,NAS,331.03,331.99,327.175,331.9,5468927.0
20260114,TSM,TSMC ADR,NYS,329.86,329.86,324.82,327.11,11210830.0
20260115,AVGO,브로드컴,NAS,349.12,349.68,341.67,343.02,22218787.0
20260115,MU,마이크론,NAS,345.325,347.77,336.27,336.63,25370230.0
20260115,NVDA,엔비디아,NAS,186.5,189.7,186.33,187.05,206188642.0
20260115,QQQ,나스닥100,NAS,626.6,630.0,620.75,621.78,53934892.0
20260115,SMH,반도체ETF2,NAS,401.07,403.62,396.12,396.41,9948083.0
20260115,SOXX,반도체ETF,NAS,343.1,344.55,337.22,337.22,6531451.0
20260115,TSM,TSMC ADR,NYS,342.805,351.33,337.92,341.64,42188476.0
20260116,AVGO,브로드컴,NAS,346.265,354.51,344.05,351.71,31291206.0
20260116,MU,마이크론,NAS,353.1,365.81,352.04,362.75,47901925.0
20260116,NVDA,엔비디아,NAS,189.075,190.44,186.08,186.23,187967169.0
20260116,QQQ,나스닥100,NAS,625.5,626.08,618.88,621.26,61058094.0
20260116,SMH,반도체ETF2,NAS,402.85,405.31,398.42,400.39,5485939.0
20260116,SOXX,반도체ETF,NAS,343.505,345.41,340.22,342.47,5127307.0
20260116,TSM,TSMC ADR,NYS,346.51,349.85,341.46,342.4,18246104.0
20260120,AVGO,브로드컴,NAS,344.1,345.4,331.8,332.6,32293872.0
20260120,MU,마이크론,NAS,364.68,381.5599,361.35,365.0,49744908.0
20260120,NVDA,엔비디아,NAS,181.9,182.3786,177.61,178.07,223345257.0
20260120,QQQ,나스닥100,NAS,610.53,615.055,607.05,608.06,81988898.0
20260120,SMH,반도체ETF2,NAS,393.16,397.155,389.43,390.39,7158534.0
20260120,SOXX,반도체ETF,NAS,336.2,343.19,335.96,337.35,6232583.0
20260120,TSM,TSMC ADR,NYS,340.79,342.15,326.9,327.16,22809919.0
20260121,AVGO,브로드컴,NAS,335.505,335.8,324.2001,328.8,32006555.0
20260121,MU,마이크론,NAS,372.85,394.2,366.73,389.11,56712817.0
20260121,NVDA,엔비디아,NAS,179.05,185.379,178.4,183.32,200380959.0
20260121,QQQ,나스닥100,NAS,609.47,620.42,607.8635,616.28,79837881.0
20260121,SMH,반도체ETF2,NAS,394.75,405.88,393.37,401.93,8754595.0
20260121,SOXX,반도체ETF,NAS,341.84,351.33,340.3,348.14,7204178.0
20260121,TSM,TSMC ADR,NYS,333.43,333.64,325.68,326.12,16789752.0
20260122,AVGO,브로드컴,NAS,335.35,336.99,324.89,325.49,24275398.0
20260122,MU,마이크론,NAS,396.64,397.78,376.92,397.58,39607596.0
20260122,NVDA,엔비디아,NAS,184.75,186.17,183.93,184.84,139636626.0
20260122,QQQ,나스닥100,NAS,622.35,622.46,617.78,620.76,42254757.0
20260122,SMH,반도체ETF2,NAS,408.175,408.73,401.57,402.82,5462581.0
20260122,SOXX,반도체ETF,NAS,354.355,354.6,347.37,348.67,4661976.0
20260122,TSM,TSMC ADR,NYS,333.42,335.05,326.9,327.37,12800956.0
20260123,AVGO,브로드컴,NAS,319.3,321.99,314.11,320.05,30259482.0
20260123,MU,마이크론,NAS,397.16,412.4299,390.74,399.65,35404198.0
20260123,NVDA,엔비디아,NAS,187.5,189.6,186.8233,187.67,142748076.0
20260123,QQQ,나스닥100,NAS,619.73,625.3999,618.65,622.72,43645825.0
20260123,SMH,반도체ETF2,NAS,400.5,403.0887,397.53,400.09,5869514.0
20260123,SOXX,반도체ETF,NAS,346.39,348.03,342.17,344.71,4335863.0
20260123,TSM,TSMC ADR,NYS,332.07,337.15,331.3701,334.87,12904448.0
20260126,AVGO,브로드컴,NAS,319.8,328.68,317.6,324.85,25006396.0
20260126,MU,마이크론,NAS,395.5,398.0,384.3,389.09,29193925.0
20260126,NVDA,엔비디아,NAS,187.16,189.12,185.99,186.47,124799649.0
20260126,QQQ,나스닥100,NAS,623.21,627.61,622.12,625.46,35983008.0
20260126,SMH,반도체ETF2,NAS,398.4,400.74,396.22,398.82,4326866.0
20260126,SOXX,반도체ETF,NAS,343.29,345.5,341.13,343.07,4458743.0
20260126,TSM,TSMC ADR,NYS,332.79,335.1,330.23,332.71,8646389.0
20260127,AVGO,브로드컴,NAS,329.76,334.76,327.02,332.79,25537634.0
20260127,MU,마이크론,NAS,404.61,416.4499,399.6,410.24,36212062.0
20260127,NVDA,엔비디아,NAS,187.24,190.0,185.7,188.52,143711557.0
20260127,QQQ,나스닥100,NAS,628.91,632.0427,627.34,631.13,38997212.0
20260127,SMH,반도체ETF2,NAS,403.9,409.39,402.205,407.25,6145564.0
20260127,SOXX,반도체ETF,NAS,348.16,353.2,346.65,351.08,5293550.0
20260127,TSM,TSMC ADR,NYS,336.5,341.25,334.56,338.34,11298113.0
20260128,AVGO,브로드컴,NAS,338.85,339.99,326.7,333.24,23001670.0
20260128,MU,마이크론,NAS,422.435,438.94,417.0,435.28,42725675.0
20260128,NVDA,엔비디아,NAS,191.27,192.35,189.84,191.52,148552677.0
20260128,QQQ,나스닥100,NAS,635.46,636.6,631.81,633.22,50691691.0
20260128,SMH,반도체ETF2,NAS,415.34,418.49,413.1322,416.63,7641913.0
20260128,SOXX,반도체ETF,NAS,358.53,362.04,356.715,360.46,5364042.0
20260128,TSM,TSMC ADR,NYS,343.03,345.5,338.66,342.3,12140053.0
20260129,AVGO,브로드컴,NAS,332.56,335.95,320.28,330.73,20447467.0
20260129,MU,마이크론,NAS,439.37,444.71,417.7,435.79,42675710.0
20260129,NVDA,엔비디아,NAS,191.34,193.48,186.06,192.51,171764375.0
20260129,QQQ,나스닥100,NAS,632.65,633.67,618.27,629.43,79944047.0
20260129,SMH,반도체ETF2,NAS,417.44,420.6,403.17,417.52,9352480.0
20260129,SOXX,반도체ETF,NAS,361.18,363.8,347.72,361.13,8446174.0
20260129,TSM,TSMC ADR,NYS,339.8,343.74,328.2,339.55,13844752.0
20260130,AVGO,브로드컴,NAS,332.44,338.2,328.33,331.3,28313039.0
20260130,MU,마이크론,NAS,446.465,455.5,407.13,414.88,51022881.0
20260130,NVDA,엔비디아,NAS,191.21,194.49,189.47,191.13,179489463.0
20260130,QQQ,나스닥100,NAS,625.71,628.256,619.2975,621.87,65650714.0
20260130,SMH,반도체ETF2,NAS,411.28,416.64,400.5754,403.46,9029033.0
20260130,SOXX,반도체ETF,NAS,356.0,360.19,343.71,346.3,8719085.0
20260130,TSM,TSMC ADR,NYS,335.42,339.9,329.1,330.56,12028080.0
20260202,AVGO,브로드컴,NAS,326.11,336.055,325.75,331.11,17278166.0
20260202,MU,마이크론,NAS,412.18,442.43,410.0,437.8,37771237.0
20260202,NVDA,엔비디아,NAS,187.2,190.3,184.88,185.61,165794054.0
20260202,QQQ,나스닥100,NAS,618.7,628.49,618.66,626.14,49020292.0
20260202,SMH,반도체ETF2,NAS,398.86,412.04,398.43,407.97,5946327.0
20260202,SOXX,반도체ETF,NAS,342.37,356.11,341.9,352.69,7758021.0
20260202,TSM,TSMC ADR,NYS,330.755,344.2,329.1,341.36,12459096.0
20260203,AVGO,브로드컴,NAS,336.74,338.9,308.65,320.33,36914779.0
20260203,MU,마이크론,NAS,442.16,442.3,407.53,419.44,42763289.0
20260203,NVDA,엔비디아,NAS,186.24,186.27,176.23,180.34,204019589.0
20260203,QQQ,나스닥100,NAS,628.3,629.98,610.96,616.52,81233969.0
20260203,SMH,반도체ETF2,NAS,411.03,412.58,390.52,397.68,12188626.0
20260203,SOXX,반도체ETF,NAS,355.905,357.12,338.09,345.64,8371172.0
20260203,TSM,TSMC ADR,NYS,345.07,347.0475,330.02,335.75,12540016.0
20260204,AVGO,브로드컴,NAS,319.51,319.51,295.3,308.05,43330322.0
20260204,MU,마이크론,NAS,410.59,413.0,363.901,379.4,58074935.0
20260204,NVDA,엔비디아,NAS,179.46,179.58,171.91,174.19,207014116.0
20260204,QQQ,나스닥100,NAS,615.02,615.1,600.47,605.75,81850748.0
20260204,SMH,반도체ETF2,NAS,394.67,396.7106,374.24,382.02,16908468.0
20260204,SOXX,반도체ETF,NAS,342.18,345.39,323.33,330.38,15231365.0
20260204,TSM,TSMC ADR,NYS,335.6,338.8,319.07,325.74,18175958.0
20260205,AVGO,브로드컴,NAS,314.335,326.53,306.7001,310.51,42775810.0
20260205,MU,마이크론,NAS,369.62,390.93,366.0,382.89,38899485.0
20260205,NVDA,엔비디아,NAS,174.925,176.815,171.03,171.88,206312890.0
20260205,QQQ,나스닥100,NAS,600.21,604.81,594.76,597.03,89354492.0
20260205,SMH,반도체ETF2,NAS,379.14,388.08,375.5609,381.07,12007770.0
20260205,SOXX,반도체ETF,NAS,326.54,335.47,324.04,330.83,10406541.0
20260205,TSM,TSMC ADR,NYS,322.82,334.57,319.65,330.73,14812040.0
20260206,AVGO,브로드컴,NAS,320.1,335.0,316.3,332.92,33003432.0
20260206,MU,마이크론,NAS,377.965,396.65,372.8726,394.69,37196006.0
20260206,NVDA,엔비디아,NAS,176.69,187.0,174.6,185.41,231346241.0
20260206,QQQ,나스닥100,NAS,600.19,611.41,598.77,609.65,78019338.0
20260206,SMH,반도체ETF2,NAS,389.2,403.08,387.19,401.65,13460264.0
20260206,SOXX,반도체ETF,NAS,337.395,349.56,335.87,348.51,9096100.0
20260206,TSM,TSMC ADR,NYS,337.5,349.72,336.65,348.85,17025523.0
20260209,AVGO,브로드컴,NAS,330.77,352.34,330.65,343.94,30091014.0
20260209,MU,마이크론,NAS,380.69,391.8099,370.68,383.5,31009558.0
20260209,NVDA,엔비디아,NAS,184.26,193.66,183.95,190.04,196387351.0
20260209,QQQ,나스닥100,NAS,607.54,616.46,605.07,614.32,56797557.0
20260209,SMH,반도체ETF2,NAS,398.91,409.69,397.0,406.65,5915243.0
20260209,SOXX,반도체ETF,NAS,344.84,354.74,343.88,352.77,7091409.0
20260209,TSM,TSMC ADR,NYS,348.76,359.6,347.8,355.41,14594922.0
20260210,AVGO,브로드컴,NAS,347.47,348.01,339.84,340.44,19542682.0
20260210,MU,마이크론,NAS,375.99,382.79,366.06,373.25,35433808.0
20260210,NVDA,엔비디아,NAS,191.38,192.48,188.12,188.54,136764825.0
20260210,QQQ,나스닥100,NAS,615.305,617.02,611.01,611.47,53938859.0
20260210,SMH,반도체ETF2,NAS,408.18,408.8,401.83,404.76,5645261.0
20260210,SOXX,반도체ETF,NAS,353.52,355.04,348.12,351.43,6252387.0
20260210,TSM,TSMC ADR,NYS,364.33,364.7613,356.39,361.91,14622132.0
20260211,AVGO,브로드컴,NAS,346.8,347.2,333.74,342.76,17004712.0
20260211,MU,마이크론,NAS,395.385,414.16,386.57,410.34,48474994.0
20260211,NVDA,엔비디아,NAS,192.45,193.26,188.77,190.05,144192685.0
20260211,QQQ,나스닥100,NAS,616.38,617.52,607.69,613.11,58575101.0
20260211,SMH,반도체ETF2,NAS,413.835,418.08,406.36,414.78,6211177.0
20260211,SOXX,반도체ETF,NAS,358.815,362.28,351.4,360.2,7497024.0
20260211,TSM,TSMC ADR,NYS,370.075,379.58,368.39,374.09,18651340.0
20260212,AVGO,브로드컴,NAS,343.83,346.2881,329.56,331.17,22007269.0
20260212,MU,마이크론,NAS,422.25,438.77,411.1648,413.97,45639117.0
20260212,NVDA,엔비디아,NAS,193.03,193.61,186.51,186.94,189932491.0
20260212,QQQ,나스닥100,NAS,614.71,615.81,599.5699,600.64,81378903.0
20260212,SMH,반도체ETF2,NAS,418.33,420.0392,405.28,406.11,7379088.0
20260212,SOXX,반도체ETF,NAS,363.455,365.38,351.05,351.5,9487983.0
20260212,TSM,TSMC ADR,NYS,379.0,380.0,322.1,368.1,16835434.0
20260213,AVGO,브로드컴,NAS,329.85,334.32,324.69,325.17,18397161.0
20260213,MU,마이크론,NAS,405.19,420.88,392.71,411.66,33807586.0
20260213,NVDA,엔비디아,NAS,187.475,187.5,181.59,182.81,161888021.0
20260213,QQQ,나스닥100,NAS,600.43,606.48,596.42,601.92,69237547.0
20260213,SMH,반도체ETF2,NAS,408.15,412.07,402.49,407.72,6481565.0
20260213,SOXX,반도체ETF,NAS,352.8,357.61,348.675,354.66,5963039.0
20260213,TSM,TSMC ADR,NYS,369.15,371.1099,360.77,366.36,10468150.0
20260217,AVGO,브로드컴,NAS,319.675,335.75,316.31,332.54,23469727.0
20260217,MU,마이크론,NAS,400.95,413.66,395.3,399.78,28549505.0
20260217,NVDA,엔비디아,NAS,181.75,187.15,179.18,184.97,162276860.0
20260217,QQQ,나스닥100,NAS,598.375,603.95,593.34,601.3,69013763.0
20260217,SMH,반도체ETF2,NAS,402.705,410.87,397.77,407.51,7312702.0
20260217,SOXX,반도체ETF,NAS,349.805,357.1,345.32,354.1,4068938.0
20260217,TSM,TSMC ADR,NYS,361.865,366.2,356.24,364.2,10063802.0
20260218,AVGO,브로드컴,NAS,329.52,337.88,327.23,333.51,13565299.0
20260218,MU,마이크론,NAS,399.5,427.85,394.6,420.95,32306578.0
20260218,NVDA,엔비디아,NAS,188.75,190.37,186.76,187.98,164749125.0
20260218,QQQ,나스닥100,NAS,602.11,609.771,600.72,605.79,64250668.0
20260218,SMH,반도체ETF2,NAS,411.44,417.04,408.715,412.55,5839869.0
20260218,SOXX,반도체ETF,NAS,355.815,361.665,353.6,357.92,5681203.0
20260218,TSM,TSMC ADR,NYS,363.86,369.3899,360.71,362.26,7310453.0
20260219,AVGO,브로드컴,NAS,333.01,338.44,329.68,333.99,15180877.0
20260219,MU,마이크론,NAS,415.81,420.315,407.74,417.35,21651264.0
20260219,NVDA,엔비디아,NAS,187.055,188.43,185.66,187.9,126554526.0
20260219,QQQ,나스닥100,NAS,602.81,605.815,600.75,603.47,60960839.0
20260219,SMH,반도체ETF2,NAS,408.71,411.0,405.56,410.2,4056441.0
20260219,SOXX,반도체ETF,NAS,354.175,356.32,351.77,355.84,5576424.0
20260219,TSM,TSMC ADR,NYS,359.72,362.8,357.44,360.39,6346478.0
20260220,AVGO,브로드컴,NAS,332.355,340.11,329.58,332.65,17658930.0
20260220,MU,마이크론,NAS,415.18,430.57,415.15,428.17,29894907.0
20260220,NVDA,엔비디아,NAS,186.57,190.33,185.9378,189.82,178422337.0
20260220,QQQ,나스닥100,NAS,600.12,610.35,599.23,608.81,74127323.0
20260220,SMH,반도체ETF2,NAS,407.655,416.83,407.18,415.03,5715805.0
20260220,SOXX,반도체ETF,NAS,353.59,361.33,352.8,359.43,6013593.0
20260220,TSM,TSMC ADR,NYS,359.78,372.2,359.1,370.54,9009239.0
20260223,AVGO,브로드컴,NAS,332.25,338.5,325.32,330.34,16472389.0
20260223,MU,마이크론,NAS,422.31,431.695,415.3001,420.97,25426639.0
20260223,NVDA,엔비디아,NAS,191.4,193.95,189.575,191.55,171584839.0
20260223,QQQ,나스닥100,NAS,606.605,608.01,599.05,601.41,63859111.0
20260223,SMH,반도체ETF2,NAS,413.57,417.6999,409.275,412.88,5842756.0
20260223,SOXX,반도체ETF,NAS,357.57,360.38,352.85,356.82,6339757.0
20260223,TSM,TSMC ADR,NYS,367.01,373.4299,366.46,370.04,9550221.0
20260224,AVGO,브로드컴,NAS,322.54,328.305,314.45,325.49,23614368.0
20260224,MU,마이크론,NAS,429.22,436.27,411.28,418.01,33389161.0
20260224,NVDA,엔비디아,NAS,191.49,193.77,187.4,192.85,175123602.0
20260224,QQQ,나스닥100,NAS,602.4,608.99,599.73,607.87,55023732.0
20260224,SMH,반도체ETF2,NAS,417.215,421.67,411.67,419.16,7828860.0
20260224,SOXX,반도체ETF,NAS,361.6,364.74,358.04,362.04,6205967.0
20260224,TSM,TSMC ADR,NYS,379.4,389.18,376.05,385.75,13269457.0
20260225,AVGO,브로드컴,NAS,330.74,335.91,329.28,332.31,20182314.0
20260225,MU,마이크론,NAS,426.5,436.8899,423.0,429.0,27296338.0
20260225,NVDA,엔비디아,NAS,194.45,197.6299,193.79,195.56,250637102.0
20260225,QQQ,나스닥100,NAS,611.07,616.83,611.0,616.68,55710653.0
20260225,SMH,반도체ETF2,NAS,424.345,427.94,423.68,426.16,7714452.0
20260225,SOXX,반도체ETF,NAS,366.195,368.82,365.51,368.0,4539919.0
20260225,TSM,TSMC ADR,NYS,390.205,390.205,384.83,387.73,10948404.0
20260226,AVGO,브로드컴,NAS,326.5,326.575,307.93,321.7,33025280.0
20260226,MU,마이크론,NAS,424.84,434.0,401.96,415.56,35433455.0
20260226,NVDA,엔비디아,NAS,194.27,194.29,184.315,184.89,360807907.0
20260226,QQQ,나스닥100,NAS,615.59,615.59,603.98,609.24,96178870.0
20260226,SMH,반도체ETF2,NAS,423.72,423.72,405.56,412.01,14811315.0
20260226,SOXX,반도체ETF,NAS,366.38,366.48,350.41,356.8,13329095.0
20260226,TSM,TSMC ADR,NYS,386.18,386.4746,369.7,376.81,14535745.0
20260227,AVGO,브로드컴,NAS,310.7,320.0,310.0,319.55,28004177.0
20260227,MU,마이크론,NAS,401.81,417.96,401.1818,412.37,28653878.0
20260227,NVDA,엔비디아,NAS,181.25,182.59,176.38,177.19,311636494.0
20260227,QQQ,나스닥100,NAS,602.98,608.32,602.19,607.29,68125196.0
20260227,SMH,반도체ETF2,NAS,403.26,409.24,401.88,406.37,9049053.0
20260227,SOXX,반도체ETF,NAS,349.6,354.03,348.34,352.29,6250166.0
20260227,TSM,TSMC ADR,NYS,370.14,376.68,368.62,374.58,9186555.0
20260302,AVGO,브로드컴,NAS,309.36,320.04,307.2,318.82,20567227.0
20260302,MU,마이크론,NAS,401.47,417.61,397.0,412.67,30049197.0
20260302,NVDA,엔비디아,NAS,175.01,183.46,174.64,182.48,209095331.0
20260302,QQQ,나스닥100,NAS,598.86,609.92,597.99,608.09,75264644.0
20260302,SMH,반도체ETF2,NAS,397.25,407.36,396.92,406.39,11490174.0
20260302,SOXX,반도체ETF,NAS,343.79,352.33,343.34,352.05,7284006.0
20260302,TSM,TSMC ADR,NYS,365.36,373.1,364.65,369.11,12571595.0
20260303,AVGO,브로드컴,NAS,313.0,315.88,307.4,313.84,20826179.0
20260303,MU,마이크론,NAS,386.55,390.09,374.55,379.68,39010902.0
20260303,NVDA,엔비디아,NAS,178.49,180.9,176.92,180.05,178099430.0
20260303,QQQ,나스닥100,NAS,596.33,603.96,591.87,601.58,97015532.0
20260303,SMH,반도체ETF2,NAS,391.36,394.54,385.93,391.06,13768923.0
20260303,SOXX,반도체ETF,NAS,338.09,339.31,330.89,334.78,17946093.0
20260303,TSM,TSMC ADR,NYS,349.55,355.98,344.14,353.13,18580214.0
20260304,AVGO,브로드컴,NAS,315.68,322.64,311.74,317.53,34895801.0
20260304,MU,마이크론,NAS,393.635,407.88,387.6089,400.77,32644899.0
20260304,NVDA,엔비디아,NAS,180.44,184.7,180.06,183.04,177731198.0
20260304,QQQ,나스닥100,NAS,604.16,612.88,603.43,610.75,70943888.0
20260304,SMH,반도체ETF2,NAS,396.25,401.23,393.1,399.1,8767199.0
20260304,SOXX,반도체ETF,NAS,339.96,343.81,336.79,341.54,10649868.0
20260304,TSM,TSMC ADR,NYS,357.43,361.09,354.55,357.44,12131052.0
20260305,AVGO,브로드컴,NAS,330.175,336.12,323.03,332.77,57076634.0
20260305,MU,마이크론,NAS,398.6,404.53,380.3,397.05,29960060.0
20260305,NVDA,엔비디아,NAS,181.17,184.06,177.88,183.34,198779729.0
20260305,QQQ,나스닥100,NAS,607.4,612.76,602.26,608.91,89602407.0
20260305,SMH,반도체ETF2,NAS,396.06,401.11,386.75,395.35,11793743.0
20260305,SOXX,반도체ETF,NAS,338.9,343.72,330.57,337.76,7239331.0
20260305,TSM,TSMC ADR,NYS,354.9,359.47,343.8,353.86,16249803.0
20260306,AVGO,브로드컴,NAS,328.28,343.51,327.404,330.48,39152159.0
20260306,MU,마이크론,NAS,380.14,391.1799,367.45,370.3,34458784.0
20260306,NVDA,엔비디아,NAS,179.84,182.7561,176.8201,177.82,189021949.0
20260306,QQQ,나스닥100,NAS,600.31,606.0,598.33,599.75,86302307.0
20260306,SMH,반도체ETF2,NAS,384.97,392.67,378.53,380.56,12423222.0
20260306,SOXX,반도체ETF,NAS,328.4,335.04,321.49,323.51,8733675.0
20260306,TSM,TSMC ADR,NYS,343.5,348.7199,336.69,338.89,13803038.0
20260309,AVGO,브로드컴,NAS,327.25,348.49,323.6101,345.75,40605821.0
20260309,MU,마이크론,NAS,363.96,390.0,357.67,389.32,35547220.0
20260309,NVDA,엔비디아,NAS,176.83,182.91,175.56,182.65,177213588.0
20260309,QQQ,나스닥100,NAS,594.225,609.27,591.33,607.76,93068170.0
20260309,SMH,반도체ETF2,NAS,375.76,395.36,374.1601,394.37,16338100.0
20260309,SOXX,반도체ETF,NAS,318.31,337.17,316.22,336.37,9824632.0
20260309,TSM,TSMC ADR,NYS,335.6,349.4,331.92,348.7,19182765.0
20260310,AVGO,브로드컴,NAS,348.73,353.14,340.8,342.58,29531698.0
20260310,MU,마이크론,NAS,394.01,415.31,393.64,403.11,33745433.0
20260310,NVDA,엔비디아,NAS,182.4,186.44,182.01,184.77,179118528.0
20260310,QQQ,나스닥100,NAS,607.78,613.29,605.42,607.77,64078867.0
20260310,SMH,반도체ETF2,NAS,394.0,403.88,394.0,397.33,13687716.0
20260310,SOXX,반도체ETF,NAS,336.31,345.56,336.31,338.81,7470989.0
20260310,TSM,TSMC ADR,NYS,348.47,353.5,344.31,347.09,12985620.0
20260311,AVGO,브로드컴,NAS,342.59,345.81,338.22,341.57,20104102.0
20260311,MU,마이크론,NAS,410.77,422.75,405.79,418.69,30191430.0
20260311,NVDA,엔비디아,NAS,185.91,187.62,184.45,186.03,145280386.0
20260311,QQQ,나스닥100,NAS,608.95,612.43,605.03,607.69,60114800.0
20260311,SMH,반도체ETF2,NAS,400.01,404.39,398.69,401.03,6024928.0
20260311,SOXX,반도체ETF,NAS,340.5,345.4,340.45,342.09,6215113.0
20260311,TSM,TSMC ADR,NYS,353.93,357.35,350.3601,354.56,10683279.0
20260312,AVGO,브로드컴,NAS,337.74,339.83,332.2,335.97,21982746.0
20260312,MU,마이크론,NAS,409.995,413.73,396.665,405.35,31720873.0
20260312,NVDA,엔비디아,NAS,184.05,184.94,181.75,183.14,155762663.0
20260312,QQQ,나스닥100,NAS,602.76,604.14,597.05,597.26,71836629.0
20260312,SMH,반도체ETF2,NAS,395.46,396.06,386.74,388.13,9845227.0
20260312,SOXX,반도체ETF,NAS,337.34,337.55,328.64,330.19,8008148.0
20260312,TSM,TSMC ADR,NYS,345.93,346.89,336.38,336.71,17549421.0
20260313,AVGO,브로드컴,NAS,337.68,338.32,321.43,322.16,34724950.0
20260313,MU,마이크론,NAS,413.75,429.35,413.0,426.13,39260990.0
20260313,NVDA,엔비디아,NAS,184.92,186.09,179.94,180.25,160988424.0
20260313,QQQ,나스닥100,NAS,599.73,603.5999,592.57,593.72,63145490.0
20260313,SMH,반도체ETF2,NAS,392.32,396.33,386.07,387.33,7636079.0
20260313,SOXX,반도체ETF,NAS,333.875,338.4,329.79,331.32,6450826.0
20260313,TSM,TSMC ADR,NYS,343.92,344.5169,336.22,338.31,17299921.0
20260316,AVGO,브로드컴,NAS,326.02,329.2,320.06,324.92,31363086.0
20260316,MU,마이크론,NAS,446.16,454.86,437.745,441.8,43067574.0
20260316,NVDA,엔비디아,NAS,182.97,188.88,181.41,183.22,217307380.0
20260316,QQQ,나스닥100,NAS,600.04,603.86,599.11,600.38,49077155.0
20260316,SMH,반도체ETF2,NAS,395.14,399.48,392.64,393.92,10317560.0
20260316,SOXX,반도체ETF,NAS,338.89,342.04,336.32,337.83,8018169.0
20260316,TSM,TSMC ADR,NYS,341.25,344.63,339.82,340.23,11123540.0
20260317,AVGO,브로드컴,NAS,325.76,327.44,317.25,321.31,38026497.0
20260317,MU,마이크론,NAS,452.535,462.7299,445.1401,461.69,43017891.0
20260317,NVDA,엔비디아,NAS,185.06,185.4,181.6804,181.93,182497757.0
20260317,QQQ,나스닥100,NAS,603.14,605.9,601.87,603.31,47106607.0
20260317,SMH,반도체ETF2,NAS,397.155,397.61,393.22,396.88,6646252.0
20260317,SOXX,반도체ETF,NAS,340.56,341.16,336.79,340.25,4472077.0
20260317,TSM,TSMC ADR,NYS,340.6,346.76,338.4,345.98,11434604.0
20260318,AVGO,브로드컴,NAS,320.425,325.44,315.55,315.93,25460596.0
20260318,MU,마이크론,NAS,464.76,471.34,458.3,461.73,58973662.0
20260318,NVDA,엔비디아,NAS,182.48,183.38,180.33,180.4,156683136.0
20260318,QQQ,나스닥100,NAS,601.49,603.16,594.56,594.9,56127962.0
20260318,SMH,반도체ETF2,NAS,396.96,399.69,393.47,393.67,8372417.0
20260318,SOXX,반도체ETF,NAS,340.525,343.44,338.29,338.29,6363909.0
20260318,TSM,TSMC ADR,NYS,345.775,347.95,339.335,339.57,12632625.0
20260319,AVGO,브로드컴,NAS,312.47,323.27,308.51,319.84,23524816.0
20260319,MU,마이크론,NAS,424.97,457.22,421.11,444.27,74591901.0
20260319,NVDA,엔비디아,NAS,178.01,179.98,175.785,178.56,170968527.0
20260319,QQQ,나스닥100,NAS,589.51,595.8,587.08,593.02,75597578.0
20260319,SMH,반도체ETF2,NAS,384.0,397.53,381.44,394.92,12674826.0
20260319,SOXX,반도체ETF,NAS,328.76,342.77,326.76,340.2,8292080.0
20260319,TSM,TSMC ADR,NYS,329.22,339.9,325.19,338.79,15411566.0
20260320,AVGO,브로드컴,NAS,320.12,321.51,309.92,310.51,43325937.0
20260320,MU,마이크론,NAS,443.915,449.1,415.3601,422.9,64224943.0
20260320,NVDA,엔비디아,NAS,178.0,178.26,171.72,172.7,241323528.0
20260320,QQQ,나스닥100,NAS,591.06,591.17,578.54,582.06,91964677.0
20260320,SMH,반도체ETF2,NAS,394.11,395.73,380.87,384.74,12846845.0
20260320,SOXX,반도체ETF,NAS,339.71,341.25,327.94,332.51,9441265.0
20260320,TSM,TSMC ADR,NYS,336.68,337.6,325.9,329.24,17424155.0
20260323,AVGO,브로드컴,NAS,318.0,326.48,314.93,322.51,27369188.0
20260323,MU,마이크론,NAS,426.145,444.27,401.52,404.35,54807325.0
20260323,NVDA,엔비디아,NAS,177.255,178.37,174.76,175.64,182836294.0
20260323,QQQ,나스닥100,NAS,590.52,595.08,585.96,588.0,89936118.0
20260323,SMH,반도체ETF2,NAS,393.36,399.28,389.44,391.36,12742293.0
20260323,SOXX,반도체ETF,NAS,340.115,344.93,335.12,336.59,8151040.0
20260323,TSM,TSMC ADR,NYS,331.1,343.41,331.1,338.45,15857233.0
20260324,AVGO,브로드컴,NAS,320.0,324.3999,314.84,318.29,19799006.0
20260324,MU,마이크론,NAS,401.28,404.98,388.91,395.53,44975061.0
20260324,NVDA,엔비디아,NAS,174.83,176.22,173.98,175.2,147667844.0
20260324,QQQ,나스닥100,NAS,584.81,587.93,581.93,583.98,57750895.0
20260324,SMH,반도체ETF2,NAS,388.03,396.88,387.62,394.59,6177166.0
20260324,SOXX,반도체ETF,NAS,333.79,343.22,333.62,341.02,5287512.0
20260324,TSM,TSMC ADR,NYS,335.57,344.88,334.02,343.25,9725008.0
20260325,AVGO,브로드컴,NAS,322.59,324.3,316.719,318.81,19899988.0
20260325,MU,마이크론,NAS,383.0,388.92,371.381,382.09,55328681.0
20260325,NVDA,엔비디아,NAS,177.1,181.22,176.85,178.68,162602054.0
20260325,QQQ,나스닥100,NAS,589.14,591.37,585.69,587.82,60475491.0
20260325,SMH,반도체ETF2,NAS,398.355,402.5,395.74,399.02,7388665.0
20260325,SOXX,반도체ETF,NAS,344.17,347.68,342.14,345.25,5868985.0
20260325,TSM,TSMC ADR,NYS,346.0,350.445,343.5,347.75,12166926.0
20260326,AVGO,브로드컴,NAS,314.02,316.92,309.17,309.415,20343712.0
20260326,MU,마이크론,NAS,370.02,374.25,350.0,355.46,54515896.0
20260326,NVDA,엔비디아,NAS,176.07,176.51,171.14,171.24,186152232.0
20260326,QQQ,나스닥100,NAS,582.6,584.63,573.43,573.79,81492124.0
20260326,SMH,반도체ETF2,NAS,391.92,392.68,380.3,380.84,14806234.0
20260326,SOXX,반도체ETF,NAS,339.45,339.885,328.52,328.85,10172448.0
20260326,TSM,TSMC ADR,NYS,339.82,340.91,325.37,326.11,14560166.0
20260327,AVGO,브로드컴,NAS,307.06,307.5,298.87,300.68,23593929.0
20260327,MU,마이크론,NAS,359.86,368.7,354.0601,357.22,45806655.0
20260327,NVDA,엔비디아,NAS,170.0,170.97,167.01,167.52,196212684.0
20260327,QQQ,나스닥100,NAS,570.81,571.02,561.57,562.58,82702240.0
20260327,SMH,반도체ETF2,NAS,377.79,381.309,373.01,374.25,11811407.0
20260327,SOXX,반도체ETF,NAS,326.84,329.95,322.16,323.48,6334798.0
20260327,TSM,TSMC ADR,NYS,324.83,329.56,322.3101,326.74,14484511.0
20260330,AVGO,브로드컴,NAS,300.87,304.77,289.96,293.41,28054452.0
20260330,MU,마이크론,NAS,362.66,362.81,318.4,321.8,73833238.0
20260330,NVDA,엔비디아,NAS,168.78,169.45,164.27,165.17,185626992.0
20260330,QQQ,나스닥100,NAS,567.38,568.05,555.6,558.28,70602622.0
20260330,SMH,반도체ETF2,NAS,377.615,379.24,359.862,362.53,12198183.0
20260330,SOXX,반도체ETF,NAS,326.75,327.63,307.255,309.79,13204840.0
20260330,TSM,TSMC ADR,NYS,327.2,329.6,313.8,316.5,15739952.0
20260331,AVGO,브로드컴,NAS,299.39,310.31,296.335,309.51,29289516.0
20260331,MU,마이크론,NAS,321.67,337.84,311.49,337.84,73551844.0
20260331,NVDA,엔비디아,NAS,166.97,174.62,166.96,174.4,226181301.0
20260331,QQQ,나스닥100,NAS,564.29,578.64,564.21,577.18,95877997.0
20260331,SMH,반도체ETF2,NAS,368.735,383.5,368.1,383.4,13834948.0
20260331,SOXX,반도체ETF,NAS,315.595,329.18,314.88,328.66,14036482.0
20260331,TSM,TSMC ADR,NYS,322.31,338.41,321.1437,337.95,18487992.0
20260401,AVGO,브로드컴,NAS,313.365,315.79,310.48,313.49,19171020.0
20260401,MU,마이크론,NAS,348.905,377.8899,343.0,367.85,74429797.0
20260401,NVDA,엔비디아,NAS,176.0,177.37,174.75,175.75,168132005.0
20260401,QQQ,나스닥100,NAS,581.48,587.739,580.42,584.31,79435132.0
20260401,SMH,반도체ETF2,NAS,388.255,396.63,386.38,391.97,10805350.0
20260401,SOXX,반도체ETF,NAS,333.49,342.65,332.35,338.54,10130816.0
20260401,TSM,TSMC ADR,NYS,343.9,348.68,339.75,341.49,15011626.0
20260402,AVGO,브로드컴,NAS,304.49,314.69,301.7485,314.55,14021076.0
20260402,MU,마이크론,NAS,341.34,366.9399,340.2,366.24,51498685.0
20260402,NVDA,엔비디아,NAS,172.18,177.49,171.37,177.39,143143157.0
20260402,QQQ,나스닥100,NAS,573.97,586.05,571.92,584.98,50941709.0
20260402,SMH,반도체ETF2,NAS,378.07,393.5,378.0009,392.32,8505833.0
20260402,SOXX,반도체ETF,NAS,325.11,340.39,325.03,339.61,6521003.0
20260402,TSM,TSMC ADR,NYS,326.84,342.07,326.8,339.04,8994644.0
20260406,AVGO,브로드컴,NAS,315.06,316.4,310.28,314.43,12111344.0
20260406,MU,마이크론,NAS,373.8,385.0768,370.61,377.76,41414860.0
20260406,NVDA,엔비디아,NAS,177.155,177.79,175.76,177.64,107564279.0
20260406,QQQ,나스닥100,NAS,586.23,590.61,584.69,588.5,35108496.0
20260406,SMH,반도체ETF2,NAS,393.745,397.1,391.9,395.98,4186120.0
20260406,SOXX,반도체ETF,NAS,341.52,345.77,339.92,344.1,3105036.0
20260406,TSM,TSMC ADR,NYS,339.75,344.2,338.62,341.76,5884800.0
20260407,AVGO,브로드컴,NAS,326.73,334.15,321.8,333.97,33310926.0
20260407,MU,마이크론,NAS,374.125,379.2499,364.1,377.58,40224123.0
20260407,NVDA,엔비디아,NAS,175.725,178.23,173.66,178.1,132534902.0
20260407,QQQ,나스닥100,NAS,585.64,588.98,578.4001,588.59,49948195.0
20260407,SMH,반도체ETF2,NAS,394.71,400.09,389.64,399.9,6672538.0
20260407,SOXX,반도체ETF,NAS,343.035,347.94,338.47,347.76,4025969.0
20260407,TSM,TSMC ADR,NYS,339.44,345.53,335.6501,345.32,6823530.0
20260408,AVGO,브로드컴,NAS,351.75,354.14,342.53,350.63,31573114.0
20260408,MU,마이크론,NAS,415.13,416.0,398.88,406.73,49216633.0
20260408,NVDA,엔비디아,NAS,184.5,185.26,180.3,182.08,147732686.0
20260408,QQQ,나스닥100,NAS,608.71,609.9,602.12,606.09,63085996.0
20260408,SMH,반도체ETF2,NAS,423.16,424.99,414.99,422.92,10184264.0
20260408,SOXX,반도체ETF,NAS,367.89,371.15,362.13,370.4,9868722.0
20260408,TSM,TSMC ADR,NYS,370.29,374.3,359.235,365.9,16356897.0
20260409,AVGO,브로드컴,NAS,352.3,358.7,351.5,354.91,20514938.0
20260409,MU,마이크론,NAS,407.61,423.94,398.44,421.51,43100965.0
20260409,NVDA,엔비디아,NAS,181.84,184.08,180.62,183.91,116428523.0
20260409,QQQ,나스닥100,NAS,605.93,610.5,603.03,610.19,37837538.0
20260409,SMH,반도체ETF2,NAS,423.17,430.65,422.63,430.31,6018201.0
20260409,SOXX,반도체ETF,NAS,371.295,378.95,371.295,378.63,6036659.0
20260409,TSM,TSMC ADR,NYS,363.3,368.17,360.72,365.49,9245955.0
20260410,AVGO,브로드컴,NAS,360.94,376.55,360.82,371.55,29958080.0
20260410,MU,마이크론,NAS,420.29,423.86,410.05,420.59,36377568.0
20260410,NVDA,엔비디아,NAS,184.31,190.0,184.3,188.63,160459524.0
20260410,QQQ,나스닥100,NAS,611.84,613.67,609.58,611.07,34038533.0
20260410,SMH,반도체ETF2,NAS,434.45,441.54,434.45,436.88,11224186.0
20260410,SOXX,반도체ETF,NAS,382.67,389.6025,382.67,386.6,5596888.0
20260410,TSM,TSMC ADR,NYS,375.59,378.0,369.75,370.6,13168160.0
20260413,AVGO,브로드컴,NAS,369.66,380.86,369.48,379.75,24115842.0
20260413,MU,마이크론,NAS,416.47,426.88,408.5,426.56,37015799.0
20260413,NVDA,엔비디아,NAS,186.03,189.66,185.74,189.31,133648180.0
20260413,QQQ,나스닥100,NAS,609.48,626.74,608.11,617.39,32972110.0
20260413,SMH,반도체ETF2,NAS,434.745,443.64,433.6,443.34,6549794.0
20260413,SOXX,반도체ETF,NAS,384.88,393.57,384.37,393.34,4377374.0
20260413,TSM,TSMC ADR,NYS,370.26,371.46,366.05,369.57,9596254.0
20260414,AVGO,브로드컴,NAS,377.9,382.28,376.32,380.78,24423034.0
20260414,MU,마이크론,NAS,434.35,465.78,424.86,465.66,52534896.0
20260414,NVDA,엔비디아,NAS,190.84,196.51,190.77,196.51,161307010.0
20260414,QQQ,나스닥100,NAS,620.22,628.6,620.1,628.6,49921081.0
20260414,SMH,반도체ETF2,NAS,448.0,452.095,444.24,452.0,6932448.0
20260414,SOXX,반도체ETF,NAS,397.835,401.4445,393.51,401.24,5202559.0
20260414,TSM,TSMC ADR,NYS,379.04,382.16,373.22,379.89,12859543.0
20260415,AVGO,브로드컴,NAS,389.88,397.08,385.57,396.72,29559299.0
20260415,MU,마이크론,NAS,457.625,463.95,439.32,456.23,40370110.0
20260415,NVDA,엔비디아,NAS,196.54,200.4,195.74,198.87,185338388.0
20260415,QQQ,나스닥100,NAS,629.08,637.83,628.2,637.4,50102386.0
20260415,SMH,반도체ETF2,NAS,450.7,453.33,435.15,453.0,9155668.0
20260415,SOXX,반도체ETF,NAS,400.31,402.09,392.39,401.86,5570248.0
20260415,TSM,TSMC ADR,NYS,381.41,381.98,372.21,375.1,14955467.0
20260416,AVGO,브로드컴,NAS,395.0,399.68,392.35,398.47,18872895.0
20260416,MU,마이크론,NAS,452.96,462.34,444.38,457.23,33626377.0
20260416,NVDA,엔비디아,NAS,197.43,199.85,195.81,198.35,134012859.0
20260416,QQQ,나스닥100,NAS,639.21,642.18,635.255,640.47,42320581.0
20260416,SMH,반도체ETF2,NAS,450.725,457.09,447.7702,454.8,6450664.0
20260416,SOXX,반도체ETF,NAS,400.6,407.48,397.99,405.95,4400496.0
20260416,TSM,TSMC ADR,NYS,368.86,370.2,360.55,363.35,26405777.0
20260417,AVGO,브로드컴,NAS,400.9,406.725,399.81,406.54,20581701.0
20260417,MU,마이크론,NAS,466.85,470.97,452.2,455.07,33405025.0
20260417,NVDA,엔비디아,NAS,199.9,201.7,199.27,201.68,160324416.0
20260417,QQQ,나스닥100,NAS,645.59,650.0,644.07,648.85,53488871.0
20260417,SMH,반도체ETF2,NAS,462.8,464.58,459.5,464.16,7184643.0
20260417,SOXX,반도체ETF,NAS,413.38,415.73,409.58,415.71,5729056.0
20260417,TSM,TSMC ADR,NYS,373.2,375.58,365.14,370.5,18419414.0
20260420,AVGO,브로드컴,NAS,405.7,406.42,395.9,399.63,16922033.0
20260420,MU,마이크론,NAS,458.25,464.56,435.9,448.42,32013562.0
20260420,NVDA,엔비디아,NAS,199.98,202.17,197.8397,202.06,119381388.0
20260420,QQQ,나스닥100,NAS,648.04,648.76,642.52,646.79,37138511.0
20260420,SMH,반도체ETF2,NAS,464.64,465.74,458.65,463.96,3935098.0
20260420,SOXX,반도체ETF,NAS,417.43,418.86,411.79,417.55,3493545.0
20260420,TSM,TSMC ADR,NYS,369.22,370.07,364.25,366.24,11638318.0
20260421,AVGO,브로드컴,NAS,399.41,403.6,394.57,402.17,16275473.0
20260421,MU,마이크론,NAS,451.32,457.82,441.3,449.38,27733985.0
20260421,NVDA,엔비디아,NAS,202.13,202.75,199.0,199.88,107945302.0
20260421,QQQ,나스닥100,NAS,648.41,650.2,642.21,644.33,39580523.0
20260421,SMH,반도체ETF2,NAS,466.285,468.4262,462.24,464.66,5598577.0
20260421,SOXX,반도체ETF,NAS,420.4,423.35,416.67,420.7,3676751.0
20260421,TSM,TSMC ADR,NYS,368.08,370.75,365.11,368.08,9808159.0
20260422,AVGO,브로드컴,NAS,406.98,423.2,404.86,422.65,23702546.0
20260422,MU,마이크론,NAS,462.93,491.98,458.56,487.48,45998149.0
20260422,NVDA,엔비디아,NAS,200.99,202.5,199.0,202.5,107501042.0
20260422,QQQ,나스닥100,NAS,650.15,655.33,648.52,655.11,37368402.0
20260422,SMH,반도체ETF2,NAS,471.05,477.42,467.17,476.83,7835173.0
20260422,SOXX,반도체ETF,NAS,427.26,432.16,422.82,431.77,6557574.0
20260422,TSM,TSMC ADR,NYS,371.78,387.91,370.64,387.44,16317170.0
20260423,AVGO,브로드컴,NAS,422.39,429.31,417.8,419.94,19501553.0
20260423,MU,마이크론,NAS,482.28,493.6199,471.8,481.72,38178002.0
20260423,NVDA,엔비디아,NAS,202.46,203.829,197.2206,199.64,113561830.0
20260423,QQQ,나스닥100,NAS,653.55,656.92,645.52,651.42,40099827.0
20260423,SMH,반도체ETF2,NAS,480.395,488.08,475.1901,481.85,10619719.0
20260423,SOXX,반도체ETF,NAS,435.34,446.64,434.04,441.0,10812387.0
20260423,TSM,TSMC ADR,NYS,384.25,388.76,375.81,382.66,12224889.0
20260424,AVGO,브로드컴,NAS,424.98,425.0,408.86,422.76,22491076.0
20260424,MU,마이크론,NAS,495.915,506.99,489.36,496.72,35379587.0
20260424,NVDA,엔비디아,NAS,199.96,210.95,199.81,208.27,214134441.0
20260424,QQQ,나스닥100,NAS,658.51,664.51,656.5301,663.88,45563050.0
20260424,SMH,반도체ETF2,NAS,499.505,509.59,495.46,506.44,12614318.0
20260424,SOXX,반도체ETF,NAS,457.59,463.87,450.97,461.6,9071959.0
20260424,TSM,TSMC ADR,NYS,396.14,409.49,393.85,402.46,21603584.0
20260427,AVGO,브로드컴,NAS,420.475,422.75,414.63,418.2,17451598.0
20260427,MU,마이크론,NAS,510.56,531.36,510.0185,524.56,41298792.0
20260427,NVDA,엔비디아,NAS,209.645,216.825,207.38,216.61,187172421.0
20260427,QQQ,나스닥100,NAS,663.4,664.43,660.69,664.23,32717030.0
20260427,SMH,반도체ETF2,NAS,509.19,510.1,497.745,506.26,9040153.0
20260427,SOXX,반도체ETF,NAS,461.75,463.0,448.93,455.41,8924649.0
20260427,TSM,TSMC ADR,NYS,413.75,414.5,400.4,404.98,16561246.0
20260428,AVGO,브로드컴,NAS,400.305,405.81,394.65,399.83,25519212.0
20260428,MU,마이크론,NAS,503.54,518.8333,488.23,504.29,44816645.0
20260428,NVDA,엔비디아,NAS,209.49,214.73,208.2,213.17,180275363.0
20260428,QQQ,나스닥100,NAS,657.41,659.64,653.81,657.55,34147916.0
20260428,SMH,반도체ETF2,NAS,488.185,496.66,483.29,491.21,12664811.0
20260428,SOXX,반도체ETF,NAS,437.625,446.14,431.74,438.71,11014947.0
20260428,TSM,TSMC ADR,NYS,392.12,397.87,384.7,392.34,14715814.0
20260429,AVGO,브로드컴,NAS,403.5,405.64,396.78,405.45,15962458.0
20260429,MU,마이크론,NAS,526.0,531.02,508.8001,518.46,36248450.0
20260429,NVDA,엔비디아,NAS,212.7,212.72,207.5758,209.25,123711821.0
20260429,QQQ,나스닥100,NAS,658.63,661.72,656.5899,661.57,31724860.0
20260429,SMH,반도체ETF2,NAS,496.345,499.58,492.34,499.58,6007909.0
20260429,SOXX,반도체ETF,NAS,445.26,450.37,442.4109,449.99,5972791.0
20260429,TSM,TSMC ADR,NYS,392.91,395.8474,388.18,393.83,10312967.0
20260430,AVGO,브로드컴,NAS,415.52,418.38,404.2301,417.43,21821575.0
20260430,MU,마이크론,NAS,529.74,535.5,502.575,517.16,36554397.0
20260430,NVDA,엔비디아,NAS,209.93,210.3,198.7,199.57,225239156.0
20260430,QQQ,나스닥100,NAS,665.35,668.9,657.56,667.74,40622226.0
20260430,SMH,반도체ETF2,NAS,504.705,507.7899,495.02,506.72,8401642.0
20260430,SOXX,반도체ETF,NAS,455.695,462.14,449.34,461.44,5170248.0
20260430,TSM,TSMC ADR,NYS,397.805,398.79,385.71,396.06,12788141.0
20260501,AVGO,브로드컴,NAS,415.092,423.17,413.28,421.28,11882589.0
20260501,MU,마이크론,NAS,511.78,545.91,510.21,542.21,40215252.0
20260501,NVDA,엔비디아,NAS,201.28,203.0,197.12,198.45,128646996.0
20260501,QQQ,나스닥100,NAS,669.16,675.97,668.8,674.15,39172607.0
20260501,SMH,반도체ETF2,NAS,504.205,511.99,502.25,509.82,5308292.0
20260501,SOXX,반도체ETF,NAS,458.47,466.91,455.07,465.75,4155856.0
20260501,TSM,TSMC ADR,NYS,393.44,403.99,392.13,397.67,9926401.0
20260504,AVGO,브로드컴,NAS,418.215,423.83,409.53,416.5,15140433.0
20260504,MU,마이크론,NAS,560.6,592.799,557.76,576.45,46043705.0
20260504,NVDA,엔비디아,NAS,199.5,201.73,194.74,198.48,125368092.0
20260504,QQQ,나스닥100,NAS,674.66,676.73,668.9,672.88,34541990.0
20260504,SMH,반도체ETF2,NAS,512.47,513.15,501.15,506.79,6867462.0
20260504,SOXX,반도체ETF,NAS,467.93,469.61,457.81,462.06,5233125.0
20260504,TSM,TSMC ADR,NYS,404.515,407.7,395.2,401.61,9978542.0
20260505,AVGO,브로드컴,NAS,421.66,433.39,419.35,427.36,21175177.0
20260505,MU,마이크론,NAS,609.775,651.74,605.47,640.2,64268503.0
20260505,NVDA,엔비디아,NAS,199.3,200.24,196.03,196.5,113406620.0
20260505,QQQ,나스닥100,NAS,677.96,682.7734,677.51,681.61,37101063.0
20260505,SMH,반도체ETF2,NAS,515.38,526.2,514.12,522.69,8624608.0
20260505,SOXX,반도체ETF,NAS,471.14,486.1808,470.23,482.73,7203047.0
20260505,TSM,TSMC ADR,NYS,404.595,406.129,392.6001,394.41,14578982.0
20260506,AVGO,브로드컴,NAS,435.56,437.68,417.78,425.44,20707022.0
20260506,MU,마이크론,NAS,660.37,667.67,627.58,666.59,55725835.0
20260506,NVDA,엔비디아,NAS,199.89,208.265,198.61,207.83,188362812.0
20260506,QQQ,나스닥100,NAS,687.78,695.93,686.48,695.77,38778492.0
20260506,SMH,반도체ETF2,NAS,537.77,549.88,532.35,549.76,15262913.0
20260506,SOXX,반도체ETF,NAS,497.96,506.94,487.86,506.87,9768591.0
20260506,TSM,TSMC ADR,NYS,402.4,419.7,400.65,419.5,17736380.0
20260507,AVGO,브로드컴,NAS,421.82,426.49,406.3,412.56,22791741.0
20260507,MU,마이크론,NAS,649.83,683.09,635.4201,646.63,47527514.0
20260507,NVDA,엔비디아,NAS,208.34,214.2,206.5,211.5,168307873.0
20260507,QQQ,나스닥100,NAS,696.58,701.24,691.77,694.94,43779087.0
20260507,SMH,반도체ETF2,NAS,545.765,549.7032,535.92,540.1,10905154.0
20260507,SOXX,반도체ETF,NAS,502.93,503.68,488.131,492.36,9913713.0
20260507,TSM,TSMC ADR,NYS,418.09,420.0,408.11,414.15,13403164.0
20260508,AVGO,브로드컴,NAS,419.8,435.0,414.0,430.0,22561421.0
20260508,MU,마이크론,NAS,676.45,747.21,676.21,746.81,65130914.0
20260508,NVDA,엔비디아,NAS,213.03,217.8,212.89,215.2,136421361.0
20260508,QQQ,나스닥100,NAS,699.92,711.23,699.5,711.23,44320421.0
20260508,SMH,반도체ETF2,NAS,551.58,566.79,549.0,566.54,8553714.0
20260508,SOXX,반도체ETF,NAS,504.24,520.46,502.75,520.3,7754540.0
20260508,TSM,TSMC ADR,NYS,416.95,417.0,400.88,411.68,18531181.0
20260511,AVGO,브로드컴,NAS,427.615,433.6463,425.0501,428.43,16825489.0
20260511,MU,마이크론,NAS,792.98,818.67,768.0,795.33,70972938.0
20260511,NVDA,엔비디아,NAS,214.035,222.3,213.89,219.44,160685774.0
20260511,QQQ,나스닥100,NAS,710.36,714.59,708.91,713.29,36019146.0
20260511,SMH,반도체ETF2,NAS,570.26,578.0598,566.8,576.31,12680940.0
20260511,SOXX,반도체ETF,NAS,524.08,533.74,521.66,532.76,7492556.0
20260511,TSM,TSMC ADR,NYS,406.74,407.73,398.19,404.54,14679985.0
20260512,AVGO,브로드컴,NAS,423.43,429.34,408.41,419.3,19004345.0
20260512,MU,마이크론,NAS,774.7,782.76,706.601,766.58,73742954.0
20260512,NVDA,엔비디아,NAS,218.545,223.75,214.92,220.78,159176619.0
20260512,QQQ,나스닥100,NAS,708.22,710.18,696.64,707.24,45873009.0
20260512,SMH,반도체ETF2,NAS,565.005,570.4,542.67,561.25,17720787.0
20260512,SOXX,반도체ETF,NAS,520.85,525.15,495.71,515.99,14660632.0
20260512,TSM,TSMC ADR,NYS,397.75,402.235,386.12,397.28,18121777.0
20260513,AVGO,브로드컴,NAS,415.805,418.63,404.8,416.79,16981163.0
20260513,MU,마이크론,NAS,813.155,814.95,779.47,803.63,54875148.0
20260513,NVDA,엔비디아,NAS,224.93,227.84,221.5653,225.83,150405386.0
20260513,QQQ,나스닥100,NAS,709.96,716.65,704.83,714.71,40012526.0
20260513,SMH,반도체ETF2,NAS,571.795,576.2,560.12,572.46,9586693.0
20260513,SOXX,반도체ETF,NAS,527.615,532.25,515.94,528.29,7346374.0
20260513,TSM,TSMC ADR,NYS,398.265,404.6799,391.47,399.8,13127828.0
20260514,AVGO,브로드컴,NAS,416.73,442.36,415.59,439.79,19733760.0
20260514,MU,마이크론,NAS,787.62,812.0,775.63,776.01,42142707.0
20260514,NVDA,엔비디아,NAS,229.85,236.54,229.3,235.74,180782857.0
20260514,QQQ,나스닥100,NAS,714.62,722.03,714.22,719.79,33327545.0
20260514,SMH,반도체ETF2,NAS,570.84,581.1699,567.75,578.34,8458691.0
20260514,SOXX,반도체ETF,NAS,526.495,533.13,522.21,530.03,5212394.0
20260514,TSM,TSMC ADR,NYS,403.205,421.97,402.1,417.72,18577103.0
20260515,AVGO,브로드컴,NAS,432.81,432.81,419.8,425.19,18957093.0
20260515,MU,마이크론,NAS,732.57,749.59,719.0,724.66,48519043.0
20260515,NVDA,엔비디아,NAS,229.76,231.5,224.24,225.32,180977639.0
20260515,QQQ,나스닥100,NAS,710.14,715.13,705.55,708.93,51792656.0
20260515,SMH,반도체ETF2,NAS,560.305,565.88,552.9101,556.34,13009610.0
20260515,SOXX,반도체ETF,NAS,511.67,518.7899,506.26,508.52,9388221.0
20260515,TSM,TSMC ADR,NYS,406.5,409.87,398.83,404.35,11868600.0
20260518,AVGO,브로드컴,NAS,421.41,422.01,414.37,420.71,17863287.0
20260518,MU,마이크론,NAS,750.46,757.0,663.25,681.54,60042491.0
20260518,NVDA,엔비디아,NAS,229.87,230.0,218.37,222.32,146280896.0
20260518,QQQ,나스닥100,NAS,711.54,712.07,698.85,705.88,49834549.0
20260518,SMH,반도체ETF2,NAS,565.475,567.21,536.87,546.16,12317457.0
20260518,SOXX,반도체ETF,NAS,518.02,519.96,486.92,495.87,9998994.0
20260518,TSM,TSMC ADR,NYS,406.88,406.88,391.05,395.95,12117190.0
20260519,AVGO,브로드컴,NAS,409.815,417.9499,405.86,411.07,20652068.0
20260519,MU,마이크론,NAS,665.58,725.95,652.21,698.74,61792066.0
20260519,NVDA,엔비디아,NAS,219.62,224.48,217.91,220.61,140948207.0
20260519,QQQ,나스닥100,NAS,699.81,706.49,695.25,701.53,46827529.0
20260519,SMH,반도체ETF2,NAS,534.94,553.339,527.87,543.96,11905827.0
20260519,SOXX,반도체ETF,NAS,484.4,506.04,477.95,496.74,12216957.0
20260519,TSM,TSMC ADR,NYS,389.51,398.875,385.06,392.61,14083037.0
20260520,AVGO,브로드컴,NAS,412.81,424.17,411.42,417.76,16312553.0
20260520,MU,마이크론,NAS,734.955,735.68,700.66,731.99,48827357.0
20260520,NVDA,엔비디아,NAS,223.18,226.13,220.495,223.47,184201587.0
20260520,QQQ,나스닥100,NAS,705.29,713.15,703.79,713.15,36779222.0
20260520,SMH,반도체ETF2,NAS,552.75,564.72,551.65,564.66,8892210.0
20260520,SOXX,반도체ETF,NAS,507.73,520.54,506.55,520.31,9457640.0
20260520,TSM,TSMC ADR,NYS,397.0,403.88,395.95,401.62,10254314.0
20260521,AVGO,브로드컴,NAS,413.55,422.25,410.5,414.57,16865293.0
20260521,MU,마이크론,NAS,736.36,764.9,732.2,762.1,42461460.0
20260521,NVDA,엔비디아,NAS,222.29,227.3999,217.93,219.51,203381760.0
20260521,QQQ,나스닥100,NAS,708.99,717.12,706.77,714.51,36415360.0
20260521,SMH,반도체ETF2,NAS,561.02,570.6,557.62,567.88,8293803.0
20260521,SOXX,반도체ETF,NAS,518.17,526.78,515.0,524.71,6749941.0
20260521,TSM,TSMC ADR,NYS,399.505,411.46,399.505,407.15,8937904.0
20260522,AVGO,브로드컴,NAS,417.49,419.99,410.21,414.14,14086441.0
20260522,MU,마이크론,NAS,756.815,780.1999,747.2,751.0,36002915.0
20260522,NVDA,엔비디아,NAS,220.904,221.01,214.8,215.33,169275710.0
20260522,QQQ,나스닥100,NAS,718.07,722.12,715.95,717.54,33118575.0
20260522,SMH,반도체ETF2,NAS,574.27,582.5,572.86,576.32,7535020.0
20260522,SOXX,반도체ETF,NAS,531.88,541.89,530.17,537.33,7671121.0
20260522,TSM,TSMC ADR,NYS,409.43,410.67,402.86,404.52,7111898.0
20260526,AVGO,브로드컴,NAS,418.5,435.31,417.0,422.01,22562895.0
20260526,MU,마이크론,NAS,820.5,916.7999,820.295,895.88,76560763.0
20260526,NVDA,엔비디아,NAS,216.54,218.18,212.0,214.86,187202576.0
20260526,QQQ,나스닥100,NAS,725.96,731.17,724.16,730.28,34254692.0
20260526,SMH,반도체ETF2,NAS,591.58,603.97,589.1,602.14,10008514.0
20260526,SOXX,반도체ETF,NAS,556.99,572.95,555.41,570.09,8926183.0
20260526,TSM,TSMC ADR,NYS,413.12,416.49,410.07,412.32,10132013.0
20260527,AVGO,브로드컴,NAS,425.07,432.8,416.49,421.86,17601013.0
20260527,MU,마이크론,NAS,955.66,956.16,888.15,928.41,72295713.0
20260527,NVDA,엔비디아,NAS,214.12,214.15,208.78,212.6,167601172.0
20260527,QQQ,나스닥100,NAS,732.96,733.32,725.44,729.45,35148674.0
20260527,SMH,반도체ETF2,NAS,611.94,612.3,584.93,595.5,11208990.0
20260527,SOXX,반도체ETF,NAS,584.38,584.5,551.89,563.98,11412354.0
20260527,TSM,TSMC ADR,NYS,427.015,430.55,415.3822,422.73,14695620.0
20260528,AVGO,브로드컴,NAS,421.14,429.68,414.01,426.58,17855573.0
20260528,MU,마이크론,NAS,929.83,949.4899,904.78,923.52,49694349.0
20260528,NVDA,엔비디아,NAS,211.275,215.5191,211.22,214.25,143996048.0
20260528,QQQ,나스닥100,NAS,729.73,736.6,726.41,735.6,32839952.0
20260528,SMH,반도체ETF2,NAS,595.81,604.74,587.31,599.83,7624970.0
20260528,SOXX,반도체ETF,NAS,564.32,575.8,554.825,569.47,6763852.0
20260528,TSM,TSMC ADR,NYS,422.22,427.5969,414.71,424.86,8905841.0
20260529,AVGO,브로드컴,NAS,432.95,448.9,431.4707,446.77,41798353.0
20260529,MU,마이크론,NAS,957.0,981.0,940.51,971.0,60498561.0
20260529,NVDA,엔비디아,NAS,214.575,217.8599,211.13,211.14,289410623.0
20260529,QQQ,나스닥100,NAS,737.84,741.63,735.25,738.31,37541668.0
20260529,SMH,반도체ETF2,NAS,606.03,611.7886,597.12,598.93,7603183.0
20260529,SOXX,반도체ETF,NAS,576.44,582.23,564.6,569.08,7323862.0
20260529,TSM,TSMC ADR,NYS,427.07,430.44,417.25,418.45,11232272.0
20260601,AVGO,브로드컴,NAS,450.09,466.05,442.22,459.97,30585993.0
20260601,MU,마이크론,NAS,1009.72,1046.97,1009.5,1035.5,46552116.0
20260601,NVDA,엔비디아,NAS,215.73,224.87,215.7,224.36,212850685.0
20260601,QQQ,나스닥100,NAS,737.04,745.65,735.99,742.74,33890559.0
20260601,SMH,반도체ETF2,NAS,596.095,613.4299,593.09,607.81,8648978.0
20260601,SOXX,반도체ETF,NAS,563.67,577.99,557.38,571.93,6999459.0
20260601,TSM,TSMC ADR,NYS,424.88,449.39,422.5,435.63,18040410.0
20260602,AVGO,브로드컴,NAS,488.79,488.82,470.459,481.57,38306651.0
20260602,MU,마이크론,NAS,1050.0,1076.56,1017.201,1064.1,47555370.0
20260602,NVDA,엔비디아,NAS,227.18,232.28,221.35,222.82,193362903.0
20260602,QQQ,나스닥100,NAS,742.4,746.44,739.23,746.16,30085237.0
20260602,SMH,반도체ETF2,NAS,619.6,632.57,614.465,632.21,8083502.0
20260602,SOXX,반도체ETF,NAS,585.17,605.44,581.925,605.02,7475392.0
20260602,TSM,TSMC ADR,NYS,440.58,448.38,436.01,446.69,10147918.0
20260603,AVGO,브로드컴,NAS,494.775,495.0,472.64,479.23,50126446.0
20260603,MU,마이크론,NAS,1079.01,1089.29,1038.5,1079.57,40324175.0
20260603,NVDA,엔비디아,NAS,221.72,222.82,214.51,214.75,160907001.0
20260603,QQQ,나스닥100,NAS,747.31,748.65,741.01,744.21,40270198.0
20260603,SMH,반도체ETF2,NAS,640.8,642.77,623.91,637.9,10179872.0
20260603,SOXX,반도체ETF,NAS,616.21,618.84,598.01,615.68,8564687.0
20260603,TSM,TSMC ADR,NYS,449.99,450.1636,434.525,436.69,10245239.0
20260604,AVGO,브로드컴,NAS,408.99,426.48,403.0101,418.91,80979446.0
20260604,MU,마이크론,NAS,1007.1,1036.3699,971.68,996.0,54917159.0
20260604,NVDA,엔비디아,NAS,213.905,221.6,210.97,218.66,169022152.0
20260604,QQQ,나스닥100,NAS,735.48,743.4988,732.62,740.61,40782580.0
20260604,SMH,반도체ETF2,NAS,613.0,634.78,604.61,627.53,10462936.0
20260604,SOXX,반도체ETF,NAS,587.64,611.26,577.54,602.72,11445307.0
20260604,TSM,TSMC ADR,NYS,430.6334,448.01,427.3,444.92,10974148.0
20260605,AVGO,브로드컴,NAS,407.605,410.5,385.59,385.73,51146089.0
20260605,MU,마이크론,NAS,944.4,961.89,864.01,864.01,77250536.0
20260605,NVDA,엔비디아,NAS,214.53,214.87,204.33,205.1,219655531.0
20260605,QQQ,나스닥100,NAS,730.06,731.69,704.32,705.06,99606571.0
20260605,SMH,반도체ETF2,NAS,605.09,607.0,569.69,569.69,22038001.0
20260605,SOXX,반도체ETF,NAS,577.86,580.5,539.57,539.77,22377273.0
20260605,TSM,TSMC ADR,NYS,429.77,433.9,412.79,415.17,19644166.0
20260608,AVGO,브로드컴,NAS,402.62,402.838,391.35,396.6,37098978.0
20260608,MU,마이크론,NAS,938.265,962.95,916.5,949.28,54097769.0
20260608,NVDA,엔비디아,NAS,210.18,210.47,206.0,208.64,138372837.0
20260608,QQQ,나스닥100,NAS,717.81,723.03,713.07,716.07,47401451.0
20260608,SMH,반도체ETF2,NAS,597.21,606.2,588.54,598.16,13823901.0
20260608,SOXX,반도체ETF,NAS,569.765,581.3799,560.79,571.45,12843005.0
20260608,TSM,TSMC ADR,NYS,423.77,433.81,422.53,426.8,11245405.0
20260609,AVGO,브로드컴,NAS,401.61,407.87,370.33,392.16,37026896.0
20260609,MU,마이크론,NAS,988.175,989.15,854.35,935.89,73448646.0
20260609,NVDA,엔비디아,NAS,210.615,211.4,199.34,208.19,180962450.0
20260609,QQQ,나스닥100,NAS,722.98,725.66,686.37,707.83,91932171.0
20260609,SMH,반도체ETF2,NAS,609.475,613.69,554.66,591.01,20329715.0
20260609,SOXX,반도체ETF,NAS,585.45,588.58,522.24,562.14,24548093.0
20260609,TSM,TSMC ADR,NYS,430.88,438.1603,405.51,427.92,21199495.0
20260610,AVGO,브로드컴,NAS,381.495,385.81,371.165,372.1,38193450.0
20260610,MU,마이크론,NAS,905.13,957.48,883.25,891.88,55712574.0
20260610,NVDA,엔비디아,NAS,204.43,207.22,199.92,200.42,161746587.0
20260610,QQQ,나스닥100,NAS,701.66,711.28,692.93,693.69,65334283.0
20260610,SMH,반도체ETF2,NAS,580.755,598.73,568.29,570.91,12711368.0
20260610,SOXX,반도체ETF,NAS,551.66,572.51,539.38,541.51,16672232.0
20260610,TSM,TSMC ADR,NYS,413.955,426.32,407.7,408.75,13139680.0
20260611,AVGO,브로드컴,NAS,372.82,389.5,370.55,385.57,35187584.0
20260611,MU,마이크론,NAS,904.37,996.77,895.5,995.87,59418902.0
20260611,NVDA,엔비디아,NAS,201.49,205.66,199.54,204.87,158643204.0
20260611,QQQ,나스닥100,NAS,699.29,718.3721,695.0,717.12,71798857.0
20260611,SMH,반도체ETF2,NAS,582.605,611.62,581.61,609.45,12196801.0
20260611,SOXX,반도체ETF,NAS,555.42,588.0,554.81,586.93,12295375.0
20260611,TSM,TSMC ADR,NYS,413.255,422.25,408.86,421.07,13826458.0
20260612,AVGO,브로드컴,NAS,383.72,384.9799,377.0,382.07,27630074.0
20260612,MU,마이크론,NAS,971.81,1012.6198,960.19,981.61,40995386.0
20260612,NVDA,엔비디아,NAS,204.86,207.07,203.4385,205.19,112345314.0
20260612,QQQ,나스닥100,NAS,717.61,724.01,711.28,721.34,51236021.0
20260612,SMH,반도체ETF2,NAS,607.95,624.62,602.21,619.96,8986716.0
20260612,SOXX,반도체ETF,NAS,584.11,602.69,578.53,596.25,9947173.0
20260612,TSM,TSMC ADR,NYS,420.05,426.94,417.21,423.93,10362465.0
20260615,AVGO,브로드컴,NAS,395.51,396.2,388.6,393.94,32394178.0
20260615,MU,마이크론,NAS,1055.89,1097.47,1051.5001,1087.99,44994605.0
20260615,NVDA,엔비디아,NAS,208.92,212.7107,208.34,212.45,149936688.0
20260615,QQQ,나스닥100,NAS,738.1,744.7599,737.38,744.0,46710216.0
20260615,SMH,반도체ETF2,NAS,643.5,649.24,639.25,647.1,9613891.0
20260615,SOXX,반도체ETF,NAS,622.61,629.7199,618.45,628.45,8170771.0
20260615,TSM,TSMC ADR,NYS,438.68,442.58,431.9286,441.4,11184889.0
20260616,AVGO,브로드컴,NAS,390.21,391.79,376.46,376.71,31573669.0
20260616,MU,마이크론,NAS,1099.7,1110.3999,1020.0,1020.76,45499755.0
20260616,NVDA,엔비디아,NAS,211.18,211.49,207.29,207.41,125694100.0
20260616,QQQ,나스닥100,NAS,742.25,744.22,729.64,729.86,45348675.0
20260616,SMH,반도체ETF2,NAS,643.52,648.31,616.0,616.0,10949632.0
20260616,SOXX,반도체ETF,NAS,623.84,629.64,590.63,591.24,11204901.0
20260616,TSM,TSMC ADR,NYS,436.02,440.33,425.2,425.83,10943492.0
20260617,AVGO,브로드컴,NAS,388.705,400.65,382.65,392.9,40005503.0
20260617,MU,마이크론,NAS,1061.3,1093.67,1014.14,1043.19,46149178.0
20260617,NVDA,엔비디아,NAS,208.53,209.21,203.08,204.65,128363473.0
20260617,QQQ,나스닥100,NAS,735.19,735.68,720.85,722.51,51669322.0
20260617,SMH,반도체ETF2,NAS,633.46,643.5,623.13,623.97,10658832.0
20260617,SOXX,반도체ETF,NAS,611.56,621.99,598.95,599.73,8948401.0
20260617,TSM,TSMC ADR,NYS,434.75,442.5,431.64,432.15,10934060.0
20260618,AVGO,브로드컴,NAS,409.58,412.7,405.38,411.35,45076052.0
20260618,MU,마이크론,NAS,1108.065,1149.43,1092.7935,1133.99,64642538.0
20260618,NVDA,엔비디아,NAS,207.33,211.39,206.5,210.69,241272013.0
20260618,QQQ,나스닥100,NAS,737.2,741.82,732.51,740.62,50154595.0
20260618,SMH,반도체ETF2,NAS,648.545,663.7999,648.15,659.88,11229715.0
20260618,SOXX,반도체ETF,NAS,626.52,644.43,626.15,639.45,9666034.0
20260618,TSM,TSMC ADR,NYS,438.88,465.22,438.39,462.12,25817106.0
20260622,AVGO,브로드컴,NAS,413.66,414.64,391.91,392.13,26403669.0
20260622,MU,마이크론,NAS,1196.215,1213.56,1168.57,1211.38,53140816.0
20260622,NVDA,엔비디아,NAS,211.44,213.99,207.72,208.65,122041419.0
20260622,QQQ,나스닥100,NAS,742.02,745.45,734.39,737.95,43518595.0
20260622,SMH,반도체ETF2,NAS,670.345,671.83,660.0201,668.91,8042965.0
20260622,SOXX,반도체ETF,NAS,653.955,655.95,643.93,655.01,7782678.0
20260622,TSM,TSMC ADR,NYS,476.09,476.79,465.17,467.67,13686194.0
20260623,AVGO,브로드컴,NAS,377.865,391.02,376.6637,380.15,33122248.0
20260623,MU,마이크론,NAS,1080.0,1125.0,1038.5,1051.77,60243260.0
20260623,NVDA,엔비디아,NAS,202.17,203.77,200.0,200.04,153496196.0
20260623,QQQ,나스닥100,NAS,715.74,723.61,712.1101,713.65,53354151.0
20260623,SMH,반도체ETF2,NAS,625.93,636.88,617.27,622.05,19125963.0
20260623,SOXX,반도체ETF,NAS,607.64,619.94,598.19,603.39,12712187.0
20260623,TSM,TSMC ADR,NYS,439.18,447.3333,434.19,436.39,20364468.0
20260624,AVGO,브로드컴,NAS,386.62,388.74,376.96,382.07,29938732.0
20260624,MU,마이크론,NAS,1082.22,1083.32,991.1001,1048.51,68935710.0
20260624,NVDA,엔비디아,NAS,200.12,201.67,196.58,199.0,151810704.0
20260624,QQQ,나스닥100,NAS,715.37,719.93,704.45,710.62,52480437.0
20260624,SMH,반도체ETF2,NAS,622.28,625.23,606.23,618.92,11901988.0
20260624,SOXX,반도체ETF,NAS,606.19,609.69,586.66,601.5,9230658.0
20260624,TSM,TSMC ADR,NYS,433.975,443.86,432.575,440.83,9991168.0
20260625,AVGO,브로드컴,NAS,386.575,388.799,372.7,378.91,23412031.0
20260625,MU,마이크론,NAS,1233.0,1255.0,1136.31,1213.56,83040960.0
20260625,NVDA,엔비디아,NAS,200.08,200.8,192.13,195.74,150205647.0
20260625,QQQ,나스닥100,NAS,725.9,726.83,705.3,716.38,50144089.0
20260625,SMH,반도체ETF2,NAS,649.37,650.03,613.93,636.88,14909351.0
20260625,SOXX,반도체ETF,NAS,637.33,638.47,598.83,625.2,12792291.0
20260625,TSM,TSMC ADR,NYS,452.9,452.9,432.44,434.99,14812545.0
20260626,AVGO,브로드컴,NAS,370.45,373.69,363.83,365.02,34839253.0
20260626,MU,마이크론,NAS,1139.075,1198.7121,1121.36,1132.33,86405307.0
20260626,NVDA,엔비디아,NAS,193.12,195.55,191.22,192.53,179304147.0
20260626,QQQ,나스닥100,NAS,707.13,715.555,702.81,706.52,47081821.0
20260626,SMH,반도체ETF2,NAS,616.79,621.71,609.0,611.61,12728345.0
20260626,SOXX,반도체ETF,NAS,601.44,605.89,588.51,589.94,11017450.0
20260626,TSM,TSMC ADR,NYS,425.0,436.13,419.19,432.35,17974057.0
20260629,AVGO,브로드컴,NAS,373.615,376.2099,360.46,372.45,24285239.0
20260629,MU,마이크론,NAS,1128.7,1148.79,1023.65,1145.28,60694113.0
20260629,NVDA,엔비디아,NAS,193.85,196.18,189.8,194.97,148835724.0
20260629,QQQ,나스닥100,NAS,713.99,724.58,705.172,724.08,44939090.0
20260629,SMH,반도체ETF2,NAS,615.03,633.26,596.17,631.98,10473943.0
20260629,SOXX,반도체ETF,NAS,593.71,615.3499,571.6,614.35,11036773.0
20260629,TSM,TSMC ADR,NYS,437.0,456.1,431.09,455.1,14881386.0
20260630,AVGO,브로드컴,NAS,374.79,379.62,370.64,377.75,28517368.0
20260630,MU,마이크론,NAS,1144.73,1168.68,1124.66,1154.29,42152627.0
20260630,NVDA,엔비디아,NAS,197.24,200.63,195.11,200.09,166476665.0
20260630,QQQ,나스닥100,NAS,724.18,737.62,723.91,736.4,42121829.0
20260630,SMH,반도체ETF2,NAS,636.065,659.74,634.6,655.89,9406890.0
20260630,SOXX,반도체ETF,NAS,616.15,644.94,616.15,640.76,10112580.0
20260630,TSM,TSMC ADR,NYS,455.605,479.0,453.0,477.57,15074276.0
20260701,AVGO,브로드컴,NAS,371.87,373.75,368.03,369.34,23712608.0
20260701,MU,마이크론,NAS,1082.01,1097.0,1032.2,1032.28,51328104.0
20260701,NVDA,엔비디아,NAS,196.2,199.85,193.45,197.58,146147597.0
20260701,QQQ,나스닥100,NAS,729.19,731.92,724.6,725.17,40803791.0
20260701,SMH,반도체ETF2,NAS,634.35,639.89,618.62,620.46,13424666.0
20260701,SOXX,반도체ETF,NAS,616.815,622.89,597.88,599.7,9983015.0
20260701,TSM,TSMC ADR,NYS,467.67,468.51,443.47,444.23,18534838.0
20260702,AVGO,브로드컴,NAS,365.725,374.0,356.43,360.45,26788850.0
20260702,MU,마이크론,NAS,1041.5,1064.64,950.28,975.56,61844373.0
20260702,NVDA,엔비디아,NAS,197.14,200.055,192.35,194.83,142385548.0
20260702,QQQ,나스닥100,NAS,725.58,730.83,707.56,712.6,51086080.0
20260702,SMH,반도체ETF2,NAS,622.58,627.7,582.6,592.29,21334058.0
20260702,SOXX,반도체ETF,NAS,601.235,608.11,554.91,566.32,16150385.0
20260702,TSM,TSMC ADR,NYS,450.54,461.47,429.5,434.16,18424815.0
20260706,AVGO,브로드컴,NAS,373.61,383.16,371.18,373.9,24543998.0
20260706,MU,마이크론,NAS,1007.0,1019.0,980.85,984.75,37115846.0
20260706,NVDA,엔비디아,NAS,194.42,197.55,193.99,195.55,108999015.0
20260706,QQQ,나스닥100,NAS,719.93,726.08,718.45,722.82,30220428.0
20260706,SMH,반도체ETF2,NAS,607.05,618.21,604.05,604.3,9820715.0
20260706,SOXX,반도체ETF,NAS,583.153,598.0,580.48,581.51,8419387.0
20260706,TSM,TSMC ADR,NYS,447.775,460.03,445.6,451.79,12788454.0
20260707,AVGO,브로드컴,NAS,366.555,372.9599,362.01,370.78,24116688.0
20260707,MU,마이크론,NAS,923.01,942.02,891.66,938.38,52367526.0
20260707,NVDA,엔비디아,NAS,192.37,198.41,191.14,196.93,124154574.0
20260707,QQQ,나스닥100,NAS,714.17,716.35,704.9,709.43,42483079.0
20260707,SMH,반도체ETF2,NAS,580.02,585.97,566.83,581.45,14619227.0
20260707,SOXX,반도체ETF,NAS,551.925,558.06,536.12,551.69,12285700.0
20260707,TSM,TSMC ADR,NYS,438.02,439.8,428.11,432.57,14898418.0
20260708,AVGO,브로드컴,NAS,377.52,395.09,376.89,388.69,31624070.0
20260708,MU,마이크론,NAS,902.64,959.0,900.41,948.8,42978962.0
20260708,NVDA,엔비디아,NAS,195.18,205.16,195.06,204.12,147419133.0
20260708,QQQ,나스닥100,NAS,704.95,712.2599,700.91,711.44,35603179.0
20260708,SMH,반도체ETF2,NAS,575.33,595.0,575.04,593.0,9521328.0
20260708,SOXX,반도체ETF,NAS,544.66,564.5,543.87,562.03,7195380.0
20260708,TSM,TSMC ADR,NYS,429.0,440.49,428.75,436.98,11411248.0
20260709,AVGO,브로드컴,NAS,402.19,407.52,387.93,401.11,28073957.0
20260709,MU,마이크론,NAS,1016.51,1035.5,987.13,991.64,41110745.0
20260709,NVDA,엔비디아,NAS,204.46,204.585,198.96,202.78,132037359.0
20260709,QQQ,나스닥100,NAS,718.33,724.23,715.125,723.28,33654712.0
20260709,SMH,반도체ETF2,NAS,615.48,618.1656,604.7,607.73,9045101.0
20260709,SOXX,반도체ETF,NAS,589.5,594.99,579.14,581.7,10026208.0
20260709,TSM,TSMC ADR,NYS,446.725,447.69,436.39,436.96,11455561.0
20260710,AVGO,브로드컴,NAS,398.5,402.44,395.7,399.97,14595928.0
20260710,MU,마이크론,NAS,964.975,998.0,954.13,979.3,31768093.0
20260710,NVDA,엔비디아,NAS,202.0,211.0,201.92,210.96,148421001.0
20260710,QQQ,나스닥100,NAS,720.7,726.39,717.0,725.51,26415898.0
20260710,SMH,반도체ETF2,NAS,600.87,615.05,595.84,611.03,6608365.0
20260710,SOXX,반도체ETF,NAS,571.99,585.79,566.67,581.34,5861000.0
20260710,TSM,TSMC ADR,NYS,438.665,439.655,428.1,434.11,9595123.0
20260713,AVGO,브로드컴,NAS,393.475,395.745,383.42,384.05,21294509.0
20260713,MU,마이크론,NAS,929.0,943.5,902.6,937.0,35536239.0
20260713,NVDA,엔비디아,NAS,208.54,210.57,203.0,203.53,121411018.0
20260713,QQQ,나스닥100,NAS,717.72,718.74,710.08,711.74,36552362.0
20260713,SMH,반도체ETF2,NAS,598.005,599.36,583.09,585.62,8736478.0
20260713,SOXX,반도체ETF,NAS,563.58,566.65,550.26,553.61,8306989.0
20260713,TSM,TSMC ADR,NYS,433.82,437.99,420.29,421.58,14329820.0
20260714,AVGO,브로드컴,NAS,395.72,397.33,384.6404,389.11,20118722.0
20260714,MU,마이크론,NAS,988.38,994.8,950.07,983.12,30835225.0
20260714,NVDA,엔비디아,NAS,208.2,212.55,203.8,211.8,124379646.0
20260714,QQQ,나스닥100,NAS,720.22,722.29,714.34,719.69,29448117.0
20260714,SMH,반도체ETF2,NAS,608.895,608.895,590.38,600.31,7581088.0
20260714,SOXX,반도체ETF,NAS,580.51,580.67,560.24,567.92,7372256.0
20260714,TSM,TSMC ADR,NYS,430.87,431.055,418.86,420.39,14279000.0
20260715,AVGO,브로드컴,NAS,396.09,399.0,386.74,394.28,16324127.0
20260715,MU,마이크론,NAS,975.805,978.4,873.6301,904.28,54779242.0
20260715,NVDA,엔비디아,NAS,211.96,213.81,206.04,212.5,124797151.0
20260715,QQQ,나스닥100,NAS,723.85,724.36,710.23,717.74,32627583.0
20260715,SMH,반도체ETF2,NAS,606.88,606.88,573.72,590.77,11020779.0
20260715,SOXX,반도체ETF,NAS,575.12,575.88,538.53,555.27,10199570.0
20260715,TSM,TSMC ADR,NYS,425.75,428.89,410.75,419.48,17012274.0
20260716,AVGO,브로드컴,NAS,384.535,386.74,371.9,374.45,23407244.0
20260716,MU,마이크론,NAS,866.765,887.71,840.51,853.2,46718034.0
20260716,NVDA,엔비디아,NAS,210.17,211.08,205.845,207.4,122986074.0
20260716,QQQ,나스닥100,NAS,712.01,713.599,702.61,705.94,39402024.0
20260716,SMH,반도체ETF2,NAS,575.75,581.84,564.45,568.92,12353271.0
20260716,SOXX,반도체ETF,NAS,539.05,545.55,525.43,530.5,10343317.0
20260716,TSM,TSMC ADR,NYS,405.29,415.95,403.5,409.74,24891293.0
20260717,AVGO,브로드컴,NAS,366.045,377.35,357.8,370.825,23272208.0
20260717,MU,마이크론,NAS,822.525,903.96,804.0,848.95,63346278.0
20260717,NVDA,엔비디아,NAS,202.64,206.645,197.97,202.81,144281910.0
20260717,QQQ,나스닥100,NAS,691.65,702.3,686.76,695.33,54109267.0
20260717,SMH,반도체ETF2,NAS,547.935,567.41,536.81,556.53,22083883.0
20260717,SOXX,반도체ETF,NAS,508.545,533.19,498.542,521.81,15576818.0
20260717,TSM,TSMC ADR,NYS,392.12,404.7,386.02,398.37,20986464.0
20260720,AVGO,브로드컴,NAS,378.76,383.59,375.96,378.16,14420450.0
20260720,MU,마이크론,NAS,885.57,900.9999,858.9,865.46,37705237.0
20260720,NVDA,엔비디아,NAS,205.87,207.74,202.28,203.28,88701540.0
20260720,QQQ,나스닥100,NAS,702.16,705.8,695.51,696.06,29687558.0
20260720,SMH,반도체ETF2,NAS,568.78,572.77,557.24,558.83,6962563.0
20260720,SOXX,반도체ETF,NAS,534.0,539.54,522.84,524.14,6533139.0
20260720,TSM,TSMC ADR,NYS,407.705,409.89,400.08,402.3,11653638.0
20260721,AVGO,브로드컴,NAS,390.21,390.5834,379.22,386.5,17291139.0
20260721,MU,마이크론,NAS,925.35,982.88,916.5701,970.82,49369020.0
20260721,NVDA,엔비디아,NAS,207.54,208.65,204.01,207.29,108685563.0
20260721,QQQ,나스닥100,NAS,706.57,710.05,702.8,708.97,33728341.0
20260721,SMH,반도체ETF2,NAS,580.96,586.0,572.05,584.08,7129768.0
20260721,SOXX,반도체ETF,NAS,549.095,555.16,540.15,552.69,10079669.0
20260721,TSM,TSMC ADR,NYS,418.74,425.4,413.56,424.61,18210122.0
20260722,AVGO,브로드컴,NAS,380.2,398.585,380.0,396.81,16966188.0
20260722,MU,마이크론,NAS,938.25,982.62,936.06,959.48,31588637.0
20260722,NVDA,엔비디아,NAS,205.805,214.39,204.95,212.06,137645596.0
20260722,QQQ,나스닥100,NAS,703.62,709.65,703.62,705.35,23692181.0
20260722,SMH,반도체ETF2,NAS,571.352,592.01,571.352,586.91,5249661.0
20260722,SOXX,반도체ETF,NAS,538.75,561.18,538.72,555.52,6268430.0
20260722,TSM,TSMC ADR,NYS,414.905,424.81,414.21,421.21,10259511.0
20260723,AVGO,브로드컴,NAS,392.19,397.61,386.82,392.47,16348682.0
20260723,MU,마이크론,NAS,975.13,1011.77,964.4,990.21,40196319.0
20260723,NVDA,엔비디아,NAS,209.455,210.8687,205.96,208.76,110505328.0
20260723,QQQ,나스닥100,NAS,694.67,698.66,687.79,691.96,44028575.0
20260723,SMH,반도체ETF2,NAS,577.2,586.89,573.9994,580.17,7963219.0
20260723,SOXX,반도체ETF,NAS,545.5,558.09,543.79,551.24,6689479.0
20260723,TSM,TSMC ADR,NYS,415.84,420.84,411.8,415.58,11048797.0
20260724,AVGO,브로드컴,NAS,387.68,389.27,378.75,381.92,15149396.0
20260724,MU,마이크론,NAS,959.03,967.14,904.0,920.95,40803073.0
20260724,NVDA,엔비디아,NAS,207.45,211.9099,204.81,206.84,114836805.0
20260724,QQQ,나스닥100,NAS,690.41,692.63,682.48,684.23,42876658.0
20260724,SMH,반도체ETF2,NAS,574.43,578.52,556.49,561.19,19156403.0
20260724,SOXX,반도체ETF,NAS,544.36,548.0,522.21,527.01,10952031.0
20260724,TSM,TSMC ADR,NYS,411.345,412.92,400.8,403.41,11525123.0
20260727,AVGO,브로드컴,NAS,389.815,389.9,373.5,383.22,18502121.0
20260727,MU,마이크론,NAS,932.445,935.0,854.79,900.2,47591161.0
20260727,NVDA,엔비디아,NAS,208.2,208.75,195.44,196.51,154353698.0
20260727,QQQ,나스닥100,NAS,691.68,692.3,675.945,682.12,42681473.0
20260727,SMH,반도체ETF2,NAS,565.94,567.62,535.31,548.55,38682157.0
20260727,SOXX,반도체ETF,NAS,532.64,534.305,500.0,516.23,13472846.0
20260727,TSM,TSMC ADR,NYS,406.075,407.43,388.8,399.09,17932307.0
20260728,AVGO,브로드컴,NAS,374.36,385.8,371.52,380.91,20328406.0
20260728,MU,마이크론,NAS,839.61,848.36,789.09,820.53,61039321.0
20260728,NVDA,엔비디아,NAS,195.0,198.7,192.74,197.01,134111494.0
20260728,QQQ,나스닥100,NAS,676.23,679.4,667.88,675.49,51398741.0
20260728,SMH,반도체ETF2,NAS,531.65,535.94,518.25,529.6,18429041.0
20260728,SOXX,반도체ETF,NAS,496.74,498.48,480.5,491.46,14904208.0
20260728,TSM,TSMC ADR,NYS,385.0,395.36,381.3,392.31,18276277.0
20260729,AVGO,브로드컴,NAS,380.635,386.12,369.5101,370.32,21374407.0
20260729,MU,마이크론,NAS,833.0,841.8,737.88,739.0,69845966.0
20260729,NVDA,엔비디아,NAS,195.845,197.074,190.01,190.01,147680809.0
20260729,QQQ,나스닥100,NAS,675.505,680.05,661.14,661.73,57233269.0
20260729,SMH,반도체ETF2,NAS,525.99,532.17,503.63,504.22,19440901.0
20260729,SOXX,반도체ETF,NAS,488.65,496.06,464.08,465.0,18817154.0
20260729,TSM,TSMC ADR,NYS,388.08,391.25,372.72,374.67,21700216.0
20260730,AVGO,브로드컴,NAS,380.35,388.68,377.54,387.84,23639844.0
20260730,MU,마이크론,NAS,793.135,882.5,789.0,874.66,63075299.0
20260730,NVDA,엔비디아,NAS,193.45,197.25,191.52,195.04,129010151.0
20260730,QQQ,나스닥100,NAS,674.76,685.12,673.3,683.55,66753681.0
20260730,SMH,반도체ETF2,NAS,529.858,544.64,524.56,538.9,14175001.0
20260730,SOXX,반도체ETF,NAS,491.57,509.98,488.01,504.53,17477835.0
20260730,TSM,TSMC ADR,NYS,392.49,406.77,387.6,403.31,17474236.0
20260731,AVGO,브로드컴,NAS,394.83,399.92,379.71,389.28,20391003.0
20260731,MU,마이크론,NAS,919.65,930.88,818.0,823.03,54538600.0
20260731,NVDA,엔비디아,NAS,198.4405,202.0,194.95,200.75,139961152.0
20260731,QQQ,나스닥100,NAS,692.11,695.77,680.0512,687.99,50540483.0
20260731,SMH,반도체ETF2,NAS,557.5,561.44,535.24,540.53,14673890.0
20260731,SOXX,반도체ETF,NAS,527.1,532.67,501.3,504.89,13113704.0
20260731,TSM,TSMC ADR,NYS,419.5,420.35,398.8,404.25,11956081.0
20260803,AVGO,브로드컴,NAS,384.405,392.605,374.61,392.23,17315081.0
20260803,MU,마이크론,NAS,786.355,836.62,770.1,829.5,42607140.0
20260803,NVDA,엔비디아,NAS,197.69,208.74,196.85,206.64,128406883.0
20260803,QQQ,나스닥100,NAS,688.3,701.59,685.82,700.07,44965071.0
20260803,SMH,반도체ETF2,NAS,530.43,548.49,524.77,545.46,7283763.0
20260803,SOXX,반도체ETF,NAS,491.92,510.95,485.71,507.68,10302034.0
20260803,TSM,TSMC ADR,NYS,400.585,407.44,398.2001,406.11,12676907.0
20260804,AVGO,브로드컴,NAS,402.97,422.065,400.68,418.16,29564242.0
20260804,MU,마이크론,NAS,866.82,902.4299,858.5,892.67,37478559.0
20260804,NVDA,엔비디아,NAS,211.3,213.06,209.05,211.94,134921997.0
20260804,QQQ,나스닥100,NAS,708.16,725.66,707.53,723.85,59778624.0
20260804,SMH,반도체ETF2,NAS,564.292,578.63,562.28,575.71,9566210.0
20260804,SOXX,반도체ETF,NAS,529.31,545.385,526.57,542.21,10898613.0
20260804,TSM,TSMC ADR,NYS,418.0,420.25,412.11,417.17,13929095.0
20260805,AVGO,브로드컴,NAS,421.7,427.0,416.89,418.28,16880445.0
20260805,MU,마이크론,NAS,885.3,928.98,881.2,893.19,34720297.0
20260805,NVDA,엔비디아,NAS,216.86,222.22,216.4,219.22,158187403.0
20260805,QQQ,나스닥100,NAS,726.25,728.54,716.92,717.3,33540176.0
20260805,SMH,반도체ETF2,NAS,574.41,585.0,568.38,569.7,6209431.0
20260805,SOXX,반도체ETF,NAS,536.4,547.57,528.88,530.7,9649263.0
20260805,TSM,TSMC ADR,NYS,419.32,426.3,413.0701,414.0,12790436.0
20260806,AVGO,브로드컴,NAS,420.545,428.03,410.76,420.565,13907544.0
20260806,MU,마이크론,NAS,843.11,913.33,827.0,881.47,35784117.0
20260806,NVDA,엔비디아,NAS,221.53,223.63,217.0,218.99,113940644.0
20260806,QQQ,나스닥100,NAS,710.82,719.32,708.5,714.65,33035860.0
20260806,SMH,반도체ETF2,NAS,565.475,580.43,559.56,571.48,6231651.0
20260806,SOXX,반도체ETF,NAS,522.66,542.56,516.41,532.52,7654672.0
20260806,TSM,TSMC ADR,NYS,409.54,423.91,407.99,418.2,10628860.0
20260807,AVGO,브로드컴,NAS,428.4,430.84,421.61,427.76,14698252.0
20260807,MU,마이크론,NAS,903.6,904.8,847.02,877.57,34568477.0
20260807,NVDA,엔비디아,NAS,221.54,224.76,220.66,223.96,105669440.0
20260807,QQQ,나스닥100,NAS,720.15,723.63,716.51,723.03,31070371.0
20260807,SMH,반도체ETF2,NAS,583.58,586.09,572.32,582.7,6505032.0
20260807,SOXX,반도체ETF,NAS,545.2,547.9038,531.27,543.27,5262641.0
20260807,TSM,TSMC ADR,NYS,424.79,424.79,413.1,420.04,9159559.0
20260810,AVGO,브로드컴,NAS,426.99,432.73,420.16,422.4,13854127.0
20260810,MU,마이크론,NAS,863.665,894.989,854.4,861.0,27818627.0
20260810,NVDA,엔비디아,NAS,223.4,224.1379,216.77,217.55,115846596.0
20260810,QQQ,나스닥100,NAS,722.39,724.67,720.33,720.87,26243183.0
20260810,SMH,반도체ETF2,NAS,585.99,586.24,569.2,569.41,6476713.0
20260810,SOXX,반도체ETF,NAS,545.85,547.22,529.39,529.39,8763459.0
20260810,TSM,TSMC ADR,NYS,420.34,425.88,416.0,418.47,11776122.0
20260811,AVGO,브로드컴,NAS,426.07,426.76,413.23,416.08,12882657.0
20260811,MU,마이크론,NAS,871.8,879.0,844.62,868.52,29438280.0
20260811,NVDA,엔비디아,NAS,222.17,222.2,216.2,217.5,101273148.0
20260811,QQQ,나스닥100,NAS,723.29,723.35,715.5,718.45,29286144.0
20260811,SMH,반도체ETF2,NAS,578.57,578.6,569.17,572.93,5028983.0
20260811,SOXX,반도체ETF,NAS,537.91,539.05,530.1,534.2,7176145.0
20260811,TSM,TSMC ADR,NYS,424.2,424.9,418.87,422.06,9703611.0
20260812,AVGO,브로드컴,NAS,426.255,426.5,414.61,416.05,15859206.0
20260812,MU,마이크론,NAS,912.94,935.8,899.54,911.29,36804916.0
20260812,NVDA,엔비디아,NAS,221.04,225.1,220.2,224.09,108783636.0
20260812,QQQ,나스닥100,NAS,727.08,727.25,722.92,723.7,29065976.0
20260812,SMH,반도체ETF2,NAS,590.55,590.57,583.79,584.83,7414056.0
20260812,SOXX,반도체ETF,NAS,553.4,554.11,546.47,546.61,7723644.0
20260812,TSM,TSMC ADR,NYS,432.65,433.28,427.02,429.15,9534228.0
20260813,AVGO,브로드컴,NAS,415.805,424.92,411.41,417.82,13180478.0
20260813,MU,마이크론,NAS,912.89,978.0,906.5,949.83,36704680.0
20260813,NVDA,엔비디아,NAS,225.055,227.23,223.71,225.3,98867226.0
20260813,QQQ,나스닥100,NAS,725.15,733.96,724.03,732.07,31599737.0
20260813,SMH,반도체ETF2,NAS,586.38,597.95,585.01,589.12,6785984.0
20260813,SOXX,반도체ETF,NAS,547.14,562.25,546.4,550.74,5940747.0
20260813,TSM,TSMC ADR,NYS,429.15,436.04,428.3922,430.49,8194037.0
20260814,AVGO,브로드컴,NAS,411.96,412.5,388.5,392.99,29513597.0
20260814,MU,마이크론,NAS,979.32,984.0,956.2,971.66,27881135.0
20260814,NVDA,엔비디아,NAS,226.765,227.49,224.5,225.16,75680870.0
20260814,QQQ,나스닥100,NAS,733.41,734.39,728.32,731.07,23790607.0
20260814,SMH,반도체ETF2,NAS,587.51,590.33,581.87,587.82,5524295.0
20260814,SOXX,반도체ETF,NAS,549.58,552.89,542.93,550.42,4309829.0
20260814,TSM,TSMC ADR,NYS,429.2,429.2699,424.1,426.35,6324715.0
20260817,AVGO,브로드컴,NAS,397.26,399.36,391.31,392.43,20042639.0
20260817,MU,마이크론,NAS,999.55,1036.13,995.26,1011.75,33430506.0
20260817,NVDA,엔비디아,NAS,225.98,227.92,224.86,225.01,93678685.0
20260817,QQQ,나스닥100,NAS,732.95,734.58,729.27,729.87,26452580.0
20260817,SMH,반도체ETF2,NAS,593.715,600.3699,591.5,594.07,7700538.0
20260817,SOXX,반도체ETF,NAS,557.92,566.02,555.84,559.12,5744955.0
20260817,TSM,TSMC ADR,NYS,429.97,435.71,426.8,430.97,9479386.0
20260818,AVGO,브로드컴,NAS,384.315,385.7821,377.01,380.0,22878198.0
20260818,MU,마이크론,NAS,957.1,978.67,926.64,940.76,37305990.0
20260818,NVDA,엔비디아,NAS,220.45,221.64,218.6902,219.74,103128247.0
20260818,QQQ,나스닥100,NAS,720.21,722.13,715.92,717.51,48997172.0
20260818,SMH,반도체ETF2,NAS,574.355,577.76,562.63,569.77,11364389.0
20260818,SOXX,반도체ETF,NAS,537.42,541.7,523.03,531.39,9993901.0
20260818,TSM,TSMC ADR,NYS,417.0,419.63,410.765,413.41,14030094.0
20260819,AVGO,브로드컴,NAS,372.4,373.91,357.6101,362.48,35091374.0
20260819,MU,마이크론,NAS,959.355,960.0,915.18,937.105,26901876.0
20260819,NVDA,엔비디아,NAS,221.67,222.87,216.76,217.56,96797314.0
20260819,QQQ,나스닥100,NAS,720.39,721.4999,712.61,716.08,35801712.0
20260819,SMH,반도체ETF2,NAS,575.06,576.835,556.315,560.92,8713301.0
20260819,SOXX,반도체ETF,NAS,536.26,538.0,514.49,519.67,8413774.0
20260819,TSM,TSMC ADR,NYS,418.13,419.6,407.88,412.09,8424682.0
20260820,AVGO,브로드컴,NAS,364.39,367.12,362.2501,364.03,19729827.0
20260820,MU,마이크론,NAS,935.01,977.28,929.07,974.33,25212225.0
20260820,NVDA,엔비디아,NAS,218.36,219.86,215.66,216.85,92457037.0
20260820,QQQ,나스닥100,NAS,712.09,714.94,708.52,710.93,33396416.0
20260820,SMH,반도체ETF2,NAS,559.375,566.0,557.26,562.65,6240638.0
20260820,SOXX,반도체ETF,NAS,518.375,525.43,515.26,522.35,6269009.0
20260820,TSM,TSMC ADR,NYS,408.6,417.96,407.7183,416.0,10447899.0
20260821,AVGO,브로드컴,NAS,370.69,375.13,365.05,368.45,19037140.0
20260821,MU,마이크론,NAS,989.675,989.96,958.26,966.78,21823443.0
20260821,NVDA,엔비디아,NAS,218.42,218.74,214.5,214.72,98869300.0
20260821,QQQ,나스닥100,NAS,715.23,715.6738,709.2,713.44,33399407.0
20260821,SMH,반도체ETF2,NAS,569.44,569.44,556.1,560.42,9619330.0
20260821,SOXX,반도체ETF,NAS,528.15,528.99,514.66,520.05,6255603.0
20260821,TSM,TSMC ADR,NYS,423.015,425.68,416.7,418.95,8947202.0
20260824,AVGO,브로드컴,NAS,364.965,366.17,358.71,358.76,18717229.0
20260824,MU,마이크론,NAS,934.78,936.45,887.605,910.43,30012631.0
20260824,NVDA,엔비디아,NAS,215.53,215.59,207.25,208.48,135187288.0
20260824,QQQ,나스닥100,NAS,709.66,709.79,702.7,706.32,37443142.0
20260824,SMH,반도체ETF2,NAS,554.175,554.175,540.75,546.8,7743315.0
20260824,SOXX,반도체ETF,NAS,511.97,512.105,498.93,506.18,7834590.0
20260824,TSM,TSMC ADR,NYS,413.87,414.34,405.15,410.12,10645649.0
20260825,AVGO,브로드컴,NAS,361.1,362.99,355.31,356.74,18014884.0
20260825,MU,마이크론,NAS,928.975,946.67,916.3,932.97,19163180.0
20260825,NVDA,엔비디아,NAS,211.025,214.73,210.11,213.05,122309019.0
20260825,QQQ,나스닥100,NAS,711.22,714.04,707.45,710.72,23869646.0
20260825,SMH,반도체ETF2,NAS,555.375,560.38,550.66,555.82,6046222.0
20260825,SOXX,반도체ETF,NAS,515.91,520.1,509.66,514.06,6445924.0
20260825,TSM,TSMC ADR,NYS,414.585,419.7695,414.03,417.41,7049839.0
20260826,AVGO,브로드컴,NAS,357.12,359.4699,350.06,355.59,19196259.0
20260826,MU,마이크론,NAS,925.74,945.7499,924.6,938.4,18721684.0
20260826,NVDA,엔비디아,NAS,212.64,213.6,209.23,209.66,179900003.0
20260826,QQQ,나스닥100,NAS,708.41,713.02,707.97,711.37,20392390.0
20260826,SMH,반도체ETF2,NAS,554.47,557.78,550.54,555.77,3864963.0
20260826,SOXX,반도체ETF,NAS,512.09,516.385,509.26,515.4,4322162.0
20260826,TSM,TSMC ADR,NYS,418.45,420.75,414.41,417.69,7449310.0
20260827,AVGO,브로드컴,NAS,361.79,371.72,360.61,371.54,21329954.0
20260827,MU,마이크론,NAS,967.01,968.71,906.89,935.39,28838465.0
20260827,NVDA,엔비디아,NAS,222.86,230.47,220.9,227.98,298909822.0
20260827,QQQ,나스닥100,NAS,716.93,721.35,714.525,721.11,28723451.0
20260827,SMH,반도체ETF2,NAS,569.365,573.21,562.54,573.0,6566933.0
20260827,SOXX,반도체ETF,NAS,526.06,527.78,517.0001,525.43,9045983.0
20260827,TSM,TSMC ADR,NYS,423.015,429.64,420.53,427.3,12749846.0
20260828,AVGO,브로드컴,NAS,373.6,376.59,365.3513,368.79,16596066.0
20260828,MU,마이크론,NAS,919.29,946.7999,909.09,932.86,22890088.0
20260828,NVDA,엔비디아,NAS,227.36,229.26,216.81,217.55,195116417.0
20260828,QQQ,나스닥100,NAS,719.74,724.125,715.085,716.43,34105374.0
20260828,SMH,반도체ETF2,NAS,568.72,570.12,552.3,553.11,6468427.0
20260828,SOXX,반도체ETF,NAS,521.2,522.65,506.82,508.62,8468466.0
20260828,TSM,TSMC ADR,NYS,427.49,429.12,417.32,417.52,8896896.0
20260831,AVGO,브로드컴,NAS,369.52,372.75,366.3,370.34,21947988.0
20260831,MU,마이크론,NAS,931.39,959.9699,930.79,958.73,22569478.0
20260831,NVDA,엔비디아,NAS,218.87,221.3,216.21,220.78,124702660.0
20260831,QQQ,나스닥100,NAS,715.17,717.58,713.16,716.76,32237181.0
20260831,SMH,반도체ETF2,NAS,554.38,558.43,552.79,556.63,4325053.0
20260831,SOXX,반도체ETF,NAS,509.815,514.33,507.03,511.04,6247026.0
20260831,TSM,TSMC ADR,NYS,417.23,423.8,414.6001,415.32,6747964.0
20260901,AVGO,브로드컴,NAS,364.25,371.4,362.0,369.68,19288937.0
20260901,MU,마이크론,NAS,941.125,969.44,922.39,933.44,27762236.0
20260901,NVDA,엔비디아,NAS,216.75,220.41,215.1,217.44,109756184.0
20260901,QQQ,나스닥100,NAS,707.39,712.3,704.66,707.64,35236116.0
20260901,SMH,반도체ETF2,NAS,546.48,549.88,540.85,545.22,6195102.0
20260901,SOXX,반도체ETF,NAS,501.43,504.715,495.09,500.31,8049543.0
20260901,TSM,TSMC ADR,NYS,417.8,418.62,412.065,414.0,7928439.0
20260902,AVGO,브로드컴,NAS,369.68,371.09,364.65,367.24,38874578.0
20260902,MU,마이크론,NAS,930.825,958.0,927.1569,956.08,21440498.0
20260902,NVDA,엔비디아,NAS,218.785,227.95,218.48,224.41,157104683.0
20260902,QQQ,나스닥100,NAS,707.1,709.7988,705.1,709.24,23476207.0
20260902,SMH,반도체ETF2,NAS,545.225,553.19,541.72,550.48,5129884.0
20260902,SOXX,반도체ETF,NAS,498.18,504.02,493.31,501.44,5813323.0
20260902,TSM,TSMC ADR,NYS,413.2,416.5,411.27,415.5,6301000.0
20260903,AVGO,브로드컴,NAS,351.74,359.4,342.3305,357.16,60242595.0
20260903,MU,마이크론,NAS,956.91,959.76,918.8801,958.16,24175871.0
20260903,NVDA,엔비디아,NAS,226.02,230.4,224.75,228.45,134681610.0
20260903,QQQ,나스닥100,NAS,710.85,718.915,709.69,717.67,29449781.0
20260903,SMH,반도체ETF2,NAS,546.77,553.74,540.07,552.6,5623455.0
20260903,SOXX,반도체ETF,NAS,496.64,503.317,489.21,502.2,6445566.0
20260903,TSM,TSMC ADR,NYS,413.29,417.3,407.815,417.01,7827764.0
20260904,AVGO,브로드컴,NAS,359.7,360.16,353.7,357.895,32863265.0
20260904,MU,마이크론,NAS,971.335,1017.77,969.0,1016.59,35249519.0
20260904,NVDA,엔비디아,NAS,231.09,234.76,229.63,230.36,135352420.0
20260904,QQQ,나스닥100,NAS,719.345,721.86,716.56,718.96,32871076.0
20260904,SMH,반도체ETF2,NAS,560.5,569.4,557.72,567.01,9456112.0
20260904,SOXX,반도체ETF,NAS,509.31,520.56,507.25,519.86,9234036.0
20260904,TSM,TSMC ADR,NYS,421.88,429.82,419.42,428.91,12283895.0
20260908,AVGO,브로드컴,NAS,363.675,372.6999,362.74,368.56,30464888.0
20260908,MU,마이크론,NAS,1036.4,1041.07,997.62,1000.26,26604914.0
20260908,NVDA,엔비디아,NAS,233.11,233.71,224.85,225.73,122965555.0
20260908,QQQ,나스닥100,NAS,720.909,721.886,715.57,718.36,28341416.0
20260908,SMH,반도체ETF2,NAS,578.7,580.57,571.995,573.73,8300280.0
20260908,SOXX,반도체ETF,NAS,530.495,534.28,525.49,528.4,8833136.0
20260908,TSM,TSMC ADR,NYS,438.02,444.29,433.72,439.0,13088876.0
20260909,AVGO,브로드컴,NAS,366.23,368.01,359.25,364.38,25918212.0
20260909,MU,마이크론,NAS,998.805,1042.4,992.29,1027.77,23811958.0
20260909,NVDA,엔비디아,NAS,225.275,226.18,223.46,223.67,82955478.0
20260909,QQQ,나스닥100,NAS,716.4,719.7,714.02,716.31,26763377.0
20260909,SMH,반도체ETF2,NAS,569.9,577.57,569.9,574.29,3467084.0
20260909,SOXX,반도체ETF,NAS,524.85,535.48,524.85,532.0,6436936.0
20260909,TSM,TSMC ADR,NYS,434.46,439.4,431.87,435.36,7499342.0
20260910,AVGO,브로드컴,NAS,360.03,365.27,357.75,360.83,23994294.0
20260910,MU,마이크론,NAS,997.0,999.0,973.5,977.41,26230398.0
20260910,NVDA,엔비디아,NAS,220.525,220.99,217.2,218.36,105768001.0
20260910,QQQ,나스닥100,NAS,707.55,712.06,706.855,708.69,31414409.0
20260910,SMH,반도체ETF2,NAS,561.54,565.15,557.09,560.28,6620974.0
20260910,SOXX,반도체ETF,NAS,518.32,522.5,514.31,517.43,6651714.0
20260910,TSM,TSMC ADR,NYS,426.44,432.5299,424.05,428.03,8368064.0
20260911,AVGO,브로드컴,NAS,364.85,366.78,361.64,361.99,21166937.0
20260911,MU,마이크론,NAS,993.195,993.99,967.38,975.26,21740290.0
20260911,NVDA,엔비디아,NAS,221.235,222.0,218.15,218.29,89060140.0
20260911,QQQ,나스닥100,NAS,715.68,717.63,713.63,714.88,26649142.0
20260911,SMH,반도체ETF2,NAS,568.828,572.8,564.0,568.53,5204920.0
20260911,SOXX,반도체ETF,NAS,525.235,531.04,521.13,527.07,5665978.0
20260911,TSM,TSMC ADR,NYS,431.55,435.37,428.9,433.24,10638194.0
20260914,AVGO,브로드컴,NAS,349.63,350.25,343.91,344.72,32662846.0
20260914,MU,마이크론,NAS,906.03,932.21,902.6,924.03,27141901.0
20260914,NVDA,엔비디아,NAS,211.24,212.77,208.93,210.96,132267244.0
20260914,QQQ,나스닥100,NAS,703.325,712.95,702.74,709.18,35218978.0
20260914,SMH,반도체ETF2,NAS,539.99,546.76,537.73,541.5,10636498.0
20260914,SOXX,반도체ETF,NAS,497.17,503.18,495.15,497.4,11265548.0
20260914,TSM,TSMC ADR,NYS,416.01,424.45,416.01,418.01,14305935.0
20260915,AVGO,브로드컴,NAS,346.04,347.2599,337.9,339.27,24783896.0
20260915,MU,마이크론,NAS,937.5,944.94,920.13,927.6,20434659.0
20260915,NVDA,엔비디아,NAS,213.375,213.94,211.16,212.17,88059658.0
20260915,QQQ,나스닥100,NAS,708.8,709.5299,703.635,704.54,26631661.0
20260915,SMH,반도체ETF2,NAS,546.565,548.19,540.105,542.11,6119372.0
20260915,SOXX,반도체ETF,NAS,502.55,504.74,496.58,498.85,6014198.0
20260915,TSM,TSMC ADR,NYS,421.94,421.94,412.55,413.75,9462223.0
20260916,AVGO,브로드컴,NAS,342.365,344.15,335.8147,339.51,23152533.0
20260916,MU,마이크론,NAS,934.23,941.2,917.64,926.55,20213011.0
20260916,NVDA,엔비디아,NAS,214.14,216.76,212.5,213.9,96563590.0
20260916,QQQ,나스닥100,NAS,708.0,711.88,700.0,704.72,35687958.0
20260916,SMH,반도체ETF2,NAS,549.945,553.17,540.45,545.56,5998755.0
20260916,SOXX,반도체ETF,NAS,506.71,510.37,496.81,502.06,8358894.0
20260916,TSM,TSMC ADR,NYS,418.2,419.85,413.88,417.72,10490910.0
20260917,AVGO,브로드컴,NAS,346.615,350.94,345.31,347.3,24389566.0
20260917,MU,마이크론,NAS,954.565,986.2,953.5,977.5,22091587.0
20260917,NVDA,엔비디아,NAS,218.375,219.905,217.145,219.34,94191263.0
20260917,QQQ,나스닥100,NAS,715.95,718.0401,713.32,716.92,37270287.0
20260917,SMH,반도체ETF2,NAS,560.095,561.7694,557.5608,560.61,6164160.0
20260917,SOXX,반도체ETF,NAS,517.09,520.4192,514.8,519.1,6790710.0
20260917,TSM,TSMC ADR,NYS,424.4,430.53,423.39,430.26,12447741.0
20260918,AVGO,브로드컴,NAS,352.08,363.2817,351.33,357.61,44032802.0
20260918,MU,마이크론,NAS,984.715,1016.44,977.83,1015.8,35803503.0
20260918,NVDA,엔비디아,NAS,219.35,222.73,218.03,222.27,190287428.0
20260918,QQQ,나스닥100,NAS,718.83,721.73,715.08,721.45,48478713.0
20260918,SMH,반도체ETF2,NAS,562.88,580.81,562.75,573.0,6296469.0
20260918,SOXX,반도체ETF,NAS,522.71,533.32,522.38,533.07,6348602.0
20260918,TSM,TSMC ADR,NYS,429.04,434.8165,428.98,434.67,12905093.0
20260921,AVGO,브로드컴,NAS,358.655,363.97,353.5,362.66,26498591.0
20260921,MU,마이크론,NAS,1044.99,1064.49,1030.68,1043.96,28174409.0
20260921,NVDA,엔비디아,NAS,222.935,228.5,221.56,227.38,109806067.0
20260921,QQQ,나스닥100,NAS,727.89,743.22,727.81,741.47,46730629.0
20260921,SMH,반도체ETF2,NAS,581.895,598.62,578.51,596.03,9885982.0
20260921,SOXX,반도체ETF,NAS,545.08,562.2,541.47,559.34,7966135.0
20260921,TSM,TSMC ADR,NYS,440.8,445.72,437.06,445.14,9943057.0
20260922,AVGO,브로드컴,NAS,363.23,366.55,359.2901,364.54,20570790.0
20260922,MU,마이크론,NAS,1032.85,1097.25,1030.015,1096.16,29189695.0
20260922,NVDA,엔비디아,NAS,226.85,229.98,226.5,228.87,95746745.0
20260922,QQQ,나스닥100,NAS,740.98,748.349,740.93,747.46,40128841.0
20260922,SMH,반도체ETF2,NAS,591.67,608.665,591.012,607.46,6631117.0
20260922,SOXX,반도체ETF,NAS,553.76,573.52,553.36,572.78,6322839.0
20260922,TSM,TSMC ADR,NYS,441.22,452.88,441.2,452.0,11255993.0
20260923,AVGO,브로드컴,NAS,362.2,362.9,354.01,354.99,23387653.0
20260923,MU,마이크론,NAS,1100.07,1105.5,1064.25,1071.88,21572757.0
20260923,NVDA,엔비디아,NAS,228.03,228.95,224.02,225.51,89547290.0
20260923,QQQ,나스닥100,NAS,746.97,747.13,738.191,741.21,33191777.0
20260923,SMH,반도체ETF2,NAS,604.39,606.285,593.79,601.41,6116386.0
20260923,SOXX,반도체ETF,NAS,570.4,571.55,557.05,565.72,9984393.0
20260923,TSM,TSMC ADR,NYS,449.79,450.88,442.87,446.57,10181332.0
20260924,AVGO,브로드컴,NAS,349.21,351.4399,346.89,350.36,20930441.0
20260924,MU,마이크론,NAS,1049.75,1081.04,1044.0,1080.53,22069916.0
20260924,NVDA,엔비디아,NAS,222.08,224.94,221.09,224.58,77469856.0
20260924,QQQ,나스닥100,NAS,735.289,742.66,734.62,741.1,29000901.0
20260924,SMH,반도체ETF2,NAS,591.62,602.03,588.92,600.52,5645417.0
20260924,SOXX,반도체ETF,NAS,554.9,566.81,553.24,566.07,4925918.0
20260924,TSM,TSMC ADR,NYS,441.8,452.56,440.6,451.15,7720294.0
