# 국제 금 **현물** 시세 (USD/트로이온스, 일별) · XAU/USD
#   창구 — investing.com API(instrumentId 68). scripts/gold_spot.py 가 만든다.
#   ⚠ 직접 HTTP 는 403 이라 **Aside 브라우저**로만 받는다. cron 에서 못 돈다.
#   ⚠ **1985년 이전은 종가만 믿는다** — 시·고·저가 종가 복사다.
#      실측 flat 비율: 1980~84 100% · 1985~89 29% · 1990~94 3% · 1995~ 2%.
#      이 파일 전체 flat 비율 14.5%.
#   ⚠ 월별(금가격_월별_1833)은 현물, 일별(금가격_일별)은 COMEX 선물이다.
#      선물은 콘탱고로 현물보다 중앙 +0.5% 높다. 셋을 섞어 쓰지 않는다.
date,open,high,low,close
1979-12-27,515.50,515.50,515.50,515.50
1979-12-28,512.00,512.00,512.00,512.00
1980-01-01,512.00,512.00,512.00,512.00
1980-01-02,559.75,559.75,559.75,559.75
1980-01-03,634.25,634.25,634.25,634.25
1980-01-04,634.25,634.25,634.25,634.25
1980-01-07,634.00,634.00,634.00,634.00
1980-01-08,610.00,610.00,610.00,610.00
1980-01-09,607.20,607.20,607.20,607.20
1980-01-10,603.35,603.35,603.35,603.35
1980-01-11,623.00,623.00,623.00,623.00
1980-01-14,660.00,660.00,660.00,660.00
1980-01-15,684.00,684.00,684.00,684.00
1980-01-16,760.00,760.00,760.00,760.00
1980-01-17,750.00,750.00,750.00,750.00
1980-01-18,835.00,835.00,835.00,835.00
1980-01-21,835.00,835.00,835.00,835.00
1980-01-22,737.50,737.50,737.50,737.50
1980-01-23,695.00,695.00,695.00,695.00
1980-01-24,717.00,717.00,717.00,717.00
1980-01-25,668.00,668.00,668.00,668.00
1980-01-28,624.00,624.00,624.00,624.00
1980-01-29,674.25,674.25,674.25,674.25
1980-01-30,691.00,691.00,691.00,691.00
1980-01-31,653.00,653.00,653.00,653.00
1980-02-01,676.50,676.50,676.50,676.50
1980-02-04,669.75,669.75,669.75,669.75
1980-02-05,669.75,669.75,669.75,669.75
1980-02-06,709.00,709.00,709.00,709.00
1980-02-07,699.25,699.25,699.25,699.25
1980-02-08,692.00,692.00,692.00,692.00
1980-02-11,710.50,710.50,710.50,710.50
1980-02-12,694.50,694.50,694.50,694.50
1980-02-13,696.75,696.75,696.75,696.75
1980-02-14,682.00,682.00,682.00,682.00
1980-02-15,667.00,667.00,667.00,667.00
1980-02-18,667.00,667.00,667.00,667.00
1980-02-19,652.25,652.25,652.25,652.25
1980-02-20,652.25,652.25,652.25,652.25
1980-02-21,665.00,665.00,665.00,665.00
1980-02-22,630.00,630.00,630.00,630.00
1980-02-25,616.50,616.50,616.50,616.50
1980-02-26,642.25,642.25,642.25,642.25
1980-02-27,636.00,636.00,636.00,636.00
1980-02-28,646.00,646.00,646.00,646.00
1980-02-29,637.00,637.00,637.00,637.00
1980-03-03,663.75,663.75,663.75,663.75
1980-03-04,631.25,631.25,631.25,631.25
1980-03-05,643.50,643.50,643.50,643.50
1980-03-06,643.50,643.50,643.50,643.50
1980-03-07,609.00,609.00,609.00,609.00
1980-03-10,585.00,585.00,585.00,585.00
1980-03-11,570.25,570.25,570.25,570.25
1980-03-12,585.70,585.70,585.70,585.70
1980-03-13,556.50,556.50,556.50,556.50
1980-03-14,523.00,523.00,523.00,523.00
1980-03-17,484.00,484.00,484.00,484.00
1980-03-18,481.50,481.50,481.50,481.50
1980-03-19,527.00,527.00,527.00,527.00
1980-03-20,561.00,561.00,561.00,561.00
1980-03-21,561.00,561.00,561.00,561.00
1980-03-24,558.25,558.25,558.25,558.25
1980-03-25,547.25,547.25,547.25,547.25
1980-03-26,508.00,508.00,508.00,508.00
1980-03-27,485.25,485.25,485.25,485.25
1980-03-28,490.00,490.00,490.00,490.00
1980-03-31,495.00,495.00,495.00,495.00
1980-04-01,509.50,509.50,509.50,509.50
1980-04-02,500.50,500.50,500.50,500.50
1980-04-03,485.75,485.75,485.75,485.75
1980-04-04,485.75,485.75,485.75,485.75
1980-04-07,485.75,485.75,485.75,485.75
1980-04-08,528.00,528.00,528.00,528.00
1980-04-09,554.00,554.00,554.00,554.00
1980-04-10,526.00,526.00,526.00,526.00
1980-04-11,530.50,530.50,530.50,530.50
1980-04-14,529.75,529.75,529.75,529.75
1980-04-15,497.50,497.50,497.50,497.50
1980-04-16,520.00,520.00,520.00,520.00
1980-04-17,513.00,513.00,513.00,513.00
1980-04-18,515.60,515.60,515.60,515.60
1980-04-21,506.00,506.00,506.00,506.00
1980-04-22,506.00,506.00,506.00,506.00
1980-04-23,506.50,506.50,506.50,506.50
1980-04-24,515.70,515.70,515.70,515.70
1980-04-25,551.50,551.50,551.50,551.50
1980-04-28,524.25,524.25,524.25,524.25
1980-04-29,513.75,513.75,513.75,513.75
1980-04-30,518.00,518.00,518.00,518.00
1980-05-01,490.00,490.00,490.00,490.00
1980-05-02,512.50,512.50,512.50,512.50
1980-05-05,515.00,515.00,515.00,515.00
1980-05-06,512.50,512.50,512.50,512.50
1980-05-07,512.50,512.50,512.50,512.50
1980-05-08,515.75,515.75,515.75,515.75
1980-05-09,508.25,508.25,508.25,508.25
1980-05-12,513.25,513.25,513.25,513.25
1980-05-13,512.00,512.00,512.00,512.00
1980-05-14,525.00,525.00,525.00,525.00
1980-05-15,517.00,517.00,517.00,517.00
1980-05-16,516.50,516.50,516.50,516.50
1980-05-19,514.25,514.25,514.25,514.25
1980-05-20,507.75,507.75,507.75,507.75
1980-05-21,513.50,513.50,513.50,513.50
1980-05-22,513.50,513.50,513.50,513.50
1980-05-23,511.25,511.25,511.25,511.25
1980-05-26,511.25,511.25,511.25,511.25
1980-05-27,514.80,514.80,514.80,514.80
1980-05-28,526.50,526.50,526.50,526.50
1980-05-29,519.60,519.60,519.60,519.60
1980-05-30,535.50,535.50,535.50,535.50
1980-06-02,561.50,561.50,561.50,561.50
1980-06-03,552.50,552.50,552.50,552.50
1980-06-04,571.50,571.50,571.50,571.50
1980-06-05,581.75,581.75,581.75,581.75
1980-06-06,581.75,581.75,581.75,581.75
1980-06-09,623.75,623.75,623.75,623.75
1980-06-10,604.00,604.00,604.00,604.00
1980-06-11,596.00,596.00,596.00,596.00
1980-06-12,590.00,590.00,590.00,590.00
1980-06-13,608.40,608.40,608.40,608.40
1980-06-16,590.00,590.00,590.00,590.00
1980-06-17,591.75,591.75,591.75,591.75
1980-06-18,602.50,602.50,602.50,602.50
1980-06-19,599.00,599.00,599.00,599.00
1980-06-20,602.50,602.50,602.50,602.50
1980-06-23,602.50,602.50,602.50,602.50
1980-06-24,603.00,603.00,603.00,603.00
1980-06-25,622.50,622.50,622.50,622.50
1980-06-26,624.50,624.50,624.50,624.50
1980-06-27,637.50,637.50,637.50,637.50
1980-06-30,653.50,653.50,653.50,653.50
1980-07-01,660.00,660.00,660.00,660.00
1980-07-02,661.50,661.50,661.50,661.50
1980-07-03,663.50,663.50,663.50,663.50
1980-07-04,663.50,663.50,663.50,663.50
1980-07-07,667.50,667.50,667.50,667.50
1980-07-08,687.50,687.50,687.50,687.50
1980-07-09,671.00,671.00,671.00,671.00
1980-07-10,656.50,656.50,656.50,656.50
1980-07-11,666.70,666.70,666.70,666.70
1980-07-14,650.00,650.00,650.00,650.00
1980-07-15,619.50,619.50,619.50,619.50
1980-07-16,624.75,624.75,624.75,624.75
1980-07-17,627.25,627.25,627.25,627.25
1980-07-18,606.00,606.00,606.00,606.00
1980-07-21,617.50,617.50,617.50,617.50
1980-07-22,613.00,613.00,613.00,613.00
1980-07-23,631.25,631.25,631.25,631.25
1980-07-24,643.00,643.00,643.00,643.00
1980-07-25,651.75,651.75,651.75,651.75
1980-07-28,643.50,643.50,643.50,643.50
1980-07-29,646.75,646.75,646.75,646.75
1980-07-30,629.00,629.00,629.00,629.00
1980-07-31,614.25,614.25,614.25,614.25
1980-08-01,622.00,622.00,622.00,622.00
1980-08-04,630.75,630.75,630.75,630.75
1980-08-05,630.50,630.50,630.50,630.50
1980-08-06,627.75,627.75,627.75,627.75
1980-08-07,629.50,629.50,629.50,629.50
1980-08-08,630.00,630.00,630.00,630.00
1980-08-11,617.00,617.00,617.00,617.00
1980-08-12,605.00,605.00,605.00,605.00
1980-08-13,615.25,615.25,615.25,615.25
1980-08-14,626.00,626.00,626.00,626.00
1980-08-15,624.50,624.50,624.50,624.50
1980-08-18,612.50,612.50,612.50,612.50
1980-08-19,624.00,624.00,624.00,624.00
1980-08-20,634.75,634.75,634.75,634.75
1980-08-21,645.25,645.25,645.25,645.25
1980-08-22,639.20,639.20,639.20,639.20
1980-08-25,634.75,634.75,634.75,634.75
1980-08-26,628.85,628.85,628.85,628.85
1980-08-27,633.85,633.85,633.85,633.85
1980-08-28,635.30,635.30,635.30,635.30
1980-08-29,631.25,631.25,631.25,631.25
1980-09-01,631.25,631.25,631.25,631.25
1980-09-02,640.00,640.00,640.00,640.00
1980-09-03,636.75,636.75,636.75,636.75
1980-09-04,647.25,647.25,647.25,647.25
1980-09-05,651.00,651.00,651.00,651.00
1980-09-08,672.00,672.00,672.00,672.00
1980-09-09,670.50,670.50,670.50,670.50
1980-09-10,686.50,686.50,686.50,686.50
1980-09-11,674.00,674.00,674.00,674.00
1980-09-12,685.50,685.50,685.50,685.50
1980-09-15,666.50,666.50,666.50,666.50
1980-09-16,668.00,668.00,668.00,668.00
1980-09-17,673.00,673.00,673.00,673.00
1980-09-18,672.25,672.25,672.25,672.25
1980-09-19,674.00,674.00,674.00,674.00
1980-09-22,710.00,710.00,710.00,710.00
1980-09-23,711.00,711.00,711.00,711.00
1980-09-24,710.50,710.50,710.50,710.50
1980-09-25,697.75,697.75,697.75,697.75
1980-09-26,698.25,698.25,698.25,698.25
1980-09-29,679.25,679.25,679.25,679.25
1980-09-30,666.75,666.75,666.75,666.75
1980-10-01,682.00,682.00,682.00,682.00
1980-10-02,665.75,665.75,665.75,665.75
1980-10-03,660.50,660.50,660.50,660.50
1980-10-06,675.80,675.80,675.80,675.80
1980-10-07,678.15,678.15,678.15,678.15
1980-10-08,677.00,677.00,677.00,677.00
1980-10-09,690.00,690.00,690.00,690.00
1980-10-10,685.25,685.25,685.25,685.25
1980-10-13,685.25,685.25,685.25,685.25
1980-10-14,668.50,668.50,668.50,668.50
1980-10-15,678.30,678.30,678.30,678.30
1980-10-16,674.00,674.00,674.00,674.00
1980-10-17,670.50,670.50,670.50,670.50
1980-10-20,657.00,657.00,657.00,657.00
1980-10-21,652.50,652.50,652.50,652.50
1980-10-22,660.00,660.00,660.00,660.00
1980-10-23,634.50,634.50,634.50,634.50
1980-10-24,633.00,633.00,633.00,633.00
1980-10-27,637.25,637.25,637.25,637.25
1980-10-28,631.75,631.75,631.75,631.75
1980-10-29,644.00,644.00,644.00,644.00
1980-10-30,642.80,642.80,642.80,642.80
1980-10-31,629.00,629.00,629.00,629.00
1980-11-03,640.50,640.50,640.50,640.50
1980-11-04,640.50,640.50,640.50,640.50
1980-11-05,652.00,652.00,652.00,652.00
1980-11-06,632.00,632.00,632.00,632.00
1980-11-07,596.00,596.00,596.00,596.00
1980-11-10,612.80,612.80,612.80,612.80
1980-11-11,598.50,598.50,598.50,598.50
1980-11-12,619.50,619.50,619.50,619.50
1980-11-13,622.00,622.00,622.00,622.00
1980-11-14,612.50,612.50,612.50,612.50
1980-11-17,611.75,611.75,611.75,611.75
1980-11-18,619.00,619.00,619.00,619.00
1980-11-19,629.75,629.75,629.75,629.75
1980-11-20,630.50,630.50,630.50,630.50
1980-11-21,634.75,634.75,634.75,634.75
1980-11-24,631.00,631.00,631.00,631.00
1980-11-25,616.35,616.35,616.35,616.35
1980-11-26,623.00,623.00,623.00,623.00
1980-11-27,623.00,623.00,623.00,623.00
1980-11-28,623.00,623.00,623.00,623.00
1980-12-01,635.30,635.30,635.30,635.30
1980-12-02,627.00,627.00,627.00,627.00
1980-12-03,627.50,627.50,627.50,627.50
1980-12-04,631.50,631.50,631.50,631.50
1980-12-05,617.00,617.00,617.00,617.00
1980-12-08,617.25,617.25,617.25,617.25
1980-12-09,604.00,604.00,604.00,604.00
1980-12-10,579.00,579.00,579.00,579.00
1980-12-11,558.00,558.00,558.00,558.00
1980-12-12,562.75,562.75,562.75,562.75
1980-12-15,579.30,579.30,579.30,579.30
1980-12-16,561.00,561.00,561.00,561.00
1980-12-17,575.75,575.75,575.75,575.75
1980-12-18,573.50,573.50,573.50,573.50
1980-12-19,575.00,575.00,575.00,575.00
1980-12-22,594.75,594.75,594.75,594.75
1980-12-23,602.50,602.50,602.50,602.50
1980-12-24,601.00,601.00,601.00,601.00
1980-12-25,601.00,601.00,601.00,601.00
1980-12-26,601.00,601.00,601.00,601.00
1980-12-29,593.75,593.75,593.75,593.75
1980-12-30,589.25,589.25,589.25,589.25
1980-12-31,586.00,586.00,586.00,586.00
1981-01-01,586.00,586.00,586.00,586.00
1981-01-02,586.00,586.00,586.00,586.00
1981-01-05,597.50,597.50,597.50,597.50
1981-01-06,599.25,599.25,599.25,599.25
1981-01-07,585.00,585.00,585.00,585.00
1981-01-08,574.75,574.75,574.75,574.75
1981-01-09,577.75,577.75,577.75,577.75
1981-01-12,562.00,562.00,562.00,562.00
1981-01-13,562.75,562.75,562.75,562.75
1981-01-14,556.50,556.50,556.50,556.50
1981-01-15,571.50,571.50,571.50,571.50
1981-01-16,560.75,560.75,560.75,560.75
1981-01-19,566.75,566.75,566.75,566.75
1981-01-20,562.00,562.00,562.00,562.00
1981-01-21,578.00,578.00,578.00,578.00
1981-01-22,564.00,564.00,564.00,564.00
1981-01-23,553.00,553.00,553.00,553.00
1981-01-26,528.50,528.50,528.50,528.50
1981-01-27,524.00,524.00,524.00,524.00
1981-01-28,523.50,523.50,523.50,523.50
1981-01-29,493.75,493.75,493.75,493.75
1981-01-30,506.50,506.50,506.50,506.50
1981-02-02,493.50,493.50,493.50,493.50
1981-02-03,486.25,486.25,486.25,486.25
1981-02-04,505.00,505.00,505.00,505.00
1981-02-05,498.50,498.50,498.50,498.50
1981-02-06,500.50,500.50,500.50,500.50
1981-02-09,512.50,512.50,512.50,512.50
1981-02-10,519.50,519.50,519.50,519.50
1981-02-11,501.00,501.00,501.00,501.00
1981-02-12,490.25,490.25,490.25,490.25
1981-02-13,491.50,491.50,491.50,491.50
1981-02-16,491.50,491.50,491.50,491.50
1981-02-17,500.75,500.75,500.75,500.75
1981-02-18,505.00,505.00,505.00,505.00
1981-02-19,503.25,503.25,503.25,503.25
1981-02-20,511.50,511.50,511.50,511.50
1981-02-23,501.50,501.50,501.50,501.50
1981-02-24,503.00,503.00,503.00,503.00
1981-02-25,500.50,500.50,500.50,500.50
1981-02-26,492.00,492.00,492.00,492.00
1981-02-27,489.00,489.00,489.00,489.00
1981-03-02,465.50,465.50,465.50,465.50
1981-03-03,471.00,471.00,471.00,471.00
1981-03-04,465.50,465.50,465.50,465.50
1981-03-05,461.50,461.50,461.50,461.50
1981-03-06,467.00,467.00,467.00,467.00
1981-03-09,475.25,475.25,475.25,475.25
1981-03-10,487.25,487.25,487.25,487.25
1981-03-11,476.25,476.25,476.25,476.25
1981-03-12,478.00,478.00,478.00,478.00
1981-03-13,492.00,492.00,492.00,492.00
1981-03-16,499.75,499.75,499.75,499.75
1981-03-17,493.25,493.25,493.25,493.25
1981-03-18,506.00,506.00,506.00,506.00
1981-03-19,510.00,510.00,510.00,510.00
1981-03-20,516.75,516.75,516.75,516.75
1981-03-23,526.00,526.00,526.00,526.00
1981-03-24,536.25,536.25,536.25,536.25
1981-03-25,528.00,528.00,528.00,528.00
1981-03-26,539.50,539.50,539.50,539.50
1981-03-27,538.75,538.75,538.75,538.75
1981-03-30,526.50,526.50,526.50,526.50
1981-03-31,513.75,513.75,513.75,513.75
1981-04-01,514.25,514.25,514.25,514.25
1981-04-02,519.50,519.50,519.50,519.50
1981-04-03,523.00,523.00,523.00,523.00
1981-04-06,533.75,533.75,533.75,533.75
1981-04-07,514.25,514.25,514.25,514.25
1981-04-08,508.50,508.50,508.50,508.50
1981-04-09,503.00,503.00,503.00,503.00
1981-04-10,493.50,493.50,493.50,493.50
1981-04-13,473.75,473.75,473.75,473.75
1981-04-14,483.00,483.00,483.00,483.00
1981-04-15,476.25,476.25,476.25,476.25
1981-04-16,482.50,482.50,482.50,482.50
1981-04-17,482.50,482.50,482.50,482.50
1981-04-20,477.00,477.00,477.00,477.00
1981-04-21,481.00,481.00,481.00,481.00
1981-04-22,501.00,501.00,501.00,501.00
1981-04-23,488.50,488.50,488.50,488.50
1981-04-24,494.50,494.50,494.50,494.50
1981-04-27,483.00,483.00,483.00,483.00
1981-04-28,482.75,482.75,482.75,482.75
1981-04-29,477.25,477.25,477.25,477.25
1981-04-30,482.75,482.75,482.75,482.75
1981-05-01,487.50,487.50,487.50,487.50
1981-05-04,481.50,481.50,481.50,481.50
1981-05-05,476.25,476.25,476.25,476.25
1981-05-06,482.00,482.00,482.00,482.00
1981-05-07,477.75,477.75,477.75,477.75
1981-05-08,485.75,485.75,485.75,485.75
1981-05-11,493.00,493.00,493.00,493.00
1981-05-12,484.00,484.00,484.00,484.00
1981-05-13,484.25,484.25,484.25,484.25
1981-05-14,476.50,476.50,476.50,476.50
1981-05-15,485.00,485.00,485.00,485.00
1981-05-18,481.75,481.75,481.75,481.75
1981-05-19,481.50,481.50,481.50,481.50
1981-05-20,479.75,479.75,479.75,479.75
1981-05-21,475.00,475.00,475.00,475.00
1981-05-22,472.75,472.75,472.75,472.75
1981-05-25,472.75,472.75,472.75,472.75
1981-05-26,466.50,466.50,466.50,466.50
1981-05-27,466.75,466.75,466.75,466.75
1981-05-28,479.00,479.00,479.00,479.00
1981-05-29,479.25,479.25,479.25,479.25
1981-06-01,483.25,483.25,483.25,483.25
1981-06-02,474.00,474.00,474.00,474.00
1981-06-03,475.50,475.50,475.50,475.50
1981-06-04,462.50,462.50,462.50,462.50
1981-06-05,460.00,460.00,460.00,460.00
1981-06-08,473.50,473.50,473.50,473.50
1981-06-09,460.50,460.50,460.50,460.50
1981-06-10,465.25,465.25,465.25,465.25
1981-06-11,464.25,464.25,464.25,464.25
1981-06-12,472.00,472.00,472.00,472.00
1981-06-15,471.75,471.75,471.75,471.75
1981-06-16,461.50,461.50,461.50,461.50
1981-06-17,461.75,461.75,461.75,461.75
1981-06-18,459.00,459.00,459.00,459.00
1981-06-19,458.25,458.25,458.25,458.25
1981-06-22,462.00,462.00,462.00,462.00
1981-06-23,466.50,466.50,466.50,466.50
1981-06-24,462.00,462.00,462.00,462.00
1981-06-25,446.50,446.50,446.50,446.50
1981-06-26,442.00,442.00,442.00,442.00
1981-06-29,428.75,428.75,428.75,428.75
1981-06-30,426.00,426.00,426.00,426.00
1981-07-01,422.00,422.00,422.00,422.00
1981-07-02,414.50,414.50,414.50,414.50
1981-07-03,414.50,414.50,414.50,414.50
1981-07-06,403.75,403.75,403.75,403.75
1981-07-07,405.00,405.00,405.00,405.00
1981-07-08,397.75,397.75,397.75,397.75
1981-07-09,406.25,406.25,406.25,406.25
1981-07-10,416.50,416.50,416.50,416.50
1981-07-13,413.00,413.00,413.00,413.00
1981-07-14,402.25,402.25,402.25,402.25
1981-07-15,412.25,412.25,412.25,412.25
1981-07-16,418.25,418.25,418.25,418.25
1981-07-17,415.00,415.00,415.00,415.00
1981-07-20,412.50,412.50,412.50,412.50
1981-07-21,406.00,406.00,406.00,406.00
1981-07-22,411.50,411.50,411.50,411.50
1981-07-23,407.75,407.75,407.75,407.75
1981-07-24,407.50,407.50,407.50,407.50
1981-07-27,408.75,408.75,408.75,408.75
1981-07-28,401.50,401.50,401.50,401.50
1981-07-29,404.20,404.20,404.20,404.20
1981-07-30,402.25,402.25,402.25,402.25
1981-07-31,406.00,406.00,406.00,406.00
1981-08-03,392.50,392.50,392.50,392.50
1981-08-04,391.25,391.25,391.25,391.25
1981-08-05,392.40,392.40,392.40,392.40
1981-08-06,393.25,393.25,393.25,393.25
1981-08-07,397.25,397.25,397.25,397.25
1981-08-10,393.75,393.75,393.75,393.75
1981-08-11,401.00,401.00,401.00,401.00
1981-08-12,417.50,417.50,417.50,417.50
1981-08-13,407.25,407.25,407.25,407.25
1981-08-14,413.00,413.00,413.00,413.00
1981-08-17,441.50,441.50,441.50,441.50
1981-08-18,420.00,420.00,420.00,420.00
1981-08-19,431.50,431.50,431.50,431.50
1981-08-20,429.00,429.00,429.00,429.00
1981-08-21,429.50,429.50,429.50,429.50
1981-08-24,422.00,422.00,422.00,422.00
1981-08-25,409.75,409.75,409.75,409.75
1981-08-26,414.00,414.00,414.00,414.00
1981-08-27,411.75,411.75,411.75,411.75
1981-08-28,425.00,425.00,425.00,425.00
1981-08-31,427.00,427.00,427.00,427.00
1981-09-01,421.50,421.50,421.50,421.50
1981-09-02,430.00,430.00,430.00,430.00
1981-09-03,436.50,436.50,436.50,436.50
1981-09-04,439.50,439.50,439.50,439.50
1981-09-07,439.50,439.50,439.50,439.50
1981-09-08,439.00,439.00,439.00,439.00
1981-09-09,436.75,436.75,436.75,436.75
1981-09-10,451.50,451.50,451.50,451.50
1981-09-11,448.25,448.25,448.25,448.25
1981-09-14,451.25,451.25,451.25,451.25
1981-09-15,456.00,456.00,456.00,456.00
1981-09-16,449.00,449.00,449.00,449.00
1981-09-17,459.00,459.00,459.00,459.00
1981-09-18,447.00,447.00,447.00,447.00
1981-09-21,463.50,463.50,463.50,463.50
1981-09-22,462.00,462.00,462.00,462.00
1981-09-23,456.50,456.50,456.50,456.50
1981-09-24,446.25,446.25,446.25,446.25
1981-09-25,450.50,450.50,450.50,450.50
1981-09-28,421.50,421.50,421.50,421.50
1981-09-29,431.75,431.75,431.75,431.75
1981-09-30,428.75,428.75,428.75,428.75
1981-10-01,436.75,436.75,436.75,436.75
1981-10-02,435.00,435.00,435.00,435.00
1981-10-05,441.25,441.25,441.25,441.25
1981-10-06,443.00,443.00,443.00,443.00
1981-10-07,445.50,445.50,445.50,445.50
1981-10-08,443.25,443.25,443.25,443.25
1981-10-09,453.50,453.50,453.50,453.50
1981-10-12,453.50,453.50,453.50,453.50
1981-10-13,443.25,443.25,443.25,443.25
1981-10-14,444.25,444.25,444.25,444.25
1981-10-15,446.65,446.65,446.65,446.65
1981-10-16,443.75,443.75,443.75,443.75
1981-10-19,436.70,436.70,436.70,436.70
1981-10-20,437.30,437.30,437.30,437.30
1981-10-21,429.00,429.00,429.00,429.00
1981-10-22,433.75,433.75,433.75,433.75
1981-10-23,432.50,432.50,432.50,432.50
1981-10-26,426.00,426.00,426.00,426.00
1981-10-27,427.40,427.40,427.40,427.40
1981-10-28,430.80,430.80,430.80,430.80
1981-10-29,424.50,424.50,424.50,424.50
1981-10-30,427.00,427.00,427.00,427.00
1981-11-02,430.00,430.00,430.00,430.00
1981-11-03,428.25,428.25,428.25,428.25
1981-11-04,431.25,431.25,431.25,431.25
1981-11-05,428.50,428.50,428.50,428.50
1981-11-06,428.25,428.25,428.25,428.25
1981-11-09,429.75,429.75,429.75,429.75
1981-11-10,418.50,418.50,418.50,418.50
1981-11-11,412.00,412.00,412.00,412.00
1981-11-12,411.50,411.50,411.50,411.50
1981-11-13,412.50,412.50,412.50,412.50
1981-11-16,404.25,404.25,404.25,404.25
1981-11-17,398.75,398.75,398.75,398.75
1981-11-18,403.75,403.75,403.75,403.75
1981-11-19,401.00,401.00,401.00,401.00
1981-11-20,401.50,401.50,401.50,401.50
1981-11-23,396.75,396.75,396.75,396.75
1981-11-24,399.25,399.25,399.25,399.25
1981-11-25,409.50,409.50,409.50,409.50
1981-11-26,409.50,409.50,409.50,409.50
1981-11-27,409.50,409.50,409.50,409.50
1981-11-30,414.50,414.50,414.50,414.50
1981-12-01,402.50,402.50,402.50,402.50
1981-12-02,406.75,406.75,406.75,406.75
1981-12-03,416.50,416.50,416.50,416.50
1981-12-04,426.00,426.00,426.00,426.00
1981-12-07,416.75,416.75,416.75,416.75
1981-12-08,415.25,415.25,415.25,415.25
1981-12-09,410.25,410.25,410.25,410.25
1981-12-10,405.50,405.50,405.50,405.50
1981-12-11,409.75,409.75,409.75,409.75
1981-12-14,417.50,417.50,417.50,417.50
1981-12-15,413.25,413.25,413.25,413.25
1981-12-16,416.75,416.75,416.75,416.75
1981-12-17,416.25,416.25,416.25,416.25
1981-12-18,415.75,415.75,415.75,415.75
1981-12-21,410.50,410.50,410.50,410.50
1981-12-22,399.60,399.60,399.60,399.60
1981-12-23,400.40,400.40,400.40,400.40
1981-12-24,400.40,400.40,400.40,400.40
1981-12-25,400.40,400.40,400.40,400.40
1981-12-28,396.00,396.00,396.00,396.00
1981-12-29,395.00,395.00,395.00,395.00
1981-12-30,397.50,397.50,397.50,397.50
1981-12-31,401.00,401.00,401.00,401.00
1982-01-01,401.00,401.00,401.00,401.00
1982-01-04,395.00,395.00,395.00,395.00
1982-01-05,403.50,403.50,403.50,403.50
1982-01-06,401.50,401.50,401.50,401.50
1982-01-07,396.50,396.50,396.50,396.50
1982-01-08,400.25,400.25,400.25,400.25
1982-01-11,388.25,388.25,388.25,388.25
1982-01-12,389.00,389.00,389.00,389.00
1982-01-13,380.00,380.00,380.00,380.00
1982-01-14,374.75,374.75,374.75,374.75
1982-01-15,379.25,379.25,379.25,379.25
1982-01-18,373.75,373.75,373.75,373.75
1982-01-19,375.25,375.25,375.25,375.25
1982-01-20,371.50,371.50,371.50,371.50
1982-01-21,376.00,376.00,376.00,376.00
1982-01-22,377.25,377.25,377.25,377.25
1982-01-25,372.00,372.00,372.00,372.00
1982-01-26,376.50,376.50,376.50,376.50
1982-01-27,381.75,381.75,381.75,381.75
1982-01-28,383.50,383.50,383.50,383.50
1982-01-29,387.00,387.00,387.00,387.00
1982-02-01,379.50,379.50,379.50,379.50
1982-02-02,379.15,379.15,379.15,379.15
1982-02-03,378.00,378.00,378.00,378.00
1982-02-04,383.75,383.75,383.75,383.75
1982-02-05,384.25,384.25,384.25,384.25
1982-02-08,379.75,379.75,379.75,379.75
1982-02-09,378.50,378.50,378.50,378.50
1982-02-10,382.15,382.15,382.15,382.15
1982-02-11,380.00,380.00,380.00,380.00
1982-02-12,377.50,377.50,377.50,377.50
1982-02-15,377.50,377.50,377.50,377.50
1982-02-16,375.25,375.25,375.25,375.25
1982-02-17,374.00,374.00,374.00,374.00
1982-02-18,369.25,369.25,369.25,369.25
1982-02-19,369.25,369.25,369.25,369.25
1982-02-22,364.25,364.25,364.25,364.25
1982-02-23,361.00,361.00,361.00,361.00
1982-02-24,362.75,362.75,362.75,362.75
1982-02-25,366.45,366.45,366.45,366.45
1982-02-26,362.60,362.60,362.60,362.60
1982-03-01,361.25,361.25,361.25,361.25
1982-03-02,361.25,361.25,361.25,361.25
1982-03-03,353.75,353.75,353.75,353.75
1982-03-04,346.50,346.50,346.50,346.50
1982-03-05,342.40,342.40,342.40,342.40
1982-03-08,330.50,330.50,330.50,330.50
1982-03-09,329.25,329.25,329.25,329.25
1982-03-10,333.00,333.00,333.00,333.00
1982-03-11,331.75,331.75,331.75,331.75
1982-03-12,323.25,323.25,323.25,323.25
1982-03-15,312.00,312.00,312.00,312.00
1982-03-16,324.50,324.50,324.50,324.50
1982-03-17,316.00,316.00,316.00,316.00
1982-03-18,320.00,320.00,320.00,320.00
1982-03-19,315.75,315.75,315.75,315.75
1982-03-22,320.80,320.80,320.80,320.80
1982-03-24,331.75,331.75,331.75,331.75
1982-03-25,327.75,327.75,327.75,327.75
1982-03-26,322.25,322.25,322.25,322.25
1982-03-29,318.50,318.50,318.50,318.50
1982-03-30,324.25,324.25,324.25,324.25
1982-03-31,320.22,320.22,320.22,320.22
1982-04-01,327.00,327.00,327.00,327.00
1982-04-02,327.75,327.75,327.75,327.75
1982-04-05,337.50,337.50,337.50,337.50
1982-04-06,345.50,345.50,345.50,345.50
1982-04-07,354.00,354.00,354.00,354.00
1982-04-08,351.50,351.50,351.50,351.50
1982-04-09,351.50,351.50,351.50,351.50
1982-04-12,353.50,353.50,353.50,353.50
1982-04-13,353.50,353.50,353.50,353.50
1982-04-14,366.75,366.75,366.75,366.75
1982-04-15,363.25,363.25,363.25,363.25
1982-04-16,362.75,362.75,362.75,362.75
1982-04-19,357.00,357.00,357.00,357.00
1982-04-20,343.00,343.00,343.00,343.00
1982-04-21,346.75,346.75,346.75,346.75
1982-04-22,345.00,345.00,345.00,345.00
1982-04-23,352.25,352.25,352.25,352.25
1982-04-26,357.00,357.00,357.00,357.00
1982-04-27,351.75,351.75,351.75,351.75
1982-04-28,354.50,354.50,354.50,354.50
1982-04-29,348.75,348.75,348.75,348.75
1982-04-30,361.25,361.25,361.25,361.25
1982-05-03,345.50,345.50,345.50,345.50
1982-05-04,341.75,341.75,341.75,341.75
1982-05-05,338.40,338.40,338.40,338.40
1982-05-06,334.50,334.50,334.50,334.50
1982-05-07,334.75,334.75,334.75,334.75
1982-05-10,329.00,329.00,329.00,329.00
1982-05-11,332.25,332.25,332.25,332.25
1982-05-12,331.50,331.50,331.50,331.50
1982-05-13,331.00,331.00,331.00,331.00
1982-05-14,333.25,333.25,333.25,333.25
1982-05-17,338.50,338.50,338.50,338.50
1982-05-18,338.00,338.00,338.00,338.00
1982-05-19,342.00,342.00,342.00,342.00
1982-05-20,342.50,342.50,342.50,342.50
1982-05-21,338.50,338.50,338.50,338.50
1982-05-24,329.00,329.00,329.00,329.00
1982-05-25,327.90,327.90,327.90,327.90
1982-05-26,330.25,330.25,330.25,330.25
1982-05-27,324.25,324.25,324.25,324.25
1982-05-28,325.25,325.25,325.25,325.25
1982-05-31,325.25,325.25,325.25,325.25
1982-06-01,318.75,318.75,318.75,318.75
1982-06-02,318.50,318.50,318.50,318.50
1982-06-03,320.35,320.35,320.35,320.35
1982-06-04,318.75,318.75,318.75,318.75
1982-06-07,325.25,325.25,325.25,325.25
1982-06-08,328.75,328.75,328.75,328.75
1982-06-09,326.00,326.00,326.00,326.00
1982-06-10,326.75,326.75,326.75,326.75
1982-06-11,325.25,325.25,325.25,325.25
1982-06-14,320.75,320.75,320.75,320.75
1982-06-15,315.00,315.00,315.00,315.00
1982-06-16,317.00,317.00,317.00,317.00
1982-06-17,309.00,309.00,309.00,309.00
1982-06-18,308.75,308.75,308.75,308.75
1982-06-21,296.75,296.75,296.75,296.75
1982-06-22,304.00,304.00,304.00,304.00
1982-06-23,304.00,304.00,304.00,304.00
1982-06-24,310.25,310.25,310.25,310.25
1982-06-25,305.50,305.50,305.50,305.50
1982-06-28,303.75,303.75,303.75,303.75
1982-06-29,309.00,309.00,309.00,309.00
1982-06-30,317.50,317.50,317.50,317.50
1982-07-01,310.20,310.20,310.20,310.20
1982-07-02,312.70,312.70,312.70,312.70
1982-07-06,311.00,311.00,311.00,311.00
1982-07-07,306.70,306.70,306.70,306.70
1982-07-08,313.50,313.50,313.50,313.50
1982-07-09,328.50,328.50,328.50,328.50
1982-07-12,343.00,343.00,343.00,343.00
1982-07-13,352.50,352.50,352.50,352.50
1982-07-14,352.70,352.70,352.70,352.70
1982-07-15,350.20,350.20,350.20,350.20
1982-07-16,347.00,347.00,347.00,347.00
1982-07-19,347.50,347.50,347.50,347.50
1982-07-20,347.70,347.70,347.70,347.70
1982-07-21,366.50,366.50,366.50,366.50
1982-07-22,353.00,353.00,353.00,353.00
1982-07-23,363.20,363.20,363.20,363.20
1982-07-26,352.20,352.20,352.20,352.20
1982-07-27,351.20,351.20,351.20,351.20
1982-07-28,347.00,347.00,347.00,347.00
1982-07-29,342.50,342.50,342.50,342.50
1982-07-30,342.90,342.90,342.90,342.90
1982-08-02,351.30,351.30,351.30,351.30
1982-08-03,349.20,349.20,349.20,349.20
1982-08-04,346.20,346.20,346.20,346.20
1982-08-05,346.50,346.50,346.50,346.50
1982-08-06,344.70,344.70,344.70,344.70
1982-08-09,336.00,336.00,336.00,336.00
1982-08-10,338.20,338.20,338.20,338.20
1982-08-11,333.50,333.50,333.50,333.50
1982-08-12,334.70,334.70,334.70,334.70
1982-08-13,338.00,338.00,338.00,338.00
1982-08-16,341.70,341.70,341.70,341.70
1982-08-17,337.70,337.70,337.70,337.70
1982-08-18,357.70,357.70,357.70,357.70
1982-08-19,356.60,356.60,356.60,356.60
1982-08-20,386.50,386.50,386.50,386.50
1982-08-23,394.50,394.50,394.50,394.50
1982-08-24,407.70,407.70,407.70,407.70
1982-08-25,401.00,401.00,401.00,401.00
1982-08-26,417.00,417.00,417.00,417.00
1982-08-27,418.00,418.00,418.00,418.00
1982-08-30,402.20,402.20,402.20,402.20
1982-08-31,411.50,411.50,411.50,411.50
1982-09-01,405.20,405.20,405.20,405.20
1982-09-02,409.70,409.70,409.70,409.70
1982-09-03,455.00,455.00,455.00,455.00
1982-09-07,481.00,481.00,481.00,481.00
1982-09-08,458.00,458.00,458.00,458.00
1982-09-09,466.00,466.00,466.00,466.00
1982-09-10,453.00,453.00,453.00,453.00
1982-09-13,439.00,439.00,439.00,439.00
1982-09-14,454.20,454.20,454.20,454.20
1982-09-15,443.20,443.20,443.20,443.20
1982-09-16,448.50,448.50,448.50,448.50
1982-09-17,441.50,441.50,441.50,441.50
1982-09-20,424.20,424.20,424.20,424.20
1982-09-21,426.50,426.50,426.50,426.50
1982-09-22,443.70,443.70,443.70,443.70
1982-09-23,435.80,435.80,435.80,435.80
1982-09-24,431.00,431.00,431.00,431.00
1982-09-27,413.70,413.70,413.70,413.70
1982-09-28,410.50,410.50,410.50,410.50
1982-09-29,409.70,409.70,409.70,409.70
1982-09-30,397.00,397.00,397.00,397.00
1982-10-01,402.00,402.00,402.00,402.00
1982-10-04,387.50,387.50,387.50,387.50
1982-10-05,390.20,390.20,390.20,390.20
1982-10-06,404.00,404.00,404.00,404.00
1982-10-07,418.50,418.50,418.50,418.50
1982-10-08,433.00,433.00,433.00,433.00
1982-10-12,441.20,441.20,441.20,441.20
1982-10-13,428.70,428.70,428.70,428.70
1982-10-14,448.00,448.00,448.00,448.00
1982-10-15,432.50,432.50,432.50,432.50
1982-10-18,428.20,428.20,428.20,428.20
1982-10-19,441.50,441.50,441.50,441.50
1982-10-20,422.00,422.00,422.00,422.00
1982-10-21,432.50,432.50,432.50,432.50
1982-10-22,428.00,428.00,428.00,428.00
1982-10-25,418.60,418.60,418.60,418.60
1982-10-26,419.20,419.20,419.20,419.20
1982-10-27,417.70,417.70,417.70,417.70
1982-10-28,418.20,418.20,418.20,418.20
1982-11-03,427.50,427.50,427.50,427.50
1982-11-04,424.70,424.70,424.70,424.70
1982-11-05,417.50,417.50,417.50,417.50
1982-11-08,407.20,407.20,407.20,407.20
1982-11-09,409.20,409.20,409.20,409.20
1982-11-10,411.00,411.00,411.00,411.00
1982-11-11,401.20,401.20,401.20,401.20
1982-11-12,398.00,398.00,398.00,398.00
1982-11-15,403.20,403.20,403.20,403.20
1982-11-16,407.50,407.50,407.50,407.50
1982-11-17,412.50,412.50,412.50,412.50
1982-11-18,408.50,408.50,408.50,408.50
1982-11-19,417.60,417.60,417.60,417.60
1982-11-22,410.50,410.50,410.50,410.50
1982-11-23,406.00,406.00,406.00,406.00
1982-11-24,409.20,409.20,409.20,409.20
1982-11-26,406.00,406.00,406.00,406.00
1982-11-29,434.00,434.00,434.00,434.00
1982-11-30,436.00,436.00,436.00,436.00
1982-12-01,440.20,440.20,440.20,440.20
1982-12-02,446.20,446.20,446.20,446.20
1982-12-03,441.20,441.20,441.20,441.20
1982-12-06,445.20,445.20,445.20,445.20
1982-12-07,454.50,454.50,454.50,454.50
1982-12-08,445.00,445.00,445.00,445.00
1982-12-09,437.50,437.50,437.50,437.50
1982-12-10,435.70,435.70,435.70,435.70
1982-12-13,438.70,438.70,438.70,438.70
1982-12-14,449.40,449.40,449.40,449.40
1982-12-15,437.50,437.50,437.50,437.50
1982-12-16,440.20,440.20,440.20,440.20
1982-12-17,437.00,437.00,437.00,437.00
1982-12-20,440.20,440.20,440.20,440.20
1982-12-21,442.20,442.20,442.20,442.20
1982-12-22,447.20,447.20,447.20,447.20
1982-12-23,445.70,445.70,445.70,445.70
1982-12-27,457.00,457.00,457.00,457.00
1982-12-28,455.50,455.50,455.50,455.50
1982-12-29,460.50,460.50,460.50,460.50
1982-12-30,456.90,456.90,456.90,456.90
1983-01-03,452.00,452.00,452.00,452.00
1983-01-04,449.50,449.50,449.50,449.50
1983-01-05,454.00,454.00,454.00,454.00
1983-01-06,454.50,454.50,454.50,454.50
1983-01-07,465.00,465.00,465.00,465.00
1983-01-10,474.00,474.00,474.00,474.00
1983-01-11,484.50,484.50,484.50,484.50
1983-01-12,480.50,480.50,480.50,480.50
1983-01-13,488.20,488.20,488.20,488.20
1983-01-14,483.20,483.20,483.20,483.20
1983-01-17,498.50,498.50,498.50,498.50
1983-01-18,485.00,485.00,485.00,485.00
1983-01-19,495.50,495.50,495.50,495.50
1983-01-20,487.20,487.20,487.20,487.20
1983-01-21,485.00,485.00,485.00,485.00
1983-01-24,476.00,476.00,476.00,476.00
1983-01-25,488.70,488.70,488.70,488.70
1983-01-26,486.50,486.50,486.50,486.50
1983-01-27,496.50,496.50,496.50,496.50
1983-01-28,493.70,493.70,493.70,493.70
1983-01-31,499.50,499.50,499.50,499.50
1983-02-01,508.50,508.50,508.50,508.50
1983-02-02,498.20,498.20,498.20,498.20
1983-02-03,503.50,503.50,503.50,503.50
1983-02-04,498.50,498.50,498.50,498.50
1983-02-07,490.20,490.20,490.20,490.20
1983-02-08,497.20,497.20,497.20,497.20
1983-02-09,490.50,490.50,490.50,490.50
1983-02-10,496.00,496.00,496.00,496.00
1983-02-11,504.50,504.50,504.50,504.50
1983-02-14,500.50,500.50,500.50,500.50
1983-02-15,509.20,509.20,509.20,509.20
1983-02-16,508.50,508.50,508.50,508.50
1983-02-17,504.70,504.70,504.70,504.70
1983-02-18,503.50,503.50,503.50,503.50
1983-02-22,485.50,485.50,485.50,485.50
1983-02-23,470.20,470.20,470.20,470.20
1983-02-24,475.00,475.00,475.00,475.00
1983-02-25,464.70,464.70,464.70,464.70
1983-02-28,408.50,408.50,408.50,408.50
1983-03-01,414.00,414.00,414.00,414.00
1983-03-02,430.00,430.00,430.00,430.00
1983-03-03,429.50,429.50,429.50,429.50
1983-03-04,412.50,412.50,412.50,412.50
1983-03-07,420.70,420.70,420.70,420.70
1983-03-08,417.50,417.50,417.50,417.50
1983-03-09,426.00,426.00,426.00,426.00
1983-03-10,434.70,434.70,434.70,434.70
1983-03-11,420.50,420.50,420.50,420.50
1983-03-14,428.50,428.50,428.50,428.50
1983-03-15,434.50,434.50,434.50,434.50
1983-03-16,419.00,419.00,419.00,419.00
1983-03-17,416.50,416.50,416.50,416.50
1983-03-18,421.70,421.70,421.70,421.70
1983-03-21,414.50,414.50,414.50,414.50
1983-03-22,421.20,421.20,421.20,421.20
1983-03-23,410.00,410.00,410.00,410.00
1983-03-24,415.50,415.50,415.50,415.50
1983-03-25,411.70,411.70,411.70,411.70
1983-03-28,408.70,408.70,408.70,408.70
1983-03-29,412.70,412.70,412.70,412.70
1983-03-30,418.00,418.00,418.00,418.00
1983-03-31,414.70,414.70,414.70,414.70
1983-04-04,417.00,417.00,417.00,417.00
1983-04-05,426.70,426.70,426.70,426.70
1983-04-06,428.50,428.50,428.50,428.50
1983-04-07,425.70,425.70,425.70,425.70
1983-04-08,421.20,421.20,421.20,421.20
1983-04-11,426.70,426.70,426.70,426.70
1983-04-12,432.70,432.70,432.70,432.70
1983-04-13,429.20,429.20,429.20,429.20
1983-04-14,435.50,435.50,435.50,435.50
1983-04-15,436.50,436.50,436.50,436.50
1983-04-18,443.00,443.00,443.00,443.00
1983-04-19,439.50,439.50,439.50,439.50
1983-04-20,433.70,433.70,433.70,433.70
1983-04-21,439.50,439.50,439.50,439.50
1983-04-22,437.00,437.00,437.00,437.00
1983-04-25,441.50,441.50,441.50,441.50
1983-04-26,435.50,435.50,435.50,435.50
1983-04-27,434.20,434.20,434.20,434.20
1983-04-28,428.50,428.50,428.50,428.50
1983-04-29,429.20,429.20,429.20,429.20
1983-05-02,428.50,428.50,428.50,428.50
1983-05-03,433.50,433.50,433.50,433.50
1983-05-04,432.70,432.70,432.70,432.70
1983-05-05,433.70,433.70,433.70,433.70
1983-05-06,431.20,431.20,431.20,431.20
1983-05-09,434.00,434.00,434.00,434.00
1983-05-10,443.70,443.70,443.70,443.70
1983-05-11,443.00,443.00,443.00,443.00
1983-05-12,439.70,439.70,439.70,439.70
1983-05-13,441.20,441.20,441.20,441.20
1983-05-16,436.20,436.20,436.20,436.20
1983-05-17,440.70,440.70,440.70,440.70
1983-05-18,442.70,442.70,442.70,442.70
1983-05-19,442.60,442.60,442.60,442.60
1983-05-20,438.70,438.70,438.70,438.70
1983-05-23,432.70,432.70,432.70,432.70
1983-05-24,436.80,436.80,436.80,436.80
1983-05-25,441.70,441.70,441.70,441.70
1983-05-26,440.00,440.00,440.00,440.00
1983-05-27,437.20,437.20,437.20,437.20
1983-05-31,437.50,437.50,437.50,437.50
1983-06-01,410.00,410.00,410.00,410.00
1983-06-02,412.50,412.50,412.50,412.50
1983-06-03,411.50,411.50,411.50,411.50
1983-06-06,407.70,407.70,407.70,407.70
1983-06-07,400.20,400.20,400.20,400.20
1983-06-08,403.00,403.00,403.00,403.00
1983-06-09,407.70,407.70,407.70,407.70
1983-06-10,411.20,411.20,411.20,411.20
1983-06-13,413.00,413.00,413.00,413.00
1983-06-14,407.90,407.90,407.90,407.90
1983-06-15,408.20,408.20,408.20,408.20
1983-06-16,412.50,412.50,412.50,412.50
1983-06-17,415.50,415.50,415.50,415.50
1983-06-20,415.70,415.70,415.70,415.70
1983-06-21,414.70,414.70,414.70,414.70
1983-06-22,420.50,420.50,420.50,420.50
1983-06-23,420.50,420.50,420.50,420.50
1983-06-24,423.50,423.50,423.50,423.50
1983-06-27,419.50,419.50,419.50,419.50
1983-06-28,416.00,416.00,416.00,416.00
1983-06-29,414.80,414.80,414.80,414.80
1983-06-30,416.00,416.00,416.00,416.00
1983-07-01,416.20,416.20,416.20,416.20
1983-07-05,410.70,410.70,410.70,410.70
1983-07-06,411.60,411.60,411.60,411.60
1983-07-07,412.20,412.20,412.20,412.20
1983-07-08,426.00,426.00,426.00,426.00
1983-07-11,430.50,430.50,430.50,430.50
1983-07-12,429.00,429.00,429.00,429.00
1983-07-13,427.20,427.20,427.20,427.20
1983-07-14,426.20,426.20,426.20,426.20
1983-07-15,422.20,422.20,422.20,422.20
1983-07-18,422.40,422.40,422.40,422.40
1983-07-19,423.70,423.70,423.70,423.70
1983-07-20,428.20,428.20,428.20,428.20
1983-07-21,429.70,429.70,429.70,429.70
1983-07-22,423.50,423.50,423.50,423.50
1983-07-25,422.00,422.00,422.00,422.00
1983-07-26,425.50,425.50,425.50,425.50
1983-07-27,426.20,426.20,426.20,426.20
1983-07-28,425.50,425.50,425.50,425.50
1983-07-29,422.00,422.00,422.00,422.00
1983-08-01,411.20,411.20,411.20,411.20
1983-08-02,414.20,414.20,414.20,414.20
1983-08-03,411.00,411.00,411.00,411.00
1983-08-04,414.00,414.00,414.00,414.00
1983-08-05,409.70,409.70,409.70,409.70
1983-08-08,408.50,408.50,408.50,408.50
1983-08-09,413.00,413.00,413.00,413.00
1983-08-10,408.20,408.20,408.20,408.20
1983-08-11,411.70,411.70,411.70,411.70
1983-08-12,412.40,412.40,412.40,412.40
1983-08-15,416.00,416.00,416.00,416.00
1983-08-16,420.50,420.50,420.50,420.50
1983-08-17,422.50,422.50,422.50,422.50
1983-08-18,421.50,421.50,421.50,421.50
1983-08-19,417.70,417.70,417.70,417.70
1983-08-22,421.70,421.70,421.70,421.70
1983-08-23,426.40,426.40,426.40,426.40
1983-08-24,424.00,424.00,424.00,424.00
1983-08-25,423.20,423.20,423.20,423.20
1983-08-26,417.00,417.00,417.00,417.00
1983-08-29,416.50,416.50,416.50,416.50
1983-08-30,418.10,418.10,418.10,418.10
1983-08-31,414.20,414.20,414.20,414.20
1983-09-01,416.60,416.60,416.60,416.60
1983-09-02,417.50,417.50,417.50,417.50
1983-09-06,418.20,418.20,418.20,418.20
1983-09-07,413.20,413.20,413.20,413.20
1983-09-08,414.00,414.00,414.00,414.00
1983-09-09,414.70,414.70,414.70,414.70
1983-09-12,415.70,415.70,415.70,415.70
1983-09-13,406.70,406.70,406.70,406.70
1983-09-14,401.70,401.70,401.70,401.70
1983-09-15,405.20,405.20,405.20,405.20
1983-09-19,412.20,412.20,412.20,412.20
1983-09-20,412.30,412.30,412.30,412.30
1983-09-21,411.20,411.20,411.20,411.20
1983-09-22,407.70,407.70,407.70,407.70
1983-09-23,413.00,413.00,413.00,413.00
1983-09-26,415.00,415.00,415.00,415.00
1983-09-27,412.20,412.20,412.20,412.20
1983-09-28,413.60,413.60,413.60,413.60
1983-09-29,408.70,408.70,408.70,408.70
1983-09-30,405.00,405.00,405.00,405.00
1983-10-03,389.00,389.00,389.00,389.00
1983-10-04,393.50,393.50,393.50,393.50
1983-10-05,389.50,389.50,389.50,389.50
1983-10-06,394.00,394.00,394.00,394.00
1983-10-07,397.40,397.40,397.40,397.40
1983-10-10,397.40,397.40,397.40,397.40
1983-10-11,399.00,399.00,399.00,399.00
1983-10-12,394.70,394.70,394.70,394.70
1983-10-13,398.60,398.60,398.60,398.60
1983-10-14,398.70,398.70,398.70,398.70
1983-10-17,395.00,395.00,395.00,395.00
1983-10-18,397.20,397.20,397.20,397.20
1983-10-19,394.00,394.00,394.00,394.00
1983-10-20,389.70,389.70,389.70,389.70
1983-10-21,394.20,394.20,394.20,394.20
1983-10-24,394.50,394.50,394.50,394.50
1983-10-25,398.00,398.00,398.00,398.00
1983-10-26,392.60,392.60,392.60,392.60
1983-10-27,384.50,384.50,384.50,384.50
1983-10-28,387.70,387.70,387.70,387.70
1983-10-31,382.00,382.00,382.00,382.00
1983-11-01,377.70,377.70,377.70,377.70
1983-11-02,383.00,383.00,383.00,383.00
1983-11-03,377.70,377.70,377.70,377.70
1983-11-04,381.00,381.00,381.00,381.00
1983-11-07,379.00,379.00,379.00,379.00
1983-11-08,382.20,382.20,382.20,382.20
1983-11-09,383.00,383.00,383.00,383.00
1983-11-10,381.80,381.80,381.80,381.80
1983-11-11,382.00,382.00,382.00,382.00
1983-11-14,382.60,382.60,382.60,382.60
1983-11-15,383.20,383.20,383.20,383.20
1983-11-16,383.20,383.20,383.20,383.20
1983-11-17,375.70,375.70,375.70,375.70
1983-11-18,375.20,375.20,375.20,375.20
1983-11-21,374.20,374.20,374.20,374.20
1983-11-22,376.50,376.50,376.50,376.50
1983-11-23,375.70,375.70,375.70,375.70
1983-11-25,375.70,375.70,375.70,375.70
1983-11-28,394.20,394.20,394.20,394.20
1983-11-29,391.50,391.50,391.50,391.50
1983-11-30,405.00,405.00,405.00,405.00
1983-12-01,399.20,399.20,399.20,399.20
1983-12-02,400.70,400.70,400.70,400.70
1983-12-05,397.20,397.20,397.20,397.20
1983-12-06,397.00,397.00,397.00,397.00
1983-12-07,399.70,399.70,399.70,399.70
1983-12-08,401.00,401.00,401.00,401.00
1983-12-09,388.70,388.70,388.70,388.70
1983-12-12,391.20,391.20,391.20,391.20
1983-12-13,389.20,389.20,389.20,389.20
1983-12-14,389.00,389.00,389.00,389.00
1983-12-15,388.70,388.70,388.70,388.70
1983-12-16,377.20,377.20,377.20,377.20
1983-12-19,375.00,375.00,375.00,375.00
1983-12-20,378.10,378.10,378.10,378.10
1983-12-21,378.60,378.60,378.60,378.60
1983-12-22,378.90,378.90,378.90,378.90
1983-12-23,380.50,380.50,380.50,380.50
1983-12-27,377.70,377.70,377.70,377.70
1983-12-28,378.00,378.00,378.00,378.00
1983-12-29,382.40,382.40,382.40,382.40
1983-12-30,381.50,381.50,381.50,381.50
1984-01-03,383.00,383.00,383.00,383.00
1984-01-04,374.00,374.00,374.00,374.00
1984-01-05,375.20,375.20,375.20,375.20
1984-01-06,375.20,375.20,375.20,375.20
1984-01-09,365.20,365.20,365.20,365.20
1984-01-10,371.20,371.20,371.20,371.20
1984-01-11,367.70,367.70,367.70,367.70
1984-01-12,368.50,368.50,368.50,368.50
1984-01-13,373.20,373.20,373.20,373.20
1984-01-16,369.10,369.10,369.10,369.10
1984-01-17,367.70,367.70,367.70,367.70
1984-01-18,368.70,368.70,368.70,368.70
1984-01-19,374.70,374.70,374.70,374.70
1984-01-20,371.20,371.20,371.20,371.20
1984-01-23,371.35,371.35,371.35,371.35
1984-01-24,365.10,365.10,365.10,365.10
1984-01-25,366.50,366.50,366.50,366.50
1984-01-26,367.00,367.00,367.00,367.00
1984-01-27,370.00,370.00,370.00,370.00
1984-01-30,369.80,369.80,369.80,369.80
1984-01-31,373.70,373.70,373.70,373.70
1984-02-01,378.10,378.10,378.10,378.10
1984-02-02,383.20,383.20,383.20,383.20
1984-02-03,383.10,383.10,383.10,383.10
1984-02-06,380.80,380.80,380.80,380.80
1984-02-07,379.70,379.70,379.70,379.70
1984-02-08,386.20,386.20,386.20,386.20
1984-02-09,383.00,383.00,383.00,383.00
1984-02-10,377.60,377.60,377.60,377.60
1984-02-13,376.80,376.80,376.80,376.80
1984-02-14,376.00,376.00,376.00,376.00
1984-02-15,383.00,383.00,383.00,383.00
1984-02-16,383.90,383.90,383.90,383.90
1984-02-17,382.10,382.10,382.10,382.10
1984-02-21,389.00,389.00,389.00,389.00
1984-02-22,395.20,395.20,395.20,395.20
1984-02-23,398.20,398.20,398.20,398.20
1984-02-24,395.70,395.70,395.70,395.70
1984-02-27,393.50,393.50,393.50,393.50
1984-02-28,399.20,399.20,399.20,399.20
1984-02-29,394.20,394.20,394.20,394.20
1984-03-01,392.70,392.70,392.70,392.70
1984-03-02,399.00,399.00,399.00,399.00
1984-03-05,405.80,405.80,405.80,405.80
1984-03-06,402.50,402.50,402.50,402.50
1984-03-07,398.70,398.70,398.70,398.70
1984-03-08,397.20,397.20,397.20,397.20
1984-03-09,399.90,399.90,399.90,399.90
1984-03-12,395.70,395.70,395.70,395.70
1984-03-13,397.20,397.20,397.20,397.20
1984-03-14,399.70,399.70,399.70,399.70
1984-03-15,394.50,394.50,394.50,394.50
1984-03-16,392.70,392.70,392.70,392.70
1984-03-19,393.60,393.60,393.60,393.60
1984-03-20,393.80,393.80,393.80,393.80
1984-03-21,392.30,392.30,392.30,392.30
1984-03-22,389.30,389.30,389.30,389.30
1984-03-23,387.90,387.90,387.90,387.90
1984-03-26,387.40,387.40,387.40,387.40
1984-03-27,388.80,388.80,388.80,388.80
1984-03-28,385.70,385.70,385.70,385.70
1984-03-29,390.20,390.20,390.20,390.20
1984-03-30,388.50,388.50,388.50,388.50
1984-04-02,387.20,387.20,387.20,387.20
1984-04-03,380.40,380.40,380.40,380.40
1984-04-04,381.20,381.20,381.20,381.20
1984-04-05,381.20,381.20,381.20,381.20
1984-04-06,380.20,380.20,380.20,380.20
1984-04-09,382.40,382.40,382.40,382.40
1984-04-10,381.30,381.30,381.30,381.30
1984-04-11,384.50,384.50,384.50,384.50
1984-04-12,381.90,381.90,381.90,381.90
1984-04-13,379.20,379.20,379.20,379.20
1984-04-16,380.10,380.10,380.10,380.10
1984-04-17,380.20,380.20,380.20,380.20
1984-04-18,380.50,380.50,380.50,380.50
1984-04-19,384.90,384.90,384.90,384.90
1984-04-23,387.20,387.20,387.20,387.20
1984-04-24,383.20,383.20,383.20,383.20
1984-04-25,382.30,382.30,382.30,382.30
1984-04-26,379.90,379.90,379.90,379.90
1984-04-27,379.20,379.20,379.20,379.20
1984-04-30,375.80,375.80,375.80,375.80
1984-05-01,376.50,376.50,376.50,376.50
1984-05-02,377.30,377.30,377.30,377.30
1984-05-03,378.50,378.50,378.50,378.50
1984-05-04,376.70,376.70,376.70,376.70
1984-05-07,374.50,374.50,374.50,374.50
1984-05-08,371.50,371.50,371.50,371.50
1984-05-09,372.60,372.60,372.60,372.60
1984-05-10,371.70,371.70,371.70,371.70
1984-05-11,372.50,372.50,372.50,372.50
1984-05-14,372.50,372.50,372.50,372.50
1984-05-15,373.20,373.20,373.20,373.20
1984-05-16,375.20,375.20,375.20,375.20
1984-05-17,376.50,376.50,376.50,376.50
1984-05-18,375.60,375.60,375.60,375.60
1984-05-21,380.70,380.70,380.70,380.70
1984-05-22,379.50,379.50,379.50,379.50
1984-05-23,378.50,378.50,378.50,378.50
1984-05-24,375.60,375.60,375.60,375.60
1984-05-25,384.20,384.20,384.20,384.20
1984-05-29,385.60,385.60,385.60,385.60
1984-05-30,386.40,386.40,386.40,386.40
1984-05-31,384.20,384.20,384.20,384.20
1984-06-01,393.70,393.70,393.70,393.70
1984-06-04,391.00,391.00,391.00,391.00
1984-06-05,393.70,393.70,393.70,393.70
1984-06-06,391.60,391.60,391.60,391.60
1984-06-07,392.20,392.20,392.20,392.20
1984-06-08,386.00,386.00,386.00,386.00
1984-06-11,382.50,382.50,382.50,382.50
1984-06-12,375.00,375.00,375.00,375.00
1984-06-13,374.00,374.00,374.00,374.00
1984-06-14,375.60,375.60,375.60,375.60
1984-06-15,368.00,368.00,368.00,368.00
1984-06-18,367.90,367.90,367.90,367.90
1984-06-19,370.60,370.60,370.60,370.60
1984-06-20,370.00,370.00,370.00,370.00
1984-06-21,370.70,370.70,370.70,370.70
1984-06-22,374.20,374.20,374.20,374.20
1984-06-25,369.20,369.20,369.20,369.20
1984-06-26,369.50,369.50,369.50,369.50
1984-06-27,369.20,369.20,369.20,369.20
1984-06-28,372.90,372.90,372.90,372.90
1984-06-29,373.00,373.00,373.00,373.00
1984-07-02,370.00,370.00,370.00,370.00
1984-07-03,368.30,368.30,368.30,368.30
1984-07-05,364.80,364.80,364.80,364.80
1984-07-06,353.20,353.20,353.20,353.20
1984-07-09,338.50,338.50,338.50,338.50
1984-07-10,344.20,344.20,344.20,344.20
1984-07-11,339.20,339.20,339.20,339.20
1984-07-12,341.10,341.10,341.10,341.10
1984-07-13,345.00,345.00,345.00,345.00
1984-07-16,350.10,350.10,350.10,350.10
1984-07-17,347.10,347.10,347.10,347.10
1984-07-18,345.70,345.70,345.70,345.70
1984-07-19,350.20,350.20,350.20,350.20
1984-07-20,342.00,342.00,342.00,342.00
1984-07-23,335.00,335.00,335.00,335.00
1984-07-24,338.50,338.50,338.50,338.50
1984-07-25,341.70,341.70,341.70,341.70
1984-07-26,344.20,344.20,344.20,344.20
1984-07-27,335.20,335.20,335.20,335.20
1984-07-30,338.50,338.50,338.50,338.50
1984-07-31,342.30,342.30,342.30,342.30
1984-08-01,339.00,339.00,339.00,339.00
1984-08-02,344.00,344.00,344.00,344.00
1984-08-03,349.20,349.20,349.20,349.20
1984-08-06,349.20,349.20,349.20,349.20
1984-08-07,342.00,342.00,342.00,342.00
1984-08-08,344.50,344.50,344.50,344.50
1984-08-09,344.20,344.20,344.20,344.20
1984-08-10,346.70,346.70,346.70,346.70
1984-08-13,343.50,343.50,343.50,343.50
1984-08-14,354.00,354.00,354.00,354.00
1984-08-15,350.90,350.90,350.90,350.90
1984-08-16,352.20,352.20,352.20,352.20
1984-08-17,352.00,352.00,352.00,352.00
1984-08-20,349.30,349.30,349.30,349.30
1984-08-21,346.00,346.00,346.00,346.00
1984-08-22,345.00,345.00,345.00,345.00
1984-08-23,351.20,351.20,351.20,351.20
1984-08-24,350.00,350.00,350.00,350.00
1984-08-27,348.00,348.00,348.00,348.00
1984-08-28,349.70,349.70,349.70,349.70
1984-08-29,350.50,350.50,350.50,350.50
1984-08-30,347.20,347.20,347.20,347.20
1984-08-31,348.20,348.20,348.20,348.20
1984-09-04,341.20,341.20,341.20,341.20
1984-09-05,338.20,338.20,338.20,338.20
1984-09-06,340.50,340.50,340.50,340.50
1984-09-07,339.70,339.70,339.70,339.70
1984-09-10,338.40,338.40,338.40,338.40
1984-09-11,340.30,340.30,340.30,340.30
1984-09-12,338.50,338.50,338.50,338.50
1984-09-13,336.80,336.80,336.80,336.80
1984-09-14,341.40,341.40,341.40,341.40
1984-09-17,335.20,335.20,335.20,335.20
1984-09-18,336.70,336.70,336.70,336.70
1984-09-19,340.00,340.00,340.00,340.00
1984-09-20,338.70,338.70,338.70,338.70
1984-09-21,343.50,343.50,343.50,343.50
1984-09-24,347.70,347.70,347.70,347.70
1984-09-25,345.00,345.00,345.00,345.00
1984-09-26,346.10,346.10,346.10,346.10
1984-09-27,345.20,345.20,345.20,345.20
1984-09-28,343.70,343.70,343.70,343.70
1984-10-01,345.40,345.40,345.40,345.40
1984-10-02,345.20,345.20,345.20,345.20
1984-10-03,348.50,348.50,348.50,348.50
1984-10-04,346.20,346.20,346.20,346.20
1984-10-05,343.80,343.80,343.80,343.80
1984-10-08,343.80,343.80,343.80,343.80
1984-10-09,341.00,341.00,341.00,341.00
1984-10-10,337.70,337.70,337.70,337.70
1984-10-11,338.10,338.10,338.10,338.10
1984-10-12,338.90,338.90,338.90,338.90
1984-10-15,338.60,338.60,338.60,338.60
1984-10-16,339.50,339.50,339.50,339.50
1984-10-17,340.50,340.50,340.50,340.50
1984-10-18,339.50,339.50,339.50,339.50
1984-10-19,339.50,339.50,339.50,339.50
1984-10-22,338.40,338.40,338.40,338.40
1984-10-23,340.00,340.00,340.00,340.00
1984-10-24,340.00,340.00,340.00,340.00
1984-10-25,338.50,338.50,338.50,338.50
1984-10-26,337.60,337.60,337.60,337.60
1984-10-29,336.20,336.20,336.20,336.20
1984-10-30,335.50,335.50,335.50,335.50
1984-10-31,333.50,333.50,333.50,333.50
1984-11-01,333.80,333.80,333.80,333.80
1984-11-02,343.10,343.10,343.10,343.10
1984-11-05,342.40,342.40,342.40,342.40
1984-11-06,342.40,342.40,342.40,342.40
1984-11-07,347.60,347.60,347.60,347.60
1984-11-08,347.10,347.10,347.10,347.10
1984-11-09,346.80,346.80,346.80,346.80
1984-11-12,345.70,345.70,345.70,345.70
1984-11-13,350.40,350.40,350.40,350.40
1984-11-14,345.80,345.80,345.80,345.80
1984-11-15,343.70,343.70,343.70,343.70
1984-11-16,345.00,345.00,345.00,345.00
1984-11-19,343.40,343.40,343.40,343.40
1984-11-20,342.60,342.60,342.60,342.60
1984-11-21,340.30,340.30,340.30,340.30
1984-11-23,340.30,340.30,340.30,340.30
1984-11-26,336.90,336.90,336.90,336.90
1984-11-27,332.90,332.90,332.90,332.90
1984-11-28,329.00,329.00,329.00,329.00
1984-11-29,330.60,330.60,330.60,330.60
1984-11-30,329.00,329.00,329.00,329.00
1984-12-03,329.50,329.50,329.50,329.50
1984-12-04,332.00,332.00,332.00,332.00
1984-12-05,329.90,329.90,329.90,329.90
1984-12-06,330.70,330.70,330.70,330.70
1984-12-07,327.00,327.00,327.00,327.00
1984-12-10,326.20,326.20,326.20,326.20
1984-12-11,326.70,326.70,326.70,326.70
1984-12-12,324.50,324.50,324.50,324.50
1984-12-13,324.20,324.20,324.20,324.20
1984-12-14,322.50,322.50,322.50,322.50
1984-12-17,315.00,315.00,315.00,315.00
1984-12-18,309.00,309.00,309.00,309.00
1984-12-19,309.30,309.30,309.30,309.30
1984-12-20,307.50,307.50,307.50,307.50
1984-12-21,311.00,311.00,311.00,311.00
1984-12-26,312.60,312.60,312.60,312.60
1984-12-27,309.20,309.20,309.20,309.20
1984-12-28,308.30,308.30,308.30,308.30
1984-12-31,308.30,308.30,308.30,308.30
1985-01-02,305.50,305.50,305.50,305.50
1985-01-03,302.30,302.30,302.30,302.30
1985-01-04,303.10,303.10,303.10,303.10
1985-01-07,298.20,298.20,298.20,298.20
1985-01-08,302.00,302.00,302.00,302.00
1985-01-09,300.50,300.50,300.50,300.50
1985-01-10,303.80,303.80,303.80,303.80
1985-01-11,304.20,304.20,304.20,304.20
1985-01-14,299.00,299.00,299.00,299.00
1985-01-15,301.80,301.80,301.80,301.80
1985-01-16,302.70,302.70,302.70,302.70
1985-01-17,305.50,305.50,305.50,305.50
1985-01-18,308.00,308.00,308.00,308.00
1985-01-21,307.20,307.20,307.20,307.20
1985-01-22,306.90,306.90,306.90,306.90
1985-01-23,300.20,300.20,300.20,300.20
1985-01-24,300.80,300.80,300.80,300.80
1985-01-25,298.80,298.80,298.80,298.80
1985-01-28,297.70,297.70,297.70,297.70
1985-01-29,303.20,303.20,303.20,303.20
1985-01-30,302.90,302.90,302.90,302.90
1985-01-31,306.60,306.60,306.60,306.60
1985-02-01,303.60,303.60,303.60,303.60
1985-02-04,301.20,301.20,301.20,301.20
1985-02-05,302.00,302.00,302.00,302.00
1985-02-06,302.80,302.80,302.80,302.80
1985-02-07,301.60,301.60,301.60,301.60
1985-02-08,299.80,299.80,299.80,299.80
1985-02-11,300.10,300.10,300.10,300.10
1985-02-12,302.50,302.50,302.50,302.50
1985-02-13,303.20,303.20,303.20,303.20
1985-02-14,304.10,304.10,304.10,304.10
1985-02-15,304.00,304.00,304.00,304.00
1985-02-19,302.60,302.60,302.60,302.60
1985-02-20,302.90,302.90,302.90,302.90
1985-02-21,299.80,299.80,299.80,299.80
1985-02-22,298.40,298.40,298.40,298.40
1985-02-25,284.20,284.20,284.20,284.20
1985-02-26,285.70,285.70,285.70,285.70
1985-02-27,290.80,290.80,290.80,290.80
1985-02-28,287.70,287.70,287.70,287.70
1985-03-01,287.20,287.20,287.20,287.20
1985-03-04,288.60,288.60,288.60,288.60
1985-03-05,287.90,287.90,287.90,287.90
1985-03-06,287.40,287.40,287.40,287.40
1985-03-07,289.60,289.60,289.60,289.60
1985-03-08,291.00,291.00,291.00,291.00
1985-03-11,291.00,291.00,291.00,291.00
1985-03-12,288.40,288.40,288.40,288.40
1985-03-13,290.20,290.20,290.20,290.20
1985-03-14,290.70,290.70,290.70,290.70
1985-03-15,292.70,292.70,292.70,292.70
1985-03-18,298.80,298.80,298.80,298.80
1985-03-19,316.70,316.70,316.70,316.70
1985-03-20,324.00,324.00,324.00,324.00
1985-03-21,318.50,318.50,318.50,318.50
1985-03-22,315.50,315.50,315.50,315.50
1985-03-25,314.60,314.60,314.60,314.60
1985-03-26,323.70,323.70,323.70,323.70
1985-03-27,330.40,330.40,330.40,330.40
1985-03-28,326.20,326.20,326.20,326.20
1985-03-29,329.20,329.20,329.20,329.20
1985-04-01,321.10,321.10,321.10,321.10
1985-04-02,318.70,318.70,318.70,318.70
1985-04-03,321.20,321.20,321.20,321.20
1985-04-04,316.70,316.70,316.70,316.70
1985-04-08,317.50,317.50,317.50,317.50
1985-04-09,323.10,323.10,323.10,323.10
1985-04-10,327.20,327.20,327.20,327.20
1985-04-11,332.20,332.20,332.20,332.20
1985-04-12,329.90,329.90,329.90,329.90
1985-04-15,334.20,334.20,334.20,334.20
1985-04-16,330.50,330.50,330.50,330.50
1985-04-17,327.30,327.30,327.30,327.30
1985-04-18,329.70,329.70,329.70,329.70
1985-04-19,327.00,327.00,327.00,327.00
1985-04-22,327.70,327.70,327.70,327.70
1985-04-23,326.60,326.60,326.60,326.60
1985-04-24,322.00,322.00,322.00,322.00
1985-04-25,322.50,322.50,322.50,322.50
1985-04-26,323.50,323.50,323.50,323.50
1985-04-29,322.50,322.50,322.50,322.50
1985-04-30,321.30,321.30,321.30,321.30
1985-05-01,312.50,312.50,312.50,312.50
1985-05-02,313.20,313.20,313.20,313.20
1985-05-03,312.70,312.70,312.70,312.70
1985-05-06,309.90,309.90,309.90,309.90
1985-05-07,313.50,313.50,313.50,313.50
1985-05-08,312.80,312.80,312.80,312.80
1985-05-09,315.10,315.10,315.10,315.10
1985-05-10,314.50,314.50,314.50,314.50
1985-05-13,321.00,321.00,321.00,321.00
1985-05-14,326.50,326.50,326.50,326.50
1985-05-15,322.70,322.70,322.70,322.70
1985-05-16,320.10,320.10,320.10,320.10
1985-05-17,322.50,322.50,322.50,322.50
1985-05-20,323.30,323.30,323.30,323.30
1985-05-21,314.90,314.90,314.90,314.90
1985-05-22,316.30,316.30,316.30,316.30
1985-05-23,315.40,315.40,315.40,315.40
1985-05-24,314.70,314.70,314.70,314.70
1985-05-28,311.30,311.30,311.30,311.30
1985-05-29,312.00,312.00,312.00,312.00
1985-05-30,314.60,314.60,314.60,314.60
1985-05-31,314.00,314.00,314.00,314.00
1985-06-03,318.10,318.10,318.10,318.10
1985-06-04,315.70,315.70,315.70,315.70
1985-06-05,314.20,314.20,314.20,314.20
1985-06-06,314.80,314.80,314.80,314.80
1985-06-07,314.30,314.30,314.30,314.30
1985-06-10,312.00,312.00,312.00,312.00
1985-06-11,315.00,315.00,315.00,315.00
1985-06-12,314.50,314.50,314.50,314.50
1985-06-13,313.70,313.70,313.70,313.70
1985-06-14,318.20,318.20,318.20,318.20
1985-06-17,318.90,318.90,318.90,318.90
1985-06-18,323.70,323.70,323.70,323.70
1985-06-19,325.40,325.40,325.40,325.40
1985-06-20,318.10,318.10,318.10,318.10
1985-06-21,313.40,313.40,313.40,313.40
1985-06-24,314.60,314.60,314.60,314.60
1985-06-25,315.50,315.50,315.50,315.50
1985-06-26,316.70,316.70,316.70,316.70
1985-06-27,315.00,315.00,315.00,315.00
1985-06-28,317.70,317.70,317.70,317.70
1985-07-01,313.90,313.90,313.90,313.90
1985-07-02,308.20,308.20,308.20,308.20
1985-07-03,310.30,310.30,310.30,310.30
1985-07-08,309.20,309.20,309.20,309.20
1985-07-09,314.80,314.80,314.80,314.80
1985-07-10,314.80,314.80,314.80,314.80
1985-07-11,313.50,313.50,313.50,313.50
1985-07-12,312.60,312.60,312.60,312.60
1985-07-15,315.80,315.80,315.80,315.80
1985-07-16,321.70,321.70,321.70,321.70
1985-07-17,325.60,325.60,325.60,325.60
1985-07-18,320.00,320.00,320.00,320.00
1985-07-19,318.90,318.90,318.90,318.90
1985-07-22,317.20,317.20,317.20,317.20
1985-07-23,322.50,322.50,322.50,322.50
1985-07-24,317.70,317.70,317.70,317.70
1985-07-25,317.40,317.40,317.40,317.40
1985-07-26,316.90,316.90,316.90,316.90
1985-07-29,326.50,326.50,326.50,326.50
1985-07-30,325.20,325.20,325.20,325.20
1985-07-31,327.50,327.50,327.50,327.50
1985-08-01,322.10,322.10,322.10,322.10
1985-08-02,320.50,320.50,320.50,320.50
1985-08-05,323.70,323.70,323.70,323.70
1985-08-06,320.00,320.00,320.00,320.00
1985-08-07,321.10,321.10,321.10,321.10
1985-08-08,322.70,322.70,322.70,322.70
1985-08-09,321.60,321.60,321.60,321.60
1985-08-12,326.90,326.90,326.90,326.90
1985-08-13,326.70,326.70,326.70,326.70
1985-08-14,326.00,326.00,326.00,326.00
1985-08-15,331.30,331.30,331.30,331.30
1985-08-16,335.30,335.30,335.30,335.30
1985-08-19,341.10,341.10,341.10,341.10
1985-08-20,334.40,334.40,334.40,334.40
1985-08-21,335.90,335.90,335.90,335.90
1985-08-22,335.50,335.50,335.50,335.50
1985-08-23,334.80,334.80,334.80,334.80
1985-08-26,337.60,337.60,337.60,337.60
1985-08-27,336.00,336.00,336.00,336.00
1985-08-28,340.90,340.90,340.90,340.90
1985-08-29,337.20,337.20,337.20,337.20
1985-08-30,333.20,333.20,333.20,333.20
1985-09-03,328.20,328.20,328.20,328.20
1985-09-04,326.00,326.00,326.00,326.00
1985-09-05,326.00,326.00,326.00,326.00
1985-09-06,317.60,317.60,317.60,317.60
1985-09-09,319.60,319.60,319.60,319.60
1985-09-10,321.60,321.60,321.60,321.60
1985-09-11,321.00,321.00,321.00,321.00
1985-09-12,319.50,319.50,319.50,319.50
1985-09-13,321.30,321.30,321.30,321.30
1985-09-16,319.50,319.50,319.50,319.50
1985-09-17,317.80,317.80,317.80,317.80
1985-09-18,316.50,316.50,316.50,316.50
1985-09-19,316.50,316.50,316.50,316.50
1985-09-20,319.10,319.10,319.10,319.10
1985-09-23,327.70,327.70,327.70,327.70
1985-09-24,327.90,327.90,327.90,327.90
1985-09-25,328.50,328.50,328.50,328.50
1985-09-26,329.20,329.20,329.20,329.20
1985-09-27,329.20,329.20,329.20,329.20
1985-09-30,326.00,326.00,326.00,326.00
1985-10-01,322.50,322.50,322.50,322.50
1985-10-02,325.20,325.20,325.20,325.20
1985-10-03,325.10,325.10,325.10,325.10
1985-10-04,328.00,328.00,328.00,328.00
1985-10-07,326.00,326.00,326.00,326.00
1985-10-08,326.60,326.60,326.60,326.60
1985-10-09,326.80,326.80,326.80,326.80
1985-10-10,325.70,325.70,325.70,325.70
1985-10-11,325.80,325.80,325.80,325.80
1985-10-14,325.80,325.80,325.80,325.80
1985-10-15,327.20,327.20,327.20,327.20
1985-10-16,323.90,323.90,323.90,323.90
1985-10-17,325.70,325.70,325.70,325.70
1985-10-18,326.50,326.50,326.50,326.50
1985-10-21,326.40,326.40,326.40,326.40
1985-10-22,328.00,328.00,328.00,328.00
1985-10-23,325.90,325.90,325.90,325.90
1985-10-24,326.40,326.40,326.40,326.40
1985-10-25,325.60,325.60,325.60,325.60
1985-10-28,326.50,326.50,326.50,326.50
1985-10-29,326.50,326.50,326.50,326.50
1985-10-30,326.40,326.40,326.40,326.40
1985-10-31,325.30,325.30,325.30,325.30
1985-11-01,323.70,323.70,323.70,323.70
1985-11-04,325.60,325.60,325.60,325.60
1985-11-05,324.80,324.80,324.80,324.80
1985-11-06,324.60,324.60,324.60,324.60
1985-11-07,323.20,323.20,323.20,323.20
1985-11-08,322.20,322.20,322.20,322.20
1985-11-11,323.30,323.30,323.30,323.30
1985-11-12,323.30,323.30,323.30,323.30
1985-11-13,324.50,324.50,324.50,324.50
1985-11-14,325.50,325.50,325.50,325.50
1985-11-15,325.60,325.60,325.60,325.60
1985-11-18,323.70,323.70,323.70,323.70
1985-11-19,324.60,324.60,324.60,324.60
1985-11-20,325.90,325.90,325.90,325.90
1985-11-21,325.80,325.80,325.80,325.80
1985-11-22,326.70,326.70,326.70,326.70
1985-11-25,330.40,330.40,330.40,330.40
1985-11-26,331.50,331.50,331.50,331.50
1985-11-27,328.40,328.40,328.40,328.40
1985-11-29,328.40,328.40,328.40,328.40
1985-12-02,321.70,321.70,321.70,321.70
1985-12-03,322.80,322.80,322.80,322.80
1985-12-04,324.20,324.20,324.20,324.20
1985-12-05,323.00,323.00,323.00,323.00
1985-12-06,322.30,322.30,322.30,322.30
1985-12-09,317.60,317.60,317.60,317.60
1985-12-10,317.20,317.20,317.20,317.20
1985-12-11,315.50,315.50,315.50,315.50
1985-12-12,317.70,317.70,317.70,317.70
1985-12-13,318.00,318.00,318.00,318.00
1985-12-16,318.60,318.60,318.60,318.60
1985-12-17,321.10,321.10,321.10,321.10
1985-12-18,320.30,320.30,320.30,320.30
1985-12-19,325.80,325.80,325.80,325.80
1985-12-20,325.50,325.50,325.50,325.50
1985-12-23,327.60,327.60,327.60,327.60
1985-12-24,327.60,327.60,327.60,327.60
1985-12-26,325.50,325.50,325.50,325.50
1985-12-27,326.80,326.80,326.80,326.80
1985-12-30,327.00,327.00,327.00,327.00
1985-12-31,329.70,329.70,329.70,329.70
1986-01-02,326.50,326.50,326.50,326.50
1986-01-03,327.00,327.00,327.00,327.00
1986-01-06,328.00,328.00,328.00,328.00
1986-01-07,330.20,330.20,330.20,330.20
1986-01-08,332.60,332.60,332.60,332.60
1986-01-09,333.50,333.50,333.50,333.50
1986-01-10,340.40,340.40,340.40,340.40
1986-01-13,339.40,339.40,339.40,339.40
1986-01-14,341.00,341.00,341.00,341.00
1986-01-15,347.00,347.00,347.00,347.00
1986-01-16,363.20,363.20,363.20,363.20
1986-01-17,352.60,352.60,352.60,352.60
1986-01-20,351.00,351.00,351.00,351.00
1986-01-21,356.70,356.70,356.70,356.70
1986-01-22,353.20,353.20,353.20,353.20
1986-01-23,350.30,350.30,350.30,350.30
1986-01-24,354.00,354.00,354.00,354.00
1986-01-27,358.40,358.40,358.40,358.40
1986-01-28,353.20,353.20,353.20,353.20
1986-01-29,353.50,353.50,353.50,353.50
1986-01-30,358.20,358.20,358.20,358.20
1986-01-31,350.50,350.50,350.50,350.50
1986-02-03,347.30,347.30,347.30,347.30
1986-02-04,338.80,338.80,338.80,338.80
1986-02-05,337.30,337.30,337.30,337.30
1986-02-06,337.10,337.10,337.10,337.10
1986-02-07,337.40,337.40,337.40,337.40
1986-02-10,340.10,340.10,340.10,340.10
1986-02-11,336.00,336.00,336.00,336.00
1986-02-12,337.50,337.50,337.50,337.50
1986-02-13,334.00,334.00,334.00,334.00
1986-02-14,331.30,331.30,331.30,331.30
1986-02-18,337.50,337.50,337.50,337.50
1986-02-19,341.60,341.60,341.60,341.60
1986-02-20,337.30,337.30,337.30,337.30
1986-02-21,338.00,338.00,338.00,338.00
1986-02-24,342.00,342.00,342.00,342.00
1986-02-25,352.60,352.60,352.60,352.60
1986-02-26,346.00,346.00,346.00,346.00
1986-02-27,336.90,336.90,336.90,336.90
1986-02-28,338.10,338.10,338.10,338.10
1986-03-03,335.60,335.60,335.60,335.60
1986-03-04,337.10,337.10,337.10,337.10
1986-03-05,341.70,341.70,341.70,341.70
1986-03-06,344.70,344.70,344.70,344.70
1986-03-07,343.30,343.30,343.30,343.30
1986-03-10,340.50,340.50,340.50,340.50
1986-03-11,342.90,342.90,342.90,342.90
1986-03-12,344.10,344.10,344.10,344.10
1986-03-13,349.80,349.80,349.80,349.80
1986-03-14,348.00,348.00,348.00,348.00
1986-03-17,349.90,349.90,349.90,349.90
1986-03-18,351.10,351.10,351.10,351.10
1986-03-19,346.70,346.70,346.70,346.70
1986-03-20,350.60,350.60,350.60,350.60
1986-03-21,352.90,352.90,352.90,352.90
1986-03-24,350.40,350.40,350.40,350.40
1986-03-25,352.00,352.00,352.00,352.00
1986-03-26,344.30,344.30,344.30,344.30
1986-03-27,344.20,344.20,344.20,344.20
1986-03-31,338.10,338.10,338.10,338.10
1986-04-01,333.10,333.10,333.10,333.10
1986-04-02,335.50,335.50,335.50,335.50
1986-04-03,334.70,334.70,334.70,334.70
1986-04-04,334.50,334.50,334.50,334.50
1986-04-07,337.90,337.90,337.90,337.90
1986-04-08,339.60,339.60,339.60,339.60
1986-04-09,338.10,338.10,338.10,338.10
1986-04-10,337.70,337.70,337.70,337.70
1986-04-11,341.90,341.90,341.90,341.90
1986-04-14,341.80,341.80,341.80,341.80
1986-04-15,342.00,342.00,342.00,342.00
1986-04-16,339.00,339.00,339.00,339.00
1986-04-17,340.10,340.10,340.10,340.10
1986-04-18,343.00,343.00,343.00,343.00
1986-04-21,341.60,341.60,341.60,341.60
1986-04-22,344.30,344.30,344.30,344.30
1986-04-23,346.20,346.20,346.20,346.20
1986-04-24,344.70,344.70,344.70,344.70
1986-04-25,344.40,344.40,344.40,344.40
1986-04-28,343.40,343.40,343.40,343.40
1986-04-29,342.40,342.40,342.40,342.40
1986-04-30,345.70,345.70,345.70,345.70
1986-05-01,345.30,345.30,345.30,345.30
1986-05-02,341.60,341.60,341.60,341.60
1986-05-05,343.00,343.00,343.00,343.00
1986-05-06,340.40,340.40,340.40,340.40
1986-05-07,342.40,342.40,342.40,342.40
1986-05-08,343.10,343.00,343.00,343.00
1986-05-09,344.66,343.83,343.83,343.83
1986-05-12,343.93,343.00,343.00,343.00
1986-05-13,342.58,339.88,339.88,339.88
1986-05-14,341.54,340.19,340.19,340.19
1986-05-15,340.81,339.57,339.57,339.57
1986-05-16,341.13,340.81,340.81,340.81
1986-05-19,340.40,338.21,338.21,338.21
1986-05-20,337.90,336.03,336.03,336.03
1986-05-21,336.65,335.93,335.93,335.93
1986-05-22,338.42,338.42,338.42,338.42
1986-05-23,338.94,338.42,338.42,338.42
1986-05-27,338.94,338.94,338.94,338.94
1986-05-28,340.40,338.94,338.94,338.94
1986-05-29,339.98,339.98,339.98,339.98
1986-05-30,340.40,339.98,339.98,339.98
1986-06-02,340.40,338.42,338.42,338.42
1986-06-03,339.98,338.94,338.94,338.94
1986-06-04,338.94,337.59,337.59,337.59
1986-06-05,338.94,338.42,338.42,338.42
1986-06-06,338.94,338.42,338.42,338.42
1986-06-09,338.94,338.42,338.42,338.42
1986-06-10,346.64,345.49,345.49,345.49
1986-06-11,345.49,344.45,344.45,344.45
1986-06-12,346.64,343.52,343.52,343.52
1986-06-13,344.97,344.45,344.45,344.45
1986-06-16,343.52,335.93,335.93,335.93
1986-06-17,334.89,333.33,333.33,333.33
1986-06-18,336.65,336.65,336.65,336.65
1986-06-19,337.59,336.65,336.65,336.65
1986-06-20,337.59,336.65,336.65,336.65
1986-06-23,338.42,337.59,337.59,337.59
1986-06-24,339.98,339.98,339.98,339.98
1986-06-25,341.96,341.13,341.13,341.13
1986-06-26,342.58,341.96,341.96,341.96
1986-06-27,341.96,340.40,340.40,340.40
1986-06-30,344.45,343.52,343.52,343.52
1986-07-01,343.41,341.96,341.96,341.96
1986-07-02,341.96,339.98,339.98,339.98
1986-07-03,340.40,340.40,340.40,340.40
1986-07-04,340.40,340.40,340.40,340.40
1986-07-07,342.06,341.85,341.85,341.85
1986-07-08,344.97,343.93,343.93,343.93
1986-07-09,348.40,343.93,343.93,343.93
1986-07-10,345.49,343.52,343.52,343.52
1986-07-11,344.97,344.97,344.97,344.97
1986-07-14,343.52,342.58,342.58,342.58
1986-07-15,344.45,344.45,344.45,344.45
1986-07-16,346.64,343.93,343.93,343.93
1986-07-17,344.97,344.45,344.45,344.45
1986-07-18,347.47,344.97,344.97,344.97
1986-07-21,352.88,351.00,351.00,351.00
1986-07-22,351.00,350.49,350.49,350.49
1986-07-23,349.24,344.45,344.45,344.45
1986-07-24,346.22,345.49,345.49,345.49
1986-07-25,346.64,346.22,346.22,346.22
1986-07-28,351.63,350.49,350.49,350.49
1986-07-29,351.63,348.40,348.40,348.40
1986-07-30,349.24,348.40,348.40,348.40
1986-07-31,357.04,354.64,354.64,354.64
1986-08-01,358.80,358.80,358.80,358.80
1986-08-04,358.80,356.83,356.83,356.83
1986-08-05,356.31,355.68,355.68,355.68
1986-08-06,359.53,358.80,358.80,358.80
1986-08-07,360.57,359.12,359.12,359.12
1986-08-08,367.85,366.08,366.08,366.08
1986-08-11,392.80,385.00,385.00,385.00
1986-08-12,388.54,381.68,381.68,381.68
1986-08-13,389.48,388.54,388.54,388.54
1986-08-14,383.24,382.51,382.51,382.51
1986-08-15,385.84,382.51,382.51,382.51
1986-08-18,379.91,374.71,374.71,374.71
1986-08-19,372.63,372.11,372.11,372.11
1986-08-20,377.42,375.65,375.65,375.65
1986-08-21,382.30,381.68,381.68,381.68
1986-08-22,386.25,379.39,379.39,379.39
1986-08-26,380.22,378.14,378.14,378.14
1986-08-27,378.87,378.04,378.04,378.04
1986-08-28,385.32,383.24,383.24,383.24
1986-08-29,386.77,383.45,383.45,383.45
1986-09-01,389.48,387.71,387.71,387.71
1986-09-02,393.74,391.24,391.24,391.24
1986-09-03,406.94,404.87,404.87,404.87
1986-09-04,404.87,403.72,403.72,403.72
1986-09-05,421.09,417.45,417.45,417.45
1986-09-08,421.09,415.68,415.68,415.68
1986-09-09,411.83,409.75,409.75,409.75
1986-09-10,417.49,416.40,416.40,416.40
1986-09-11,407.66,400.70,400.70,400.70
1986-09-12,422.68,417.49,417.49,417.49
1986-09-15,417.76,409.57,409.57,409.57
1986-09-16,417.49,413.26,413.26,413.26
1986-09-17,413.94,411.35,411.35,411.35
1986-09-18,419.40,416.40,416.40,416.40
1986-09-19,431.69,428.96,428.96,428.96
1986-09-22,444.24,435.10,435.10,435.10
1986-09-23,438.37,431.82,431.82,431.82
1986-09-24,437.96,433.05,433.05,433.05
1986-09-25,431.82,431.82,431.82,431.82
1986-09-26,436.60,431.00,431.00,431.00
1986-09-29,428.68,427.45,427.45,427.45
1986-09-30,423.91,422.81,422.81,422.81
1986-10-01,426.23,422.95,422.95,422.95
1986-10-02,433.32,432.10,432.10,432.10
1986-10-03,440.69,436.60,436.60,436.60
1986-10-06,438.92,437.15,437.15,437.15
1986-10-07,443.97,437.15,437.15,437.15
1986-10-08,439.74,438.37,438.37,438.37
1986-10-09,438.65,431.82,431.82,431.82
1986-10-10,431.28,430.32,430.32,430.32
1986-10-13,432.64,431.55,431.55,431.55
1986-10-14,432.37,428.27,428.27,428.27
1986-10-15,426.36,422.95,422.95,422.95
1986-10-16,425.95,425.13,425.13,425.13
1986-10-17,422.95,420.49,420.49,420.49
1986-10-20,426.09,425.13,425.13,425.13
1986-10-21,426.91,424.04,424.04,424.04
1986-10-22,427.59,423.63,423.63,423.63
1986-10-23,425.68,423.77,423.77,423.77
1986-10-24,414.08,411.35,411.35,411.35
1986-10-27,411.08,409.30,409.30,409.30
1986-10-28,412.58,411.35,411.35,411.35
1986-10-29,410.80,404.52,404.52,404.52
1986-10-30,406.98,404.66,404.66,404.66
1986-10-31,407.12,399.88,399.88,399.88
1986-11-03,406.16,405.48,405.48,405.48
1986-11-04,409.17,407.53,407.53,407.53
1986-11-05,412.17,405.48,405.48,405.48
1986-11-06,408.07,407.53,407.53,407.53
1986-11-07,409.57,408.62,408.62,408.62
1986-11-10,411.49,410.53,410.53,410.53
1986-11-11,407.39,403.84,403.84,403.84
1986-11-12,408.21,404.66,404.66,404.66
1986-11-13,408.07,406.98,406.98,406.98
1986-11-14,410.53,407.39,407.39,407.39
1986-11-17,395.93,390.74,390.74,390.74
1986-11-18,390.60,390.33,390.33,390.33
1986-11-19,392.92,392.51,392.51,392.51
1986-11-20,388.96,388.69,388.69,388.69
1986-11-21,390.74,382.82,382.82,382.82
1986-11-24,381.32,381.05,381.05,381.05
1986-11-25,384.87,383.78,383.78,383.78
1986-11-26,384.32,381.05,381.05,381.05
1986-11-27,383.23,382.82,382.82,382.82
1986-11-28,390.47,388.96,388.96,388.96
1986-12-01,400.43,391.01,391.01,391.01
1986-12-02,394.56,387.87,387.87,387.87
1986-12-03,393.47,391.69,391.69,391.69
1986-12-04,392.10,386.92,386.92,386.92
1986-12-05,388.42,387.19,387.19,387.19
1986-12-08,392.24,386.92,386.92,386.92
1986-12-09,389.10,386.10,386.10,386.10
1986-12-10,392.10,390.33,390.33,390.33
1986-12-11,389.51,387.74,387.74,387.74
1986-12-12,391.42,389.78,389.78,389.78
1986-12-15,395.11,393.88,393.88,393.88
1986-12-16,394.56,393.33,393.33,393.33
1986-12-17,393.47,391.29,391.29,391.29
1986-12-18,392.92,392.24,392.24,392.24
1986-12-19,394.97,391.15,391.15,391.15
1986-12-22,395.93,392.38,392.38,392.38
1986-12-23,393.74,388.69,388.69,388.69
1986-12-24,389.65,387.87,387.87,387.87
1986-12-29,391.29,387.33,387.33,387.33
1986-12-30,388.42,387.87,387.87,387.87
1986-12-31,390.19,390.19,390.19,390.19
1987-01-02,406.90,403.10,403.10,403.10
1987-01-05,403.10,399.08,399.08,399.08
1987-01-06,403.10,400.71,400.71,400.71
1987-01-07,401.26,399.84,399.84,399.84
1987-01-08,403.86,401.47,401.47,401.47
1987-01-09,405.17,403.97,403.97,403.97
1987-01-12,411.36,410.60,410.60,410.60
1987-01-13,410.27,409.18,409.18,409.18
1987-01-14,418.85,417.44,417.44,417.44
1987-01-15,416.68,414.61,414.61,414.61
1987-01-16,416.79,415.37,415.37,415.37
1987-01-19,423.41,421.46,421.46,421.46
1987-01-20,419.61,414.18,414.18,414.18
1987-01-21,408.97,406.58,406.58,406.58
1987-01-22,411.36,408.75,408.75,408.75
1987-01-23,407.66,402.78,402.78,402.78
1987-01-26,407.34,407.34,407.34,407.34
1987-01-27,411.68,411.14,411.14,411.14
1987-01-28,417.55,406.90,406.90,406.90
1987-01-29,410.81,409.18,409.18,409.18
1987-01-30,411.68,403.43,403.43,403.43
1987-02-02,407.34,406.36,406.36,406.36
1987-02-03,403.86,399.84,399.84,399.84
1987-02-04,405.17,402.78,402.78,402.78
1987-02-05,402.78,399.08,399.08,399.08
1987-02-06,404.73,403.10,403.10,403.10
1987-02-09,406.36,405.71,405.71,405.71
1987-02-10,404.73,402.56,402.56,402.56
1987-02-11,403.32,400.50,400.50,400.50
1987-02-12,402.78,400.39,400.39,400.39
1987-02-13,397.45,396.91,396.91,396.91
1987-02-16,397.78,396.91,396.91,396.91
1987-02-17,397.24,394.09,394.09,394.09
1987-02-18,393.44,391.05,391.05,391.05
1987-02-19,395.28,393.55,393.55,393.55
1987-02-20,399.84,399.30,399.30,399.30
1987-02-23,405.71,403.43,403.43,403.43
1987-02-24,402.56,401.47,401.47,401.47
1987-02-25,407.88,405.71,405.71,405.71
1987-02-26,404.95,403.86,403.86,403.86
1987-02-27,407.12,405.27,405.27,405.27
1987-03-02,405.71,404.19,404.19,404.19
1987-03-03,404.62,404.40,404.40,404.40
1987-03-04,407.88,406.03,406.03,406.03
1987-03-05,411.90,410.38,410.38,410.38
1987-03-06,407.88,405.82,405.82,405.82
1987-03-09,405.71,403.97,403.97,403.97
1987-03-10,405.82,405.71,405.71,405.71
1987-03-11,407.66,406.58,406.58,406.58
1987-03-12,409.83,408.21,408.21,408.21
1987-03-13,409.29,404.40,404.40,404.40
1987-03-16,405.49,405.17,405.17,405.17
1987-03-17,406.58,402.56,402.56,402.56
1987-03-18,406.79,404.73,404.73,404.73
1987-03-19,404.95,403.43,403.43,403.43
1987-03-20,405.49,403.97,403.97,403.97
1987-03-23,409.29,407.88,407.88,407.88
1987-03-24,412.99,412.99,412.99,412.99
1987-03-25,415.37,411.90,411.90,411.90
1987-03-26,412.66,411.03,411.03,411.03
1987-03-27,419.94,419.94,419.94,419.94
1987-03-30,427.65,420.69,420.69,420.69
1987-03-31,422.32,417.76,417.76,417.76
1987-04-01,419.72,417.00,417.00,417.00
1987-04-02,421.56,417.55,417.55,417.55
1987-04-03,419.61,419.18,419.18,419.18
1987-04-06,422.11,418.63,418.63,418.63
1987-04-07,422.32,422.00,422.00,422.00
1987-04-08,423.08,419.61,419.61,419.61
1987-04-09,431.99,431.99,431.99,431.99
1987-04-10,434.92,432.21,432.21,432.21
1987-04-13,438.29,437.85,437.85,437.85
1987-04-14,450.34,450.34,450.34,450.34
1987-04-15,450.89,441.76,441.76,441.76
1987-04-16,442.85,442.85,442.85,442.85
1987-04-20,452.52,452.52,452.52,452.52
1987-04-21,459.14,447.19,447.19,447.19
1987-04-22,450.34,449.80,449.80,449.80
1987-04-23,459.68,459.68,459.68,459.68
1987-04-24,466.85,461.86,461.86,461.86
1987-04-27,477.60,443.72,443.72,443.72
1987-04-28,457.08,451.65,451.65,451.65
1987-04-29,452.52,451.65,451.65,451.65
1987-04-30,455.45,453.60,453.60,453.60
1987-05-01,456.53,456.53,456.53,456.53
1987-05-04,460.01,460.01,460.01,460.01
1987-05-05,465.76,458.05,458.05,458.05
1987-05-06,459.36,458.16,458.16,458.16
1987-05-07,459.38,457.41,457.41,457.41
1987-05-08,458.00,454.57,454.57,454.57
1987-05-11,456.09,455.69,455.69,455.69
1987-05-12,462.22,458.79,458.79,458.79
1987-05-13,461.49,458.06,458.06,458.06
1987-05-14,465.12,463.67,463.67,463.67
1987-05-15,470.99,467.49,467.49,467.49
1987-05-18,478.70,473.69,473.69,473.69
1987-05-19,472.96,469.80,469.80,469.80
1987-05-20,482.98,474.94,474.94,474.94
1987-05-21,473.95,469.47,469.47,469.47
1987-05-22,474.94,464.00,464.00,464.00
1987-05-25,466.96,465.45,465.45,465.45
1987-05-26,464.99,451.08,451.08,451.08
1987-05-27,452.79,448.97,448.97,448.97
1987-05-28,454.24,451.67,451.67,451.67
1987-05-29,452.26,451.27,451.27,451.27
1987-06-01,450.48,446.66,446.66,446.66
1987-06-02,457.47,455.89,455.89,455.89
1987-06-03,457.54,451.47,451.47,451.47
1987-06-04,456.94,452.59,452.59,452.59
1987-06-05,455.96,453.58,453.58,453.58
1987-06-08,458.00,455.96,455.96,455.96
1987-06-09,454.97,452.73,452.73,452.73
1987-06-10,459.45,457.41,457.41,457.41
1987-06-11,458.99,458.00,458.00,458.00
1987-06-12,463.14,454.37,454.37,454.37
1987-06-15,453.19,451.14,451.14,451.14
1987-06-16,453.78,451.74,451.74,451.74
1987-06-17,452.99,446.79,446.79,446.79
1987-06-18,452.73,450.22,450.22,450.22
1987-06-19,453.58,449.50,449.50,449.50
1987-06-22,445.14,437.04,437.04,437.04
1987-06-23,441.45,440.46,440.46,440.46
1987-06-24,444.55,443.56,443.56,443.56
1987-06-25,443.96,440.66,440.66,440.66
1987-06-26,445.01,443.69,443.69,443.69
1987-06-29,449.96,445.94,445.94,445.94
1987-06-30,448.97,448.64,448.64,448.64
1987-07-01,450.48,446.86,446.86,446.86
1987-07-02,449.10,445.74,445.74,445.74
1987-07-03,446.86,443.69,443.69,443.69
1987-07-06,444.75,443.50,443.50,443.50
1987-07-07,447.52,442.25,442.25,442.25
1987-07-08,447.45,444.75,444.75,444.75
1987-07-09,446.46,445.28,445.28,445.28
1987-07-10,446.73,444.16,444.16,444.16
1987-07-13,447.45,446.46,446.46,446.46
1987-07-14,448.97,447.39,447.39,447.39
1987-07-15,453.98,452.92,452.92,452.92
1987-07-16,454.24,452.99,452.99,452.99
1987-07-17,453.45,450.15,450.15,450.15
1987-07-20,452.00,451.47,451.47,451.47
1987-07-21,453.38,453.06,453.06,453.06
1987-07-22,455.49,454.57,454.57,454.57
1987-07-23,456.09,454.83,454.83,454.83
1987-07-24,454.97,453.71,453.71,453.71
1987-07-27,454.64,453.45,453.45,453.45
1987-07-28,457.47,456.35,456.35,456.35
1987-07-29,459.91,457.47,457.47,457.47
1987-07-30,459.98,459.19,459.19,459.19
1987-07-31,464.79,463.73,463.73,463.73
1987-08-03,474.94,472.24,472.24,472.24
1987-08-04,479.09,477.64,477.64,477.64
1987-08-05,477.84,466.57,466.57,466.57
1987-08-06,470.19,467.75,467.75,467.75
1987-08-07,468.88,463.34,463.34,463.34
1987-08-10,461.69,460.04,460.04,460.04
1987-08-11,464.00,464.00,464.00,464.00
1987-08-12,465.25,462.88,462.88,462.88
1987-08-13,463.47,459.58,459.58,459.58
1987-08-14,461.76,451.74,451.74,451.74
1987-08-17,455.69,453.65,453.65,453.65
1987-08-18,458.46,458.39,458.39,458.39
1987-08-19,459.85,458.00,458.00,458.00
1987-08-20,457.74,456.48,456.48,456.48
1987-08-21,456.48,454.97,454.97,454.97
1987-08-24,460.96,460.44,460.44,460.44
1987-08-25,460.04,457.14,457.14,457.14
1987-08-26,458.26,457.87,457.87,457.87
1987-08-27,459.45,456.48,456.48,456.48
1987-08-28,457.74,452.86,452.86,452.86
1987-08-31,456.48,452.86,452.86,452.86
1987-09-01,455.96,454.37,454.37,454.37
1987-09-02,464.99,462.94,462.94,462.94
1987-09-03,466.04,463.67,463.67,463.67
1987-09-04,465.18,462.68,462.68,462.68
1987-09-07,464.06,463.73,463.73,463.73
1987-09-08,464.39,458.06,458.06,458.06
1987-09-09,458.86,456.34,456.34,456.34
1987-09-10,461.50,460.14,460.14,460.14
1987-09-11,462.97,458.49,458.49,458.49
1987-09-14,457.51,456.52,456.52,456.52
1987-09-15,458.86,458.24,458.24,458.24
1987-09-16,459.78,457.51,457.51,457.51
1987-09-17,460.76,459.23,459.23,459.23
1987-09-18,462.78,460.94,460.94,460.94
1987-09-21,460.94,459.72,459.72,459.72
1987-09-22,462.97,461.68,461.68,461.68
1987-09-23,462.85,461.56,461.56,461.56
1987-09-24,464.32,461.56,461.56,461.56
1987-09-25,462.42,459.78,459.78,459.78
1987-09-28,462.11,459.65,459.65,459.65
1987-09-29,459.96,459.72,459.72,459.72
1987-09-30,459.96,458.98,458.98,458.98
1987-10-01,455.67,453.46,453.46,453.46
1987-10-02,455.42,454.87,454.87,454.87
1987-10-05,457.02,456.83,456.83,456.83
1987-10-06,458.55,457.02,457.02,457.02
1987-10-07,459.41,457.63,457.63,457.63
1987-10-08,458.80,458.00,458.00,458.00
1987-10-09,462.60,461.37,461.37,461.37
1987-10-12,461.86,461.56,461.56,461.56
1987-10-13,461.43,458.55,458.55,458.55
1987-10-14,461.25,460.64,460.64,460.64
1987-10-15,467.32,462.35,462.35,462.35
1987-10-16,468.24,467.20,467.20,467.20
1987-10-19,489.96,479.23,479.23,479.23
1987-10-20,481.50,465.97,465.97,465.97
1987-10-21,467.45,466.89,466.89,466.89
1987-10-22,475.61,470.21,470.21,470.21
1987-10-23,474.87,473.15,473.15,473.15
1987-10-26,477.14,475.79,475.79,475.79
1987-10-27,477.51,475.24,475.24,475.24
1987-10-28,480.15,478.92,478.92,478.92
1987-10-29,480.02,470.88,470.88,470.88
1987-10-30,469.10,468.67,468.67,468.67
1987-11-02,471.00,469.47,469.47,469.47
1987-11-03,471.68,467.88,467.88,467.88
1987-11-04,468.37,465.85,465.85,465.85
1987-11-05,466.10,457.14,457.14,457.14
1987-11-06,462.17,460.14,460.14,460.14
1987-11-09,464.62,461.99,461.99,461.99
1987-11-10,462.91,460.70,460.70,460.70
1987-11-11,462.48,461.37,461.37,461.37
1987-11-12,464.32,463.09,463.09,463.09
1987-11-13,466.28,464.38,464.38,464.38
1987-11-16,462.97,461.56,461.56,461.56
1987-11-17,464.99,464.44,464.44,464.44
1987-11-18,464.99,462.91,462.91,462.91
1987-11-19,465.61,464.75,464.75,464.75
1987-11-20,470.58,469.17,469.17,469.17
1987-11-23,476.59,474.87,474.87,474.87
1987-11-24,477.39,474.81,474.81,474.81
1987-11-25,480.88,476.40,476.40,476.40
1987-11-26,477.82,477.39,477.39,477.39
1987-11-27,487.20,484.50,484.50,484.50
1987-11-30,496.10,490.46,490.46,490.46
1987-12-01,492.67,489.96,489.96,489.96
1987-12-02,492.54,487.45,487.45,487.45
1987-12-03,492.05,488.06,488.06,488.06
1987-12-04,489.54,483.28,483.28,483.28
1987-12-07,482.73,481.25,481.25,481.25
1987-12-08,484.81,483.34,483.34,483.34
1987-12-09,485.73,484.14,484.14,484.14
1987-12-10,492.85,492.11,492.11,492.11
1987-12-11,498.06,496.71,496.71,496.71
1987-12-14,498.25,498.25,498.25,498.25
1987-12-15,498.06,482.48,482.48,482.48
1987-12-16,487.45,485.67,485.67,485.67
1987-12-17,488.25,485.00,485.00,485.00
1987-12-18,484.44,479.96,479.96,479.96
1987-12-21,480.58,479.47,479.47,479.47
1987-12-22,484.56,483.40,483.40,483.40
1987-12-23,486.47,482.66,482.66,482.66
1987-12-24,486.59,485.85,485.85,485.85
1987-12-28,491.38,487.57,487.57,487.57
1987-12-29,489.66,485.98,485.98,485.98
1987-12-30,487.26,482.48,482.48,482.48
1987-12-31,487.45,485.85,485.85,485.85
1988-01-04,488.92,480.76,480.76,480.76
1988-01-05,482.97,480.76,480.76,480.76
1988-01-06,485.24,483.28,483.28,483.28
1988-01-07,484.07,481.31,481.31,481.31
1988-01-08,483.95,483.95,483.95,483.95
1988-01-11,485.67,481.87,481.87,481.87
1988-01-12,482.93,480.59,480.59,480.59
1988-01-13,482.93,480.36,480.36,480.36
1988-01-14,487.22,487.06,487.06,487.06
1988-01-15,486.05,473.96,473.96,473.96
1988-01-18,476.46,475.68,475.68,475.68
1988-01-19,478.02,477.08,477.08,477.08
1988-01-20,478.25,476.30,476.30,476.30
1988-01-21,478.64,478.41,478.41,478.41
1988-01-22,478.41,477.47,477.47,477.47
1988-01-25,477.63,469.44,469.44,469.44
1988-01-26,471.78,470.07,470.07,470.07
1988-01-27,470.85,465.78,465.78,465.78
1988-01-28,467.88,466.56,466.56,466.56
1988-01-29,467.49,454.01,454.01,454.01
1988-02-01,455.80,454.63,454.63,454.63
1988-02-02,457.75,454.01,454.01,454.01
1988-02-03,454.63,439.35,439.35,439.35
1988-02-04,445.04,445.04,445.04,445.04
1988-02-05,447.38,440.36,440.36,440.36
1988-02-08,444.26,440.13,440.13,440.13
1988-02-09,442.86,441.92,441.92,441.92
1988-02-10,444.81,440.91,440.91,440.91
1988-02-11,441.53,440.13,440.13,440.13
1988-02-12,445.59,445.43,445.43,445.43
1988-02-15,446.21,445.04,445.04,445.04
1988-02-16,445.20,444.65,444.65,444.65
1988-02-17,446.99,446.21,446.21,446.21
1988-02-18,448.55,442.70,442.70,442.70
1988-02-19,446.21,445.04,445.04,445.04
1988-02-22,446.83,444.42,444.42,444.42
1988-02-23,445.20,441.30,441.30,441.30
1988-02-24,442.31,431.94,431.94,431.94
1988-02-25,434.67,432.96,432.96,432.96
1988-02-26,434.52,429.45,429.45,429.45
1988-02-29,431.01,430.23,430.23,430.23
1988-03-01,431.55,430.77,430.77,430.77
1988-03-02,433.35,430.62,430.62,430.62
1988-03-03,431.16,427.66,427.66,427.66
1988-03-04,438.96,437.40,437.40,437.40
1988-03-07,437.40,437.25,437.25,437.25
1988-03-08,438.57,435.06,435.06,435.06
1988-03-09,437.40,436.07,436.07,436.07
1988-03-10,443.25,442.08,442.08,442.08
1988-03-11,444.42,441.14,441.14,441.14
1988-03-14,442.31,441.69,441.69,441.69
1988-03-15,446.99,446.21,446.21,446.21
1988-03-16,447.77,445.04,445.04,445.04
1988-03-17,447.61,443.64,443.64,443.64
1988-03-18,445.20,444.26,444.26,444.26
1988-03-21,451.90,448.94,448.94,448.94
1988-03-22,450.73,448.78,448.78,448.78
1988-03-23,453.07,450.89,450.89,450.89
1988-03-24,456.74,453.23,453.23,453.23
1988-03-25,454.24,452.29,452.29,452.29
1988-03-28,455.41,455.18,455.18,455.18
1988-03-29,457.36,455.02,455.02,455.02
1988-03-30,457.51,456.74,456.74,456.74
1988-03-31,459.07,453.85,453.85,453.85
1988-04-04,458.68,455.41,455.41,455.41
1988-04-05,455.80,452.06,452.06,452.06
1988-04-06,452.84,447.38,447.38,447.38
1988-04-07,450.34,449.17,449.17,449.17
1988-04-08,451.12,450.11,450.11,450.11
1988-04-11,452.06,451.12,451.12,451.12
1988-04-12,451.67,449.95,449.95,449.95
1988-04-13,450.11,446.21,446.21,446.21
1988-04-14,454.63,452.84,452.84,452.84
1988-04-15,457.75,454.79,454.79,454.79
1988-04-18,460.24,458.30,458.30,458.30
1988-04-19,458.30,456.97,456.97,456.97
1988-04-20,459.70,455.41,455.41,455.41
1988-04-21,457.51,453.85,453.85,453.85
1988-04-22,453.85,449.33,449.33,449.33
1988-04-25,450.11,446.99,446.99,446.99
1988-04-26,449.56,448.39,448.39,448.39
1988-04-27,452.06,451.12,451.12,451.12
1988-04-28,452.45,449.95,449.95,449.95
1988-04-29,449.95,449.95,449.95,449.95
1988-05-02,450.73,444.42,444.42,444.42
1988-05-03,446.21,445.20,445.20,445.20
1988-05-04,444.03,444.03,444.03,444.03
1988-05-05,445.59,444.81,444.81,444.81
1988-05-06,446.44,442.86,442.86,442.86
1988-05-09,446.99,446.60,446.60,446.60
1988-05-10,450.50,449.33,449.33,449.33
1988-05-11,450.73,449.17,449.17,449.17
1988-05-12,453.62,451.28,451.28,451.28
1988-05-13,452.06,451.12,451.12,451.12
1988-05-16,456.09,453.44,453.44,453.44
1988-05-17,456.29,453.44,453.44,453.44
1988-05-18,455.96,455.44,455.44,455.44
1988-05-19,459.33,455.70,455.70,455.70
1988-05-20,457.71,456.09,456.09,456.09
1988-05-23,460.95,460.04,460.04,460.04
1988-05-24,460.17,459.07,459.07,459.07
1988-05-25,459.91,453.44,453.44,453.44
1988-05-26,454.21,452.79,452.79,452.79
1988-05-27,453.82,450.33,450.33,450.33
1988-05-30,453.82,452.08,452.08,452.08
1988-05-31,455.44,454.41,454.41,454.41
1988-06-01,460.17,456.67,456.67,456.67
1988-06-02,466.84,466.84,466.84,466.84
1988-06-03,468.20,464.18,464.18,464.18
1988-06-06,465.09,462.69,462.69,462.69
1988-06-07,464.83,458.94,458.94,458.94
1988-06-08,459.33,455.70,455.70,455.70
1988-06-09,458.16,456.93,456.93,456.93
1988-06-10,458.68,448.84,448.84,448.84
1988-06-13,451.17,449.42,449.42,449.42
1988-06-14,451.17,450.33,450.33,450.33
1988-06-15,453.56,452.66,452.66,452.66
1988-06-16,455.05,449.68,449.68,449.68
1988-06-17,455.70,454.08,454.08,454.08
1988-06-20,455.44,450.59,450.59,450.59
1988-06-21,453.95,451.43,451.43,451.43
1988-06-22,450.33,449.42,449.42,449.42
1988-06-23,449.68,447.29,447.29,447.29
1988-06-24,447.54,442.95,442.95,442.95
1988-06-27,444.05,442.95,442.95,442.95
1988-06-28,444.69,437.19,437.19,437.19
1988-06-29,438.54,435.70,435.70,435.70
1988-06-30,437.83,434.92,434.92,434.92
1988-07-01,437.83,437.06,437.06,437.06
1988-07-04,440.03,437.19,437.19,437.19
1988-07-05,438.42,437.83,437.83,437.83
1988-07-06,439.19,438.42,438.42,438.42
1988-07-07,441.78,438.93,438.93,438.93
1988-07-08,440.03,438.42,438.42,438.42
1988-07-11,439.71,434.53,434.53,434.53
1988-07-12,437.06,436.67,436.67,436.67
1988-07-13,441.20,439.90,439.90,439.90
1988-07-14,442.04,438.29,438.29,438.29
1988-07-15,441.59,439.90,439.90,439.90
1988-07-18,438.67,437.44,437.44,437.44
1988-07-19,446.83,445.41,445.41,445.41
1988-07-20,446.44,444.18,444.18,444.18
1988-07-21,447.80,441.33,441.33,441.33
1988-07-22,443.66,442.04,442.04,442.04
1988-07-25,443.79,426.83,426.83,426.83
1988-07-26,433.56,432.07,432.07,432.07
1988-07-27,433.95,433.17,433.17,433.17
1988-07-28,434.08,431.94,431.94,431.94
1988-07-29,437.57,435.70,435.70,435.70
1988-08-01,437.44,434.34,434.34,434.34
1988-08-02,435.44,431.42,431.42,431.42
1988-08-03,434.79,433.17,433.17,433.17
1988-08-04,434.08,432.78,432.78,432.78
1988-08-05,433.56,431.68,431.68,431.68
1988-08-08,433.17,430.32,430.32,430.32
1988-08-09,431.68,427.41,427.41,427.41
1988-08-10,429.29,428.83,428.83,428.83
1988-08-11,430.19,428.83,428.83,428.83
1988-08-12,434.53,430.90,430.90,430.90
1988-08-15,433.04,432.65,432.65,432.65
1988-08-16,435.18,428.57,428.57,428.57
1988-08-17,431.03,430.45,430.45,430.45
1988-08-18,432.65,431.68,431.68,431.68
1988-08-19,432.91,431.16,431.16,431.16
1988-08-22,434.34,433.17,433.17,433.17
1988-08-23,433.82,431.94,431.94,431.94
1988-08-24,436.54,434.66,434.66,434.66
1988-08-25,436.41,432.07,432.07,432.07
1988-08-26,434.34,431.68,431.68,431.68
1988-08-29,432.46,429.42,429.42,429.42
1988-08-30,429.93,428.19,428.19,428.19
1988-08-31,431.42,430.58,430.58,430.58
1988-09-01,431.03,430.19,430.19,430.19
1988-09-02,429.93,429.29,429.29,429.29
1988-09-05,428.83,427.28,427.28,427.28
1988-09-06,429.42,426.44,426.44,426.44
1988-09-07,428.44,427.67,427.67,427.67
1988-09-08,429.55,428.44,428.44,428.44
1988-09-09,429.93,421.58,421.58,421.58
1988-09-12,422.94,420.68,420.68,420.68
1988-09-13,422.68,420.68,420.68,420.68
1988-09-14,422.94,420.68,420.68,420.68
1988-09-15,421.77,417.05,417.05,417.05
1988-09-16,418.07,411.55,411.55,411.55
1988-09-19,410.94,408.68,408.68,408.68
1988-09-20,410.89,405.14,405.14,405.14
1988-09-21,404.92,397.40,397.40,397.40
1988-09-22,400.17,398.62,398.62,398.62
1988-09-23,400.77,393.09,393.09,393.09
1988-09-26,395.63,394.47,394.47,394.47
1988-09-27,397.79,397.24,397.24,397.24
1988-09-28,399.00,397.79,397.79,397.79
1988-09-29,400.17,396.02,396.02,396.02
1988-09-30,398.01,394.03,394.03,394.03
1988-10-03,399.12,397.35,397.35,397.35
1988-10-04,399.12,397.79,397.79,397.79
1988-10-05,401.05,400.17,400.17,400.17
1988-10-06,404.75,403.37,403.37,403.37
1988-10-07,404.25,402.76,402.76,402.76
1988-10-10,409.67,408.07,408.07,408.07
1988-10-11,410.17,404.03,404.03,404.03
1988-10-12,411.44,407.62,407.62,407.62
1988-10-13,409.78,406.63,406.63,406.63
1988-10-14,410.78,408.79,408.79,408.79
1988-10-17,413.81,411.83,411.83,411.83
1988-10-18,413.70,411.83,411.83,411.83
1988-10-19,413.15,410.89,410.89,410.89
1988-10-20,412.82,412.05,412.05,412.05
1988-10-21,411.55,408.01,408.01,408.01
1988-10-24,407.13,405.64,405.64,405.64
1988-10-25,407.51,406.19,406.19,406.19
1988-10-26,408.51,408.18,408.18,408.18
1988-10-27,408.40,407.13,407.13,407.13
1988-10-28,415.69,412.16,412.16,412.16
1988-10-31,413.70,412.16,412.16,412.16
1988-11-01,412.05,411.05,411.05,411.05
1988-11-02,422.22,421.33,421.33,421.33
1988-11-03,424.70,421.06,421.06,421.06
1988-11-04,421.83,421.06,421.06,421.06
1988-11-07,422.93,422.11,422.11,422.11
1988-11-08,422.44,418.35,418.35,418.35
1988-11-09,423.10,421.83,421.83,421.83
1988-11-10,423.82,418.29,418.29,418.29
1988-11-11,421.33,420.83,420.83,420.83
1988-11-14,424.43,422.82,422.82,422.82
1988-11-15,425.81,422.82,422.82,422.82
1988-11-16,426.80,423.43,423.43,423.43
1988-11-17,424.59,422.22,422.22,422.22
1988-11-18,420.34,416.80,416.80,416.80
1988-11-21,417.90,415.31,415.31,415.31
1988-11-22,420.17,417.46,417.46,417.46
1988-11-23,420.06,419.06,419.06,419.06
1988-11-24,420.17,419.78,419.78,419.78
1988-11-25,424.81,424.10,424.10,424.10
1988-11-28,424.98,422.11,422.11,422.11
1988-11-29,423.71,421.33,421.33,421.33
1988-11-30,423.93,423.60,423.60,423.60
1988-12-01,425.81,422.93,422.93,422.93
1988-12-02,432.11,430.34,430.34,430.34
1988-12-05,430.84,428.18,428.18,428.18
1988-12-06,429.23,427.08,427.08,427.08
1988-12-07,426.86,422.22,422.22,422.22
1988-12-08,423.82,423.43,423.43,423.43
1988-12-09,422.82,422.33,422.33,422.33
1988-12-12,421.83,419.56,419.56,419.56
1988-12-13,420.72,419.29,419.29,419.29
1988-12-14,421.72,420.83,420.83,420.83
1988-12-15,421.55,412.65,412.65,412.65
1988-12-16,414.31,412.65,412.65,412.65
1988-12-19,414.81,413.93,413.93,413.93
1988-12-20,414.42,413.93,413.93,413.93
1988-12-21,415.92,414.81,414.81,414.81
1988-12-22,417.90,417.08,417.08,417.08
1988-12-23,418.35,417.90,417.90,417.90
1988-12-27,418.95,417.68,417.68,417.68
1988-12-28,416.96,412.82,412.82,412.82
1988-12-29,414.04,407.40,407.40,407.40
1988-12-30,412.27,409.39,409.39,409.39
1989-01-03,413.93,410.28,410.28,410.28
1989-01-04,411.44,408.07,408.07,408.07
1989-01-05,409.50,407.40,407.40,407.40
1989-01-06,408.56,405.30,405.30,405.30
1989-01-09,406.52,404.53,404.53,404.53
1989-01-10,406.52,403.37,403.37,403.37
1989-01-11,404.37,402.87,402.87,402.87
1989-01-12,405.14,404.14,404.14,404.14
1989-01-13,406.52,401.77,401.77,401.77
1989-01-16,402.04,401.27,401.27,401.27
1989-01-17,402.93,402.04,402.04,402.04
1989-01-18,403.87,401.55,401.55,401.55
1989-01-19,404.37,403.13,403.13,403.13
1989-01-20,407.90,407.66,407.66,407.66
1989-01-23,408.49,406.90,406.90,406.90
1989-01-24,409.60,404.90,404.90,404.90
1989-01-25,405.49,405.13,405.13,405.13
1989-01-26,406.84,402.01,402.01,402.01
1989-01-27,403.01,394.78,394.78,394.78
1989-01-30,396.01,394.19,394.19,394.19
1989-01-31,395.84,390.31,390.31,390.31
1989-02-01,394.25,391.84,391.84,391.84
1989-02-02,393.25,390.78,390.78,390.78
1989-02-03,392.13,391.13,391.13,391.13
1989-02-06,392.25,391.37,391.37,391.37
1989-02-07,392.60,389.84,389.84,389.84
1989-02-08,394.37,393.60,393.60,393.60
1989-02-09,396.01,392.90,392.90,392.90
1989-02-10,394.49,386.72,386.72,386.72
1989-02-13,387.25,384.78,384.78,384.78
1989-02-14,386.84,384.37,384.37,384.37
1989-02-15,384.66,383.37,383.37,383.37
1989-02-16,384.49,382.84,382.84,382.84
1989-02-17,383.78,379.90,379.90,379.90
1989-02-20,382.43,382.13,382.13,382.13
1989-02-21,388.43,385.43,385.43,385.43
1989-02-22,387.43,386.07,386.07,386.07
1989-02-23,391.90,390.37,390.37,390.37
1989-02-24,390.72,388.96,388.96,388.96
1989-02-27,391.84,385.90,385.90,385.90
1989-02-28,387.25,386.90,386.90,386.90
1989-03-01,386.72,383.55,383.55,383.55
1989-03-02,384.55,383.31,383.31,383.31
1989-03-03,387.13,386.13,386.13,386.13
1989-03-06,389.55,387.13,387.13,387.13
1989-03-07,392.90,392.66,392.66,392.66
1989-03-08,395.60,392.19,392.19,392.19
1989-03-09,394.72,394.07,394.07,394.07
1989-03-10,397.37,393.43,393.43,393.43
1989-03-13,394.01,393.25,393.25,393.25
1989-03-14,397.01,395.01,395.01,395.01
1989-03-15,395.43,390.72,390.72,390.72
1989-03-16,391.13,388.60,388.60,388.60
1989-03-17,394.19,392.37,392.37,392.37
1989-03-20,396.43,394.90,394.90,394.90
1989-03-21,395.78,393.13,393.13,393.13
1989-03-22,394.43,393.43,393.43,393.43
1989-03-23,396.01,391.49,391.49,391.49
1989-03-27,391.90,389.96,389.96,389.96
1989-03-28,391.66,381.96,381.96,381.96
1989-03-29,383.90,381.37,381.37,381.37
1989-03-30,384.72,380.25,380.25,380.25
1989-03-31,384.78,384.66,384.66,384.66
1989-04-03,386.07,385.49,385.49,385.49
1989-04-04,387.49,385.72,385.72,385.72
1989-04-05,385.31,383.43,383.43,383.43
1989-04-06,384.60,383.60,383.60,383.60
1989-04-07,384.72,382.66,382.66,382.66
1989-04-10,386.31,385.31,385.31,385.31
1989-04-11,385.72,384.60,384.60,384.60
1989-04-12,388.43,386.72,386.72,386.72
1989-04-13,391.49,389.31,389.31,389.31
1989-04-14,389.96,384.72,384.72,384.72
1989-04-17,385.66,384.96,384.96,384.96
1989-04-18,385.72,382.90,382.90,382.90
1989-04-19,384.55,382.43,382.43,382.43
1989-04-20,385.25,385.13,385.13,385.13
1989-04-21,385.72,383.96,383.96,383.96
1989-04-24,387.43,386.43,386.43,386.43
1989-04-25,386.60,384.60,384.60,384.60
1989-04-26,384.96,383.90,383.90,383.90
1989-04-27,385.13,381.96,381.96,381.96
1989-04-28,382.37,377.72,377.72,377.72
1989-05-01,378.37,377.72,377.72,377.72
1989-05-02,377.90,377.07,377.07,377.07
1989-05-03,379.66,377.72,377.72,377.72
1989-05-04,378.90,376.72,376.72,376.72
1989-05-05,377.90,376.96,376.96,376.96
1989-05-08,378.96,375.37,375.37,375.37
1989-05-09,378.25,377.90,377.90,377.90
1989-05-10,379.07,376.19,376.19,376.19
1989-05-11,379.90,379.31,379.31,379.31
1989-05-12,380.07,375.96,375.96,375.96
1989-05-15,376.19,374.07,374.07,374.07
1989-05-16,375.25,373.60,373.60,373.60
1989-05-17,374.19,371.66,371.66,371.66
1989-05-18,371.72,368.19,368.19,368.19
1989-05-19,368.96,364.37,364.37,364.37
1989-05-22,363.37,361.49,361.49,361.49
1989-05-23,365.25,361.78,361.78,361.78
1989-05-24,363.92,361.94,361.94,361.94
1989-05-25,365.75,365.75,365.75,365.75
1989-05-26,367.69,363.96,363.96,363.96
1989-05-29,363.25,362.69,362.69,362.69
1989-05-30,364.88,363.17,363.17,363.17
1989-05-31,364.56,361.23,361.23,361.23
1989-06-01,362.46,362.10,362.10,362.10
1989-06-02,367.45,367.18,367.18,367.18
1989-06-05,368.96,365.35,365.35,365.35
1989-06-06,378.16,377.17,377.17,377.17
1989-06-07,377.96,374.36,374.36,374.36
1989-06-08,375.47,372.73,372.73,372.73
1989-06-09,373.44,356.98,356.98,356.98
1989-06-12,361.86,360.75,360.75,360.75
1989-06-13,363.25,362.06,362.06,362.06
1989-06-14,363.17,361.66,361.66,361.66
1989-06-15,367.65,366.26,366.26,366.26
1989-06-16,367.45,364.32,364.32,364.32
1989-06-19,366.86,366.03,366.03,366.03
1989-06-20,368.76,364.88,364.88,364.88
1989-06-21,371.26,370.94,370.94,370.94
1989-06-22,371.86,369.71,369.71,369.71
1989-06-23,379.95,376.97,376.97,376.97
1989-06-26,376.65,374.08,374.08,374.08
1989-06-27,377.05,375.66,375.66,375.66
1989-06-28,377.05,374.95,374.95,374.95
1989-06-29,378.68,369.95,369.95,369.95
1989-06-30,375.07,373.44,373.44,373.44
1989-07-03,377.37,376.97,376.97,376.97
1989-07-04,378.56,376.46,376.46,376.46
1989-07-05,386.45,384.27,384.27,384.27
1989-07-06,386.25,384.47,384.47,384.47
1989-07-07,385.54,381.57,381.57,381.57
1989-07-10,383.87,382.72,382.72,382.72
1989-07-11,382.05,379.47,379.47,379.47
1989-07-12,380.15,377.05,377.05,377.05
1989-07-13,378.88,375.07,375.07,375.07
1989-07-14,376.97,370.07,370.07,370.07
1989-07-17,372.17,370.27,370.27,370.27
1989-07-18,372.97,372.05,372.05,372.05
1989-07-19,372.17,367.97,367.97,367.97
1989-07-20,373.36,370.71,370.71,370.71
1989-07-21,373.72,371.70,371.70,371.70
1989-07-24,373.76,372.45,372.45,372.45
1989-07-25,373.72,372.77,372.77,372.77
1989-07-26,375.27,374.16,374.16,374.16
1989-07-27,375.07,372.53,372.53,372.53
1989-07-28,380.23,366.30,366.30,366.30
1989-07-31,370.07,370.07,370.07,370.07
1989-08-01,370.47,369.99,369.99,369.99
1989-08-02,370.71,369.36,369.36,369.36
1989-08-03,374.04,373.09,373.09,373.09
1989-08-04,372.29,367.33,367.33,367.33
1989-08-07,368.21,366.06,366.06,366.06
1989-08-08,366.78,365.83,365.83,365.83
1989-08-09,366.38,365.75,365.75,365.75
1989-08-10,366.78,365.75,365.75,365.75
1989-08-11,365.83,363.29,363.29,363.29
1989-08-14,365.83,364.88,364.88,364.88
1989-08-15,369.44,368.64,368.64,368.64
1989-08-16,369.60,366.30,366.30,366.30
1989-08-17,367.57,365.83,365.83,365.83
1989-08-18,367.10,365.83,365.83,365.83
1989-08-21,366.78,366.38,366.38,366.38
1989-08-22,367.25,366.38,366.38,366.38
1989-08-23,367.25,363.61,363.61,363.61
1989-08-24,364.48,362.26,362.26,362.26
1989-08-25,362.73,359.00,359.00,359.00
1989-08-28,360.19,358.77,358.77,358.77
1989-08-29,364.24,362.10,362.10,362.10
1989-08-30,362.50,360.04,360.04,360.04
1989-08-31,360.35,358.29,358.29,358.29
1989-09-01,359.40,359.00,359.00,359.00
1989-09-04,359.00,358.93,358.93,358.93
1989-09-05,359.40,358.13,358.13,358.13
1989-09-06,360.75,360.51,360.51,360.51
1989-09-07,360.04,359.40,359.40,359.40
1989-09-08,359.88,358.29,358.29,358.29
1989-09-11,359.72,357.97,357.97,357.97
1989-09-12,359.16,358.29,358.29,358.29
1989-09-13,358.93,358.45,358.45,358.45
1989-09-14,362.10,359.16,359.16,359.16
1989-09-15,363.29,362.34,362.34,362.34
1989-09-18,361.38,360.19,360.19,360.19
1989-09-19,361.15,359.72,359.72,359.72
1989-09-20,366.38,363.37,363.37,363.37
1989-09-21,364.16,363.92,363.92,363.92
1989-09-22,366.38,364.16,364.16,364.16
1989-09-25,368.88,368.21,368.21,368.21
1989-09-26,368.76,366.79,366.79,366.79
1989-09-27,370.32,365.73,365.73,365.73
1989-09-28,367.29,366.38,366.38,366.38
1989-09-29,369.17,366.14,366.14,366.14
1989-10-02,366.71,366.30,366.30,366.30
1989-10-03,366.55,365.56,365.56,365.56
1989-10-04,366.47,365.81,365.81,365.81
1989-10-05,367.69,362.70,362.70,362.70
1989-10-06,363.93,363.02,363.02,363.02
1989-10-09,363.93,362.29,362.29,362.29
1989-10-10,362.70,360.65,360.65,360.65
1989-10-11,362.04,361.63,361.63,361.63
1989-10-12,363.52,362.78,362.78,362.78
1989-10-13,364.09,362.78,362.78,362.78
1989-10-16,369.36,366.90,366.90,366.90
1989-10-17,368.06,366.83,366.83,366.83
1989-10-18,369.08,368.18,368.18,368.18
1989-10-19,369.54,366.59,366.59,366.59
1989-10-20,367.10,366.69,366.69,366.69
1989-10-23,367.02,366.21,366.21,366.21
1989-10-24,369.54,369.38,369.38,369.38
1989-10-25,369.35,368.44,368.44,368.44
1989-10-26,372.43,371.15,371.15,371.15
1989-10-27,377.78,377.50,377.50,377.50
1989-10-30,379.20,377.10,377.10,377.10
1989-10-31,376.74,373.90,373.90,373.90
1989-11-01,375.30,373.15,373.15,373.15
1989-11-02,381.10,378.70,378.70,378.70
1989-11-03,382.55,377.85,377.85,377.85
1989-11-06,381.20,380.80,380.80,380.80
1989-11-07,385.75,385.00,385.00,385.00
1989-11-08,389.60,389.00,389.00,389.00
1989-11-09,389.55,386.45,386.45,386.45
1989-11-10,388.25,385.95,385.95,385.95
1989-11-13,395.05,390.50,390.50,390.50
1989-11-14,393.75,392.55,392.55,392.55
1989-11-15,393.85,390.05,390.05,390.05
1989-11-16,394.25,391.95,391.95,391.95
1989-11-17,395.00,394.60,394.60,394.60
1989-11-20,399.05,398.45,398.45,398.45
1989-11-21,405.65,403.50,403.50,403.50
1989-11-22,411.65,410.00,410.00,410.00
1989-11-23,413.25,412.00,412.00,412.00
1989-11-24,419.90,419.05,419.05,419.05
1989-11-27,421.25,414.25,414.25,414.25
1989-11-28,415.95,413.00,413.00,413.00
1989-11-29,413.25,407.75,407.75,407.75
1989-11-30,413.30,411.70,411.70,411.70
1989-12-01,415.95,413.75,413.75,413.75
1989-12-04,414.35,400.50,400.50,400.50
1989-12-05,405.65,403.85,403.85,403.85
1989-12-06,406.05,405.25,405.25,405.25
1989-12-07,411.15,409.65,409.65,409.65
1989-12-08,415.35,412.25,412.25,412.25
1989-12-11,419.05,417.25,417.25,417.25
1989-12-12,419.35,417.55,417.55,417.55
1989-12-13,418.25,405.25,405.25,405.25
1989-12-14,409.95,408.65,408.65,408.65
1989-12-15,415.85,413.35,413.35,413.35
1989-12-18,414.85,412.65,412.65,412.65
1989-12-19,415.25,412.75,412.75,412.75
1989-12-20,414.75,413.55,413.55,413.55
1989-12-21,414.75,412.00,412.00,412.00
1989-12-22,414.15,414.15,414.15,414.15
1989-12-25,414.70,413.50,413.50,413.50
1989-12-26,413.30,407.00,407.00,407.00
1989-12-27,410.16,400.75,400.75,400.75
1989-12-28,403.05,399.75,399.75,399.75
1989-12-29,404.85,403.05,403.05,403.05
1990-01-02,403.85,399.45,399.45,399.45
1990-01-03,399.60,394.75,394.75,394.75
1990-01-04,399.45,399.05,399.05,399.05
1990-01-05,407.45,406.35,406.35,406.35
1990-01-08,405.75,402.10,402.10,402.10
1990-01-09,406.45,405.75,405.75,405.75
1990-01-10,413.45,411.45,411.45,411.45
1990-01-11,413.45,413.45,413.45,413.45
1990-01-12,418.68,415.38,415.38,415.38
1990-01-15,418.40,415.45,415.45,415.45
1990-01-16,415.85,409.25,409.25,409.25
1990-01-17,414.25,413.45,413.45,413.45
1990-01-18,415.50,410.90,410.90,410.90
1990-01-19,412.15,410.15,410.15,410.15
1990-01-22,410.95,408.65,408.65,408.65
1990-01-23,414.65,413.20,413.20,413.20
1990-01-24,424.75,417.65,417.65,417.65
1990-01-25,418.77,418.12,418.12,418.12
1990-01-26,421.25,420.25,420.25,420.25
1990-01-29,422.75,419.00,419.00,419.00
1990-01-30,421.50,418.85,418.85,418.85
1990-01-31,419.25,411.70,411.70,411.70
1990-02-01,418.45,417.90,417.90,417.90
1990-02-02,419.29,418.35,418.35,418.35
1990-02-05,424.75,422.95,422.95,422.95
1990-02-06,424.50,421.50,421.50,421.50
1990-02-07,424.60,417.80,417.80,417.80
1990-02-08,419.80,418.90,418.90,418.90
1990-02-09,419.35,416.00,416.00,416.00
1990-02-12,420.45,419.55,419.55,419.55
1990-02-13,421.50,418.05,418.05,418.05
1990-02-14,418.70,416.80,416.80,416.80
1990-02-15,418.05,413.55,413.55,413.55
1990-02-16,418.25,417.50,417.50,417.50
1990-02-19,418.00,416.60,416.60,416.60
1990-02-20,421.45,419.35,419.35,419.35
1990-02-21,423.15,417.55,417.55,417.55
1990-02-22,419.45,416.75,416.75,416.75
1990-02-23,417.95,415.15,415.15,415.15
1990-02-26,415.10,408.55,408.55,408.55
1990-02-27,409.75,408.65,408.65,408.65
1990-02-28,409.75,406.75,406.75,406.75
1990-03-01,408.85,406.95,406.95,406.95
1990-03-02,407.51,403.50,403.50,403.50
1990-03-05,405.45,404.55,404.55,404.55
1990-03-06,407.25,404.00,404.00,404.00
1990-03-07,404.05,401.55,401.55,401.55
1990-03-08,402.30,400.10,400.10,400.10
1990-03-09,400.90,400.05,400.05,400.05
1990-03-12,402.05,399.15,399.15,399.15
1990-03-13,400.05,398.95,398.95,398.95
1990-03-14,400.15,398.25,398.25,398.25
1990-03-15,400.75,398.50,398.50,398.50
1990-03-16,401.65,399.95,399.95,399.95
1990-03-19,403.15,401.25,401.25,401.25
1990-03-20,402.15,393.25,393.25,393.25
1990-03-21,394.25,391.65,391.65,391.65
1990-03-22,394.45,394.25,394.25,394.25
1990-03-23,394.55,389.15,389.15,389.15
1990-03-26,389.48,368.62,368.62,368.62
1990-03-27,375.15,367.75,367.75,367.75
1990-03-28,376.25,369.35,369.35,369.35
1990-03-29,373.95,371.55,371.55,371.55
1990-03-30,373.15,370.45,370.45,370.45
1990-04-02,370.55,370.55,370.55,370.55
1990-04-03,381.05,375.25,375.25,375.25
1990-04-04,378.15,377.25,377.25,377.25
1990-04-05,379.50,375.55,375.55,375.55
1990-04-06,381.25,380.75,380.75,380.75
1990-04-09,382.20,375.95,375.95,375.95
1990-04-10,376.35,375.75,375.75,375.75
1990-04-11,376.05,375.00,375.00,375.00
1990-04-12,376.15,375.85,375.85,375.85
1990-04-13,375.85,375.85,375.85,375.85
1990-04-16,375.95,374.85,374.85,374.85
1990-04-17,375.95,374.75,374.75,374.75
1990-04-18,377.20,376.40,376.40,376.40
1990-04-19,378.00,377.50,377.50,377.50
1990-04-20,377.75,376.25,376.25,376.25
1990-04-23,379.85,378.70,378.70,378.70
1990-04-24,379.00,375.85,375.85,375.85
1990-04-25,376.00,371.60,371.60,371.60
1990-04-26,373.65,370.85,370.85,370.85
1990-04-27,372.35,371.50,371.50,371.50
1990-04-30,371.75,368.90,368.90,368.90
1990-05-01,371.60,370.25,370.25,370.25
1990-05-02,371.15,369.95,369.95,369.95
1990-05-03,372.85,371.55,371.55,371.55
1990-05-04,372.95,371.35,371.35,371.35
1990-05-07,372.75,372.05,372.05,372.05
1990-05-08,374.15,370.50,370.50,370.50
1990-05-09,372.25,371.35,371.35,371.35
1990-05-10,372.70,370.90,370.90,370.90
1990-05-11,372.45,368.95,368.95,368.95
1990-05-14,370.70,368.20,368.20,368.20
1990-05-15,372.45,370.15,370.15,370.15
1990-05-16,371.35,369.25,369.25,369.25
1990-05-17,370.30,369.30,369.30,369.30
1990-05-18,375.55,373.25,373.25,373.25
1990-05-21,374.45,372.80,372.80,372.80
1990-05-22,376.65,374.75,374.75,374.75
1990-05-23,377.65,364.85,364.85,364.85
1990-05-24,374.85,366.75,366.75,366.75
1990-05-25,368.95,367.85,367.85,367.85
1990-05-28,368.00,367.50,367.50,367.50
1990-05-29,369.25,366.75,366.75,366.75
1990-05-30,367.80,364.70,364.70,364.70
1990-05-31,364.90,363.90,363.90,363.90
1990-06-01,364.55,359.00,359.00,359.00
1990-06-04,359.60,357.80,357.80,357.80
1990-06-05,360.20,359.20,359.20,359.20
1990-06-06,361.00,357.05,357.05,357.05
1990-06-07,357.50,354.00,354.00,354.00
1990-06-08,355.65,355.25,355.25,355.25
1990-06-11,355.75,355.35,355.35,355.35
1990-06-12,357.10,354.75,354.75,354.75
1990-06-13,354.85,353.55,353.55,353.55
1990-06-14,351.95,349.15,349.15,349.15
1990-06-15,348.15,345.55,345.55,345.55
1990-06-18,350.05,348.75,348.75,348.75
1990-06-19,349.60,348.20,348.20,348.20
1990-06-20,351.75,349.75,349.75,349.75
1990-06-21,351.00,350.05,350.05,350.05
1990-06-22,350.85,349.75,349.75,349.75
1990-06-25,354.25,353.35,353.35,353.35
1990-06-26,353.85,350.30,350.30,350.30
1990-06-27,353.75,350.25,350.25,350.25
1990-06-28,353.20,351.10,351.10,351.10
1990-06-29,358.25,357.05,357.05,357.05
1990-07-02,359.25,358.10,358.10,358.10
1990-07-03,362.95,361.50,361.50,361.50
1990-07-04,363.05,362.55,362.55,362.55
1990-07-05,362.75,360.75,360.75,360.75
1990-07-06,362.15,360.40,360.40,360.40
1990-07-09,361.20,357.80,357.80,357.80
1990-07-10,359.55,355.00,355.00,355.00
1990-07-11,355.25,353.35,353.35,353.35
1990-07-12,359.05,357.95,357.95,357.95
1990-07-13,367.55,364.25,364.25,364.25
1990-07-16,363.95,362.75,362.75,362.75
1990-07-17,363.87,361.25,361.25,361.25
1990-07-18,363.35,361.30,361.30,361.30
1990-07-19,363.87,360.65,360.65,360.65
1990-07-20,363.05,361.15,361.15,361.15
1990-07-23,370.50,368.60,368.60,368.60
1990-07-24,370.05,367.30,367.30,367.30
1990-07-25,374.55,371.45,371.45,371.45
1990-07-26,374.25,368.95,368.95,368.95
1990-07-27,372.75,367.50,367.50,367.50
1990-07-30,369.15,367.95,367.95,367.95
1990-07-31,373.55,370.75,370.75,370.75
1990-08-01,375.65,373.25,373.25,373.25
1990-08-02,387.25,377.45,377.45,377.45
1990-08-03,382.15,377.75,377.75,377.75
1990-08-06,385.25,384.75,384.75,384.75
1990-08-07,387.60,386.50,386.50,386.50
1990-08-08,387.25,382.95,382.95,382.95
1990-08-09,387.25,385.75,385.75,385.75
1990-08-10,396.95,396.75,396.75,396.75
1990-08-13,406.25,404.25,404.25,404.25
1990-08-14,416.38,404.68,404.68,404.68
1990-08-15,408.65,402.75,402.75,402.75
1990-08-16,410.38,410.38,410.38,410.38
1990-08-17,415.12,409.48,409.48,409.48
1990-08-20,414.25,409.75,409.75,409.75
1990-08-21,415.95,407.00,407.00,407.00
1990-08-22,414.27,413.62,413.62,413.62
1990-08-23,417.00,411.45,411.45,411.45
1990-08-24,414.75,411.95,411.95,411.95
1990-08-27,414.25,390.25,390.25,390.25
1990-08-28,394.50,383.00,383.00,383.00
1990-08-29,391.25,387.50,387.50,387.50
1990-08-30,390.95,389.25,389.25,389.25
1990-08-31,390.05,383.00,383.00,383.00
1990-09-03,389.05,386.85,386.85,386.85
1990-09-04,389.95,384.50,384.50,384.50
1990-09-05,389.95,388.75,388.75,388.75
1990-09-06,391.00,390.25,390.25,390.25
1990-09-07,391.36,390.05,390.05,390.05
1990-09-10,388.80,379.60,379.60,379.60
1990-09-11,383.45,380.85,380.85,380.85
1990-09-12,384.20,382.65,382.65,382.65
1990-09-13,385.10,383.75,383.75,383.75
1990-09-14,388.75,385.35,385.35,385.35
1990-09-17,391.05,390.75,390.75,390.75
1990-09-18,394.55,388.85,388.85,388.85
1990-09-19,388.80,385.85,385.85,385.85
1990-09-20,389.75,389.75,389.75,389.75
1990-09-21,393.85,389.25,389.25,389.25
1990-09-24,404.07,403.62,403.62,403.62
1990-09-25,408.50,401.40,401.40,401.40
1990-09-26,408.48,407.38,407.38,407.38
1990-09-27,407.75,405.25,405.25,405.25
1990-09-28,409.25,403.15,403.15,403.15
1990-10-01,404.25,388.55,388.55,388.55
1990-10-02,390.25,389.05,389.05,389.05
1990-10-03,395.48,394.62,394.62,394.62
1990-10-04,399.30,393.25,393.25,393.25
1990-10-05,396.75,394.25,394.25,394.25
1990-10-08,396.85,394.00,394.00,394.00
1990-10-09,398.40,390.50,390.50,390.50
1990-10-10,394.38,388.88,388.88,388.88
1990-10-11,392.05,391.15,391.15,391.15
1990-10-12,391.35,388.25,388.25,388.25
1990-10-15,388.25,375.75,375.75,375.75
1990-10-16,376.75,362.35,362.35,362.35
1990-10-17,368.05,366.55,366.55,366.55
1990-10-18,371.38,371.38,371.38,371.38
1990-10-19,376.00,372.95,372.95,372.95
1990-10-22,375.35,369.75,369.75,369.75
1990-10-23,373.75,370.95,370.95,370.95
1990-10-24,374.55,373.75,373.75,373.75
1990-10-25,377.45,376.45,376.45,376.45
1990-10-26,378.50,371.25,371.25,371.25
1990-10-29,374.55,374.30,374.30,374.30
1990-10-30,380.65,378.75,378.75,378.75
1990-10-31,382.55,380.20,380.20,380.20
1990-11-01,383.85,381.55,381.55,381.55
1990-11-02,381.75,376.50,376.50,376.50
1990-11-05,388.05,378.95,378.95,378.95
1990-11-06,386.25,385.35,385.35,385.35
1990-11-07,389.55,386.60,386.60,386.60
1990-11-08,388.00,387.25,387.25,387.25
1990-11-09,388.80,384.65,384.65,384.65
1990-11-12,385.00,381.60,381.60,381.60
1990-11-13,386.15,385.25,385.25,385.25
1990-11-14,385.85,377.45,377.45,377.45
1990-11-15,380.05,379.05,379.05,379.05
1990-11-16,380.70,379.15,379.15,379.15
1990-11-19,383.40,381.75,381.75,381.75
1990-11-20,382.05,377.75,377.75,377.75
1990-11-21,381.25,379.35,379.35,379.35
1990-11-22,381.25,380.25,380.25,380.25
1990-11-23,384.85,384.15,384.15,384.15
1990-11-26,388.45,386.45,386.45,386.45
1990-11-27,386.65,385.15,385.15,385.15
1990-11-28,387.85,384.95,384.95,384.95
1990-11-29,389.75,387.35,387.35,387.35
1990-11-30,389.35,382.25,382.25,382.25
1990-12-03,382.65,375.55,375.55,375.55
1990-12-04,380.95,376.05,376.05,376.05
1990-12-05,378.95,373.20,373.20,373.20
1990-12-06,374.45,371.35,371.35,371.35
1990-12-07,372.60,369.55,369.55,369.55
1990-12-10,375.45,373.25,373.25,373.25
1990-12-11,375.05,372.25,372.25,372.25
1990-12-12,373.50,371.75,371.75,371.75
1990-12-13,374.05,373.30,373.30,373.30
1990-12-14,376.85,376.05,376.05,376.05
1990-12-17,377.95,376.75,376.75,376.75
1990-12-18,378.45,376.10,376.10,376.10
1990-12-19,385.05,384.25,384.25,384.25
1990-12-20,388.05,383.65,383.65,383.65
1990-12-21,384.85,381.45,381.45,381.45
1990-12-24,385.00,383.50,383.50,383.50
1990-12-25,390.75,390.00,390.00,390.00
1990-12-26,386.25,384.25,384.25,384.25
1990-12-27,385.35,384.85,384.85,384.85
1990-12-28,394.05,393.00,393.00,393.00
1990-12-31,394.00,393.00,393.00,393.00
1991-01-02,393.75,388.65,388.65,388.65
1991-01-03,389.05,386.75,386.75,386.75
1991-01-04,388.95,385.30,385.30,385.30
1991-01-07,394.65,393.10,393.10,393.10
1991-01-08,394.35,390.75,390.75,390.75
1991-01-09,392.75,391.75,391.75,391.75
1991-01-10,391.90,389.65,389.65,389.65
1991-01-11,394.08,391.50,391.50,391.50
1991-01-14,400.45,398.75,398.75,398.75
1991-01-15,401.55,399.00,399.00,399.00
1991-01-16,405.18,403.38,403.38,403.38
1991-01-17,403.20,374.00,374.00,374.00
1991-01-18,386.50,374.10,374.10,374.10
1991-01-21,380.25,379.35,379.35,379.35
1991-01-22,381.95,380.75,380.75,380.75
1991-01-23,382.55,378.25,378.25,378.25
1991-01-24,378.40,372.90,372.90,372.90
1991-01-25,377.35,375.85,375.85,375.85
1991-01-28,378.35,376.60,376.60,376.60
1991-01-29,378.15,376.35,376.35,376.35
1991-01-30,376.45,367.95,367.95,367.95
1991-01-31,370.65,366.35,366.35,366.35
1991-02-01,369.75,365.55,365.55,365.55
1991-02-04,371.15,368.35,368.35,368.35
1991-02-05,368.95,365.85,365.85,365.85
1991-02-06,365.65,362.35,362.35,362.35
1991-02-07,369.65,367.25,367.25,367.25
1991-02-08,371.05,369.55,369.55,369.55
1991-02-11,369.60,366.25,366.25,366.25
1991-02-12,370.45,367.00,367.00,367.00
1991-02-13,368.25,367.05,367.05,367.05
1991-02-14,369.35,367.95,367.95,367.95
1991-02-15,368.25,363.75,363.75,363.75
1991-02-18,365.00,363.95,363.95,363.95
1991-02-19,365.15,363.65,363.65,363.65
1991-02-20,365.55,363.90,363.90,363.90
1991-02-21,364.75,361.55,361.55,361.55
1991-02-22,361.55,357.00,357.00,357.00
1991-02-25,359.55,359.25,359.25,359.25
1991-02-26,361.05,358.25,358.25,358.25
1991-02-27,362.15,361.10,361.10,361.10
1991-02-28,368.35,366.15,366.15,366.15
1991-03-01,368.45,366.85,366.85,366.85
1991-03-04,368.25,367.05,367.05,367.05
1991-03-05,367.85,364.00,364.00,364.00
1991-03-06,369.85,366.50,366.50,366.50
1991-03-07,367.95,366.95,366.95,366.95
1991-03-08,371.15,369.00,369.00,369.00
1991-03-11,370.40,365.10,365.10,365.10
1991-03-12,365.95,364.90,364.90,364.90
1991-03-13,367.95,366.85,366.85,366.85
1991-03-14,367.25,364.95,364.95,364.95
1991-03-15,367.00,364.45,364.45,364.45
1991-03-18,366.55,362.35,362.35,362.35
1991-03-19,366.35,363.35,363.35,363.35
1991-03-20,365.55,362.45,362.45,362.45
1991-03-21,364.25,362.05,362.05,362.05
1991-03-22,364.25,362.55,362.55,362.55
1991-03-25,363.05,358.65,358.65,358.65
1991-03-26,359.15,356.95,356.95,356.95
1991-03-27,358.05,355.25,355.25,355.25
1991-03-28,357.05,356.55,356.55,356.55
1991-03-29,356.25,355.60,355.60,355.60
1991-04-01,359.25,359.00,359.00,359.00
1991-04-02,359.25,357.45,357.45,357.45
1991-04-03,360.05,359.40,359.40,359.40
1991-04-04,359.90,358.50,358.50,358.50
1991-04-05,360.05,359.05,359.05,359.05
1991-04-08,361.75,360.85,360.85,360.85
1991-04-09,365.45,364.15,364.15,364.15
1991-04-10,364.75,363.45,363.45,363.45
1991-04-11,363.00,362.05,362.05,362.05
1991-04-12,362.85,359.95,359.95,359.95
1991-04-15,362.25,360.55,360.55,360.55
1991-04-16,361.85,360.10,360.10,360.10
1991-04-17,362.25,360.95,360.95,360.95
1991-04-18,362.00,357.60,357.60,357.60
1991-04-19,357.65,356.65,356.65,356.65
1991-04-22,357.95,357.25,357.25,357.25
1991-04-23,357.95,356.60,356.60,356.60
1991-04-24,357.25,355.95,355.95,355.95
1991-04-25,357.00,353.95,353.95,353.95
1991-04-26,355.00,353.85,353.85,353.85
1991-04-29,354.35,352.25,352.25,352.25
1991-04-30,359.45,356.60,356.60,356.60
1991-05-01,358.55,356.00,356.00,356.00
1991-05-02,356.45,355.10,355.10,355.10
1991-05-03,357.25,353.85,353.85,353.85
1991-05-06,355.60,355.25,355.25,355.25
1991-05-07,357.85,356.65,356.65,356.65
1991-05-08,357.90,357.30,357.30,357.30
1991-05-09,358.25,358.25,358.25,358.25
1991-05-10,358.05,356.85,356.85,356.85
1991-05-13,360.08,358.25,358.25,358.25
1991-05-14,360.45,359.40,359.40,359.40
1991-05-15,361.55,359.45,359.45,359.45
1991-05-16,360.35,356.15,356.15,356.15
1991-05-17,356.40,354.75,354.75,354.75
1991-05-20,357.55,356.65,356.65,356.65
1991-05-21,357.25,356.75,356.75,356.75
1991-05-22,358.45,355.65,355.65,355.65
1991-05-23,356.25,354.95,354.95,354.95
1991-05-24,356.79,356.25,356.25,356.25
1991-05-27,357.50,356.60,356.60,356.60
1991-05-28,364.55,363.25,363.25,363.25
1991-05-29,363.15,360.45,360.45,360.45
1991-05-30,364.45,362.70,362.70,362.70
1991-05-31,363.25,361.50,361.50,361.50
1991-06-03,364.25,362.50,362.50,362.50
1991-06-04,363.35,362.05,362.05,362.05
1991-06-05,363.25,362.45,362.45,362.45
1991-06-06,365.65,365.45,365.45,365.45
1991-06-07,368.15,366.25,366.25,366.25
1991-06-10,373.97,372.95,372.95,372.95
1991-06-11,373.35,370.50,370.50,370.50
1991-06-12,372.95,369.90,369.90,369.90
1991-06-13,370.85,369.35,369.35,369.35
1991-06-14,369.95,366.50,366.50,366.50
1991-06-17,368.20,367.75,367.75,367.75
1991-06-18,372.25,367.75,367.75,367.75
1991-06-19,368.85,368.15,368.15,368.15
1991-06-20,370.20,368.20,368.20,368.20
1991-06-21,368.35,366.95,366.95,366.95
1991-06-24,366.25,363.55,363.55,363.55
1991-06-25,365.45,364.50,364.50,364.50
1991-06-26,367.75,366.10,366.10,366.10
1991-06-27,366.75,366.00,366.00,366.00
1991-06-28,371.15,368.25,368.25,368.25
1991-07-01,370.45,368.25,368.25,368.25
1991-07-02,368.35,367.80,367.80,367.80
1991-07-03,370.75,369.75,369.75,369.75
1991-07-04,370.60,369.75,369.75,369.75
1991-07-05,371.45,370.25,370.25,370.25
1991-07-08,371.95,370.25,370.25,370.25
1991-07-09,370.55,369.25,369.25,369.25
1991-07-10,371.85,369.65,369.65,369.65
1991-07-11,370.00,367.50,367.50,367.50
1991-07-12,369.65,368.50,368.50,368.50
1991-07-15,369.85,369.55,369.55,369.55
1991-07-16,369.30,368.90,368.90,368.90
1991-07-17,369.90,369.55,369.55,369.55
1991-07-18,372.15,369.15,369.15,369.15
1991-07-19,371.00,370.60,370.60,370.60
1991-07-22,371.29,367.40,367.40,367.40
1991-07-23,368.80,367.50,367.50,367.50
1991-07-24,368.35,364.55,364.55,364.55
1991-07-25,366.90,364.55,364.55,364.55
1991-07-26,366.55,366.25,366.25,366.25
1991-07-29,366.85,364.15,364.15,364.15
1991-07-30,364.75,363.75,363.75,363.75
1991-07-31,364.75,363.95,363.95,363.95
1991-08-01,365.55,363.55,363.55,363.55
1991-08-02,363.75,356.35,356.35,356.35
1991-08-05,357.35,356.30,356.30,356.30
1991-08-06,357.95,357.25,357.25,357.25
1991-08-07,358.15,356.95,356.95,356.95
1991-08-08,358.60,356.70,356.70,356.70
1991-08-09,359.35,358.75,358.75,358.75
1991-08-12,358.95,357.50,357.50,357.50
1991-08-13,358.30,356.80,356.80,356.80
1991-08-14,359.05,357.85,357.85,357.85
1991-08-15,360.60,357.30,357.30,357.30
1991-08-16,358.75,358.00,358.00,358.00
1991-08-19,362.30,358.90,358.90,358.90
1991-08-20,359.25,356.20,356.20,356.20
1991-08-21,357.55,355.95,355.95,355.95
1991-08-22,357.75,354.55,354.55,354.55
1991-08-23,355.25,353.85,353.85,353.85
1991-08-26,355.75,355.25,355.25,355.25
1991-08-27,355.75,354.50,354.50,354.50
1991-08-28,356.90,354.50,354.50,354.50
1991-08-29,355.15,351.45,351.45,351.45
1991-08-30,351.65,348.55,348.55,348.55
1991-09-02,348.90,348.00,348.00,348.00
1991-09-03,350.35,348.25,348.25,348.25
1991-09-04,349.60,349.05,349.05,349.05
1991-09-05,349.11,346.85,346.85,346.85
1991-09-06,349.55,349.15,349.15,349.15
1991-09-09,352.45,350.90,350.90,350.90
1991-09-10,352.25,349.75,349.75,349.75
1991-09-11,350.25,345.45,345.45,345.45
1991-09-12,346.25,344.25,344.25,344.25
1991-09-13,345.35,344.45,344.45,344.45
1991-09-16,346.35,344.55,344.55,344.55
1991-09-17,347.45,346.70,346.70,346.70
1991-09-18,349.05,348.25,348.25,348.25
1991-09-19,350.85,348.45,348.45,348.45
1991-09-20,349.05,348.55,348.55,348.55
1991-09-23,351.00,351.00,351.00,351.00
1991-09-24,354.55,353.75,353.75,353.75
1991-09-25,354.40,352.60,352.60,352.60
1991-09-26,353.25,350.80,350.80,350.80
1991-09-27,351.30,349.25,349.25,349.25
1991-09-30,356.25,354.05,354.05,354.05
1991-10-01,354.55,354.10,354.10,354.10
1991-10-02,357.95,355.15,355.15,355.15
1991-10-03,358.45,357.80,357.80,357.80
1991-10-04,359.25,358.85,358.85,358.85
1991-10-07,360.45,358.90,358.90,358.90
1991-10-08,359.25,356.95,356.95,356.95
1991-10-09,359.35,359.15,359.15,359.15
1991-10-10,360.75,358.20,358.20,358.20
1991-10-11,360.60,359.50,359.50,359.50
1991-10-14,361.25,358.30,358.30,358.30
1991-10-15,359.95,357.45,357.45,357.45
1991-10-16,358.15,357.60,357.60,357.60
1991-10-17,360.25,360.10,360.10,360.10
1991-10-18,362.65,362.05,362.05,362.05
1991-10-21,364.80,363.30,363.30,363.30
1991-10-22,364.45,363.25,363.25,363.25
1991-10-23,364.75,362.15,362.15,362.15
1991-10-24,362.05,361.85,361.85,361.85
1991-10-25,363.40,360.50,360.50,360.50
1991-10-28,360.45,358.60,358.60,358.60
1991-10-29,359.35,359.10,359.10,359.10
1991-10-30,361.26,357.90,357.90,357.90
1991-10-31,359.75,357.95,357.95,357.95
1991-11-01,358.25,355.35,355.35,355.35
1991-11-04,356.95,356.75,356.75,356.75
1991-11-05,357.30,354.35,354.35,354.35
1991-11-06,355.05,354.60,354.60,354.60
1991-11-07,356.05,353.65,353.65,353.65
1991-11-08,355.25,354.00,354.00,354.00
1991-11-11,355.45,355.35,355.35,355.35
1991-11-12,356.55,355.90,355.90,355.90
1991-11-13,357.45,356.35,356.35,356.35
1991-11-14,357.20,355.10,355.10,355.10
1991-11-15,360.25,359.25,359.25,359.25
1991-11-18,361.95,360.35,360.35,360.35
1991-11-19,364.75,363.00,363.00,363.00
1991-11-20,364.95,363.95,363.95,363.95
1991-11-21,370.05,367.65,367.65,367.65
1991-11-22,369.45,368.95,368.95,368.95
1991-11-25,369.85,367.80,367.80,367.80
1991-11-26,368.10,365.65,365.65,365.65
1991-11-27,368.75,367.75,367.75,367.75
1991-11-28,368.10,366.05,366.05,366.05
1991-11-29,368.00,367.90,367.90,367.90
1991-12-02,369.15,366.55,366.55,366.55
1991-12-03,367.27,363.65,363.65,363.65
1991-12-04,366.50,365.10,365.10,365.10
1991-12-05,367.25,366.75,366.75,366.75
1991-12-06,370.25,368.95,368.95,368.95
1991-12-09,372.05,368.95,368.95,368.95
1991-12-10,371.26,368.25,368.25,368.25
1991-12-11,368.80,366.20,366.20,366.20
1991-12-12,367.15,358.00,358.00,358.00
1991-12-13,360.20,359.20,359.20,359.20
1991-12-16,360.65,359.10,359.10,359.10
1991-12-17,359.25,356.75,356.75,356.75
1991-12-18,359.55,359.05,359.05,359.05
1991-12-19,359.55,357.75,357.75,357.75
1991-12-20,359.60,358.70,358.70,358.70
1991-12-23,361.25,359.60,359.60,359.60
1991-12-24,360.10,359.55,359.55,359.55
1991-12-25,360.50,358.75,358.75,358.75
1991-12-26,359.25,355.20,355.20,355.20
1991-12-27,356.55,354.00,354.00,354.00
1991-12-30,354.90,352.95,352.95,352.95
1991-12-31,354.70,354.30,354.30,354.30
1992-01-01,354.30,354.30,354.30,354.30
1992-01-02,354.65,352.45,352.45,352.45
1992-01-03,354.00,350.75,350.75,350.75
1992-01-06,351.50,349.75,349.75,349.75
1992-01-07,350.45,349.55,349.55,349.55
1992-01-08,351.65,350.75,350.75,350.75
1992-01-09,358.55,357.25,357.25,357.25
1992-01-10,359.40,356.35,356.35,356.35
1992-01-13,356.85,353.95,353.95,353.95
1992-01-14,355.95,354.85,354.85,354.85
1992-01-15,356.55,354.15,354.15,354.15
1992-01-16,358.55,356.55,356.55,356.55
1992-01-17,358.10,354.10,354.10,354.10
1992-01-20,361.05,357.85,357.85,357.85
1992-01-21,358.63,357.75,357.75,357.75
1992-01-22,358.35,357.60,357.60,357.60
1992-01-23,359.75,354.85,354.85,354.85
1992-01-24,356.75,354.75,354.75,354.75
1992-01-27,357.25,355.05,355.05,355.05
1992-01-28,357.15,355.90,355.90,355.90
1992-01-29,358.85,356.45,356.45,356.45
1992-01-30,357.75,354.40,354.40,354.40
1992-01-31,359.35,357.00,357.00,357.00
1992-02-03,357.85,356.00,356.00,356.00
1992-02-04,356.85,355.95,355.95,355.95
1992-02-05,356.65,355.70,355.70,355.70
1992-02-06,357.05,355.55,355.55,355.55
1992-02-07,357.25,354.75,354.75,354.75
1992-02-10,356.35,355.65,355.65,355.65
1992-02-11,357.05,356.05,356.05,356.05
1992-02-12,358.60,357.80,357.80,357.80
1992-02-13,358.40,355.60,355.60,355.60
1992-02-14,356.15,353.35,353.35,353.35
1992-02-17,354.75,354.25,354.25,354.25
1992-02-18,354.95,353.05,353.05,353.05
1992-02-19,354.05,352.95,352.95,352.95
1992-02-20,353.95,353.35,353.35,353.35
1992-02-21,354.00,351.25,351.25,351.25
1992-02-24,351.85,349.95,349.95,349.95
1992-02-25,351.50,349.60,349.60,349.60
1992-02-26,350.10,349.65,349.65,349.65
1992-02-27,355.45,353.75,353.75,353.75
1992-02-28,354.20,353.10,353.10,353.10
1992-03-02,353.60,351.55,351.55,351.55
1992-03-03,353.35,350.60,350.60,350.60
1992-03-04,350.95,350.65,350.65,350.65
1992-03-05,351.85,351.70,351.70,351.70
1992-03-06,352.70,349.50,349.50,349.50
1992-03-09,349.75,349.05,349.05,349.05
1992-03-10,349.55,349.05,349.05,349.05
1992-03-11,350.85,350.30,350.30,350.30
1992-03-12,351.60,347.40,347.40,347.40
1992-03-13,349.05,346.95,346.95,346.95
1992-03-16,348.10,343.55,343.55,343.55
1992-03-17,344.25,340.55,340.55,340.55
1992-03-18,342.00,338.65,338.65,338.65
1992-03-19,339.85,338.95,338.95,338.95
1992-03-20,340.10,338.45,338.45,338.45
1992-03-23,339.25,338.25,338.25,338.25
1992-03-24,339.90,339.60,339.60,339.60
1992-03-25,343.25,341.25,341.25,341.25
1992-03-26,341.55,340.75,340.75,340.75
1992-03-27,343.35,342.45,342.45,342.45
1992-03-30,344.00,341.85,341.85,341.85
1992-03-31,344.95,343.40,343.40,343.40
1992-04-01,345.00,342.55,342.55,342.55
1992-04-02,343.15,340.55,340.55,340.55
1992-04-03,342.00,340.90,340.90,340.90
1992-04-06,341.10,340.05,340.05,340.05
1992-04-07,340.35,338.55,338.55,338.55
1992-04-08,339.15,337.85,337.85,337.85
1992-04-09,339.60,339.60,339.60,339.60
1992-04-10,342.75,341.05,341.05,341.05
1992-04-13,342.75,339.35,339.35,339.35
1992-04-14,339.75,339.50,339.50,339.50
1992-04-15,341.31,335.90,335.90,335.90
1992-04-16,337.55,337.35,337.35,337.35
1992-04-17,338.25,338.00,338.00,338.00
1992-04-20,338.15,337.00,337.00,337.00
1992-04-21,342.05,340.35,340.35,340.35
1992-04-22,340.85,338.65,338.65,338.65
1992-04-23,340.05,338.35,338.35,338.35
1992-04-24,338.25,336.50,336.50,336.50
1992-04-27,337.10,336.15,336.15,336.15
1992-04-28,337.75,336.30,336.30,336.30
1992-04-29,336.95,335.75,335.75,335.75
1992-04-30,337.75,337.15,337.15,337.15
1992-05-01,338.65,338.55,338.55,338.55
1992-05-04,338.50,336.75,336.75,336.75
1992-05-05,337.45,337.05,337.05,337.05
1992-05-06,337.45,336.75,336.75,336.75
1992-05-07,336.95,335.45,335.45,335.45
1992-05-08,337.75,335.65,335.65,335.65
1992-05-11,337.15,336.50,336.50,336.50
1992-05-12,336.75,335.00,335.00,335.00
1992-05-13,336.45,335.85,335.85,335.85
1992-05-14,338.35,337.65,337.65,337.65
1992-05-15,340.35,338.65,338.65,338.65
1992-05-18,338.55,338.65,338.65,338.65
1992-05-19,338.70,337.80,337.80,337.80
1992-05-20,337.90,337.90,337.90,337.90
1992-05-21,337.90,337.15,337.15,337.15
1992-05-22,337.20,337.85,337.85,337.85
1992-05-25,337.95,338.35,338.35,338.35
1992-05-26,338.45,338.15,338.15,338.15
1992-05-27,338.20,337.80,337.80,337.80
1992-05-28,337.85,337.30,337.30,337.30
1992-05-29,337.20,336.55,336.55,336.55
1992-06-01,336.75,337.85,337.85,337.85
1992-06-02,337.75,338.95,338.95,338.95
1992-06-03,338.75,338.50,338.50,338.50
1992-06-04,338.55,338.75,338.75,338.75
1992-06-05,338.75,338.75,338.75,338.75
1992-06-08,338.80,338.15,338.15,338.15
1992-06-09,338.30,338.05,338.05,338.05
1992-06-10,338.05,337.90,337.90,337.90
1992-06-11,337.85,340.25,340.25,340.25
1992-06-12,340.25,342.75,342.75,342.75
1992-06-15,342.55,342.75,342.75,342.75
1992-06-16,342.85,342.15,342.15,342.15
1992-06-17,342.05,341.60,341.60,341.60
1992-06-18,341.55,342.50,342.50,342.50
1992-06-19,342.45,340.95,340.95,340.95
1992-06-22,341.40,343.45,343.45,343.45
1992-06-23,343.45,344.35,344.35,344.35
1992-06-24,344.20,342.90,342.90,342.90
1992-06-25,342.95,343.05,343.05,343.05
1992-06-26,343.05,342.55,342.55,342.55
1992-06-29,342.50,343.70,343.70,343.70
1992-06-30,343.75,343.25,343.25,343.25
1992-07-01,343.30,344.15,344.15,344.15
1992-07-02,344.15,346.25,346.25,346.25
1992-07-03,346.25,346.25,346.25,346.25
1992-07-06,346.15,346.65,346.65,346.65
1992-07-07,346.55,346.40,346.40,346.40
1992-07-08,346.30,347.35,347.35,347.35
1992-07-09,347.35,348.70,348.70,348.70
1992-07-10,348.45,348.25,348.25,348.25
1992-07-13,348.55,348.95,348.95,348.95
1992-07-14,349.25,350.85,350.85,350.85
1992-07-15,350.85,353.70,353.70,353.70
1992-07-16,353.70,352.50,352.50,352.50
1992-07-17,352.50,357.20,357.20,357.20
1992-07-20,358.00,358.90,358.90,358.90
1992-07-21,358.85,357.65,357.65,357.65
1992-07-22,357.55,359.25,359.25,359.25
1992-07-23,359.35,358.00,358.00,358.00
1992-07-24,357.95,359.50,359.50,359.50
1992-07-27,358.75,358.05,358.05,358.05
1992-07-28,359.25,359.25,359.25,359.25
1992-07-29,359.20,356.65,356.65,356.65
1992-07-30,356.85,356.75,356.75,356.75
1992-07-31,356.95,357.85,357.85,357.85
1992-08-03,358.25,353.25,353.25,353.25
1992-08-04,353.35,353.15,353.15,353.15
1992-08-05,353.05,349.65,349.65,349.65
1992-08-06,349.75,349.55,349.55,349.55
1992-08-07,349.55,350.60,350.60,350.60
1992-08-10,350.85,350.15,350.15,350.15
1992-08-11,350.05,347.90,347.90,347.90
1992-08-12,347.95,340.25,340.25,340.25
1992-08-13,340.60,335.10,335.10,335.10
1992-08-14,335.25,335.55,335.55,335.55
1992-08-17,336.10,337.25,337.25,337.25
1992-08-18,337.35,336.20,336.20,336.20
1992-08-19,336.25,337.85,337.85,337.85
1992-08-20,337.75,337.75,337.75,337.75
1992-08-21,337.75,337.65,337.65,337.65
1992-08-24,338.25,341.80,341.80,341.80
1992-08-25,341.55,340.50,340.50,340.50
1992-08-26,340.35,338.40,338.40,338.40
1992-08-27,338.25,339.15,339.15,339.15
1992-08-28,339.05,339.70,339.70,339.70
1992-08-31,340.10,342.45,342.45,342.45
1992-09-01,342.35,340.75,340.75,340.75
1992-09-02,340.75,338.90,338.90,338.90
1992-09-03,339.10,341.15,341.15,341.15
1992-09-04,341.40,341.50,341.50,341.50
1992-09-07,342.05,343.15,343.15,343.15
1992-09-08,342.45,342.45,342.45,342.45
1992-09-09,342.05,342.05,342.05,342.05
1992-09-10,342.05,342.15,342.15,342.15
1992-09-11,342.25,341.00,341.00,341.00
1992-09-14,339.25,346.70,346.70,346.70
1992-09-15,346.65,346.25,346.25,346.25
1992-09-16,346.45,349.20,349.20,349.20
1992-09-17,349.35,348.00,348.00,348.00
1992-09-18,348.15,351.25,351.25,351.25
1992-09-21,350.25,347.70,347.70,347.70
1992-09-22,347.70,349.50,349.50,349.50
1992-09-23,349.90,348.95,348.95,348.95
1992-09-24,348.90,349.35,349.35,349.35
1992-09-25,349.20,349.30,349.30,349.30
1992-09-28,349.65,348.10,348.10,348.10
1992-09-29,348.10,348.75,348.75,348.75
1992-09-30,348.95,348.55,348.55,348.55
1992-10-01,348.55,348.35,348.35,348.35
1992-10-02,348.15,348.55,348.55,348.55
1992-10-05,349.00,350.75,350.75,350.75
1992-10-06,350.50,350.40,350.40,350.40
1992-10-07,350.45,350.85,350.85,350.85
1992-10-08,351.05,350.00,350.00,350.00
1992-10-09,350.00,350.55,350.55,350.55
1992-10-12,350.95,345.90,345.90,345.90
1992-10-13,346.05,344.45,344.45,344.45
1992-10-14,344.45,341.75,341.75,341.75
1992-10-15,342.00,341.35,341.35,341.35
1992-10-16,341.35,342.25,342.25,342.25
1992-10-19,342.80,342.70,342.70,342.70
1992-10-20,342.75,343.75,343.75,343.75
1992-10-21,343.60,343.75,343.75,343.75
1992-10-22,343.75,342.55,342.55,342.55
1992-10-23,342.40,343.35,343.35,343.35
1992-10-26,343.60,340.75,340.75,340.75
1992-10-27,340.70,337.55,337.55,337.55
1992-10-28,337.65,339.15,339.15,339.15
1992-10-29,339.25,339.65,339.65,339.65
1992-10-30,339.50,339.70,339.70,339.70
1992-11-02,339.65,339.95,339.95,339.95
1992-11-03,340.05,337.95,337.95,337.95
1992-11-04,338.05,337.55,337.55,337.55
1992-11-05,337.35,336.75,336.75,336.75
1992-11-06,336.60,335.80,335.80,335.80
1992-11-09,336.00,333.35,333.35,333.35
1992-11-10,333.40,330.25,330.25,330.25
1992-11-11,330.75,332.25,332.25,332.25
1992-11-12,332.80,332.95,332.95,332.95
1992-11-13,333.75,335.95,335.95,335.95
1992-11-16,336.05,334.65,334.65,334.65
1992-11-17,334.45,335.45,335.45,335.45
1992-11-18,335.55,335.00,335.00,335.00
1992-11-19,334.95,335.25,335.25,335.25
1992-11-20,335.35,335.45,335.45,335.45
1992-11-23,335.90,334.55,334.55,334.55
1992-11-24,334.50,334.85,334.85,334.85
1992-11-25,334.85,333.65,333.65,333.65
1992-11-26,333.70,334.85,334.85,334.85
1992-11-27,334.85,334.75,334.75,334.75
1992-11-30,334.55,334.55,334.55,334.55
1992-12-01,334.40,335.15,335.15,335.15
1992-12-02,334.75,335.90,335.90,335.90
1992-12-03,335.85,335.55,335.55,335.55
1992-12-04,335.66,335.96,335.96,335.96
1992-12-07,335.65,336.15,336.15,336.15
1992-12-08,336.15,335.60,335.60,335.60
1992-12-09,335.45,333.85,333.85,333.85
1992-12-10,333.95,334.15,334.15,334.15
1992-12-11,334.00,335.25,335.25,335.25
1992-12-14,335.25,334.80,334.80,334.80
1992-12-15,334.70,334.75,334.75,334.75
1992-12-16,334.60,337.75,337.75,337.75
1992-12-17,337.50,338.25,338.25,338.25
1992-12-18,338.20,337.20,337.20,337.20
1992-12-21,337.20,334.20,334.20,334.20
1992-12-22,334.15,332.45,332.45,332.45
1992-12-23,332.85,333.25,333.25,333.25
1992-12-24,333.30,333.10,333.10,333.10
1992-12-25,333.00,334.00,334.00,334.00
1992-12-28,333.50,333.25,333.25,333.25
1992-12-29,333.25,333.00,333.00,333.00
1992-12-30,333.05,333.40,333.40,333.40
1992-12-31,333.35,333.15,333.15,333.15
1993-01-04,333.05,328.55,328.55,328.55
1993-01-05,328.65,329.25,329.25,329.25
1993-01-06,329.15,329.90,329.90,329.90
1993-01-07,330.35,329.55,329.55,329.55
1993-01-08,329.40,329.45,329.45,329.45
1993-01-11,329.10,328.15,328.15,328.15
1993-01-12,328.10,328.90,328.90,328.90
1993-01-13,328.85,328.15,328.15,328.15
1993-01-14,327.90,327.70,327.70,327.70
1993-01-15,327.80,327.70,327.70,327.70
1993-01-18,328.05,328.50,328.50,328.50
1993-01-19,329.00,328.85,328.85,328.85
1993-01-20,328.65,329.90,329.90,329.90
1993-01-21,329.75,329.60,329.60,329.60
1993-01-22,329.55,328.75,328.75,328.75
1993-01-25,328.75,328.95,328.95,328.95
1993-01-26,329.05,331.25,331.25,331.25
1993-01-27,331.00,329.85,329.85,329.85
1993-01-28,329.75,330.20,330.20,330.20
1993-01-29,330.15,329.85,329.85,329.85
1993-02-01,329.95,329.85,329.85,329.85
1993-02-02,330.00,329.65,329.65,329.65
1993-02-03,329.75,328.75,328.75,328.75
1993-02-04,328.60,328.40,328.40,328.40
1993-02-05,328.35,327.95,327.95,327.95
1993-02-08,328.05,327.80,327.80,327.80
1993-02-09,328.00,328.50,328.50,328.50
1993-02-10,328.45,332.10,332.10,332.10
1993-02-11,331.90,331.50,331.50,331.50
1993-02-12,331.40,328.95,328.95,328.95
1993-02-15,329.10,328.75,328.75,328.75
1993-02-16,328.75,332.20,332.20,332.20
1993-02-17,332.35,330.65,330.65,330.65
1993-02-18,330.45,330.25,330.25,330.25
1993-02-19,330.35,330.05,330.05,330.05
1993-02-22,330.00,328.10,328.10,328.10
1993-02-23,327.80,330.60,330.60,330.60
1993-02-24,330.45,329.45,329.45,329.45
1993-02-25,329.35,329.50,329.50,329.50
1993-02-26,329.45,328.45,328.45,328.45
1993-03-01,328.55,328.65,328.65,328.65
1993-03-02,328.75,329.65,329.65,329.65
1993-03-03,329.55,329.00,329.00,329.00
1993-03-04,328.80,329.05,329.05,329.05
1993-03-05,328.65,329.75,329.75,329.75
1993-03-08,329.75,327.25,327.25,327.25
1993-03-09,327.30,327.00,327.00,327.00
1993-03-10,326.95,326.40,326.40,326.40
1993-03-11,326.55,327.05,327.05,327.05
1993-03-12,327.15,328.00,328.00,328.00
1993-03-15,327.85,329.15,329.15,329.15
1993-03-16,329.10,329.10,329.10,329.10
1993-03-17,329.15,329.05,329.05,329.05
1993-03-18,329.25,330.50,330.50,330.50
1993-03-19,330.55,331.80,331.80,331.80
1993-03-22,331.85,332.75,332.75,332.75
1993-03-23,332.55,331.75,331.75,331.75
1993-03-24,331.65,332.35,332.35,332.35
1993-03-25,332.45,332.45,332.45,332.45
1993-03-26,332.45,332.35,332.35,332.35
1993-03-29,332.75,332.25,332.25,332.25
1993-03-30,332.25,336.60,336.60,336.60
1993-03-31,336.55,337.00,337.00,337.00
1993-04-01,336.65,338.35,338.35,338.35
1993-04-02,338.25,340.35,340.35,340.35
1993-04-05,340.95,339.00,339.00,339.00
1993-04-06,339.05,337.65,337.65,337.65
1993-04-07,337.35,337.65,337.65,337.65
1993-04-08,337.65,337.35,337.35,337.35
1993-04-09,337.00,337.65,337.65,337.65
1993-04-12,337.75,336.75,336.75,336.75
1993-04-13,336.75,337.20,337.20,337.20
1993-04-14,337.15,338.85,338.85,338.85
1993-04-15,339.00,337.10,337.10,337.10
1993-04-16,337.15,338.65,338.65,338.65
1993-04-19,338.55,340.10,340.10,340.10
1993-04-20,340.10,339.60,339.60,339.60
1993-04-21,339.55,339.10,339.10,339.10
1993-04-22,339.15,340.65,340.65,340.65
1993-04-23,341.38,346.12,346.12,346.12
1993-04-26,345.50,352.25,352.25,352.25
1993-04-27,351.90,349.95,349.95,349.95
1993-04-28,350.05,353.05,353.05,353.05
1993-04-29,353.45,356.25,356.25,356.25
1993-04-30,355.60,355.60,355.60,355.60
1993-05-03,356.00,353.55,353.55,353.55
1993-05-04,353.75,354.35,354.35,354.35
1993-05-05,354.25,354.10,354.10,354.10
1993-05-06,354.45,357.15,357.15,357.15
1993-05-07,357.43,356.12,356.12,356.12
1993-05-10,355.90,356.10,356.10,356.10
1993-05-11,355.90,356.15,356.15,356.15
1993-05-12,356.40,361.25,361.25,361.25
1993-05-13,361.35,368.35,368.35,368.35
1993-05-14,368.35,367.75,367.75,367.75
1993-05-17,367.45,366.90,366.90,366.90
1993-05-18,367.27,377.62,377.62,377.62
1993-05-19,378.38,373.12,373.12,373.12
1993-05-20,372.75,374.25,374.25,374.25
1993-05-21,374.45,377.60,377.60,377.60
1993-05-24,379.88,374.12,374.12,374.12
1993-05-25,373.88,378.88,378.88,378.88
1993-05-26,379.50,374.90,374.90,374.90
1993-05-27,379.75,381.25,381.25,381.25
1993-05-28,382.38,377.38,377.38,377.38
1993-05-31,379.00,379.00,379.00,379.00
1993-06-01,379.00,369.50,369.50,369.50
1993-06-02,368.88,369.88,369.88,369.88
1993-06-03,370.00,374.50,374.50,374.50
1993-06-04,374.25,376.55,376.55,376.55
1993-06-07,375.55,373.90,373.90,373.90
1993-06-08,373.98,372.88,372.88,372.88
1993-06-09,373.50,370.25,370.25,370.25
1993-06-10,369.88,369.12,369.12,369.12
1993-06-11,369.48,366.27,366.27,366.27
1993-06-14,367.12,365.38,365.38,365.38
1993-06-15,365.68,370.12,370.12,370.12
1993-06-16,370.12,369.98,369.98,369.98
1993-06-17,369.90,371.30,371.30,371.30
1993-06-18,371.00,371.25,371.25,371.25
1993-06-21,370.50,369.85,369.85,369.85
1993-06-22,369.88,368.88,368.88,368.88
1993-06-23,368.75,374.00,374.00,374.00
1993-06-24,374.00,374.75,374.75,374.75
1993-06-25,374.50,377.00,377.00,377.00
1993-06-28,378.25,375.35,375.35,375.35
1993-06-29,374.90,378.50,378.50,378.50
1993-06-30,374.90,377.25,377.25,377.25
1993-07-01,377.27,387.38,387.38,387.38
1993-07-02,386.70,385.70,385.70,385.70
1993-07-05,386.75,387.85,387.85,387.85
1993-07-06,387.65,392.90,392.90,392.90
1993-07-07,392.65,397.45,397.45,397.45
1993-07-08,397.35,393.75,393.75,393.75
1993-07-09,393.25,391.50,391.50,391.50
1993-07-12,390.85,394.45,394.45,394.45
1993-07-13,394.62,394.88,394.88,394.88
1993-07-14,395.88,391.38,391.38,391.38
1993-07-15,390.57,393.38,393.38,393.38
1993-07-16,393.75,392.45,392.45,392.45
1993-07-19,392.55,391.95,391.95,391.95
1993-07-20,392.05,392.05,392.05,392.05
1993-07-21,392.05,388.95,388.95,388.95
1993-07-22,389.00,391.90,391.90,391.90
1993-07-23,391.80,390.25,390.25,390.25
1993-07-26,390.10,392.95,392.95,392.95
1993-07-27,393.00,391.35,391.35,391.35
1993-07-28,391.25,393.25,393.25,393.25
1993-07-29,393.40,400.00,400.00,400.00
1993-07-30,400.75,407.05,407.05,407.05
1993-08-02,405.62,405.88,405.88,405.88
1993-08-03,406.00,403.05,403.05,403.05
1993-08-04,403.05,400.10,400.10,400.10
1993-08-05,399.25,377.75,377.75,377.75
1993-08-06,377.50,377.00,377.00,377.00
1993-08-09,376.38,383.62,383.62,383.62
1993-08-10,384.00,381.35,381.35,381.35
1993-08-11,381.18,375.62,375.62,375.62
1993-08-12,375.25,367.50,367.50,367.50
1993-08-13,368.00,369.75,369.75,369.75
1993-08-16,368.25,373.50,373.50,373.50
1993-08-17,373.25,372.00,372.00,372.00
1993-08-18,371.95,374.65,374.65,374.65
1993-08-19,374.88,371.38,371.38,371.38
1993-08-20,371.75,373.75,373.75,373.75
1993-08-23,373.00,373.05,373.05,373.05
1993-08-24,372.98,371.88,371.88,371.88
1993-08-25,372.00,372.40,372.40,372.40
1993-08-26,372.15,368.25,368.25,368.25
1993-08-27,367.90,369.50,369.50,369.50
1993-08-30,369.25,370.50,370.50,370.50
1993-08-31,370.50,372.50,372.50,372.50
1993-09-01,372.25,369.50,369.50,369.50
1993-09-02,369.15,363.75,363.75,363.75
1993-09-03,363.10,364.65,364.65,364.65
1993-09-06,364.50,364.35,364.35,364.35
1993-09-07,364.48,350.38,350.38,350.38
1993-09-08,350.50,351.85,351.85,351.85
1993-09-09,352.00,354.45,354.45,354.45
1993-09-10,354.35,350.15,350.15,350.15
1993-09-13,350.38,343.88,343.88,343.88
1993-09-14,343.50,345.35,345.35,345.35
1993-09-15,345.25,347.75,347.75,347.75
1993-09-16,347.75,352.95,352.95,352.95
1993-09-17,352.95,350.80,350.80,350.80
1993-09-20,350.75,353.70,353.70,353.70
1993-09-21,354.25,363.70,363.70,363.70
1993-09-22,363.00,354.25,354.25,354.25
1993-09-23,354.25,357.35,357.35,357.35
1993-09-24,356.95,357.60,357.60,357.60
1993-09-27,356.75,354.15,354.15,354.15
1993-09-28,354.25,355.55,355.55,355.55
1993-09-29,355.85,353.35,353.35,353.35
1993-09-30,353.25,355.45,355.45,355.45
1993-10-01,355.25,355.25,355.25,355.25
1993-10-04,356.00,353.20,353.20,353.20
1993-10-05,353.25,353.25,353.25,353.25
1993-10-06,352.95,356.95,356.95,356.95
1993-10-07,357.35,356.50,356.50,356.50
1993-10-08,356.60,359.75,359.75,359.75
1993-10-11,359.70,360.25,360.25,360.25
1993-10-12,360.05,366.35,366.35,366.35
1993-10-13,366.30,365.55,365.55,365.55
1993-10-14,365.25,364.95,364.95,364.95
1993-10-15,364.45,364.65,364.65,364.65
1993-10-18,364.65,368.25,368.25,368.25
1993-10-19,368.15,368.90,368.90,368.90
1993-10-20,368.85,372.45,372.45,372.45
1993-10-21,372.45,370.30,370.30,370.30
1993-10-22,370.45,370.45,370.45,370.45
1993-10-25,370.45,369.50,369.50,369.50
1993-10-26,368.95,369.60,369.60,369.60
1993-10-27,368.55,369.00,369.00,369.00
1993-10-28,369.05,369.25,369.25,369.25
1993-10-29,369.25,368.85,368.85,368.85
1993-11-01,369.00,361.95,361.95,361.95
1993-11-02,361.95,362.95,362.95,362.95
1993-11-03,363.20,368.00,368.00,368.00
1993-11-04,367.90,372.25,372.25,372.25
1993-11-05,371.75,377.00,377.00,377.00
1993-11-08,376.55,375.10,375.10,375.10
1993-11-09,375.65,376.50,376.50,376.50
1993-11-10,376.25,376.90,376.90,376.90
1993-11-11,377.25,376.25,376.25,376.25
1993-11-12,376.15,373.25,373.25,373.25
1993-11-15,373.50,375.25,375.25,375.25
1993-11-16,375.15,374.05,374.05,374.05
1993-11-17,373.90,376.35,376.35,376.35
1993-11-18,375.95,376.05,376.05,376.05
1993-11-19,376.05,378.35,378.35,378.35
1993-11-22,377.90,378.25,378.25,378.25
1993-11-23,378.15,377.20,377.20,377.20
1993-11-24,377.25,377.15,377.15,377.15
1993-11-25,376.75,377.50,377.50,377.50
1993-11-26,377.30,377.00,377.00,377.00
1993-11-29,377.05,370.25,370.25,370.25
1993-11-30,370.25,370.45,370.45,370.45
1993-12-01,370.40,375.25,375.25,375.25
1993-12-02,375.35,373.95,373.95,373.95
1993-12-03,374.05,376.75,376.75,376.75
1993-12-06,376.55,376.05,376.05,376.05
1993-12-07,375.90,377.45,377.45,377.45
1993-12-08,377.35,383.75,383.75,383.75
1993-12-09,383.50,382.00,382.00,382.00
1993-12-10,381.70,383.15,383.15,383.15
1993-12-13,383.45,386.60,386.60,386.60
1993-12-14,387.05,386.95,386.95,386.95
1993-12-15,387.05,387.10,387.10,387.10
1993-12-16,387.15,385.75,385.75,385.75
1993-12-17,385.60,387.25,387.25,387.25
1993-12-20,387.40,389.25,389.25,389.25
1993-12-21,388.90,387.45,387.45,387.45
1993-12-22,387.20,386.45,386.45,386.45
1993-12-23,386.25,386.05,386.05,386.05
1993-12-24,385.95,386.75,386.75,386.75
1993-12-27,386.40,387.95,387.95,387.95
1993-12-28,388.10,387.55,387.55,387.55
1993-12-29,387.15,390.25,390.25,390.25
1993-12-30,390.40,390.75,390.75,390.75
1993-12-31,390.50,390.75,390.75,390.75
1994-01-03,390.80,393.75,393.75,393.75
1994-01-04,394.05,393.60,393.60,393.60
1994-01-05,393.40,390.95,390.95,390.95
1994-01-06,390.90,389.00,389.00,389.00
1994-01-07,388.80,386.50,386.50,386.50
1994-01-10,386.00,384.85,384.85,384.85
1994-01-11,384.75,387.95,387.95,387.95
1994-01-12,388.15,386.25,386.25,386.25
1994-01-13,386.00,389.95,389.95,389.95
1994-01-14,390.00,389.55,389.55,389.55
1994-01-17,389.75,391.45,391.45,391.45
1994-01-18,391.35,392.75,392.75,392.75
1994-01-19,392.55,392.60,392.60,392.60
1994-01-20,392.55,387.55,387.55,387.55
1994-01-21,387.60,381.35,381.35,381.35
1994-01-24,380.00,381.35,381.35,381.35
1994-01-25,381.60,381.50,381.50,381.50
1994-01-26,382.05,384.60,384.60,384.60
1994-01-27,384.50,376.00,376.00,376.00
1994-01-28,375.75,377.05,377.05,377.05
1994-01-31,378.00,382.25,382.25,382.25
1994-02-01,381.75,384.40,384.40,384.40
1994-02-02,384.95,385.15,385.15,385.15
1994-02-03,384.70,387.45,387.45,387.45
1994-02-04,387.10,386.85,386.85,386.85
1994-02-07,387.57,379.12,379.12,379.12
1994-02-08,378.98,382.38,382.38,382.38
1994-02-09,382.35,383.50,383.50,383.50
1994-02-10,383.25,381.75,381.75,381.75
1994-02-11,381.70,380.30,380.30,380.30
1994-02-14,379.62,383.88,383.88,383.88
1994-02-15,383.38,383.38,383.38,383.38
1994-02-16,383.00,383.55,383.55,383.55
1994-02-17,384.07,382.88,382.88,382.88
1994-02-18,383.00,380.00,380.00,380.00
1994-02-21,380.25,380.20,380.20,380.20
1994-02-22,380.00,377.85,377.85,377.85
1994-02-23,377.95,377.75,377.75,377.75
1994-02-24,377.75,376.50,376.50,376.50
1994-02-25,376.55,378.55,378.55,378.55
1994-02-28,378.50,381.50,381.50,381.50
1994-03-01,381.55,378.50,378.50,378.50
1994-03-02,378.55,377.85,377.85,377.85
1994-03-03,377.85,377.60,377.60,377.60
1994-03-04,377.25,376.95,376.95,376.95
1994-03-07,377.25,376.15,376.15,376.15
1994-03-08,376.00,376.75,376.75,376.75
1994-03-09,376.75,379.15,379.15,379.15
1994-03-10,378.95,386.60,386.60,386.60
1994-03-11,386.40,385.10,385.10,385.10
1994-03-14,385.50,386.55,386.55,386.55
1994-03-15,386.50,386.85,386.85,386.85
1994-03-16,387.00,385.05,385.05,385.05
1994-03-17,384.75,382.65,382.65,382.65
1994-03-18,383.05,387.05,387.05,387.05
1994-03-21,386.75,386.75,386.75,386.75
1994-03-22,385.65,389.25,389.25,389.25
1994-03-23,389.10,386.85,386.85,386.85
1994-03-24,387.10,391.25,391.25,391.25
1994-03-25,391.10,390.85,390.85,390.85
1994-03-28,391.15,388.25,388.25,388.25
1994-03-29,388.25,386.05,386.05,386.05
1994-03-30,385.75,386.15,386.15,386.15
1994-03-31,386.30,391.85,391.85,391.85
1994-04-01,392.00,389.40,389.40,389.40
1994-04-04,391.00,387.35,387.35,387.35
1994-04-05,387.25,384.60,384.60,384.60
1994-04-06,384.75,385.05,385.05,385.05
1994-04-07,385.05,384.75,384.75,384.75
1994-04-08,384.75,384.25,384.25,384.25
1994-04-11,384.50,378.75,378.75,378.75
1994-04-12,378.80,378.95,378.95,378.95
1994-04-13,379.05,378.50,378.50,378.50
1994-04-14,378.55,378.55,378.55,378.55
1994-04-15,378.50,378.00,378.00,378.00
1994-04-18,377.80,377.15,377.15,377.15
1994-04-19,377.25,372.05,372.05,372.05
1994-04-20,372.35,372.75,372.75,372.75
1994-04-21,372.60,373.45,373.45,373.45
1994-04-22,373.45,371.05,371.05,371.05
1994-04-25,371.25,373.40,373.40,373.40
1994-04-26,373.45,374.25,374.25,374.25
1994-04-27,374.25,374.25,374.25,374.25
1994-04-28,374.65,376.00,376.00,376.00
1994-04-29,375.75,376.95,376.95,376.95
1994-05-02,376.85,376.35,376.35,376.35
1994-05-03,376.35,375.75,375.75,375.75
1994-05-04,375.65,376.45,376.45,376.45
1994-05-05,376.55,373.65,373.65,373.65
1994-05-06,373.95,383.55,383.55,383.55
1994-05-09,382.50,381.35,381.35,381.35
1994-05-10,381.45,378.95,378.95,378.95
1994-05-11,379.00,382.05,382.05,382.05
1994-05-12,382.05,380.25,380.25,380.25
1994-05-13,380.20,380.75,380.75,380.75
1994-05-16,380.95,382.65,382.65,382.65
1994-05-17,382.90,381.25,381.25,381.25
1994-05-18,381.05,381.75,381.75,381.75
1994-05-19,381.90,381.45,381.45,381.45
1994-05-20,381.60,385.70,385.70,385.70
1994-05-23,385.25,389.05,389.05,389.05
1994-05-24,388.85,387.10,387.10,387.10
1994-05-25,386.75,386.70,386.70,386.70
1994-05-26,386.65,384.45,384.45,384.45
1994-05-27,384.35,384.75,384.75,384.75
1994-05-30,384.70,385.25,385.25,385.25
1994-05-31,385.45,386.85,386.85,386.85
1994-06-01,387.00,383.65,383.65,383.65
1994-06-02,383.60,384.05,384.05,384.05
1994-06-03,384.00,380.75,380.75,380.75
1994-06-06,380.70,380.50,380.50,380.50
1994-06-07,380.35,381.35,381.35,381.35
1994-06-08,381.50,382.25,382.25,382.25
1994-06-09,382.20,383.00,383.00,383.00
1994-06-10,383.25,383.55,383.55,383.55
1994-06-13,383.65,383.40,383.40,383.40
1994-06-14,383.70,384.40,384.40,384.40
1994-06-15,384.60,386.85,386.85,386.85
1994-06-16,386.90,385.65,385.65,385.65
1994-06-17,385.75,391.75,391.75,391.75
1994-06-20,391.25,389.45,389.45,389.45
1994-06-21,389.25,393.65,393.65,393.65
1994-06-22,393.75,389.95,389.95,389.95
1994-06-23,389.70,389.80,389.80,389.80
1994-06-24,389.75,390.95,390.95,390.95
1994-06-27,391.25,385.20,385.20,385.20
1994-06-28,385.20,386.40,386.40,386.40
1994-06-29,386.45,385.15,385.15,385.15
1994-06-30,385.05,385.75,385.75,385.75
1994-07-01,386.20,386.95,386.95,386.95
1994-07-04,387.05,386.95,386.95,386.95
1994-07-05,387.05,386.05,386.05,386.05
1994-07-06,386.00,383.95,383.95,383.95
1994-07-07,384.05,384.65,384.65,384.65
1994-07-08,384.75,384.50,384.50,384.50
1994-07-11,384.95,387.25,387.25,387.25
1994-07-12,387.30,385.60,385.60,385.60
1994-07-13,385.60,383.60,383.60,383.60
1994-07-14,383.55,384.25,384.25,384.25
1994-07-15,384.30,386.05,386.05,386.05
1994-07-18,386.05,386.00,386.00,386.00
1994-07-19,386.05,386.70,386.70,386.70
1994-07-20,386.55,385.60,385.60,385.60
1994-07-21,385.65,384.50,384.50,384.50
1994-07-22,384.60,385.05,385.05,385.05
1994-07-25,385.20,385.10,385.10,385.10
1994-07-26,385.25,387.10,387.10,387.10
1994-07-27,387.00,387.65,387.65,387.65
1994-07-28,387.65,385.35,385.35,385.35
1994-07-29,385.25,383.45,383.45,383.45
1994-08-01,384.45,383.70,383.70,383.70
1994-08-02,383.80,379.60,379.60,379.60
1994-08-03,379.50,378.25,378.25,378.25
1994-08-04,378.20,377.85,377.85,377.85
1994-08-05,378.00,377.95,377.95,377.95
1994-08-08,378.25,377.05,377.05,377.05
1994-08-09,377.15,378.00,378.00,378.00
1994-08-10,377.80,377.60,377.60,377.60
1994-08-11,377.65,378.90,378.90,378.90
1994-08-12,379.05,376.80,376.80,376.80
1994-08-15,377.00,377.65,377.65,377.65
1994-08-16,377.45,377.45,377.45,377.45
1994-08-17,377.60,377.45,377.45,377.45
1994-08-18,377.25,381.35,381.35,381.35
1994-08-19,381.45,382.15,382.15,382.15
1994-08-22,381.75,381.75,381.75,381.75
1994-08-23,381.60,381.80,381.80,381.80
1994-08-24,381.80,384.00,384.00,384.00
1994-08-25,383.90,383.45,383.45,383.45
1994-08-26,383.55,383.55,383.55,383.55
1994-08-29,383.25,386.80,386.80,386.80
1994-08-30,386.65,386.35,386.35,386.35
1994-08-31,386.25,386.25,386.25,386.25
1994-09-01,386.25,387.05,387.05,387.05
1994-09-02,386.95,387.15,387.15,387.15
1994-09-05,387.25,387.20,387.20,387.20
1994-09-06,387.20,388.00,388.00,388.00
1994-09-07,387.90,389.75,389.75,389.75
1994-09-08,389.70,390.45,390.45,390.45
1994-09-09,390.35,392.00,392.00,392.00
1994-09-12,392.00,390.90,390.90,390.90
1994-09-13,390.80,390.70,390.70,390.70
1994-09-14,390.90,388.65,388.65,388.65
1994-09-15,388.55,388.15,388.15,388.15
1994-09-16,388.15,389.85,389.85,389.85
1994-09-19,389.65,390.50,390.50,390.50
1994-09-20,390.65,393.75,393.75,393.75
1994-09-21,394.00,393.90,393.90,393.90
1994-09-22,393.85,396.45,396.45,396.45
1994-09-23,396.65,395.95,395.95,395.95
1994-09-26,396.25,394.25,394.25,394.25
1994-09-27,394.15,397.60,397.60,397.60
1994-09-28,397.40,394.40,394.40,394.40
1994-09-29,394.00,395.50,395.50,395.50
1994-09-30,395.55,394.85,394.85,394.85
1994-10-03,395.00,394.80,394.80,394.80
1994-10-04,394.70,392.65,392.65,392.65
1994-10-05,392.85,391.90,391.90,391.90
1994-10-06,391.75,392.35,392.35,392.35
1994-10-07,392.35,391.25,391.25,391.25
1994-10-10,391.45,390.65,390.65,390.65
1994-10-11,390.65,387.95,387.95,387.95
1994-10-12,388.05,388.05,388.05,388.05
1994-10-13,388.25,386.85,386.85,386.85
1994-10-14,387.10,387.65,387.65,387.65
1994-10-17,388.15,389.95,389.95,389.95
1994-10-18,389.95,389.00,389.00,389.00
1994-10-19,388.95,390.30,390.30,390.30
1994-10-20,390.30,391.05,391.05,391.05
1994-10-21,391.00,390.85,390.85,390.85
1994-10-24,390.75,389.65,389.65,389.65
1994-10-25,389.70,389.35,389.35,389.35
1994-10-26,389.25,389.10,389.10,389.10
1994-10-27,389.15,388.10,388.10,388.10
1994-10-28,388.25,387.15,387.15,387.15
1994-10-31,386.80,384.00,384.00,384.00
1994-11-01,383.95,384.45,384.45,384.45
1994-11-02,384.70,384.45,384.45,384.45
1994-11-03,384.70,383.55,383.55,383.55
1994-11-04,383.45,383.55,383.55,383.55
1994-11-07,383.75,382.50,382.50,382.50
1994-11-08,382.45,384.15,384.15,384.15
1994-11-09,384.20,383.95,383.95,383.95
1994-11-10,383.80,385.10,385.10,385.10
1994-11-11,385.15,385.25,385.25,385.25
1994-11-14,385.10,384.90,384.90,384.90
1994-11-15,384.95,386.55,386.55,386.55
1994-11-16,386.50,386.35,386.35,386.35
1994-11-17,386.30,385.45,385.45,385.45
1994-11-18,385.70,384.35,384.35,384.35
1994-11-21,384.25,383.40,383.40,383.40
1994-11-22,383.55,383.65,383.65,383.65
1994-11-23,383.60,384.70,384.70,384.70
1994-11-24,384.45,384.50,384.50,384.50
1994-11-25,384.50,385.05,385.05,385.05
1994-11-28,385.20,383.30,383.30,383.30
1994-11-29,383.30,383.15,383.15,383.15
1994-11-30,383.00,381.25,381.25,381.25
1994-12-01,380.85,379.60,379.60,379.60
1994-12-02,379.55,376.80,376.80,376.80
1994-12-05,376.90,376.05,376.05,376.05
1994-12-06,375.85,376.55,376.55,376.55
1994-12-07,376.60,376.75,376.75,376.75
1994-12-08,376.70,377.30,377.30,377.30
1994-12-09,377.25,377.35,377.35,377.35
1994-12-12,377.40,377.95,377.95,377.95
1994-12-13,377.70,378.00,378.00,378.00
1994-12-14,378.00,379.05,379.05,379.05
1994-12-15,378.95,380.50,380.50,380.50
1994-12-16,380.00,379.25,379.25,379.25
1994-12-19,378.70,380.00,380.00,380.00
1994-12-20,379.95,381.85,381.85,381.85
1994-12-21,382.00,381.85,381.85,381.85
1994-12-22,381.70,380.95,380.95,380.95
1994-12-23,380.95,380.35,380.35,380.35
1994-12-26,381.00,381.00,381.00,381.00
1994-12-27,381.10,381.60,381.60,381.60
1994-12-28,381.55,383.85,383.85,383.85
1994-12-29,383.45,382.55,382.55,382.55
1994-12-30,382.55,382.85,382.85,382.85
1995-01-02,383.15,383.15,383.15,383.15
1995-01-03,383.25,379.70,379.70,379.70
1995-01-04,379.75,374.55,374.55,374.55
1995-01-05,375.00,375.55,375.55,375.55
1995-01-06,375.80,371.95,371.95,371.95
1995-01-09,371.60,373.30,373.30,373.30
1995-01-10,373.50,374.70,374.70,374.70
1995-01-11,374.70,376.55,376.55,376.55
1995-01-12,376.50,380.20,380.20,380.20
1995-01-13,380.20,378.60,378.60,378.60
1995-01-16,379.10,377.75,377.75,377.75
1995-01-17,377.75,380.35,380.35,380.35
1995-01-18,380.25,382.30,382.30,382.30
1995-01-19,382.25,383.25,383.25,383.25
1995-01-20,383.05,384.95,384.95,384.95
1995-01-23,385.45,381.15,381.15,381.15
1995-01-24,381.40,381.60,381.60,381.60
1995-01-25,381.55,380.85,380.85,380.85
1995-01-26,380.90,381.60,381.60,381.60
1995-01-27,381.55,377.00,377.00,377.00
1995-01-30,376.95,376.85,376.85,376.85
1995-01-31,376.90,375.05,375.05,375.05
1995-02-01,375.00,376.15,376.15,376.15
1995-02-02,376.10,376.45,376.45,376.45
1995-02-03,376.30,375.95,375.95,375.95
1995-02-06,375.65,375.65,375.65,375.65
1995-02-07,375.70,374.50,374.50,374.50
1995-02-08,374.55,375.65,375.65,375.65
1995-02-09,375.60,376.05,376.05,376.05
1995-02-10,376.00,376.00,376.00,376.00
1995-02-13,376.25,375.45,375.45,375.45
1995-02-14,375.25,376.10,376.10,376.10
1995-02-15,376.35,376.35,376.35,376.35
1995-02-16,376.35,376.40,376.40,376.40
1995-02-17,376.60,378.45,378.45,378.45
1995-02-20,378.90,379.40,379.40,379.40
1995-02-21,379.40,378.35,378.35,378.35
1995-02-22,378.55,379.50,379.50,379.50
1995-02-23,379.50,379.20,379.20,379.20
1995-02-24,379.20,376.60,376.60,376.60
1995-02-27,377.00,376.35,376.35,376.35
1995-02-28,376.45,376.85,376.85,376.85
1995-03-01,377.20,374.90,374.90,374.90
1995-03-02,374.75,376.65,376.65,376.65
1995-03-03,376.65,376.65,376.65,376.65
1995-03-06,376.85,378.90,378.90,378.90
1995-03-07,379.05,383.95,383.95,383.95
1995-03-08,383.70,379.90,379.90,379.90
1995-03-09,379.70,381.40,381.40,381.40
1995-03-10,381.00,381.85,381.85,381.85
1995-03-13,382.55,385.00,385.00,385.00
1995-03-14,385.05,385.75,385.75,385.75
1995-03-15,386.00,386.40,386.40,386.40
1995-03-16,386.55,384.40,384.40,384.40
1995-03-17,384.45,383.40,383.40,383.40
1995-03-20,383.60,382.75,382.75,382.75
1995-03-21,382.65,381.95,381.95,381.95
1995-03-22,382.20,382.60,382.60,382.60
1995-03-23,382.55,383.85,383.85,383.85
1995-03-24,383.70,381.95,381.95,381.95
1995-03-27,382.40,381.90,381.90,381.90
1995-03-28,381.90,382.60,382.60,382.60
1995-03-29,382.55,382.15,382.15,382.15
1995-03-30,382.15,385.75,385.75,385.75
1995-03-31,385.95,390.75,390.75,390.75
1995-04-03,391.25,392.10,392.10,392.10
1995-04-04,392.15,391.80,391.80,391.80
1995-04-05,392.00,394.70,394.70,394.70
1995-04-06,394.75,393.35,393.35,393.35
1995-04-07,393.55,392.65,392.65,392.65
1995-04-10,392.25,389.55,389.55,389.55
1995-04-11,389.55,390.30,390.30,390.30
1995-04-12,390.55,389.95,389.95,389.95
1995-04-13,389.85,389.90,389.90,389.90
1995-04-14,390.50,391.50,391.50,391.50
1995-04-17,390.90,393.60,393.60,393.60
1995-04-18,393.45,396.25,396.25,396.25
1995-04-19,396.25,394.45,394.45,394.45
1995-04-20,394.30,391.90,391.90,391.90
1995-04-21,392.05,390.05,390.05,390.05
1995-04-24,390.85,390.35,390.35,390.35
1995-04-25,390.70,390.05,390.05,390.05
1995-04-26,390.10,386.25,386.25,386.25
1995-04-27,386.25,389.25,389.25,389.25
1995-04-28,389.50,386.75,386.75,386.75
1995-05-01,386.50,387.90,387.90,387.90
1995-05-02,388.05,389.15,389.15,389.15
1995-05-03,389.35,389.60,389.60,389.60
1995-05-04,389.85,391.25,391.25,391.25
1995-05-05,391.45,391.05,391.05,391.05
1995-05-08,390.25,389.60,389.60,389.60
1995-05-09,389.65,383.55,383.55,383.55
1995-05-10,383.70,383.80,383.80,383.80
1995-05-11,383.95,383.25,383.25,383.25
1995-05-12,383.30,383.50,383.50,383.50
1995-05-15,383.55,384.65,384.65,384.65
1995-05-16,383.50,384.50,384.50,384.50
1995-05-17,384.50,383.25,383.25,383.25
1995-05-18,383.25,383.30,383.30,383.30
1995-05-19,383.35,382.25,382.25,382.25
1995-05-22,382.30,381.95,381.95,381.95
1995-05-23,381.45,383.00,383.00,383.00
1995-05-24,383.20,384.00,384.00,384.00
1995-05-25,384.00,385.40,385.40,385.40
1995-05-26,385.30,385.75,385.75,385.75
1995-05-29,385.75,387.00,387.00,387.00
1995-05-30,386.95,384.25,384.25,384.25
1995-05-31,384.55,384.10,384.10,384.10
1995-06-01,384.05,384.45,384.45,384.45
1995-06-02,384.35,383.55,383.55,383.55
1995-06-05,383.55,384.30,384.30,384.30
1995-06-06,384.20,384.50,384.50,384.50
1995-06-07,384.60,386.10,386.10,386.10
1995-06-08,385.75,386.50,386.50,386.50
1995-06-09,386.35,387.95,387.95,387.95
1995-06-12,387.95,387.20,387.20,387.20
1995-06-13,387.20,386.40,386.40,386.40
1995-06-14,386.45,387.90,387.90,387.90
1995-06-15,387.75,390.95,390.95,390.95
1995-06-16,391.25,389.85,389.85,389.85
1995-06-19,390.05,391.25,391.25,391.25
1995-06-20,391.25,390.65,390.65,390.65
1995-06-21,390.50,390.35,390.35,390.35
1995-06-22,390.45,389.85,389.85,389.85
1995-06-23,389.70,389.90,389.90,389.90
1995-06-26,390.00,389.45,389.45,389.45
1995-06-27,389.15,389.20,389.20,389.20
1995-06-28,389.15,387.05,387.05,387.05
1995-06-29,387.20,388.00,388.00,388.00
1995-06-30,388.05,384.40,384.40,384.40
1995-07-03,384.65,384.75,384.75,384.75
1995-07-04,384.65,384.65,384.65,384.65
1995-07-05,384.80,384.00,384.00,384.00
1995-07-06,384.10,384.50,384.50,384.50
1995-07-07,384.75,385.70,385.70,385.70
1995-07-10,385.80,385.70,385.70,385.70
1995-07-11,385.70,385.80,385.80,385.80
1995-07-12,385.85,388.75,388.75,388.75
1995-07-13,389.05,388.45,388.45,388.45
1995-07-14,388.45,388.80,388.80,388.80
1995-07-17,388.60,389.20,389.20,389.20
1995-07-18,389.20,389.30,389.30,389.30
1995-07-19,389.25,388.25,388.25,388.25
1995-07-20,388.15,385.85,385.85,385.85
1995-07-21,385.95,386.35,386.35,386.35
1995-07-24,386.35,387.05,387.05,387.05
1995-07-25,386.95,385.95,385.95,385.95
1995-07-26,386.05,386.50,386.50,386.50
1995-07-27,386.50,383.45,383.45,383.45
1995-07-28,383.50,383.25,383.25,383.25
1995-07-31,383.15,382.60,382.60,382.60
1995-08-01,382.55,383.10,383.10,383.10
1995-08-02,383.20,383.00,383.00,383.00
1995-08-03,383.05,384.35,384.35,384.35
1995-08-04,384.25,383.75,383.75,383.75
1995-08-07,383.45,383.90,383.90,383.90
1995-08-08,384.00,384.60,384.60,384.60
1995-08-09,384.65,384.70,384.70,384.70
1995-08-10,384.70,384.45,384.45,384.45
1995-08-11,384.30,383.60,383.60,383.60
1995-08-14,383.65,384.40,384.40,384.40
1995-08-15,384.40,385.15,385.15,385.15
1995-08-16,385.00,382.70,382.70,382.70
1995-08-17,382.60,384.45,384.45,384.45
1995-08-18,384.65,384.90,384.90,384.90
1995-08-21,384.95,384.65,384.65,384.65
1995-08-22,384.70,383.25,383.25,383.25
1995-08-23,383.20,383.35,383.35,383.35
1995-08-24,383.45,383.30,383.30,383.30
1995-08-25,383.45,383.05,383.05,383.05
1995-08-28,383.15,383.25,383.25,383.25
1995-08-29,383.25,382.10,382.10,382.10
1995-08-30,382.05,381.55,381.55,381.55
1995-08-31,381.50,382.45,382.45,382.45
1995-09-01,382.40,380.85,380.85,380.85
1995-09-04,380.65,379.80,379.80,379.80
1995-09-05,379.75,380.05,380.05,380.05
1995-09-06,379.70,380.10,380.10,380.10
1995-09-07,380.05,382.40,382.40,382.40
1995-09-08,382.60,381.65,381.65,381.65
1995-09-11,381.75,382.60,382.60,382.60
1995-09-12,382.60,384.95,384.95,384.95
1995-09-13,384.80,384.30,384.30,384.30
1995-09-14,384.40,385.35,385.35,385.35
1995-09-15,384.40,385.15,385.15,385.15
1995-09-18,385.15,385.75,385.75,385.75
1995-09-19,385.85,385.25,385.25,385.25
1995-09-20,385.40,384.10,384.10,384.10
1995-09-21,384.00,384.15,384.15,384.15
1995-09-22,384.00,382.75,382.75,382.75
1995-09-25,382.80,382.95,382.95,382.95
1995-09-26,383.05,383.75,383.75,383.75
1995-09-27,383.65,383.25,383.25,383.25
1995-09-28,383.40,383.35,383.35,383.35
1995-09-29,383.45,383.60,383.60,383.60
1995-10-02,383.30,381.95,381.95,381.95
1995-10-03,382.20,382.40,382.40,382.40
1995-10-04,382.40,382.85,382.85,382.85
1995-10-05,382.90,382.60,382.60,382.60
1995-10-06,382.55,383.45,383.45,383.45
1995-10-09,383.45,385.20,385.20,385.20
1995-10-10,385.20,385.00,385.00,385.00
1995-10-11,384.95,384.65,384.65,384.65
1995-10-12,384.75,384.55,384.55,384.55
1995-10-13,384.55,384.10,384.10,384.10
1995-10-16,384.25,383.75,383.75,383.75
1995-10-17,383.85,383.75,383.75,383.75
1995-10-18,383.70,383.75,383.75,383.75
1995-10-19,383.60,381.95,381.95,381.95
1995-10-20,382.05,382.35,382.35,382.35
1995-10-23,382.20,382.40,382.40,382.40
1995-10-24,382.50,382.35,382.35,382.35
1995-10-25,382.40,382.75,382.75,382.75
1995-10-26,382.90,382.65,382.65,382.65
1995-10-27,382.65,382.30,382.30,382.30
1995-10-30,382.10,382.15,382.15,382.15
1995-10-31,382.15,382.55,382.55,382.55
1995-11-01,382.55,382.35,382.35,382.35
1995-11-02,382.40,382.75,382.75,382.75
1995-11-03,382.90,382.35,382.35,382.35
1995-11-06,382.65,382.55,382.55,382.55
1995-11-07,382.35,384.85,384.85,384.85
1995-11-08,384.75,385.10,385.10,385.10
1995-11-09,385.05,385.75,385.75,385.75
1995-11-10,385.85,389.24,389.24,389.24
1995-11-13,388.90,387.25,387.25,387.25
1995-11-14,387.40,385.55,385.55,385.55
1995-11-15,385.45,385.00,385.00,385.00
1995-11-16,385.25,385.75,385.75,385.75
1995-11-17,385.50,386.95,386.95,386.95
1995-11-20,386.85,386.55,386.55,386.55
1995-11-21,386.45,385.10,385.10,385.10
1995-11-22,385.30,382.80,382.80,382.80
1995-11-23,382.80,382.85,382.85,382.85
1995-11-24,382.75,383.65,383.65,383.65
1995-11-27,383.45,385.25,385.25,385.25
1995-11-28,385.35,388.75,388.75,388.75
1995-11-29,389.20,388.80,388.80,388.80
1995-11-30,388.80,387.30,387.30,387.30
1995-12-01,387.25,386.20,386.20,386.20
1995-12-04,386.60,386.10,386.10,386.10
1995-12-05,386.00,387.10,387.10,387.10
1995-12-06,387.20,388.70,388.70,388.70
1995-12-07,388.80,389.00,389.00,389.00
1995-12-08,389.00,389.70,389.70,389.70
1995-12-11,389.80,388.35,388.35,388.35
1995-12-12,388.40,388.20,388.20,388.20
1995-12-13,388.35,386.45,386.45,386.45
1995-12-14,386.45,386.20,386.20,386.20
1995-12-15,386.25,386.25,386.25,386.25
1995-12-18,386.50,387.65,387.65,387.65
1995-12-19,387.90,387.40,387.40,387.40
1995-12-20,387.45,388.75,388.75,388.75
1995-12-21,388.90,387.80,387.80,387.80
1995-12-22,388.10,387.25,387.25,387.25
1995-12-25,387.50,387.50,387.50,387.50
1995-12-26,387.35,387.65,387.65,387.65
1995-12-27,387.60,386.80,386.80,386.80
1995-12-28,386.80,386.80,386.80,386.80
1995-12-29,386.90,387.10,387.10,387.10
1996-01-02,387.10,390.60,390.60,390.60
1996-01-03,390.55,394.35,394.35,394.35
1996-01-04,394.30,394.45,394.45,394.45
1996-01-05,394.40,395.50,395.50,395.50
1996-01-08,395.70,396.60,396.60,396.60
1996-01-09,396.40,396.35,396.35,396.35
1996-01-10,396.45,399.90,399.90,399.90
1996-01-11,399.75,398.45,398.45,398.45
1996-01-12,397.95,396.20,396.20,396.20
1996-01-15,396.65,395.85,395.85,395.85
1996-01-16,396.05,398.35,398.35,398.35
1996-01-17,399.15,399.50,399.50,399.50
1996-01-18,399.65,396.75,396.75,396.75
1996-01-19,396.25,399.40,399.40,399.40
1996-01-22,399.25,403.30,403.30,403.30
1996-01-23,403.40,403.50,403.50,403.50
1996-01-24,403.45,403.10,403.10,403.10
1996-01-25,402.75,406.75,406.75,406.75
1996-01-26,406.65,405.85,405.85,405.85
1996-01-29,405.90,406.05,406.05,406.05
1996-01-30,406.10,404.40,404.40,404.40
1996-01-31,404.40,406.45,406.45,406.45
1996-02-01,406.40,413.00,413.00,413.00
1996-02-02,413.55,415.35,415.35,415.35
1996-02-05,415.60,413.70,413.70,413.70
1996-02-06,413.65,412.40,412.40,412.40
1996-02-07,412.35,408.65,408.65,408.65
1996-02-08,408.95,409.50,409.50,409.50
1996-02-09,409.65,405.45,405.45,405.45
1996-02-12,405.30,401.10,401.10,401.10
1996-02-13,401.35,403.90,403.90,403.90
1996-02-14,404.05,404.25,404.25,404.25
1996-02-15,404.60,403.35,403.35,403.35
1996-02-16,403.45,405.45,405.45,405.45
1996-02-19,405.65,405.65,405.65,405.65
1996-02-20,405.85,399.25,399.25,399.25
1996-02-21,399.25,402.25,402.25,402.25
1996-02-22,402.30,399.75,399.75,399.75
1996-02-23,399.55,398.25,398.25,398.25
1996-02-26,398.05,399.05,399.05,399.05
1996-02-27,399.25,398.25,398.25,398.25
1996-02-28,398.25,400.35,400.35,400.35
1996-02-29,400.15,399.75,399.75,399.75
1996-03-01,399.45,398.75,398.75,398.75
1996-03-04,398.90,393.95,393.95,393.95
1996-03-05,394.10,393.60,393.60,393.60
1996-03-06,393.85,393.25,393.25,393.25
1996-03-07,393.40,395.45,395.45,395.45
1996-03-08,395.55,397.10,397.10,397.10
1996-03-11,397.45,395.55,395.55,395.55
1996-03-12,395.70,396.55,396.55,396.55
1996-03-13,396.60,396.95,396.95,396.95
1996-03-14,396.80,395.70,395.70,395.70
1996-03-15,395.70,396.20,396.20,396.20
1996-03-18,396.25,395.60,395.60,395.60
1996-03-19,395.55,395.35,395.35,395.35
1996-03-20,395.30,395.95,395.95,395.95
1996-03-21,395.95,398.00,398.00,398.00
1996-03-22,397.95,398.35,398.35,398.35
1996-03-25,398.15,398.85,398.85,398.85
1996-03-26,398.05,400.20,400.20,400.20
1996-03-27,400.30,400.15,400.15,400.15
1996-03-28,400.25,396.50,396.50,396.50
1996-03-29,396.75,395.45,395.45,395.45
1996-04-01,395.30,394.95,394.95,394.95
1996-04-02,394.90,393.95,393.95,393.95
1996-04-03,393.95,394.15,394.15,394.15
1996-04-04,394.25,394.75,394.75,394.75
1996-04-05,394.90,394.75,394.75,394.75
1996-04-08,394.90,397.85,397.85,397.85
1996-04-09,397.70,394.50,394.50,394.50
1996-04-10,394.75,395.25,395.25,395.25
1996-04-11,395.35,395.45,395.45,395.45
1996-04-12,395.55,394.55,394.55,394.55
1996-04-15,394.55,393.35,393.35,393.35
1996-04-16,393.35,391.45,391.45,391.45
1996-04-17,391.35,391.15,391.15,391.15
1996-04-18,391.25,390.45,390.45,390.45
1996-04-19,390.45,390.60,390.60,390.60
1996-04-22,390.25,391.65,391.65,391.65
1996-04-23,391.65,391.30,391.30,391.30
1996-04-24,391.55,390.75,390.75,390.75
1996-04-25,390.75,393.35,393.35,393.35
1996-04-26,393.45,390.40,390.40,390.40
1996-04-29,390.45,390.55,390.55,390.55
1996-04-30,390.55,391.65,391.65,391.65
1996-05-01,391.70,393.05,393.05,393.05
1996-05-02,392.95,394.05,394.05,394.05
1996-05-03,394.10,392.45,392.45,392.45
1996-05-06,392.65,394.05,394.05,394.05
1996-05-07,393.95,394.05,394.05,394.05
1996-05-08,394.15,393.05,393.05,393.05
1996-05-09,393.15,392.85,392.85,392.85
1996-05-10,393.05,390.65,390.65,390.65
1996-05-13,390.25,391.45,391.45,391.45
1996-05-14,391.30,391.85,391.85,391.85
1996-05-15,392.00,392.70,392.70,392.70
1996-05-16,392.50,392.70,392.70,392.70
1996-05-17,392.60,392.55,392.55,392.55
1996-05-20,392.05,390.85,390.85,390.85
1996-05-21,390.95,391.45,391.45,391.45
1996-05-22,391.35,391.75,391.75,391.75
1996-05-23,391.75,391.55,391.55,391.55
1996-05-24,391.65,390.90,390.90,390.90
1996-05-27,390.85,391.15,391.15,391.15
1996-05-28,391.20,391.50,391.50,391.50
1996-05-29,391.95,391.25,391.25,391.25
1996-05-30,391.25,391.05,391.05,391.05
1996-05-31,391.10,391.00,391.00,391.00
1996-06-03,391.25,390.55,390.55,390.55
1996-06-04,390.45,388.25,388.25,388.25
1996-06-05,388.25,386.45,386.45,386.45
1996-06-06,386.40,386.15,386.15,386.15
1996-06-07,386.40,385.30,385.30,385.30
1996-06-10,386.60,386.05,386.05,386.05
1996-06-11,386.15,384.55,384.55,384.55
1996-06-12,384.65,384.60,384.60,384.60
1996-06-13,384.55,384.60,384.60,384.60
1996-06-14,384.35,384.90,384.90,384.90
1996-06-17,384.75,384.95,384.95,384.95
1996-06-18,385.10,385.60,385.60,385.60
1996-06-19,385.75,384.50,384.50,384.50
1996-06-20,384.60,384.50,384.50,384.50
1996-06-21,384.45,385.05,385.05,385.05
1996-06-24,384.90,385.05,385.05,385.05
1996-06-25,385.10,384.15,384.15,384.15
1996-06-26,384.25,383.25,383.25,383.25
1996-06-27,383.30,382.15,382.15,382.15
1996-06-28,382.25,380.45,380.45,380.45
1996-07-01,380.25,381.45,381.45,381.45
1996-07-02,381.65,382.25,382.25,382.25
1996-07-03,382.05,381.70,381.70,381.70
1996-07-04,381.80,381.15,381.15,381.15
1996-07-05,381.00,381.75,381.75,381.75
1996-07-08,382.00,381.30,381.30,381.30
1996-07-09,381.20,382.60,382.60,382.60
1996-07-10,382.75,382.60,382.60,382.60
1996-07-11,382.60,383.80,383.80,383.80
1996-07-12,383.50,383.45,383.45,383.45
1996-07-15,383.50,384.55,384.55,384.55
1996-07-16,383.45,383.50,383.50,383.50
1996-07-17,383.50,383.55,383.55,383.55
1996-07-18,383.55,383.85,383.85,383.85
1996-07-19,383.85,384.50,384.50,384.50
1996-07-22,384.60,384.85,384.85,384.85
1996-07-23,384.80,384.60,384.60,384.60
1996-07-24,384.65,385.45,385.45,385.45
1996-07-25,385.20,385.20,385.20,385.20
1996-07-26,385.20,385.25,385.25,385.25
1996-07-29,385.40,384.60,384.60,384.60
1996-07-30,384.50,384.60,384.60,384.60
1996-07-31,384.55,387.05,387.05,387.05
1996-08-01,386.45,386.30,386.30,386.30
1996-08-02,386.35,387.35,387.35,387.35
1996-08-05,387.10,389.00,389.00,389.00
1996-08-06,389.10,388.55,388.55,388.55
1996-08-07,388.60,388.15,388.15,388.15
1996-08-08,388.15,388.55,388.55,388.55
1996-08-09,388.45,387.65,387.65,387.65
1996-08-12,387.85,387.65,387.65,387.65
1996-08-13,387.60,387.85,387.85,387.85
1996-08-14,387.85,386.65,386.65,386.65
1996-08-15,386.55,386.60,386.60,386.60
1996-08-16,386.65,386.45,386.45,386.45
1996-08-19,386.35,387.20,387.20,387.20
1996-08-20,387.25,387.70,387.70,387.70
1996-08-21,387.70,386.85,386.85,386.85
1996-08-22,386.80,387.50,387.50,387.50
1996-08-23,387.65,388.45,388.45,388.45
1996-08-26,388.55,389.45,389.45,389.45
1996-08-27,389.45,388.95,388.95,388.95
1996-08-28,389.00,388.15,388.15,388.15
1996-08-29,388.20,387.80,387.80,387.80
1996-08-30,387.75,386.75,386.75,386.75
1996-09-02,386.60,386.90,386.90,386.90
1996-09-03,386.75,386.50,386.50,386.50
1996-09-04,386.35,385.75,385.75,385.75
1996-09-05,385.85,385.75,385.75,385.75
1996-09-06,385.75,385.25,385.25,385.25
1996-09-09,385.10,383.60,383.60,383.60
1996-09-10,383.50,383.20,383.20,383.20
1996-09-11,383.35,382.85,382.85,382.85
1996-09-12,382.75,382.65,382.65,382.65
1996-09-13,382.65,382.60,382.60,382.60
1996-09-16,382.55,383.35,383.35,383.35
1996-09-17,383.35,382.95,382.95,382.95
1996-09-18,383.00,383.35,383.35,383.35
1996-09-19,383.35,382.75,382.75,382.75
1996-09-20,383.00,381.25,381.25,381.25
1996-09-23,380.95,381.55,381.55,381.55
1996-09-24,381.75,382.85,382.85,382.85
1996-09-25,383.00,382.60,382.60,382.60
1996-09-26,382.55,381.35,381.35,381.35
1996-09-27,381.25,380.55,380.55,380.55
1996-09-30,380.40,378.55,378.55,378.55
1996-10-01,378.45,378.75,378.75,378.75
1996-10-02,378.50,379.80,379.80,379.80
1996-10-03,379.90,380.15,380.15,380.15
1996-10-04,380.50,380.50,380.50,380.50
1996-10-07,380.35,380.65,380.65,380.65
1996-10-08,380.65,381.40,381.40,381.40
1996-10-09,381.15,381.35,381.35,381.35
1996-10-10,381.45,382.05,382.05,382.05
1996-10-11,382.25,381.25,381.25,381.25
1996-10-14,381.25,381.75,381.75,381.75
1996-10-15,381.75,381.25,381.25,381.25
1996-10-16,381.30,381.15,381.15,381.15
1996-10-17,381.00,380.60,380.60,380.60
1996-10-18,380.50,380.35,380.35,380.35
1996-10-21,380.25,381.90,381.90,381.90
1996-10-22,381.70,384.00,384.00,384.00
1996-10-23,383.85,383.85,383.85,383.85
1996-10-24,383.80,383.15,383.15,383.15
1996-10-25,383.15,382.85,382.85,382.85
1996-10-28,382.75,383.25,383.25,383.25
1996-10-29,382.85,380.60,380.60,380.60
1996-10-30,380.45,380.50,380.50,380.50
1996-10-31,380.25,377.95,377.95,377.95
1996-11-01,377.95,378.25,378.25,378.25
1996-11-04,378.05,378.70,378.70,378.70
1996-11-05,378.75,378.75,378.75,378.75
1996-11-06,378.75,377.95,377.95,377.95
1996-11-07,377.95,379.10,379.10,379.10
1996-11-08,379.05,379.45,379.45,379.45
1996-11-11,379.55,381.50,381.50,381.50
1996-11-12,381.65,382.80,382.80,382.80
1996-11-13,382.70,383.15,383.15,383.15
1996-11-14,383.05,381.40,381.40,381.40
1996-11-15,381.30,380.30,380.30,380.30
1996-11-18,380.35,379.05,379.05,379.05
1996-11-19,379.15,378.15,378.15,378.15
1996-11-20,378.15,378.35,378.35,378.35
1996-11-21,378.00,376.70,376.70,376.70
1996-11-22,376.85,376.35,376.35,376.35
1996-11-25,376.45,374.50,374.50,374.50
1996-11-26,374.55,375.05,375.05,375.05
1996-11-27,375.25,373.45,373.45,373.45
1996-11-28,373.40,372.50,372.50,372.50
1996-11-29,372.45,371.40,371.40,371.40
1996-12-02,371.25,368.45,368.45,368.45
1996-12-03,368.25,368.65,368.65,368.65
1996-12-04,369.05,370.95,370.95,370.95
1996-12-05,370.95,370.90,370.90,370.90
1996-12-06,370.95,368.95,368.95,368.95
1996-12-09,369.20,368.10,368.10,368.10
1996-12-10,368.20,368.60,368.60,368.60
1996-12-11,368.75,369.05,369.05,369.05
1996-12-12,368.95,369.15,369.15,369.15
1996-12-13,369.60,368.70,368.70,368.70
1996-12-16,368.75,368.10,368.10,368.10
1996-12-17,368.25,368.55,368.55,368.55
1996-12-18,368.70,369.35,369.35,369.35
1996-12-19,369.05,369.05,369.05,369.05
1996-12-20,368.90,368.75,368.75,368.75
1996-12-23,368.75,368.85,368.85,368.85
1996-12-24,369.00,368.85,368.85,368.85
1996-12-25,368.90,368.90,368.90,368.90
1996-12-26,368.70,369.25,369.25,369.25
1996-12-27,369.25,369.45,369.45,369.45
1996-12-30,369.45,369.45,369.45,369.45
1996-12-31,369.45,368.05,368.05,368.05
1997-01-02,367.90,365.40,365.40,365.40
1997-01-03,365.55,361.05,361.05,361.05
1997-01-06,361.75,357.85,357.85,357.85
1997-01-07,358.05,358.85,358.85,358.85
1997-01-08,358.85,355.90,355.90,355.90
1997-01-09,355.80,357.75,357.75,357.75
1997-01-10,357.65,359.05,359.05,359.05
1997-01-13,358.85,358.50,358.50,358.50
1997-01-14,358.65,354.00,354.00,354.00
1997-01-15,354.05,352.50,352.50,352.50
1997-01-16,352.50,354.55,354.55,354.55
1997-01-17,354.55,355.55,355.55,355.55
1997-01-20,355.45,353.55,353.55,353.55
1997-01-21,353.35,352.95,352.95,352.95
1997-01-22,352.95,350.75,350.75,350.75
1997-01-23,350.85,351.95,351.95,351.95
1997-01-24,352.05,352.35,352.35,352.35
1997-01-27,352.75,356.25,356.25,356.25
1997-01-28,356.25,353.25,353.25,353.25
1997-01-29,353.25,351.25,351.25,351.25
1997-01-30,351.10,345.65,345.65,345.65
1997-01-31,345.55,344.35,344.35,344.35
1997-02-03,344.65,346.65,346.65,346.65
1997-02-04,346.65,344.35,344.35,344.35
1997-02-05,344.35,344.35,344.35,344.35
1997-02-06,344.25,343.05,343.05,343.05
1997-02-07,342.65,341.75,341.75,341.75
1997-02-10,342.40,341.40,341.40,341.40
1997-02-11,341.50,339.85,339.85,339.85
1997-02-12,339.65,342.90,342.90,342.90
1997-02-13,342.55,341.00,341.00,341.00
1997-02-14,341.25,344.75,344.75,344.75
1997-02-17,345.10,344.25,344.25,344.25
1997-02-18,343.95,345.85,345.85,345.85
1997-02-19,345.65,345.25,345.25,345.25
1997-02-20,345.05,350.50,350.50,350.50
1997-02-21,350.75,352.25,352.25,352.25
1997-02-24,351.80,353.25,353.25,353.25
1997-02-25,353.45,354.25,354.25,354.25
1997-02-26,354.25,354.25,354.25,354.25
1997-02-27,354.15,359.15,359.15,359.15
1997-02-28,359.25,363.25,363.25,363.25
1997-03-03,363.70,361.90,361.90,361.90
1997-03-04,361.85,358.95,358.95,358.95
1997-03-05,359.05,352.95,352.95,352.95
1997-03-06,352.95,352.15,352.15,352.15
1997-03-07,352.25,348.75,348.75,348.75
1997-03-10,348.85,351.85,351.85,351.85
1997-03-11,351.50,353.55,353.55,353.55
1997-03-12,353.55,352.10,352.10,352.10
1997-03-13,352.20,353.55,353.55,353.55
1997-03-14,354.10,352.25,352.25,352.25
1997-03-17,352.25,347.75,347.75,347.75
1997-03-18,347.50,349.45,349.45,349.45
1997-03-19,349.80,352.00,352.00,352.00
1997-03-20,352.05,351.50,351.50,351.50
1997-03-21,351.50,352.85,352.85,352.85
1997-03-24,352.75,350.00,350.00,350.00
1997-03-25,349.85,347.85,347.85,347.85
1997-03-26,347.70,350.35,350.35,350.35
1997-03-27,350.35,349.45,349.45,349.45
1997-03-28,349.50,349.75,349.75,349.75
1997-03-31,349.75,351.15,351.15,351.15
1997-04-01,351.15,351.95,351.95,351.95
1997-04-02,352.00,349.05,349.05,349.05
1997-04-03,349.25,348.85,348.85,348.85
1997-04-04,348.85,348.75,348.75,348.75
1997-04-07,348.75,348.05,348.05,348.05
1997-04-08,348.15,348.55,348.55,348.55
1997-04-09,348.35,348.05,348.05,348.05
1997-04-10,347.85,348.65,348.65,348.65
1997-04-11,348.65,346.95,346.95,346.95
1997-04-14,346.75,346.25,346.25,346.25
1997-04-15,346.30,342.05,342.05,342.05
1997-04-16,341.90,341.55,341.55,341.55
1997-04-17,341.45,342.55,342.55,342.55
1997-04-18,342.45,341.45,341.45,341.45
1997-04-21,341.45,342.90,342.90,342.90
1997-04-22,342.70,341.30,341.30,341.30
1997-04-23,341.35,341.35,341.35,341.35
1997-04-24,341.35,340.75,340.75,340.75
1997-04-25,340.55,342.15,342.15,342.15
1997-04-28,342.05,339.65,339.65,339.65
1997-04-29,339.75,339.95,339.95,339.95
1997-04-30,339.95,339.35,339.35,339.35
1997-05-01,339.55,340.45,340.45,340.45
1997-05-02,340.35,340.25,340.25,340.25
1997-05-05,340.25,342.85,342.85,342.85
1997-05-06,342.75,340.45,340.45,340.45
1997-05-07,340.35,341.45,341.45,341.45
1997-05-08,341.65,343.75,343.75,343.75
1997-05-09,343.65,348.05,348.05,348.05
1997-05-12,348.35,347.65,347.65,347.65
1997-05-13,347.55,349.50,349.50,349.50
1997-05-14,349.25,347.80,347.80,347.80
1997-05-15,347.35,347.45,347.45,347.45
1997-05-16,347.25,344.05,344.05,344.05
1997-05-19,344.45,341.55,341.55,341.55
1997-05-20,341.00,343.10,343.10,343.10
1997-05-21,343.15,342.95,342.95,342.95
1997-05-22,343.10,342.65,342.65,342.65
1997-05-23,342.75,342.60,342.60,342.60
1997-05-26,342.65,343.00,343.00,343.00
1997-05-27,343.00,344.05,344.05,344.05
1997-05-28,343.95,344.85,344.85,344.85
1997-05-29,344.50,345.75,345.75,345.75
1997-05-30,345.85,344.65,344.65,344.65
1997-06-02,344.70,343.50,343.50,343.50
1997-06-03,343.65,343.25,343.25,343.25
1997-06-04,343.35,341.25,341.25,341.25
1997-06-05,341.45,343.35,343.35,343.35
1997-06-06,343.50,343.45,343.45,343.45
1997-06-09,343.75,344.20,344.20,344.20
1997-06-10,344.15,344.05,344.05,344.05
1997-06-11,344.20,343.55,343.55,343.55
1997-06-12,343.65,341.55,341.55,341.55
1997-06-13,341.65,341.05,341.05,341.05
1997-06-16,341.25,342.65,342.65,342.65
1997-06-17,342.25,341.75,341.75,341.75
1997-06-18,341.75,339.25,339.25,339.25
1997-06-19,339.25,340.35,340.35,340.35
1997-06-20,340.25,337.65,337.65,337.65
1997-06-23,337.35,339.75,339.75,339.75
1997-06-24,340.25,337.75,337.75,337.75
1997-06-25,337.35,337.35,337.35,337.35
1997-06-26,337.35,338.25,338.25,338.25
1997-06-27,338.35,334.65,334.65,334.65
1997-06-30,335.00,333.95,333.95,333.95
1997-07-01,333.95,334.25,334.25,334.25
1997-07-02,334.25,331.35,331.35,331.35
1997-07-03,331.75,325.75,325.75,325.75
1997-07-04,324.75,324.50,324.50,324.50
1997-07-07,323.40,318.00,318.00,318.00
1997-07-08,317.65,319.85,319.85,319.85
1997-07-09,318.75,318.15,318.15,318.15
1997-07-10,318.45,319.85,319.85,319.85
1997-07-11,319.75,321.35,321.35,321.35
1997-07-14,321.45,319.70,319.70,319.70
1997-07-15,319.70,318.05,318.05,318.05
1997-07-16,317.35,318.05,318.05,318.05
1997-07-17,317.85,323.75,323.75,323.75
1997-07-18,323.65,328.95,328.95,328.95
1997-07-21,328.25,325.55,325.55,325.55
1997-07-22,325.55,325.25,325.25,325.25
1997-07-23,324.25,323.10,323.10,323.10
1997-07-24,323.18,323.38,323.38,323.38
1997-07-25,323.25,326.00,326.00,326.00
1997-07-28,325.82,328.62,328.62,328.62
1997-07-29,328.00,325.95,325.95,325.95
1997-07-30,326.10,326.05,326.05,326.05
1997-07-31,326.15,324.55,324.55,324.55
1997-08-01,324.65,324.65,324.65,324.65
1997-08-04,324.80,323.90,323.90,323.90
1997-08-05,323.85,320.75,320.75,320.75
1997-08-06,320.35,318.55,318.55,318.55
1997-08-07,318.60,321.95,321.95,321.95
1997-08-08,321.55,327.15,327.15,327.15
1997-08-11,326.50,328.45,328.45,328.45
1997-08-12,328.35,327.05,327.05,327.05
1997-08-13,327.25,327.15,327.15,327.15
1997-08-14,327.05,324.05,324.05,324.05
1997-08-15,324.10,326.05,326.05,326.05
1997-08-18,326.75,321.35,321.35,321.35
1997-08-19,321.75,323.25,323.25,323.25
1997-08-20,323.00,321.45,321.45,321.45
1997-08-21,321.88,323.88,323.88,323.88
1997-08-22,323.50,326.45,326.45,326.45
1997-08-25,326.25,324.70,324.70,324.70
1997-08-26,324.50,325.90,325.90,325.90
1997-08-27,325.75,325.45,325.45,325.45
1997-08-28,325.65,323.95,323.95,323.95
1997-08-29,324.55,324.15,324.15,324.15
1997-09-01,324.15,324.55,324.55,324.55
1997-09-02,324.45,322.50,322.50,322.50
1997-09-03,322.40,322.00,322.00,322.00
1997-09-04,322.00,321.55,321.55,321.55
1997-09-05,321.45,322.55,322.55,322.55
1997-09-08,322.50,321.95,321.95,321.95
1997-09-09,321.75,321.50,321.50,321.50
1997-09-10,321.25,321.75,321.75,321.75
1997-09-11,321.65,324.25,324.25,324.25
1997-09-12,324.10,324.15,324.15,324.15
1997-09-15,323.60,323.05,323.05,323.05
1997-09-16,322.85,320.75,320.75,320.75
1997-09-17,320.75,320.25,320.25,320.25
1997-09-18,320.45,320.65,320.65,320.65
1997-09-19,320.75,320.85,320.85,320.85
1997-09-22,320.85,321.25,321.25,321.25
1997-09-23,321.15,321.95,321.95,321.95
1997-09-24,321.65,323.10,323.10,323.10
1997-09-25,323.25,327.15,327.15,327.15
1997-09-26,326.65,326.75,326.75,326.75
1997-09-29,326.15,328.25,328.25,328.25
1997-09-30,328.00,334.45,334.45,334.45
1997-10-01,333.65,333.75,333.75,333.75
1997-10-02,333.65,331.45,331.45,331.45
1997-10-03,331.35,334.85,334.85,334.85
1997-10-06,334.55,332.55,332.55,332.55
1997-10-07,332.30,331.45,331.45,331.45
1997-10-08,331.25,333.25,333.25,333.25
1997-10-09,333.55,327.75,327.75,327.75
1997-10-10,327.45,329.65,329.65,329.65
1997-10-13,329.95,328.45,328.45,328.45
1997-10-14,328.75,327.95,327.95,327.95
1997-10-15,327.95,326.95,326.95,326.95
1997-10-16,326.85,325.85,325.85,325.85
1997-10-17,326.10,325.25,325.25,325.25
1997-10-20,325.25,323.65,323.65,323.65
1997-10-21,323.50,322.70,322.70,322.70
1997-10-22,322.75,322.45,322.45,322.45
1997-10-23,322.60,323.65,323.65,323.65
1997-10-24,323.50,309.00,309.00,309.00
1997-10-27,309.25,311.85,311.85,311.85
1997-10-28,311.25,315.75,315.75,315.75
1997-10-29,316.25,313.85,313.85,313.85
1997-10-30,313.35,316.45,316.45,316.45
1997-10-31,316.25,311.45,311.45,311.45
1997-11-03,311.75,313.45,313.45,313.45
1997-11-04,313.70,313.85,313.85,313.85
1997-11-05,313.95,313.55,313.55,313.55
1997-11-06,313.45,312.45,312.45,312.45
1997-11-07,312.50,310.25,310.25,310.25
1997-11-10,309.75,310.15,310.15,310.15
1997-11-11,310.15,309.75,309.75,309.75
1997-11-12,309.75,307.45,307.45,307.45
1997-11-13,307.45,307.85,307.85,307.85
1997-11-14,308.15,303.35,303.35,303.35
1997-11-17,303.25,303.85,303.85,303.85
1997-11-18,303.85,306.75,306.75,306.75
1997-11-19,306.15,304.05,304.05,304.05
1997-11-20,304.25,302.85,302.85,302.85
1997-11-21,303.25,304.95,304.95,304.95
1997-11-24,304.85,302.95,302.95,302.95
1997-11-25,302.85,300.35,300.35,300.35
1997-11-26,299.80,296.75,296.75,296.75
1997-11-27,296.80,296.00,296.00,296.00
1997-11-28,295.95,297.00,297.00,297.00
1997-12-01,297.25,293.85,293.85,293.85
1997-12-02,293.65,293.85,293.85,293.85
1997-12-03,293.50,292.35,292.35,292.35
1997-12-04,292.15,286.25,286.25,286.25
1997-12-05,286.25,288.25,288.25,288.25
1997-12-08,288.15,287.85,287.85,287.85
1997-12-09,287.55,282.75,282.75,282.75
1997-12-10,283.15,286.65,286.65,286.65
1997-12-11,286.75,284.05,284.05,284.05
1997-12-12,283.95,282.85,282.85,282.85
1997-12-15,282.55,284.35,284.35,284.35
1997-12-16,284.05,283.55,283.55,283.55
1997-12-17,284.05,289.15,289.15,289.15
1997-12-18,288.15,287.35,287.35,287.35
1997-12-19,287.05,289.05,289.05,289.05
1997-12-22,289.25,291.05,291.05,291.05
1997-12-23,291.55,294.05,294.05,294.05
1997-12-24,294.05,296.45,296.45,296.45
1997-12-25,296.50,296.75,296.75,296.75
1997-12-26,296.25,294.85,294.85,294.85
1997-12-29,295.25,291.05,291.05,291.05
1997-12-30,291.25,290.55,290.55,290.55
1997-12-31,290.45,289.05,289.05,289.05
1998-01-02,288.85,288.25,288.25,288.25
1998-01-05,287.65,281.85,281.85,281.85
1998-01-06,281.85,281.45,281.45,281.45
1998-01-07,280.75,283.85,283.85,283.85
1998-01-08,283.25,280.95,280.95,280.95
1998-01-09,281.05,278.65,278.65,278.65
1998-01-12,278.35,278.15,278.15,278.15
1998-01-13,277.80,282.75,282.75,282.75
1998-01-14,283.15,281.95,281.95,281.95
1998-01-15,281.45,285.55,285.55,285.55
1998-01-16,286.25,290.15,290.15,290.15
1998-01-19,290.55,287.55,287.55,287.55
1998-01-20,287.55,290.45,290.45,290.45
1998-01-21,291.35,292.55,292.55,292.55
1998-01-22,293.00,290.45,290.45,290.45
1998-01-23,290.88,299.62,299.62,299.62
1998-01-26,298.75,297.05,297.05,297.05
1998-01-27,297.50,300.75,300.75,300.75
1998-01-28,300.60,305.00,305.00,305.00
1998-01-29,305.50,302.85,302.85,302.85
1998-01-30,302.25,302.45,302.45,302.45
1998-02-02,302.85,302.95,302.95,302.95
1998-02-03,303.00,295.35,295.35,295.35
1998-02-04,295.45,299.35,299.35,299.35
1998-02-05,299.10,298.65,298.65,298.65
1998-02-06,298.75,298.15,298.15,298.15
1998-02-09,298.05,299.75,299.75,299.75
1998-02-10,299.80,300.45,300.45,300.45
1998-02-11,300.55,300.05,300.05,300.05
1998-02-12,300.45,298.75,298.75,298.75
1998-02-13,298.60,299.85,299.85,299.85
1998-02-16,299.55,298.25,298.25,298.25
1998-02-17,298.45,298.00,298.00,298.00
1998-02-18,297.45,297.55,297.55,297.55
1998-02-19,297.85,298.95,298.95,298.95
1998-02-20,298.85,297.25,297.25,297.25
1998-02-23,296.75,293.45,293.45,293.45
1998-02-24,293.45,291.45,291.45,291.45
1998-02-25,291.85,292.05,292.05,292.05
1998-02-26,291.85,294.65,294.65,294.65
1998-02-27,294.60,299.15,299.15,299.15
1998-03-02,299.40,299.70,299.70,299.70
1998-03-03,299.50,297.85,297.85,297.85
1998-03-04,297.55,296.05,296.05,296.05
1998-03-05,296.00,293.45,293.45,293.45
1998-03-06,293.50,294.45,294.45,294.45
1998-03-09,294.15,294.45,294.45,294.45
1998-03-10,294.30,296.00,296.00,296.00
1998-03-11,295.75,294.60,294.60,294.60
1998-03-12,294.60,294.55,294.55,294.55
1998-03-13,294.45,295.35,295.35,295.35
1998-03-16,295.50,294.55,294.55,294.55
1998-03-17,294.45,291.95,291.95,291.95
1998-03-18,292.05,291.15,291.15,291.15
1998-03-19,291.45,291.55,291.55,291.55
1998-03-20,291.30,291.75,291.75,291.75
1998-03-23,291.75,298.95,298.95,298.95
1998-03-24,298.35,299.65,299.65,299.65
1998-03-25,299.25,299.05,299.05,299.05
1998-03-26,299.35,301.55,301.55,301.55
1998-03-27,301.10,302.85,302.85,302.85
1998-03-30,302.75,301.65,301.65,301.65
1998-03-31,301.40,300.95,300.95,300.95
1998-04-01,300.95,299.75,299.75,299.75
1998-04-02,299.75,302.25,302.25,302.25
1998-04-03,302.10,308.25,308.25,308.25
1998-04-06,308.05,309.05,309.05,309.05
1998-04-07,309.35,309.75,309.75,309.75
1998-04-08,310.05,309.35,309.35,309.35
1998-04-09,309.30,308.45,308.45,308.45
1998-04-10,308.50,310.75,310.75,310.75
1998-04-13,310.50,310.95,310.95,310.95
1998-04-14,310.85,308.25,308.25,308.25
1998-04-15,308.35,307.25,307.25,307.25
1998-04-16,306.95,308.15,308.15,308.15
1998-04-17,308.15,307.75,307.75,307.75
1998-04-20,306.95,307.95,307.95,307.95
1998-04-21,307.85,310.75,310.75,310.75
1998-04-22,310.65,313.25,313.25,313.25
1998-04-23,312.85,314.05,314.05,314.05
1998-04-24,314.10,312.65,312.65,312.65
1998-04-27,312.45,309.65,309.65,309.65
1998-04-28,309.85,307.95,307.95,307.95
1998-04-29,308.05,310.25,310.25,310.25
1998-04-30,310.15,306.65,306.65,306.65
1998-05-01,306.85,302.25,302.25,302.25
1998-05-04,302.75,304.35,304.35,304.35
1998-05-05,303.75,303.35,303.35,303.35
1998-05-06,303.25,300.75,300.75,300.75
1998-05-07,300.60,298.55,298.55,298.55
1998-05-08,298.60,299.85,299.85,299.85
1998-05-11,299.65,300.35,300.35,300.35
1998-05-12,300.20,297.90,297.90,297.90
1998-05-13,298.00,298.45,298.45,298.45
1998-05-14,298.55,299.15,299.15,299.15
1998-05-15,298.90,301.25,301.25,301.25
1998-05-18,301.00,299.55,299.55,299.55
1998-05-19,299.25,298.65,298.65,298.65
1998-05-20,298.55,299.65,299.65,299.65
1998-05-21,299.45,301.15,301.15,301.15
1998-05-22,301.75,299.85,299.85,299.85
1998-05-25,299.60,299.75,299.75,299.75
1998-05-26,299.55,295.55,295.55,295.55
1998-05-27,295.10,293.85,293.85,293.85
1998-05-28,294.00,293.10,293.10,293.10
1998-05-29,293.00,292.95,292.95,292.95
1998-06-01,293.10,288.45,288.45,288.45
1998-06-02,288.20,291.40,291.40,291.40
1998-06-03,291.35,293.15,293.15,293.15
1998-06-04,292.95,293.70,293.70,293.70
1998-06-05,293.50,291.65,291.65,291.65
1998-06-08,291.70,296.25,296.25,296.25
1998-06-09,295.35,293.65,293.65,293.65
1998-06-10,293.50,293.25,293.25,293.25
1998-06-11,292.85,286.85,286.85,286.85
1998-06-12,286.60,286.00,286.00,286.00
1998-06-15,285.55,284.85,284.85,284.85
1998-06-16,284.55,288.65,288.65,288.65
1998-06-17,288.80,293.45,293.45,293.45
1998-06-18,293.65,293.25,293.25,293.25
1998-06-19,293.15,298.75,298.75,298.75
1998-06-22,297.00,295.45,295.45,295.45
1998-06-23,295.65,295.05,295.05,295.05
1998-06-24,294.80,292.85,292.85,292.85
1998-06-25,292.45,293.90,293.90,293.90
1998-06-26,293.65,293.85,293.85,293.85
1998-06-29,293.15,293.65,293.65,293.65
1998-06-30,293.45,296.95,296.95,296.95
1998-07-01,296.95,296.45,296.45,296.45
1998-07-02,296.35,293.85,293.85,293.85
1998-07-03,293.95,294.75,294.75,294.75
1998-07-06,294.10,293.25,293.25,293.25
1998-07-07,293.35,295.05,295.05,295.05
1998-07-08,295.15,293.25,293.25,293.25
1998-07-09,293.35,291.70,291.70,291.70
1998-07-10,291.25,290.85,290.85,290.85
1998-07-13,289.85,291.65,291.65,291.65
1998-07-14,291.85,293.15,293.15,293.15
1998-07-15,293.45,293.75,293.75,293.75
1998-07-16,293.65,293.45,293.45,293.45
1998-07-17,293.40,294.50,294.50,294.50
1998-07-20,294.50,296.15,296.15,296.15
1998-07-21,295.85,294.85,294.85,294.85
1998-07-22,295.05,294.15,294.15,294.15
1998-07-23,294.25,293.40,293.40,293.40
1998-07-24,293.75,291.45,291.45,291.45
1998-07-27,291.50,290.35,290.35,290.35
1998-07-28,289.75,291.75,291.75,291.75
1998-07-29,291.65,290.05,290.05,290.05
1998-07-30,290.30,289.50,289.50,289.50
1998-07-31,288.75,286.45,286.45,286.45
1998-08-03,286.62,283.88,283.88,283.88
1998-08-04,283.50,288.95,288.95,288.95
1998-08-05,288.55,287.95,287.95,287.95
1998-08-06,287.75,287.35,287.35,287.35
1998-08-07,287.55,286.65,286.65,286.65
1998-08-10,286.85,287.45,287.45,287.45
1998-08-11,286.85,283.95,283.95,283.95
1998-08-12,284.05,282.75,282.75,282.75
1998-08-13,283.00,285.35,285.35,285.35
1998-08-14,285.65,284.05,284.05,284.05
1998-08-17,283.80,285.05,285.05,285.05
1998-08-18,285.00,284.95,284.95,284.95
1998-08-19,285.25,283.35,283.35,283.35
1998-08-20,283.55,285.15,285.15,285.15
1998-08-21,284.75,284.80,284.80,284.80
1998-08-24,284.25,284.65,284.65,284.65
1998-08-25,284.65,283.05,283.05,283.05
1998-08-26,283.25,282.25,282.25,282.25
1998-08-27,281.85,276.55,276.55,276.55
1998-08-28,277.05,274.35,274.35,274.35
1998-08-31,274.15,276.65,276.65,276.65
1998-09-01,277.35,278.85,278.85,278.85
1998-09-02,278.80,280.15,280.15,280.15
1998-09-03,280.10,284.95,284.95,284.95
1998-09-04,285.20,286.85,286.85,286.85
1998-09-07,287.05,288.45,288.45,288.45
1998-09-08,288.25,286.05,286.05,286.05
1998-09-09,286.10,284.25,284.25,284.25
1998-09-10,284.25,290.45,290.45,290.45
1998-09-11,290.75,293.75,293.75,293.75
1998-09-14,292.70,290.35,290.35,290.35
1998-09-15,290.05,289.95,289.95,289.95
1998-09-16,289.45,287.85,287.85,287.85
1998-09-17,287.90,291.45,291.45,291.45
1998-09-18,291.50,291.45,291.45,291.45
1998-09-21,290.65,288.95,288.95,288.95
1998-09-22,288.75,287.85,287.85,287.85
1998-09-23,287.75,289.75,289.75,289.75
1998-09-24,289.75,294.15,294.15,294.15
1998-09-25,293.95,294.15,294.15,294.15
1998-09-28,294.25,295.75,295.75,295.75
1998-09-29,296.15,294.75,294.75,294.75
1998-09-30,294.95,296.95,296.95,296.95
1998-10-01,296.55,299.85,299.85,299.85
1998-10-02,300.20,300.55,300.55,300.55
1998-10-05,300.35,296.65,296.65,296.65
1998-10-06,296.25,296.25,296.25,296.25
1998-10-07,296.80,301.55,301.55,301.55
1998-10-08,301.30,299.65,299.65,299.65
1998-10-09,301.55,296.75,296.75,296.75
1998-10-12,296.70,296.25,296.25,296.25
1998-10-13,296.35,296.55,296.55,296.55
1998-10-14,296.70,296.15,296.15,296.15
1998-10-15,296.10,299.50,299.50,299.50
1998-10-16,300.00,299.95,299.95,299.95
1998-10-19,299.95,296.15,296.15,296.15
1998-10-20,295.95,296.25,296.25,296.25
1998-10-21,296.60,295.25,295.25,295.25
1998-10-22,295.35,292.55,292.55,292.55
1998-10-23,292.35,292.95,292.95,292.95
1998-10-26,292.80,292.50,292.50,292.50
1998-10-27,292.15,293.65,293.65,293.65
1998-10-28,293.70,293.05,293.05,293.05
1998-10-29,293.20,293.65,293.65,293.65
1998-10-30,293.65,292.55,292.55,292.55
1998-11-02,292.75,290.25,290.25,290.25
1998-11-03,290.00,289.15,289.15,289.15
1998-11-04,288.95,290.75,290.75,290.75
1998-11-05,290.85,293.95,293.95,293.95
1998-11-06,293.65,293.05,293.05,293.05
1998-11-09,292.85,292.75,292.75,292.75
1998-11-10,292.75,293.25,293.25,293.25
1998-11-11,293.35,292.95,292.95,292.95
1998-11-12,293.40,296.75,296.75,296.75
1998-11-13,296.75,295.85,295.85,295.85
1998-11-16,295.75,294.95,294.95,294.95
1998-11-17,294.80,294.55,294.55,294.55
1998-11-18,294.05,297.25,297.25,297.25
1998-11-19,296.80,295.75,295.75,295.75
1998-11-20,295.85,296.05,296.05,296.05
1998-11-23,296.00,296.70,296.70,296.70
1998-11-24,296.65,296.20,296.20,296.20
1998-11-25,296.30,296.60,296.60,296.60
1998-11-26,296.40,296.55,296.55,296.55
1998-11-27,296.15,295.85,295.85,295.85
1998-11-30,296.10,292.95,292.95,292.95
1998-12-01,293.15,293.75,293.75,293.75
1998-12-02,293.75,293.05,293.05,293.05
1998-12-03,293.25,291.85,291.85,291.85
1998-12-04,292.05,292.50,292.50,292.50
1998-12-07,292.15,295.15,295.15,295.15
1998-12-08,294.85,293.65,293.65,293.65
1998-12-09,293.90,294.05,294.05,294.05
1998-12-10,294.15,294.25,294.25,294.25
1998-12-11,294.70,290.85,290.85,290.85
1998-12-14,291.15,291.35,291.35,291.35
1998-12-15,291.35,292.75,292.75,292.75
1998-12-16,292.85,295.05,295.05,295.05
1998-12-17,295.75,291.75,291.75,291.75
1998-12-18,291.80,289.25,289.25,289.25
1998-12-21,289.65,288.95,288.95,288.95
1998-12-22,288.85,288.10,288.10,288.10
1998-12-23,288.25,286.75,286.75,286.75
1998-12-24,286.95,286.35,286.35,286.35
1998-12-25,286.25,286.75,286.75,286.75
1998-12-28,286.35,286.75,286.75,286.75
1998-12-29,286.65,286.25,286.25,286.25
1998-12-30,286.25,287.15,287.15,287.15
1998-12-31,287.25,288.25,288.25,288.25
1999-01-04,288.55,287.35,287.35,287.35
1999-01-05,287.65,286.95,286.95,286.95
1999-01-06,287.00,287.75,287.75,287.75
1999-01-07,288.25,291.55,291.55,291.55
1999-01-08,291.05,291.25,291.25,291.25
1999-01-11,291.50,292.90,292.90,292.90
1999-01-12,292.90,288.55,288.55,288.55
1999-01-13,288.85,286.95,286.95,286.95
1999-01-14,286.25,286.85,286.85,286.85
1999-01-15,286.55,287.05,287.05,287.05
1999-01-18,286.65,286.95,286.95,286.95
1999-01-19,287.05,286.55,286.55,286.55
1999-01-20,286.65,287.25,287.25,287.25
1999-01-21,287.15,287.75,287.75,287.75
1999-01-22,287.60,286.55,286.55,286.55
1999-01-25,286.45,287.85,287.85,287.85
1999-01-26,287.75,286.15,286.15,286.15
1999-01-27,286.05,283.35,283.35,283.35
1999-01-28,283.30,284.15,284.15,284.15
1999-01-29,284.35,286.35,286.35,286.35
1999-02-01,286.65,288.75,288.75,288.75
1999-02-02,288.65,288.65,288.65,288.65
1999-02-03,288.45,287.55,287.55,287.55
1999-02-04,287.50,289.45,289.45,289.45
1999-02-05,289.55,288.55,288.55,288.55
1999-02-08,288.75,289.50,289.50,289.50
1999-02-09,289.05,287.65,287.65,287.65
1999-02-10,287.50,287.25,287.25,287.25
1999-02-11,287.10,287.75,287.75,287.75
1999-02-12,287.65,289.55,289.55,289.55
1999-02-15,289.40,289.50,289.50,289.50
1999-02-16,288.85,285.45,285.45,285.45
1999-02-17,284.35,284.85,284.85,284.85
1999-02-18,285.05,285.75,285.75,285.75
1999-02-19,286.35,288.25,288.25,288.25
1999-02-22,287.60,287.15,287.15,287.15
1999-02-23,287.05,287.25,287.25,287.25
1999-02-24,287.35,287.75,287.75,287.75
1999-02-25,287.75,287.75,287.75,287.75
1999-02-26,287.80,286.80,286.80,286.80
1999-03-01,286.90,286.50,286.50,286.50
1999-03-02,286.45,286.95,286.95,286.95
1999-03-03,286.85,287.05,287.05,287.05
1999-03-04,286.55,287.95,287.95,287.95
1999-03-05,288.35,288.15,288.15,288.15
1999-03-08,288.10,291.25,291.25,291.25
1999-03-09,291.45,291.95,291.95,291.95
1999-03-10,292.00,293.05,293.05,293.05
1999-03-11,292.75,294.15,294.15,294.15
1999-03-12,294.45,292.35,292.35,292.35
1999-03-15,292.70,286.90,286.90,286.90
1999-03-16,286.95,283.65,283.65,283.65
1999-03-17,284.05,283.95,283.95,283.95
1999-03-18,284.10,283.25,283.25,283.25
1999-03-19,283.10,284.25,284.25,284.25
1999-03-22,284.45,284.45,284.45,284.45
1999-03-23,284.65,284.55,284.55,284.55
1999-03-24,284.55,284.05,284.05,284.05
1999-03-25,283.85,283.45,283.45,283.45
1999-03-26,283.25,279.75,279.75,279.75
1999-03-29,279.90,280.35,280.35,280.35
1999-03-30,280.25,279.25,279.25,279.25
1999-03-31,279.25,280.05,280.05,280.05
1999-04-01,280.10,280.45,280.45,280.45
1999-04-02,279.75,279.25,279.25,279.25
1999-04-05,279.30,278.45,278.45,278.45
1999-04-06,278.35,280.00,280.00,280.00
1999-04-07,280.05,280.35,280.35,280.35
1999-04-08,280.25,280.65,280.65,280.65
1999-04-09,280.55,281.55,281.55,281.55
1999-04-12,281.55,282.85,282.85,282.85
1999-04-13,282.50,283.35,283.35,283.35
1999-04-14,283.55,281.45,281.45,281.45
1999-04-15,282.25,284.00,284.00,284.00
1999-04-16,283.95,283.85,283.85,283.85
1999-04-19,283.25,284.55,284.55,284.55
1999-04-20,284.55,284.35,284.35,284.35
1999-04-21,284.35,283.85,283.85,283.85
1999-04-22,283.75,283.55,283.55,283.55
1999-04-23,283.55,283.55,283.55,283.55
1999-04-26,283.45,281.25,281.25,281.25
1999-04-27,281.15,282.00,282.00,282.00
1999-04-28,281.95,282.75,282.75,282.75
1999-04-29,282.90,286.05,286.05,286.05
1999-04-30,285.75,286.65,286.65,286.65
1999-05-03,286.25,286.35,286.35,286.35
1999-05-04,286.45,285.55,285.55,285.55
1999-05-05,285.75,287.35,287.35,287.35
1999-05-06,287.05,289.35,289.35,289.35
1999-05-07,289.05,282.75,282.75,282.75
1999-05-10,282.35,278.05,278.05,278.05
1999-05-11,278.25,278.25,278.25,278.25
1999-05-12,278.05,277.05,277.05,277.05
1999-05-13,277.15,277.75,277.75,277.75
1999-05-14,277.65,275.95,275.95,275.95
1999-05-17,275.90,274.45,274.45,274.45
1999-05-18,275.65,274.05,274.05,274.05
1999-05-19,273.85,273.15,273.15,273.15
1999-05-20,273.25,274.45,274.45,274.45
1999-05-21,274.45,273.00,273.00,273.00
1999-05-24,273.05,272.45,272.45,272.45
1999-05-25,272.95,270.55,270.55,270.55
1999-05-26,270.60,269.15,269.15,269.15
1999-05-27,269.10,270.50,270.50,270.50
1999-05-28,270.45,270.25,270.25,270.25
1999-05-31,270.20,270.35,270.35,270.35
1999-06-01,270.05,267.65,267.65,267.65
1999-06-02,267.70,265.40,265.40,265.40
1999-06-03,265.25,265.75,265.75,265.75
1999-06-04,266.15,265.35,265.35,265.35
1999-06-07,265.45,265.65,265.65,265.65
1999-06-08,265.45,262.25,262.25,262.25
1999-06-09,262.25,259.35,259.35,259.35
1999-06-10,259.20,258.45,258.45,258.45
1999-06-11,258.05,260.65,260.65,260.65
1999-06-14,260.15,260.50,260.50,260.50
1999-06-15,260.50,259.15,259.15,259.15
1999-06-16,258.90,258.40,258.40,258.40
1999-06-17,258.50,258.45,258.45,258.45
1999-06-18,258.35,259.55,259.55,259.55
1999-06-21,259.10,259.00,259.00,259.00
1999-06-22,258.95,258.35,258.35,258.35
1999-06-23,258.15,260.65,260.65,260.65
1999-06-24,260.75,260.95,260.95,260.95
1999-06-25,260.90,259.65,259.65,259.65
1999-06-28,259.50,260.55,260.55,260.55
1999-06-29,260.55,260.75,260.75,260.75
1999-06-30,260.75,262.50,262.50,262.50
1999-07-01,262.50,263.45,263.45,263.45
1999-07-02,263.35,263.25,263.25,263.25
1999-07-05,263.20,262.10,262.10,262.10
1999-07-06,262.25,257.25,257.25,257.25
1999-07-07,257.15,257.15,257.15,257.15
1999-07-08,257.15,256.50,256.50,256.50
1999-07-09,256.60,257.05,257.05,257.05
1999-07-12,257.15,255.65,255.65,255.65
1999-07-13,255.55,255.85,255.85,255.85
1999-07-14,255.95,254.00,254.00,254.00
1999-07-15,253.70,254.05,254.05,254.05
1999-07-16,254.05,253.75,253.75,253.75
1999-07-19,254.00,253.25,253.25,253.25
1999-07-20,253.30,253.35,253.35,253.35
1999-07-21,253.35,255.15,255.15,255.15
1999-07-22,255.65,255.95,255.95,255.95
1999-07-23,255.35,254.75,254.75,254.75
1999-07-26,254.50,253.75,253.75,253.75
1999-07-27,253.85,254.05,254.05,254.05
1999-07-28,254.05,254.15,254.15,254.15
1999-07-29,254.25,256.75,256.75,256.75
1999-07-30,256.65,255.95,255.95,255.95
1999-08-02,255.95,255.15,255.15,255.15
1999-08-03,255.05,256.05,256.05,256.05
1999-08-04,256.25,256.15,256.15,256.15
1999-08-05,256.25,255.75,255.75,255.75
1999-08-06,255.35,256.25,256.25,256.25
1999-08-09,256.15,257.25,257.25,257.25
1999-08-10,257.35,257.55,257.55,257.55
1999-08-11,257.70,258.95,258.95,258.95
1999-08-12,259.40,260.75,260.75,260.75
1999-08-13,260.75,260.65,260.65,260.65
1999-08-16,260.45,260.05,260.05,260.05
1999-08-17,259.95,261.55,261.55,261.55
1999-08-18,261.40,259.65,259.65,259.65
1999-08-19,259.60,258.50,258.50,258.50
1999-08-20,258.50,257.40,257.40,257.40
1999-08-23,257.85,254.25,254.25,254.25
1999-08-24,254.25,253.25,253.25,253.25
1999-08-25,253.25,252.55,252.55,252.55
1999-08-26,252.35,252.75,252.75,252.75
1999-08-27,252.85,253.75,253.75,253.75
1999-08-30,253.55,253.95,253.95,253.95
1999-08-31,254.25,255.55,255.55,255.55
1999-09-01,255.80,253.85,253.85,253.85
1999-09-02,254.05,255.45,255.45,255.45
1999-09-03,255.30,254.25,254.25,254.25
1999-09-06,254.40,254.70,254.70,254.70
1999-09-07,254.75,255.95,255.95,255.95
1999-09-08,255.85,256.15,256.15,256.15
1999-09-09,256.00,257.25,257.25,257.25
1999-09-10,257.25,256.55,256.55,256.55
1999-09-13,256.40,256.45,256.45,256.45
1999-09-14,256.70,257.40,257.40,257.40
1999-09-15,257.40,256.75,256.75,256.75
1999-09-16,256.85,256.05,256.05,256.05
1999-09-17,256.25,255.20,255.20,255.20
1999-09-20,255.05,255.00,255.00,255.00
1999-09-21,254.95,260.65,260.65,260.65
1999-09-22,260.65,264.25,264.25,264.25
1999-09-23,264.10,266.25,266.25,266.25
1999-09-24,265.95,268.75,268.75,268.75
1999-09-27,272.88,282.62,282.62,282.62
1999-09-28,283.05,309.05,309.05,309.05
1999-09-29,309.00,302.50,302.50,302.50
1999-09-30,302.00,299.50,299.50,299.50
1999-10-01,299.00,305.30,305.30,305.30
1999-10-04,305.50,318.50,318.50,318.50
1999-10-05,320.50,327.50,327.50,327.50
1999-10-06,326.50,326.00,326.00,326.00
1999-10-07,326.00,323.30,323.30,323.30
1999-10-08,324.50,320.50,320.50,320.50
1999-10-11,320.00,319.00,319.00,319.00
1999-10-12,320.00,317.50,317.50,317.50
1999-10-13,318.00,321.75,321.75,321.75
1999-10-14,322.25,313.50,313.50,313.50
1999-10-15,313.75,315.40,315.40,315.40
1999-10-18,315.25,311.50,311.50,311.50
1999-10-19,310.75,308.50,308.50,308.50
1999-10-20,308.00,305.35,305.35,305.35
1999-10-21,306.50,304.50,304.50,304.50
1999-10-22,305.25,302.90,302.90,302.90
1999-10-25,301.80,298.50,298.50,298.50
1999-10-26,298.60,289.00,289.00,289.00
1999-10-27,289.50,293.85,293.85,293.85
1999-10-28,295.00,299.00,299.00,299.00
1999-10-29,300.00,299.30,299.30,299.30
1999-11-01,297.50,290.50,290.50,290.50
1999-11-02,290.05,291.00,291.00,291.00
1999-11-03,291.50,291.50,291.50,291.50
1999-11-04,291.75,292.50,292.50,292.50
1999-11-05,292.75,290.50,290.50,290.50
1999-11-08,290.25,289.75,289.75,289.75
1999-11-09,290.00,292.50,292.50,292.50
1999-11-10,292.25,298.30,298.30,298.30
1999-11-11,298.50,294.20,294.20,294.20
1999-11-12,293.75,291.30,291.30,291.30
1999-11-15,292.00,291.50,291.50,291.50
1999-11-16,291.50,294.50,294.50,294.50
1999-11-17,294.12,294.38,294.38,294.38
1999-11-18,294.60,294.25,294.25,294.25
1999-11-19,294.00,295.00,295.00,295.00
1999-11-22,294.40,294.50,294.50,294.50
1999-11-23,294.88,298.12,298.12,298.12
1999-11-24,298.30,298.90,298.90,298.90
1999-11-25,298.38,298.38,298.38,298.38
1999-11-26,297.50,298.00,298.00,298.00
1999-11-29,297.50,291.20,291.20,291.20
1999-11-30,291.12,290.88,290.88,290.88
1999-12-01,290.70,289.50,289.50,289.50
1999-12-02,289.60,285.00,285.00,285.00
1999-12-03,285.20,280.10,280.10,280.10
1999-12-06,280.20,276.40,276.40,276.40
1999-12-07,277.00,283.30,283.30,283.30
1999-12-08,283.75,282.25,282.25,282.25
1999-12-09,282.55,278.25,278.25,278.25
1999-12-10,278.25,279.05,279.05,279.05
1999-12-13,279.50,280.10,280.10,280.10
1999-12-14,280.25,279.95,279.95,279.95
1999-12-15,280.15,282.75,282.75,282.75
1999-12-16,282.65,281.95,281.95,281.95
1999-12-17,282.20,283.80,283.80,283.80
1999-12-20,283.70,284.25,284.25,284.25
1999-12-21,284.50,287.25,287.25,287.25
1999-12-22,287.50,287.05,287.05,287.05
1999-12-23,287.00,286.95,286.95,286.95
1999-12-24,286.75,287.75,287.75,287.75
1999-12-27,287.75,288.00,288.00,288.00
1999-12-28,288.00,289.80,289.80,289.80
1999-12-29,290.25,290.70,290.70,290.70
1999-12-30,291.10,288.30,288.30,288.30
1999-12-31,288.50,288.25,288.25,288.25
2000-01-03,288.50,289.00,289.00,289.00
2000-01-04,288.75,282.45,282.45,282.45
2000-01-05,281.50,281.00,281.00,281.00
2000-01-06,280.12,281.23,281.23,281.23
2000-01-07,281.15,281.75,281.75,281.75
2000-01-10,281.88,281.48,281.48,281.48
2000-01-11,281.48,283.38,283.38,283.38
2000-01-12,283.27,282.48,282.48,282.48
2000-01-13,282.60,284.25,284.25,284.25
2000-01-14,284.20,284.00,284.00,284.00
2000-01-17,284.10,285.55,285.55,285.55
2000-01-18,285.55,288.65,288.65,288.65
2000-01-19,288.77,289.52,289.52,289.52
2000-01-20,289.62,288.62,288.62,288.62
2000-01-21,288.60,289.10,289.10,289.10
2000-01-24,289.05,287.70,287.70,287.70
2000-01-25,287.60,285.85,285.85,285.85
2000-01-26,285.95,285.95,285.95,285.95
2000-01-27,286.20,286.90,286.90,286.90
2000-01-28,286.70,282.75,282.75,282.75
2000-01-31,283.32,283.23,283.23,283.23
2000-02-01,283.27,282.62,282.62,282.62
2000-02-02,282.88,284.88,284.88,284.88
2000-02-03,285.00,287.40,287.40,287.40
2000-02-04,287.75,315.20,315.20,315.20
2000-02-07,310.00,301.80,301.80,301.80
2000-02-08,302.25,299.00,299.00,299.00
2000-02-09,301.25,306.25,306.25,306.25
2000-02-10,305.50,316.95,316.95,316.95
2000-02-11,316.00,311.20,311.20,311.20
2000-02-14,311.00,308.00,308.00,308.00
2000-02-15,308.40,302.00,302.00,302.00
2000-02-16,301.50,302.50,302.50,302.50
2000-02-17,302.50,301.25,301.25,301.25
2000-02-18,300.75,304.80,304.80,304.80
2000-02-21,304.50,305.50,305.50,305.50
2000-02-22,305.50,305.25,305.25,305.25
2000-02-23,305.10,300.10,300.10,300.10
2000-02-24,300.25,298.60,298.60,298.60
2000-02-25,298.50,292.60,292.60,292.60
2000-02-28,292.75,292.25,292.25,292.25
2000-02-29,291.88,292.12,292.12,292.12
2000-03-01,292.25,291.25,291.25,291.25
2000-03-02,290.00,288.20,288.20,288.20
2000-03-03,288.00,288.80,288.80,288.80
2000-03-06,289.00,287.90,287.90,287.90
2000-03-07,288.00,292.10,292.10,292.10
2000-03-08,292.40,288.60,288.60,288.60
2000-03-09,288.25,291.25,291.25,291.25
2000-03-10,291.50,289.00,289.00,289.00
2000-03-13,288.88,290.38,290.38,290.38
2000-03-14,290.62,288.88,288.88,288.88
2000-03-15,288.88,288.88,288.88,288.88
2000-03-16,289.00,286.50,286.50,286.50
2000-03-17,286.00,284.50,284.50,284.50
2000-03-20,283.68,285.88,285.88,285.88
2000-03-21,286.23,289.88,289.88,289.88
2000-03-22,289.75,288.00,288.00,288.00
2000-03-23,288.10,285.50,285.50,285.50
2000-03-24,285.10,284.90,284.90,284.90
2000-03-27,285.15,280.20,280.20,280.20
2000-03-28,280.35,279.35,279.35,279.35
2000-03-29,279.55,276.25,276.25,276.25
2000-03-30,276.15,276.50,276.50,276.50
2000-03-31,276.75,278.95,278.95,278.95
2000-04-03,278.75,278.15,278.15,278.15
2000-04-04,278.50,284.80,284.80,284.80
2000-04-05,284.50,281.50,281.50,281.50
2000-04-06,281.60,280.50,280.50,280.50
2000-04-07,280.25,280.20,280.20,280.20
2000-04-10,279.95,281.75,281.75,281.75
2000-04-11,281.62,281.62,281.62,281.62
2000-04-12,281.70,282.25,282.25,282.25
2000-04-13,282.05,281.80,281.80,281.80
2000-04-14,281.75,283.00,283.00,283.00
2000-04-17,283.77,281.38,281.38,281.38
2000-04-18,280.62,281.12,281.12,281.12
2000-04-19,281.27,280.77,280.77,280.77
2000-04-20,280.75,279.75,279.75,279.75
2000-04-21,280.00,280.00,280.00,280.00
2000-04-24,280.00,279.80,279.80,279.80
2000-04-25,279.75,278.25,278.25,278.25
2000-04-26,278.15,275.65,275.65,275.65
2000-04-27,275.85,277.05,277.05,277.05
2000-04-28,277.10,273.50,273.50,273.50
2000-05-01,273.88,273.62,273.62,273.62
2000-05-02,273.75,275.75,275.75,275.75
2000-05-03,275.88,278.38,278.38,278.38
2000-05-04,278.88,280.12,280.12,280.12
2000-05-05,280.45,278.95,278.95,278.95
2000-05-08,279.02,276.62,276.62,276.62
2000-05-09,276.45,277.25,277.25,277.25
2000-05-10,277.25,277.75,277.75,277.75
2000-05-11,277.60,275.95,275.95,275.95
2000-05-12,276.00,276.15,276.15,276.15
2000-05-15,276.45,275.65,275.65,275.65
2000-05-16,275.65,275.55,275.55,275.55
2000-05-17,275.50,273.35,273.35,273.35
2000-05-18,273.50,273.35,273.35,273.35
2000-05-19,273.40,274.25,274.25,274.25
2000-05-22,274.10,275.75,275.75,275.75
2000-05-23,275.40,274.35,274.35,274.35
2000-05-24,274.10,273.55,273.55,273.55
2000-05-25,273.45,270.25,270.25,270.25
2000-05-26,270.00,272.05,272.05,272.05
2000-05-29,272.25,272.15,272.15,272.15
2000-05-30,273.25,272.95,272.95,272.95
2000-05-31,272.95,272.15,272.15,272.15
2000-06-01,272.00,272.80,272.80,272.80
2000-06-02,272.98,281.38,281.38,281.38
2000-06-05,280.38,285.48,285.48,285.48
2000-06-06,285.70,289.30,289.30,289.30
2000-06-07,289.25,287.25,287.25,287.25
2000-06-08,286.75,284.45,284.45,284.45
2000-06-09,284.35,283.85,283.85,283.85
2000-06-12,283.85,286.75,286.75,286.75
2000-06-13,286.50,285.75,285.75,285.75
2000-06-14,286.15,291.75,291.75,291.75
2000-06-15,292.45,289.85,289.85,289.85
2000-06-16,289.55,289.25,289.25,289.25
2000-06-19,288.40,286.25,286.25,286.25
2000-06-20,286.15,286.20,286.20,286.20
2000-06-21,286.35,286.20,286.20,286.20
2000-06-22,286.25,285.65,285.65,285.65
2000-06-23,285.60,283.20,283.20,283.20
2000-06-26,282.90,284.00,284.00,284.00
2000-06-27,284.45,286.05,286.05,286.05
2000-06-28,286.05,292.80,292.80,292.80
2000-06-29,291.75,289.15,289.15,289.15
2000-06-30,289.25,290.10,290.10,290.10
2000-07-03,289.65,287.90,287.90,287.90
2000-07-04,287.80,286.75,286.75,286.75
2000-07-05,286.85,284.15,284.15,284.15
2000-07-06,283.85,283.50,283.50,283.50
2000-07-07,283.60,283.65,283.65,283.65
2000-07-10,283.60,283.95,283.95,283.95
2000-07-11,284.05,282.50,282.50,282.50
2000-07-12,282.65,280.75,280.75,280.75
2000-07-13,280.65,280.25,280.25,280.25
2000-07-14,280.55,281.35,281.35,281.35
2000-07-17,281.15,283.55,283.55,283.55
2000-07-18,283.55,282.65,282.65,282.65
2000-07-19,282.60,279.15,279.15,279.15
2000-07-20,279.05,280.25,280.25,280.25
2000-07-21,280.50,280.35,280.35,280.35
2000-07-24,280.05,279.25,279.25,279.25
2000-07-25,279.25,279.15,279.15,279.15
2000-07-26,279.30,279.75,279.75,279.75
2000-07-27,279.95,278.50,278.50,278.50
2000-07-28,278.55,278.40,278.40,278.40
2000-07-31,278.15,277.25,277.25,277.25
2000-08-01,277.55,277.35,277.35,277.35
2000-08-02,277.50,277.55,277.55,277.55
2000-08-03,277.40,274.00,274.00,274.00
2000-08-04,274.05,273.25,273.25,273.25
2000-08-07,272.75,273.75,273.75,273.75
2000-08-08,273.85,273.25,273.25,273.25
2000-08-09,273.75,272.85,272.85,272.85
2000-08-10,272.25,272.75,272.75,272.75
2000-08-11,272.70,275.15,275.15,275.15
2000-08-14,275.10,274.75,274.75,274.75
2000-08-15,274.75,274.65,274.65,274.65
2000-08-16,274.70,277.20,277.20,277.20
2000-08-17,277.75,277.60,277.60,277.60
2000-08-18,277.35,276.65,276.65,276.65
2000-08-21,276.70,275.25,275.25,275.25
2000-08-22,274.25,273.75,273.75,273.75
2000-08-23,273.55,271.25,271.25,271.25
2000-08-24,270.25,272.95,272.95,272.95
2000-08-25,272.95,274.25,274.25,274.25
2000-08-28,274.15,274.10,274.10,274.10
2000-08-29,273.85,273.45,273.45,273.45
2000-08-30,273.25,274.25,274.25,274.25
2000-08-31,274.15,277.75,277.75,277.75
2000-09-01,277.90,276.85,276.85,276.85
2000-09-04,276.95,277.00,277.00,277.00
2000-09-05,276.95,275.55,275.55,275.55
2000-09-06,275.70,274.45,274.45,274.45
2000-09-07,274.55,273.80,273.80,273.80
2000-09-08,273.85,273.05,273.05,273.05
2000-09-11,272.95,273.45,273.45,273.45
2000-09-12,273.20,273.05,273.05,273.05
2000-09-13,274.05,272.80,272.80,272.80
2000-09-14,272.35,272.45,272.45,272.45
2000-09-15,272.75,272.55,272.55,272.55
2000-09-18,272.55,271.80,271.80,271.80
2000-09-19,272.00,272.25,272.25,272.25
2000-09-20,272.15,269.45,269.45,269.45
2000-09-21,269.55,270.75,270.75,270.75
2000-09-22,271.05,272.15,272.15,272.15
2000-09-25,272.05,274.30,274.30,274.30
2000-09-26,274.55,274.35,274.35,274.35
2000-09-27,274.45,278.60,278.60,278.60
2000-09-28,278.50,275.55,275.55,275.55
2000-09-29,275.25,274.25,274.25,274.25
2000-10-02,274.25,273.40,273.40,273.40
2000-10-03,273.35,272.25,272.25,272.25
2000-10-04,272.00,270.75,270.75,270.75
2000-10-05,270.85,270.35,270.35,270.35
2000-10-06,269.75,269.65,269.65,269.65
2000-10-09,269.95,270.60,270.60,270.60
2000-10-10,270.60,272.75,272.75,272.75
2000-10-11,273.10,271.25,271.25,271.25
2000-10-12,270.95,276.65,276.65,276.65
2000-10-13,276.35,272.65,272.65,272.65
2000-10-16,272.45,272.05,272.05,272.05
2000-10-17,272.05,271.25,271.25,271.25
2000-10-18,271.60,270.65,270.65,270.65
2000-10-19,270.75,270.85,270.85,270.85
2000-10-20,271.10,271.50,271.50,271.50
2000-10-23,271.30,270.35,270.35,270.35
2000-10-24,270.40,270.30,270.30,270.30
2000-10-25,270.40,266.75,266.75,266.75
2000-10-26,266.80,265.35,265.35,265.35
2000-10-27,265.35,264.55,264.55,264.55
2000-10-30,264.75,264.85,264.85,264.85
2000-10-31,264.60,265.05,265.05,265.05
2000-11-01,265.10,264.30,264.30,264.30
2000-11-02,264.65,264.65,264.65,264.65
2000-11-03,264.80,265.20,265.20,265.20
2000-11-06,265.20,265.00,265.00,265.00
2000-11-07,265.15,264.40,264.40,264.40
2000-11-08,264.65,265.15,265.15,265.15
2000-11-09,265.05,265.75,265.75,265.75
2000-11-10,265.95,264.65,264.65,264.65
2000-11-13,264.75,264.45,264.45,264.45
2000-11-14,264.55,264.65,264.65,264.65
2000-11-15,264.60,265.25,265.25,265.25
2000-11-16,264.85,265.85,265.85,265.85
2000-11-17,265.85,265.80,265.80,265.80
2000-11-20,266.25,266.35,266.35,266.35
2000-11-21,266.45,265.85,265.85,265.85
2000-11-22,265.85,266.65,266.65,266.65
2000-11-23,267.25,266.00,266.00,266.00
2000-11-24,266.05,265.95,265.95,265.95
2000-11-27,265.75,270.05,270.05,270.05
2000-11-28,270.00,269.50,269.50,269.50
2000-11-29,269.60,266.95,266.95,266.95
2000-11-30,266.90,270.35,270.35,270.35
2000-12-01,270.45,269.40,269.40,269.40
2000-12-04,269.75,271.15,271.15,271.15
2000-12-05,270.90,270.35,270.35,270.35
2000-12-06,270.60,274.95,274.95,274.95
2000-12-07,274.75,273.75,273.75,273.75
2000-12-08,273.75,272.75,272.75,272.75
2000-12-11,272.75,270.55,270.55,270.55
2000-12-12,270.65,271.35,271.35,271.35
2000-12-13,270.95,269.20,269.20,269.20
2000-12-14,269.25,269.75,269.75,269.75
2000-12-15,270.05,270.90,270.90,270.90
2000-12-18,271.00,270.25,270.25,270.25
2000-12-19,270.25,270.25,270.25,270.25
2000-12-20,270.50,273.65,273.65,273.65
2000-12-21,273.45,274.25,274.25,274.25
2000-12-22,274.25,273.95,273.95,273.95
2000-12-25,274.00,274.05,274.05,274.05
2000-12-26,273.40,274.45,274.45,274.45
2000-12-27,274.55,275.55,275.55,275.55
2000-12-28,275.25,272.55,272.55,272.55
2000-12-29,272.45,272.40,272.40,272.40
2001-01-02,272.75,268.85,268.85,268.85
2001-01-03,269.25,268.65,268.65,268.65
2001-01-04,268.05,267.55,267.55,267.55
2001-01-05,267.45,268.10,268.10,268.10
2001-01-08,268.35,268.45,268.45,268.45
2001-01-09,268.55,267.85,267.85,267.85
2001-01-10,267.55,264.80,264.80,264.80
2001-01-11,264.90,264.15,264.15,264.15
2001-01-12,264.30,264.25,264.25,264.25
2001-01-15,264.50,263.65,263.65,263.65
2001-01-16,263.65,263.55,263.55,263.55
2001-01-17,263.75,263.70,263.70,263.70
2001-01-18,263.80,265.05,265.05,265.05
2001-01-19,264.80,264.85,264.85,264.85
2001-01-22,265.55,266.95,266.95,266.95
2001-01-23,267.50,266.55,266.55,266.55
2001-01-24,266.55,264.95,264.95,264.95
2001-01-25,264.95,264.95,264.95,264.95
2001-01-26,265.00,263.05,263.05,263.05
2001-01-29,263.55,263.15,263.15,263.15
2001-01-30,263.15,265.85,265.85,265.85
2001-01-31,266.00,265.85,265.85,265.85
2001-02-01,266.15,268.65,268.65,268.65
2001-02-02,268.35,267.50,267.50,267.50
2001-02-05,267.15,265.55,265.55,265.55
2001-02-06,265.45,263.65,263.65,263.65
2001-02-07,263.75,263.35,263.35,263.35
2001-02-08,263.40,260.90,260.90,260.90
2001-02-09,260.85,260.65,260.65,260.65
2001-02-12,261.35,261.35,261.35,261.35
2001-02-13,261.45,260.95,260.95,260.95
2001-02-14,260.65,259.90,259.90,259.90
2001-02-15,259.75,256.05,256.05,256.05
2001-02-16,255.95,258.95,258.95,258.95
2001-02-19,258.75,259.65,259.65,259.65
2001-02-20,259.65,256.25,256.25,256.25
2001-02-21,256.45,258.55,258.55,258.55
2001-02-22,258.75,259.05,259.05,259.05
2001-02-23,258.70,261.50,261.50,261.50
2001-02-26,261.75,266.85,266.85,266.85
2001-02-27,267.00,268.25,268.25,268.25
2001-02-28,268.05,267.25,267.25,267.25
2001-03-01,267.15,265.65,265.65,265.65
2001-03-02,265.05,262.75,262.75,262.75
2001-03-05,262.65,263.15,263.15,263.15
2001-03-06,263.10,260.75,260.75,260.75
2001-03-07,260.65,262.35,262.35,262.35
2001-03-08,262.45,266.45,266.45,266.45
2001-03-09,267.38,272.38,272.38,272.38
2001-03-12,272.20,272.55,272.55,272.55
2001-03-13,272.65,267.75,267.75,267.75
2001-03-14,268.65,263.05,263.05,263.05
2001-03-15,263.85,260.65,260.65,260.65
2001-03-16,260.85,258.75,258.75,258.75
2001-03-19,258.80,260.65,260.65,260.65
2001-03-20,260.85,261.65,261.65,261.65
2001-03-21,262.05,263.05,263.05,263.05
2001-03-22,263.15,261.95,261.95,261.95
2001-03-23,262.25,262.35,262.35,262.35
2001-03-26,262.15,262.65,262.65,262.65
2001-03-27,262.45,261.45,261.45,261.45
2001-03-28,260.90,260.05,260.05,260.05
2001-03-29,260.20,259.05,259.05,259.05
2001-03-30,259.15,257.95,257.95,257.95
2001-04-02,257.75,255.55,255.55,255.55
2001-04-03,255.70,257.05,257.05,257.05
2001-04-04,257.35,258.75,258.75,258.75
2001-04-05,259.00,258.55,258.55,258.55
2001-04-06,258.50,259.90,259.90,259.90
2001-04-09,260.05,258.50,258.50,258.50
2001-04-10,258.05,257.55,257.55,257.55
2001-04-11,257.75,258.75,258.75,258.75
2001-04-12,258.85,260.15,260.15,260.15
2001-04-13,260.00,260.15,260.15,260.15
2001-04-16,260.00,263.40,263.40,263.40
2001-04-17,262.85,261.00,261.00,261.00
2001-04-18,261.00,261.25,261.25,261.25
2001-04-19,261.15,265.50,265.50,265.50
2001-04-20,265.25,264.65,264.65,264.65
2001-04-23,264.25,263.50,263.50,263.50
2001-04-24,263.40,264.30,264.30,264.30
2001-04-25,264.25,262.35,262.35,262.35
2001-04-26,262.60,264.15,264.15,264.15
2001-04-27,264.25,264.05,264.05,264.05
2001-04-30,263.90,264.05,264.05,264.05
2001-05-01,263.85,264.35,264.35,264.35
2001-05-02,264.40,265.35,265.35,265.35
2001-05-03,265.25,266.15,266.15,266.15
2001-05-04,266.00,266.15,266.15,266.15
2001-05-07,266.05,266.10,266.10,266.10
2001-05-08,266.00,264.95,264.95,264.95
2001-05-09,265.05,269.90,269.90,269.90
2001-05-10,269.75,269.00,269.00,269.00
2001-05-11,269.05,268.05,268.05,268.05
2001-05-14,268.05,268.50,268.50,268.50
2001-05-15,268.45,268.40,268.40,268.40
2001-05-16,268.50,272.20,272.20,272.20
2001-05-17,272.05,273.55,273.55,273.55
2001-05-18,273.60,286.35,286.35,286.35
2001-05-21,286.50,285.65,285.65,285.65
2001-05-22,285.50,285.25,285.25,285.25
2001-05-23,285.50,283.75,283.75,283.75
2001-05-24,283.60,279.25,279.25,279.25
2001-05-25,279.25,277.90,277.90,277.90
2001-05-28,277.75,277.90,277.90,277.90
2001-05-29,277.80,273.90,273.90,273.90
2001-05-30,273.90,266.10,266.10,266.10
2001-05-31,266.50,266.05,266.05,266.05
2001-06-01,265.90,267.00,267.00,267.00
2001-06-04,266.95,265.55,265.55,265.55
2001-06-05,265.85,266.35,266.35,266.35
2001-06-06,266.35,266.25,266.25,266.25
2001-06-07,266.55,266.35,266.35,266.35
2001-06-08,266.60,273.50,273.50,273.50
2001-06-11,273.75,268.00,268.00,268.00
2001-06-12,268.15,271.85,271.85,271.85
2001-06-13,271.85,272.65,272.65,272.65
2001-06-14,272.65,275.75,275.75,275.75
2001-06-15,275.65,271.15,271.15,271.15
2001-06-18,271.60,273.05,273.05,273.05
2001-06-19,272.45,273.65,273.65,273.65
2001-06-20,273.55,272.65,272.65,272.65
2001-06-21,272.55,272.85,272.85,272.85
2001-06-22,272.50,272.60,272.60,272.60
2001-06-25,272.55,274.00,274.00,274.00
2001-06-26,273.85,276.25,276.25,276.25
2001-06-27,276.25,272.25,272.25,272.25
2001-06-28,272.55,269.35,269.35,269.35
2001-06-29,269.40,270.85,270.85,270.85
2001-07-02,270.80,269.35,269.35,269.35
2001-07-03,269.55,267.95,267.95,267.95
2001-07-04,267.85,267.95,267.95,267.95
2001-07-05,267.75,265.35,265.35,265.35
2001-07-06,265.55,266.25,266.25,266.25
2001-07-09,266.45,266.65,266.65,266.65
2001-07-10,266.65,266.35,266.35,266.35
2001-07-11,266.40,268.75,268.75,268.75
2001-07-12,268.25,266.85,266.85,266.85
2001-07-13,266.75,267.35,267.35,267.35
2001-07-16,267.30,267.15,267.15,267.15
2001-07-17,267.25,268.45,268.45,268.45
2001-07-18,268.40,270.75,270.75,270.75
2001-07-19,270.45,269.45,269.45,269.45
2001-07-20,269.25,270.15,270.15,270.15
2001-07-23,270.00,268.85,268.85,268.85
2001-07-24,269.00,269.75,269.75,269.75
2001-07-25,269.75,267.95,267.95,267.95
2001-07-26,267.75,266.65,266.65,266.65
2001-07-27,266.75,267.85,267.85,267.85
2001-07-30,267.85,265.25,265.25,265.25
2001-07-31,265.35,266.85,266.85,266.85
2001-08-01,266.55,267.55,267.55,267.55
2001-08-02,267.75,267.75,267.75,267.75
2001-08-03,267.85,268.45,268.45,268.45
2001-08-06,268.45,267.75,267.75,267.75
2001-08-07,267.65,267.65,267.65,267.65
2001-08-08,267.45,268.35,268.35,268.35
2001-08-09,268.45,273.55,273.55,273.55
2001-08-10,273.25,274.25,274.25,274.25
2001-08-13,274.00,276.05,276.05,276.05
2001-08-14,275.75,276.45,276.45,276.45
2001-08-15,276.35,276.05,276.05,276.05
2001-08-16,275.95,275.35,275.35,275.35
2001-08-17,274.95,279.25,279.25,279.25
2001-08-20,278.75,276.15,276.15,276.15
2001-08-21,276.25,275.05,275.05,275.05
2001-08-22,275.25,274.55,274.55,274.55
2001-08-23,274.55,275.55,275.55,275.55
2001-08-24,275.35,272.85,272.85,272.85
2001-08-27,272.75,272.85,272.85,272.85
2001-08-28,272.75,272.25,272.25,272.25
2001-08-29,272.55,273.75,273.75,273.75
2001-08-30,273.55,275.25,275.25,275.25
2001-08-31,275.25,274.45,274.45,274.45
2001-09-03,274.25,273.50,273.50,273.50
2001-09-04,273.40,272.15,272.15,272.15
2001-09-05,272.05,272.00,272.00,272.00
2001-09-06,271.85,272.90,272.90,272.90
2001-09-07,272.90,273.15,273.15,273.15
2001-09-10,273.15,271.75,271.75,271.75
2001-09-11,273.65,288.50,288.50,288.50
2001-09-12,291.50,279.50,279.50,279.50
2001-09-13,278.00,282.00,282.00,282.00
2001-09-14,281.00,286.30,286.30,286.30
2001-09-17,290.75,289.95,289.95,289.95
2001-09-18,289.50,288.00,288.00,288.00
2001-09-19,288.00,290.65,290.65,290.65
2001-09-20,290.25,288.65,288.65,288.65
2001-09-21,289.00,291.70,291.70,291.70
2001-09-24,291.25,289.50,289.50,289.50
2001-09-25,289.50,289.75,289.75,289.75
2001-09-26,289.00,293.00,293.00,293.00
2001-09-27,292.65,291.80,291.80,291.80
2001-09-28,291.50,292.95,292.95,292.95
2001-10-01,291.95,291.95,291.95,291.95
2001-10-02,292.15,289.70,289.70,289.70
2001-10-03,290.00,289.70,289.70,289.70
2001-10-04,289.25,290.10,290.10,290.10
2001-10-05,290.25,291.25,291.25,291.25
2001-10-08,292.75,292.15,292.15,292.15
2001-10-09,292.00,288.25,288.25,288.25
2001-10-10,289.00,285.10,285.10,285.10
2001-10-11,285.50,281.50,281.50,281.50
2001-10-12,282.55,284.70,284.70,284.70
2001-10-15,284.35,281.55,281.55,281.55
2001-10-16,281.75,281.45,281.45,281.45
2001-10-17,281.65,282.55,282.55,282.55
2001-10-18,283.02,279.57,279.57,279.57
2001-10-19,279.38,279.77,279.77,279.77
2001-10-22,279.40,275.60,275.60,275.60
2001-10-23,275.75,275.95,275.95,275.95
2001-10-24,276.10,275.50,275.50,275.50
2001-10-25,275.85,277.25,277.25,277.25
2001-10-26,276.80,277.40,277.40,277.40
2001-10-29,277.55,278.90,278.90,278.90
2001-10-30,279.15,280.35,280.35,280.35
2001-10-31,280.50,279.65,279.65,279.65
2001-11-01,279.55,279.95,279.95,279.95
2001-11-02,279.95,279.95,279.95,279.95
2001-11-05,280.25,278.85,278.85,278.85
2001-11-06,278.95,279.90,279.90,279.90
2001-11-07,280.75,280.45,280.45,280.45
2001-11-08,280.75,277.65,277.65,277.65
2001-11-09,276.65,277.45,277.45,277.45
2001-11-12,277.65,278.25,278.25,278.25
2001-11-13,278.25,277.75,277.75,277.75
2001-11-14,277.55,277.35,277.35,277.35
2001-11-15,277.35,275.15,275.15,275.15
2001-11-16,275.25,274.85,274.85,274.85
2001-11-19,274.85,273.00,273.00,273.00
2001-11-20,272.85,273.30,273.30,273.30
2001-11-21,273.25,273.35,273.35,273.35
2001-11-22,273.15,272.85,272.85,272.85
2001-11-23,272.85,272.90,272.90,272.90
2001-11-26,273.00,273.15,273.15,273.15
2001-11-27,272.95,273.65,273.65,273.65
2001-11-28,273.65,274.35,274.35,274.35
2001-11-29,274.50,274.05,274.05,274.05
2001-11-30,274.25,274.40,274.40,274.40
2001-12-03,274.80,277.55,277.55,277.55
2001-12-04,277.25,275.75,275.75,275.75
2001-12-05,275.70,274.15,274.15,274.15
2001-12-06,274.35,274.55,274.55,274.55
2001-12-07,274.55,274.55,274.55,274.55
2001-12-10,274.45,272.75,272.75,272.75
2001-12-11,272.95,272.75,272.75,272.75
2001-12-12,273.05,274.25,274.25,274.25
2001-12-13,274.35,274.25,274.25,274.25
2001-12-14,274.50,278.45,278.45,278.45
2001-12-17,278.25,277.85,277.85,277.85
2001-12-18,278.15,280.35,280.35,280.35
2001-12-19,280.45,275.95,275.95,275.95
2001-12-20,276.15,276.15,276.15,276.15
2001-12-21,276.35,278.15,278.15,278.15
2001-12-24,277.70,278.05,278.05,278.05
2001-12-25,278.00,279.50,279.50,279.50
2001-12-26,279.10,279.25,279.25,279.25
2001-12-27,279.25,277.05,277.05,277.05
2001-12-28,277.25,276.55,276.55,276.55
2001-12-31,276.15,278.95,278.95,278.95
2002-01-02,278.85,278.85,278.85,278.85
2002-01-03,278.85,278.45,278.45,278.45
2002-01-04,278.55,278.95,278.95,278.95
2002-01-07,278.90,278.75,278.75,278.75
2002-01-08,278.85,279.05,279.05,279.05
2002-01-09,279.05,283.35,283.35,283.35
2002-01-10,283.35,286.75,286.75,286.75
2002-01-11,286.85,287.55,287.55,287.55
2002-01-14,287.35,285.35,285.35,285.35
2002-01-15,284.95,284.55,284.55,284.55
2002-01-16,284.65,287.55,287.55,287.55
2002-01-17,287.15,284.45,284.45,284.45
2002-01-18,284.00,283.55,283.55,283.55
2002-01-21,283.55,282.55,282.55,282.55
2002-01-22,282.55,281.80,281.80,281.80
2002-01-23,281.70,279.25,279.25,279.25
2002-01-24,279.25,278.80,278.80,278.80
2002-01-25,278.85,279.45,279.45,279.45
2002-01-28,279.35,279.05,279.05,279.05
2002-01-29,278.75,281.85,281.85,281.85
2002-01-30,281.95,282.05,282.05,282.05
2002-01-31,281.90,282.35,282.35,282.35
2002-02-01,282.75,286.25,286.25,286.25
2002-02-04,286.25,289.65,289.65,289.65
2002-02-05,290.05,297.75,297.75,297.75
2002-02-06,297.50,296.90,296.90,296.90
2002-02-07,296.50,300.30,300.30,300.30
2002-02-08,301.00,304.00,304.00,304.00
2002-02-11,303.60,299.70,299.70,299.70
2002-02-12,299.30,300.50,300.50,300.50
2002-02-13,300.90,299.50,299.50,299.50
2002-02-14,299.75,300.30,300.30,300.30
2002-02-15,299.70,298.10,298.10,298.10
2002-02-18,298.50,297.75,297.75,297.75
2002-02-19,298.25,293.25,293.25,293.25
2002-02-20,292.50,291.70,291.70,291.70
2002-02-21,292.00,293.00,293.00,293.00
2002-02-22,294.00,293.00,293.00,293.00
2002-02-25,291.65,292.70,292.70,292.70
2002-02-26,292.55,297.75,297.75,297.75
2002-02-27,298.00,296.40,296.40,296.40
2002-02-28,296.50,296.95,296.95,296.95
2002-03-01,296.65,298.15,298.15,298.15
2002-03-04,298.05,296.85,296.85,296.85
2002-03-05,297.07,294.07,294.07,294.07
2002-03-06,294.05,293.35,293.35,293.35
2002-03-07,293.65,290.25,290.25,290.25
2002-03-08,289.55,289.75,289.75,289.75
2002-03-11,289.60,290.80,290.80,290.80
2002-03-12,290.70,294.05,294.05,294.05
2002-03-13,294.15,293.55,293.55,293.55
2002-03-14,293.35,291.15,291.15,291.15
2002-03-15,291.25,290.05,290.05,290.05
2002-03-18,290.35,292.45,292.45,292.45
2002-03-19,292.65,293.00,293.00,293.00
2002-03-20,293.20,292.45,292.45,292.45
2002-03-21,292.35,293.15,293.15,293.15
2002-03-22,292.35,297.75,297.75,297.75
2002-03-25,297.25,298.25,298.25,298.25
2002-03-26,298.35,296.65,296.65,296.65
2002-03-27,296.75,302.15,302.15,302.15
2002-03-28,302.25,302.65,302.65,302.65
2002-03-29,302.50,302.70,302.70,302.70
2002-04-01,302.25,303.35,303.35,303.35
2002-04-02,304.05,305.85,305.85,305.85
2002-04-03,305.85,302.75,302.75,302.75
2002-04-04,302.65,301.00,301.00,301.00
2002-04-05,300.95,300.05,300.05,300.05
2002-04-08,300.15,300.35,300.35,300.35
2002-04-09,300.25,298.55,298.55,298.55
2002-04-10,298.55,301.75,301.75,301.75
2002-04-11,301.35,302.60,302.60,302.60
2002-04-12,302.40,302.15,302.15,302.15
2002-04-15,301.15,299.85,299.85,299.85
2002-04-16,299.65,298.25,298.25,298.25
2002-04-17,298.15,302.05,302.05,302.05
2002-04-18,302.25,303.65,303.65,303.65
2002-04-19,303.85,302.35,302.35,302.35
2002-04-22,302.15,302.90,302.90,302.90
2002-04-23,303.00,303.65,303.65,303.65
2002-04-24,303.55,304.05,304.05,304.05
2002-04-25,304.15,307.65,307.65,307.65
2002-04-26,307.35,311.35,311.35,311.35
2002-04-29,311.05,311.05,311.05,311.05
2002-04-30,311.55,308.35,308.35,308.35
2002-05-01,309.25,308.75,308.75,308.75
2002-05-02,308.85,307.85,307.85,307.85
2002-05-03,307.70,311.95,311.95,311.95
2002-05-06,311.50,312.70,312.70,312.70
2002-05-07,312.75,311.45,311.45,311.45
2002-05-08,311.35,308.20,308.20,308.20
2002-05-09,308.75,309.60,309.60,309.60
2002-05-10,310.25,311.05,311.05,311.05
2002-05-13,310.75,310.80,310.80,310.80
2002-05-14,310.85,307.65,307.65,307.65
2002-05-15,307.75,309.05,309.05,309.05
2002-05-16,309.05,309.90,309.90,309.90
2002-05-17,309.65,311.00,311.00,311.00
2002-05-20,310.65,315.75,315.75,315.75
2002-05-21,315.75,316.15,316.15,316.15
2002-05-22,316.20,317.90,317.90,317.90
2002-05-23,317.93,322.12,322.12,322.12
2002-05-24,321.50,320.60,320.60,320.60
2002-05-27,320.95,320.25,320.25,320.25
2002-05-28,320.30,324.35,324.35,324.35
2002-05-29,324.35,325.15,325.15,325.15
2002-05-30,325.00,325.00,325.00,325.00
2002-05-31,324.75,326.55,326.55,326.55
2002-06-03,326.55,328.10,328.10,328.10
2002-06-04,328.15,324.25,324.25,324.25
2002-06-05,324.80,321.40,321.40,321.40
2002-06-06,321.55,325.35,325.35,325.35
2002-06-07,325.85,324.00,324.00,324.00
2002-06-10,323.55,319.05,319.05,319.05
2002-06-11,318.95,321.20,321.20,321.20
2002-06-12,321.10,319.25,319.25,319.25
2002-06-13,319.50,318.15,318.15,318.15
2002-06-14,318.25,319.40,319.40,319.40
2002-06-17,319.25,317.25,317.25,317.25
2002-06-18,317.15,320.05,320.05,320.05
2002-06-19,320.15,320.85,320.85,320.85
2002-06-20,320.85,323.95,323.95,323.95
2002-06-21,323.75,324.65,324.65,324.65
2002-06-24,325.12,322.57,322.57,322.57
2002-06-25,322.85,321.35,321.35,321.35
2002-06-26,321.60,319.25,319.25,319.25
2002-06-27,319.55,318.25,318.25,318.25
2002-06-28,318.48,314.62,314.62,314.62
2002-07-01,314.00,315.15,315.15,315.15
2002-07-02,315.00,313.00,313.00,313.00
2002-07-03,313.05,311.20,311.20,311.20
2002-07-04,311.20,310.75,310.75,310.75
2002-07-05,310.90,311.50,311.50,311.50
2002-07-08,310.25,312.85,312.85,312.85
2002-07-09,312.60,316.65,316.65,316.65
2002-07-10,316.45,316.20,316.20,316.20
2002-07-11,315.65,316.60,316.60,316.60
2002-07-12,316.35,316.00,316.00,316.00
2002-07-15,316.25,318.15,318.15,318.15
2002-07-16,318.05,318.25,318.25,318.25
2002-07-17,317.85,317.65,317.65,317.65
2002-07-18,317.75,317.90,317.90,317.90
2002-07-19,317.85,323.95,323.95,323.95
2002-07-22,324.75,323.10,323.10,323.10
2002-07-23,322.95,313.25,313.25,313.25
2002-07-24,313.40,310.75,310.75,310.75
2002-07-25,311.25,310.25,310.25,310.25
2002-07-26,310.45,303.75,303.75,303.75
2002-07-29,303.75,302.55,302.55,302.55
2002-07-30,302.75,304.75,304.75,304.75
2002-07-31,305.00,303.55,303.55,303.55
2002-08-01,303.75,304.65,304.65,304.65
2002-08-02,304.00,307.40,307.40,307.40
2002-08-05,307.00,308.15,308.15,308.15
2002-08-06,307.55,306.35,306.35,306.35
2002-08-07,306.25,314.05,314.05,314.05
2002-08-08,314.35,310.65,310.65,310.65
2002-08-09,310.85,314.60,314.60,314.60
2002-08-12,313.55,314.25,314.25,314.25
2002-08-13,314.25,315.65,315.65,315.65
2002-08-14,315.50,311.65,311.65,311.65
2002-08-15,311.55,314.70,314.70,314.70
2002-08-16,315.20,314.00,314.00,314.00
2002-08-19,313.75,306.75,306.75,306.75
2002-08-20,307.05,309.05,309.05,309.05
2002-08-21,309.15,308.00,308.00,308.00
2002-08-22,307.85,307.05,307.05,307.05
2002-08-23,306.95,307.00,307.00,307.00
2002-08-26,307.35,309.45,309.45,309.45
2002-08-27,309.30,312.75,312.75,312.75
2002-08-28,312.45,310.15,310.15,310.15
2002-08-29,310.25,314.00,314.00,314.00
2002-08-30,314.25,312.75,312.75,312.75
2002-09-02,312.65,312.25,312.25,312.25
2002-09-03,312.05,314.15,314.15,314.15
2002-09-04,313.75,314.65,314.65,314.65
2002-09-05,314.65,319.25,319.25,319.25
2002-09-06,319.00,320.25,320.25,320.25
2002-09-09,320.05,321.25,321.25,321.25
2002-09-10,321.00,317.75,317.75,317.75
2002-09-11,317.55,317.65,317.65,317.65
2002-09-12,317.35,319.50,319.50,319.50
2002-09-13,319.10,316.85,316.85,316.85
2002-09-16,316.10,317.45,317.45,317.45
2002-09-17,315.75,318.35,318.35,318.35
2002-09-18,318.00,320.40,320.40,320.40
2002-09-19,320.55,323.30,323.30,323.30
2002-09-20,323.05,322.15,322.15,322.15
2002-09-23,322.75,322.50,322.50,322.50
2002-09-24,322.45,326.15,326.15,326.15
2002-09-25,326.25,322.25,322.25,322.25
2002-09-26,322.35,319.95,319.95,319.95
2002-09-27,320.15,319.95,319.95,319.95
2002-09-30,320.90,323.75,323.75,323.75
2002-10-01,323.60,320.30,320.30,320.30
2002-10-02,320.00,323.00,323.00,323.00
2002-10-03,322.75,321.65,321.65,321.65
2002-10-04,321.40,322.25,322.25,322.25
2002-10-07,322.75,322.40,322.40,322.40
2002-10-08,322.55,318.25,318.25,318.25
2002-10-09,318.45,320.05,320.05,320.05
2002-10-10,320.25,316.85,316.85,316.85
2002-10-11,317.00,316.75,316.75,316.75
2002-10-14,317.65,317.95,317.95,317.95
2002-10-15,318.15,313.50,313.50,313.50
2002-10-16,313.75,314.55,314.55,314.55
2002-10-17,314.25,311.45,311.45,311.45
2002-10-18,311.55,312.85,312.85,312.85
2002-10-21,312.85,311.05,311.05,311.05
2002-10-22,311.25,313.00,313.00,313.00
2002-10-23,312.75,311.85,311.85,311.85
2002-10-24,312.05,311.65,311.65,311.65
2002-10-25,311.80,313.85,313.85,313.85
2002-10-28,313.45,315.60,315.60,315.60
2002-10-29,315.65,316.75,316.75,316.75
2002-10-30,317.00,316.40,316.40,316.40
2002-10-31,316.25,317.80,317.80,317.80
2002-11-01,317.65,320.25,320.25,320.25
2002-11-04,318.75,318.25,318.25,318.25
2002-11-05,318.55,317.75,317.75,317.75
2002-11-06,317.85,318.25,318.25,318.25
2002-11-07,318.05,321.10,321.10,321.10
2002-11-08,321.00,321.55,321.55,321.55
2002-11-11,321.50,321.65,321.65,321.65
2002-11-12,321.50,324.45,324.45,324.45
2002-11-13,324.35,319.00,319.00,319.00
2002-11-14,319.20,318.35,318.35,318.35
2002-11-15,318.15,320.55,320.55,320.55
2002-11-18,320.25,319.35,319.35,319.35
2002-11-19,319.25,319.05,319.05,319.05
2002-11-20,318.90,317.85,317.85,317.85
2002-11-21,317.85,317.65,317.65,317.65
2002-11-22,317.75,321.05,321.05,321.05
2002-11-25,320.25,318.10,318.10,318.10
2002-11-26,318.10,318.15,318.15,318.15
2002-11-27,318.10,317.30,317.30,317.30
2002-11-28,317.25,317.90,317.90,317.90
2002-11-29,317.85,319.05,319.05,319.05
2002-12-02,318.85,317.80,317.80,317.80
2002-12-03,317.75,320.85,320.85,320.85
2002-12-04,320.75,322.25,322.25,322.25
2002-12-05,322.15,324.60,324.60,324.60
2002-12-06,324.65,326.25,326.25,326.25
2002-12-09,326.45,326.00,326.00,326.00
2002-12-10,325.95,323.75,323.75,323.75
2002-12-11,323.50,324.65,324.65,324.65
2002-12-12,325.00,331.45,331.45,331.45
2002-12-13,331.25,333.15,333.15,333.15
2002-12-16,332.88,336.77,336.77,336.77
2002-12-17,336.88,336.88,336.88,336.88
2002-12-18,337.25,343.65,343.65,343.65
2002-12-19,344.88,345.38,345.38,345.38
2002-12-20,345.85,340.70,340.70,340.70
2002-12-23,340.25,345.85,345.85,345.85
2002-12-24,345.45,346.85,346.85,346.85
2002-12-25,347.00,345.50,345.50,345.50
2002-12-26,344.38,349.62,349.62,349.62
2002-12-27,349.55,349.20,349.20,349.20
2002-12-30,349.30,343.80,343.80,343.80
2002-12-31,343.30,347.00,347.00,347.00
2003-01-02,346.38,345.62,345.62,345.62
2003-01-03,345.30,351.20,351.20,351.20
2003-01-06,350.88,351.48,351.48,351.48
2003-01-07,350.62,347.38,347.38,347.38
2003-01-08,347.62,353.62,353.62,353.62
2003-01-09,353.12,353.27,353.27,353.27
2003-01-10,352.88,354.68,354.68,354.68
2003-01-13,353.38,354.62,354.62,354.62
2003-01-14,354.00,351.50,351.50,351.50
2003-01-15,351.75,350.65,350.65,350.65
2003-01-16,351.12,358.12,358.12,358.12
2003-01-17,357.12,356.48,356.48,356.48
2003-01-20,356.25,356.25,356.25,356.25
2003-01-21,356.35,358.15,358.15,358.15
2003-01-22,358.00,361.00,361.00,361.00
2003-01-23,362.12,363.57,363.57,363.57
2003-01-24,363.38,368.62,368.62,368.62
2003-01-27,368.88,369.88,369.88,369.88
2003-01-28,369.12,369.48,369.48,369.48
2003-01-29,369.77,366.38,366.38,366.38
2003-01-30,365.12,370.12,370.12,370.12
2003-01-31,370.38,368.48,368.48,368.48
2003-02-03,368.00,371.35,371.35,371.35
2003-02-04,371.50,382.00,382.00,382.00
2003-02-05,382.25,372.25,372.25,372.25
2003-02-06,370.10,370.75,370.75,370.75
2003-02-07,370.00,369.90,369.90,369.90
2003-02-10,369.38,362.98,362.98,362.98
2003-02-11,362.62,363.68,363.68,363.68
2003-02-12,363.88,352.88,352.88,352.88
2003-02-13,352.00,356.75,356.75,356.75
2003-02-14,357.00,351.00,351.00,351.00
2003-02-17,350.50,347.00,347.00,347.00
2003-02-18,346.75,344.00,344.00,344.00
2003-02-19,342.75,349.95,349.95,349.95
2003-02-20,349.62,352.48,352.48,352.48
2003-02-21,352.77,351.43,351.43,351.43
2003-02-24,351.38,356.88,356.88,356.88
2003-02-25,357.12,351.93,351.93,351.93
2003-02-26,352.12,354.38,354.38,354.38
2003-02-27,354.77,345.62,345.62,345.62
2003-02-28,345.10,349.85,349.85,349.85
2003-03-03,348.62,350.12,350.12,350.12
2003-03-04,350.12,353.12,353.12,353.12
2003-03-05,354.12,353.88,353.88,353.88
2003-03-06,353.90,356.50,356.50,356.50
2003-03-07,356.40,350.60,350.60,350.60
2003-03-10,351.88,354.77,354.77,354.77
2003-03-11,354.98,350.98,350.98,350.98
2003-03-12,350.60,346.00,346.00,346.00
2003-03-13,346.50,334.70,334.70,334.70
2003-03-14,334.40,336.50,336.50,336.50
2003-03-17,335.10,336.90,336.90,336.90
2003-03-18,337.15,338.10,338.10,338.10
2003-03-19,338.65,336.55,336.55,336.55
2003-03-20,336.88,332.38,332.38,332.38
2003-03-21,332.12,326.18,326.18,326.18
2003-03-24,327.88,329.93,329.93,329.93
2003-03-25,330.38,328.62,328.62,328.62
2003-03-26,328.88,330.38,330.38,330.38
2003-03-27,330.88,329.38,329.38,329.38
2003-03-28,329.65,331.90,331.90,331.90
2003-03-31,332.62,337.48,337.48,337.48
2003-04-01,337.62,335.12,335.12,335.12
2003-04-02,335.25,330.00,330.00,330.00
2003-04-03,329.62,325.38,325.38,325.38
2003-04-04,325.35,325.70,325.70,325.70
2003-04-07,321.75,323.00,323.00,323.00
2003-04-08,322.85,323.30,323.30,323.30
2003-04-09,323.05,326.85,326.85,326.85
2003-04-10,327.05,326.50,326.50,326.50
2003-04-11,326.27,328.18,328.18,328.18
2003-04-14,326.60,325.00,325.00,325.00
2003-04-15,324.95,324.95,324.95,324.95
2003-04-16,324.75,326.45,326.45,326.45
2003-04-17,326.85,327.20,327.20,327.20
2003-04-18,327.25,327.25,327.25,327.25
2003-04-21,327.25,333.80,333.80,333.80
2003-04-22,333.77,333.12,333.12,333.12
2003-04-23,332.98,331.38,331.38,331.38
2003-04-24,331.35,334.60,334.60,334.60
2003-04-25,334.40,333.40,333.40,333.40
2003-04-28,333.25,334.10,334.10,334.10
2003-04-29,333.85,334.25,334.25,334.25
2003-04-30,334.88,339.62,339.62,339.62
2003-05-01,339.65,341.75,341.75,341.75
2003-05-02,341.85,341.05,341.05,341.05
2003-05-05,341.75,342.20,342.20,342.20
2003-05-06,342.12,344.38,344.38,344.38
2003-05-07,344.35,342.00,342.00,342.00
2003-05-08,341.70,348.25,348.25,348.25
2003-05-09,348.40,348.70,348.70,348.70
2003-05-12,348.65,351.25,351.25,351.25
2003-05-13,350.88,349.73,349.73,349.73
2003-05-14,350.25,352.50,352.50,352.50
2003-05-15,352.35,352.00,352.00,352.00
2003-05-16,351.85,354.85,354.85,354.85
2003-05-19,356.75,366.25,366.25,366.25
2003-05-20,367.12,368.12,368.12,368.12
2003-05-21,368.48,371.62,371.62,371.62
2003-05-22,372.12,368.38,368.38,368.38
2003-05-23,369.05,368.75,368.75,368.75
2003-05-26,367.85,371.15,371.15,371.15
2003-05-27,370.62,365.12,365.12,365.12
2003-05-28,365.25,364.55,364.55,364.55
2003-05-29,366.12,369.07,369.07,369.07
2003-05-30,368.62,364.98,364.98,364.98
2003-06-02,362.35,366.25,366.25,366.25
2003-06-03,366.05,365.25,365.25,365.25
2003-06-04,365.68,361.27,361.27,361.27
2003-06-05,361.95,368.30,368.30,368.30
2003-06-06,367.85,363.75,363.75,363.75
2003-06-09,362.75,361.35,361.35,361.35
2003-06-10,361.48,352.38,352.38,352.38
2003-06-11,353.00,354.75,354.75,354.75
2003-06-12,355.10,353.40,353.40,353.40
2003-06-13,353.73,356.88,356.88,356.88
2003-06-16,356.75,359.40,359.40,359.40
2003-06-17,359.45,362.80,362.80,362.80
2003-06-18,363.05,357.70,357.70,357.70
2003-06-19,357.75,362.00,362.00,362.00
2003-06-20,361.43,357.38,357.38,357.38
2003-06-23,357.25,352.45,352.45,352.45
2003-06-24,352.88,347.38,347.38,347.38
2003-06-25,347.50,347.40,347.40,347.40
2003-06-26,347.60,344.15,344.15,344.15
2003-06-27,347.45,345.25,345.25,345.25
2003-06-30,345.00,346.40,346.40,346.40
2003-07-01,346.75,350.75,350.75,350.75
2003-07-02,351.25,351.50,351.50,351.50
2003-07-03,351.25,351.15,351.15,351.15
2003-07-04,351.05,350.85,350.85,350.85
2003-07-07,351.00,348.40,348.40,348.40
2003-07-08,348.25,344.60,344.60,344.60
2003-07-09,344.40,344.55,344.55,344.55
2003-07-10,344.45,345.45,345.45,345.45
2003-07-11,344.45,345.15,345.15,345.15
2003-07-14,345.05,347.30,347.30,347.30
2003-07-15,347.05,342.15,342.15,342.15
2003-07-16,342.35,343.55,343.55,343.55
2003-07-17,343.40,344.85,344.85,344.85
2003-07-18,344.45,347.30,347.30,347.30
2003-07-21,347.50,351.75,351.75,351.75
2003-07-22,352.00,350.75,350.75,350.75
2003-07-23,351.15,359.65,359.65,359.65
2003-07-24,360.40,361.75,361.75,361.75
2003-07-25,362.10,362.80,362.80,362.80
2003-07-28,362.00,364.75,364.75,364.75
2003-07-29,363.85,361.75,361.75,361.75
2003-07-30,361.50,356.45,356.45,356.45
2003-07-31,356.35,355.00,355.00,355.00
2003-08-01,355.48,347.98,347.98,347.98
2003-08-04,347.50,349.55,349.55,349.55
2003-08-05,349.55,351.90,351.90,351.90
2003-08-06,351.75,351.75,351.75,351.75
2003-08-07,351.38,352.88,352.88,352.88
2003-08-08,352.60,356.65,356.65,356.65
2003-08-11,356.25,361.85,361.85,361.85
2003-08-12,361.75,358.40,358.40,358.40
2003-08-13,358.40,362.65,362.65,362.65
2003-08-14,362.35,365.85,365.85,365.85
2003-08-15,366.35,363.55,363.55,363.55
2003-08-18,363.62,358.62,358.62,358.62
2003-08-19,358.88,361.88,361.88,361.88
2003-08-20,361.98,366.27,366.27,366.27
2003-08-21,366.38,361.38,361.38,361.38
2003-08-22,361.85,363.15,363.15,363.15
2003-08-25,362.45,361.40,361.40,361.40
2003-08-26,361.25,364.65,364.65,364.65
2003-08-27,364.75,372.50,372.50,372.50
2003-08-28,372.15,369.65,369.65,369.65
2003-08-29,369.88,375.57,375.57,375.57
2003-09-01,374.90,375.90,375.90,375.90
2003-09-02,376.12,371.62,371.62,371.62
2003-09-03,371.75,373.85,373.85,373.85
2003-09-04,375.05,373.45,373.45,373.45
2003-09-05,373.20,377.20,377.20,377.20
2003-09-08,376.65,375.25,375.25,375.25
2003-09-09,375.25,382.65,382.65,382.65
2003-09-10,382.00,380.40,380.40,380.40
2003-09-11,380.25,380.25,380.25,380.25
2003-09-12,379.77,375.12,375.12,375.12
2003-09-15,375.80,374.10,374.10,374.10
2003-09-16,374.35,373.15,373.15,373.15
2003-09-17,373.00,376.75,376.75,376.75
2003-09-18,376.00,376.65,376.65,376.65
2003-09-19,376.85,381.95,381.95,381.95
2003-09-22,382.25,387.10,387.10,387.10
2003-09-23,386.50,384.70,384.70,384.70
2003-09-24,385.25,389.35,389.35,389.35
2003-09-25,389.12,385.38,385.38,385.38
2003-09-26,384.75,380.85,380.85,380.85
2003-09-29,381.25,382.25,382.25,382.25
2003-09-30,383.00,385.25,385.25,385.25
2003-10-01,385.07,384.57,384.57,384.57
2003-10-02,385.20,382.80,382.80,382.80
2003-10-03,383.35,369.70,369.70,369.70
2003-10-06,371.50,372.95,372.95,372.95
2003-10-07,373.00,376.50,376.50,376.50
2003-10-08,376.85,375.20,375.20,375.20
2003-10-09,375.70,370.00,370.00,370.00
2003-10-10,370.38,373.62,373.62,373.62
2003-10-13,373.60,374.65,374.65,374.65
2003-10-14,374.30,375.40,375.40,375.40
2003-10-15,375.75,373.15,373.15,373.15
2003-10-16,372.85,371.70,371.70,371.70
2003-10-17,372.18,371.68,371.68,371.68
2003-10-20,372.55,373.35,373.35,373.35
2003-10-21,373.25,381.25,381.25,381.25
2003-10-22,380.65,385.85,385.85,385.85
2003-10-23,384.55,384.75,384.75,384.75
2003-10-24,384.65,388.70,388.70,388.70
2003-10-27,388.25,387.90,387.90,387.90
2003-10-28,388.25,382.85,382.85,382.85
2003-10-29,383.00,386.55,386.55,386.55
2003-10-30,385.75,383.50,383.50,383.50
2003-10-31,383.40,384.40,384.40,384.40
2003-11-03,384.60,377.10,377.10,377.10
2003-11-04,377.45,379.60,379.60,379.60
2003-11-05,380.02,381.52,381.52,381.52
2003-11-06,382.00,379.95,379.95,379.95
2003-11-07,380.38,383.12,383.12,383.12
2003-11-10,383.25,386.45,386.45,386.45
2003-11-11,385.75,387.70,387.70,387.70
2003-11-12,388.10,394.05,394.05,394.05
2003-11-13,394.25,394.65,394.65,394.65
2003-11-14,394.88,397.62,397.62,397.62
2003-11-17,399.00,390.25,390.25,390.25
2003-11-18,390.75,398.50,398.50,398.50
2003-11-19,398.75,394.75,394.75,394.75
2003-11-20,394.95,394.55,394.55,394.55
2003-11-21,394.65,396.20,396.20,396.20
2003-11-24,396.25,391.50,391.50,391.50
2003-11-25,391.90,391.25,391.25,391.25
2003-11-26,391.38,396.62,396.62,396.62
2003-11-27,396.00,395.20,395.20,395.20
2003-11-28,395.38,397.88,397.88,397.88
2003-12-01,398.62,403.38,403.38,403.38
2003-12-02,402.25,403.25,403.25,403.25
2003-12-03,403.75,404.65,404.65,404.65
2003-12-04,404.38,402.88,402.88,402.88
2003-12-05,402.25,406.35,406.35,406.35
2003-12-08,406.18,407.12,407.12,407.12
2003-12-09,406.38,408.38,408.38,408.38
2003-12-10,408.48,405.52,405.52,405.52
2003-12-11,404.88,405.12,405.12,405.12
2003-12-12,405.15,409.15,409.15,409.15
2003-12-15,408.38,409.38,409.38,409.38
2003-12-16,410.38,407.38,407.38,407.38
2003-12-17,407.88,412.62,412.62,412.62
2003-12-18,412.50,410.75,410.75,410.75
2003-12-19,410.65,409.35,409.35,409.35
2003-12-22,408.62,410.12,410.12,410.12
2003-12-23,409.98,410.88,410.88,410.88
2003-12-24,411.60,412.00,412.00,412.00
2003-12-25,412.05,412.00,412.00,412.00
2003-12-26,413.15,412.40,412.40,412.40
2003-12-29,411.88,414.77,414.77,414.77
2003-12-30,414.57,416.38,416.38,416.38
2003-12-31,416.35,415.05,415.05,415.05
2004-01-02,415.38,415.12,415.12,415.12
2004-01-05,416.12,423.62,423.62,423.62
2004-01-06,423.68,422.38,422.38,422.38
2004-01-07,422.12,420.38,420.38,420.38
2004-01-08,420.62,423.88,423.88,423.88
2004-01-09,423.60,426.60,426.60,426.60
2004-01-12,426.62,424.88,424.88,424.88
2004-01-13,424.62,424.12,424.12,424.12
2004-01-14,424.38,419.38,419.38,419.38
2004-01-15,419.88,408.62,408.62,408.62
2004-01-16,409.38,406.57,406.57,406.57
2004-01-19,407.50,407.25,407.25,407.25
2004-01-20,406.88,412.88,412.88,412.88
2004-01-21,412.55,410.70,410.70,410.70
2004-01-22,410.98,409.62,409.62,409.62
2004-01-23,410.12,408.18,408.18,408.18
2004-01-26,407.62,403.88,403.88,403.88
2004-01-27,404.12,410.38,410.38,410.38
2004-01-28,410.12,410.38,410.38,410.38
2004-01-29,409.38,399.88,399.88,399.88
2004-01-30,399.88,402.57,402.57,402.57
2004-02-02,402.38,398.38,398.38,398.38
2004-02-03,398.62,399.62,399.62,399.62
2004-02-04,400.12,400.88,400.88,400.88
2004-02-05,400.80,397.30,397.30,397.30
2004-02-06,397.75,403.30,403.30,403.30
2004-02-09,402.38,406.88,406.88,406.88
2004-02-10,406.90,406.50,406.50,406.50
2004-02-11,406.12,411.62,411.62,411.62
2004-02-12,411.60,412.50,412.50,412.50
2004-02-13,412.35,410.20,410.20,410.20
2004-02-16,410.40,411.80,411.80,411.80
2004-02-17,411.48,415.62,415.62,415.62
2004-02-18,415.62,410.62,410.62,410.62
2004-02-19,410.88,409.88,409.88,409.88
2004-02-20,410.88,397.62,397.62,397.62
2004-02-23,398.10,398.90,398.90,398.90
2004-02-24,398.88,404.12,404.12,404.12
2004-02-25,403.85,395.80,395.80,395.80
2004-02-26,396.12,395.38,395.38,395.38
2004-02-27,395.10,396.45,396.45,396.45
2004-03-01,397.12,399.88,399.88,399.88
2004-03-02,399.55,393.30,393.30,393.30
2004-03-03,392.62,393.38,393.38,393.38
2004-03-04,392.62,393.12,393.12,393.12
2004-03-05,392.75,401.40,401.40,401.40
2004-03-08,400.62,401.62,401.62,401.62
2004-03-09,402.12,402.62,402.62,402.62
2004-03-10,403.35,400.30,400.30,400.30
2004-03-11,400.12,402.38,402.38,402.38
2004-03-12,402.60,395.25,395.25,395.25
2004-03-15,396.12,399.38,399.38,399.38
2004-03-16,400.12,402.62,402.62,402.62
2004-03-17,402.27,407.38,407.38,407.38
2004-03-18,407.12,411.38,411.38,411.38
2004-03-19,410.88,412.12,412.12,412.12
2004-03-22,412.12,417.38,417.38,417.38
2004-03-23,417.62,419.88,419.88,419.88
2004-03-24,419.62,415.88,415.88,415.88
2004-03-25,415.38,416.38,416.38,416.38
2004-03-26,416.50,422.50,422.50,422.50
2004-03-29,421.62,418.12,418.12,418.12
2004-03-30,417.50,421.55,421.55,421.55
2004-03-31,421.38,426.62,426.62,426.62
2004-04-01,426.88,426.38,426.38,426.38
2004-04-02,426.25,419.80,419.80,419.80
2004-04-05,421.12,415.62,415.62,415.62
2004-04-06,415.88,419.88,419.88,419.88
2004-04-07,419.62,423.38,423.38,423.38
2004-04-08,422.75,419.50,419.50,419.50
2004-04-09,419.50,421.25,421.25,421.25
2004-04-12,420.00,419.20,419.20,419.20
2004-04-13,420.18,406.88,406.88,406.88
2004-04-14,407.38,400.88,400.88,400.88
2004-04-15,401.18,399.12,399.12,399.12
2004-04-16,399.60,400.50,400.50,400.50
2004-04-19,402.35,400.30,400.30,400.30
2004-04-20,400.77,395.12,395.12,395.12
2004-04-21,394.62,390.38,390.38,390.38
2004-04-22,391.25,394.25,394.25,394.25
2004-04-23,394.50,395.10,395.10,395.10
2004-04-26,395.50,396.60,396.60,396.60
2004-04-27,396.65,398.75,398.75,398.75
2004-04-28,398.77,385.38,385.38,385.38
2004-04-29,384.88,387.88,387.88,387.88
2004-04-30,388.40,387.60,387.60,387.60
2004-05-03,389.00,387.35,387.35,387.35
2004-05-04,387.85,392.50,392.50,392.50
2004-05-05,393.10,393.70,393.70,393.70
2004-05-06,393.38,387.77,387.77,387.77
2004-05-07,388.00,379.10,379.10,379.10
2004-05-10,378.50,378.50,378.50,378.50
2004-05-11,377.88,377.98,377.98,377.98
2004-05-12,378.62,378.38,378.38,378.38
2004-05-13,378.60,374.90,374.90,374.90
2004-05-14,374.12,377.07,377.07,377.07
2004-05-17,377.88,379.38,379.38,379.38
2004-05-18,378.75,377.15,377.15,377.15
2004-05-19,376.75,382.00,382.00,382.00
2004-05-20,381.50,380.00,380.00,380.00
2004-05-21,380.38,384.88,384.88,384.88
2004-05-24,384.50,386.25,386.25,386.25
2004-05-25,385.75,388.00,388.00,388.00
2004-05-26,388.75,388.50,388.50,388.50
2004-05-27,388.65,395.75,395.75,395.75
2004-05-28,395.62,394.18,394.18,394.18
2004-05-31,394.15,395.50,395.50,395.50
2004-06-01,395.27,394.62,394.62,394.62
2004-06-02,394.48,390.88,390.88,390.88
2004-06-03,391.12,388.38,388.38,388.38
2004-06-04,388.50,391.05,391.05,391.05
2004-06-07,391.62,393.88,393.88,393.88
2004-06-08,394.23,391.38,391.38,391.38
2004-06-09,391.88,384.12,384.12,384.12
2004-06-10,383.38,386.07,386.07,386.07
2004-06-11,385.85,385.05,385.05,385.05
2004-06-14,384.18,383.38,383.38,383.38
2004-06-15,383.75,389.15,389.15,389.15
2004-06-16,388.75,384.75,384.75,384.75
2004-06-17,385.07,387.82,387.82,387.82
2004-06-18,388.38,395.27,395.27,395.27
2004-06-21,394.88,394.38,394.38,394.38
2004-06-22,394.18,395.38,395.38,395.38
2004-06-23,395.38,394.88,394.88,394.88
2004-06-24,394.88,402.12,402.12,402.12
2004-06-25,402.27,402.68,402.68,402.68
2004-06-28,403.12,400.88,400.88,400.88
2004-06-29,401.62,392.27,392.27,392.27
2004-06-30,392.88,394.38,394.38,394.38
2004-07-01,394.50,396.05,396.05,396.05
2004-07-02,395.88,397.93,397.93,397.93
2004-07-05,397.75,397.70,397.70,397.70
2004-07-06,398.12,392.12,392.12,392.12
2004-07-07,392.62,401.77,401.77,401.77
2004-07-08,401.88,407.12,407.12,407.12
2004-07-09,406.27,407.57,407.57,407.57
2004-07-12,407.50,407.15,407.15,407.15
2004-07-13,407.48,402.38,402.38,402.38
2004-07-14,402.38,405.12,405.12,405.12
2004-07-15,404.35,404.30,404.30,404.30
2004-07-16,404.10,406.45,406.45,406.45
2004-07-19,406.50,405.95,405.95,405.95
2004-07-20,406.38,400.12,400.12,400.12
2004-07-21,400.50,398.00,398.00,398.00
2004-07-22,397.88,395.07,395.07,395.07
2004-07-23,395.75,389.95,389.95,389.95
2004-07-26,390.88,390.62,390.62,390.62
2004-07-27,391.12,388.12,388.12,388.12
2004-07-28,387.75,389.15,389.15,389.15
2004-07-29,388.52,388.38,388.38,388.38
2004-07-30,388.05,391.25,391.25,391.25
2004-08-02,394.25,392.05,392.05,392.05
2004-08-03,391.12,393.88,393.88,393.88
2004-08-04,393.88,392.38,392.38,392.38
2004-08-05,392.25,392.85,392.85,392.85
2004-08-06,392.25,399.75,399.75,399.75
2004-08-09,398.62,400.38,400.38,400.38
2004-08-10,399.93,398.18,398.18,398.18
2004-08-11,397.50,396.05,396.05,396.05
2004-08-12,395.75,394.80,394.80,394.80
2004-08-13,394.75,398.90,398.90,398.90
2004-08-16,399.75,402.75,402.75,402.75
2004-08-17,402.50,404.45,404.45,404.45
2004-08-18,404.25,404.45,404.45,404.45
2004-08-19,404.38,406.88,406.88,406.88
2004-08-20,406.38,413.32,413.32,413.32
2004-08-23,412.12,408.62,408.62,408.62
2004-08-24,409.12,403.18,403.18,403.18
2004-08-25,403.38,406.82,406.82,406.82
2004-08-26,407.12,406.88,406.88,406.88
2004-08-27,406.88,403.23,403.23,403.23
2004-08-30,403.62,406.88,406.88,406.88
2004-08-31,407.12,409.82,409.82,409.82
2004-09-01,410.15,408.60,408.60,408.60
2004-09-02,408.50,406.05,406.05,406.05
2004-09-03,405.88,400.52,400.52,400.52
2004-09-06,401.38,401.88,401.88,401.88
2004-09-07,401.62,397.88,397.88,397.88
2004-09-08,397.75,399.55,399.55,399.55
2004-09-09,399.57,399.12,399.12,399.12
2004-09-10,399.38,401.93,401.93,401.93
2004-09-13,402.12,403.82,403.82,403.82
2004-09-14,403.82,405.62,405.62,405.62
2004-09-15,403.62,404.62,404.62,404.62
2004-09-16,404.88,404.62,404.62,404.62
2004-09-17,404.68,405.88,405.88,405.88
2004-09-20,404.85,405.35,405.35,405.35
2004-09-21,404.88,409.12,409.12,409.12
2004-09-22,409.12,407.38,407.38,407.38
2004-09-23,404.88,410.12,410.12,410.12
2004-09-24,409.38,407.93,407.93,407.93
2004-09-27,409.77,408.62,408.62,408.62
2004-09-28,408.75,412.25,412.25,412.25
2004-09-29,412.88,413.02,413.02,413.02
2004-09-30,412.50,418.25,418.25,418.25
2004-10-01,418.12,419.23,419.23,419.23
2004-10-04,418.75,413.95,413.95,413.95
2004-10-05,414.38,418.38,418.38,418.38
2004-10-06,419.12,417.88,417.88,417.88
2004-10-07,418.12,418.18,418.18,418.18
2004-10-08,418.12,422.82,422.82,422.82
2004-10-11,419.38,421.82,421.82,421.82
2004-10-12,421.82,415.12,415.12,415.12
2004-10-13,413.57,416.38,416.38,416.38
2004-10-14,415.65,418.15,418.15,418.15
2004-10-15,417.98,418.82,418.82,418.82
2004-10-18,418.62,416.62,416.62,416.62
2004-10-19,415.62,419.88,419.88,419.88
2004-10-20,420.23,424.12,424.12,424.12
2004-10-21,423.88,423.82,423.82,423.82
2004-10-22,424.62,424.32,424.32,424.32
2004-10-25,425.12,428.62,428.62,428.62
2004-10-26,428.98,427.12,427.12,427.12
2004-10-27,426.77,424.12,424.12,424.12
2004-10-28,423.95,424.15,424.15,424.15
2004-10-29,424.18,428.52,428.52,428.52
2004-11-01,429.50,427.00,427.00,427.00
2004-11-02,425.88,421.88,421.88,421.88
2004-11-03,421.38,427.52,427.52,427.52
2004-11-04,426.88,429.62,429.62,429.62
2004-11-05,429.62,433.62,433.62,433.62
2004-11-08,431.12,431.88,431.88,431.88
2004-11-09,432.12,435.32,435.32,435.32
2004-11-10,434.88,433.88,433.88,433.88
2004-11-11,434.12,434.88,434.88,434.88
2004-11-12,434.50,437.95,437.95,437.95
2004-11-15,437.62,436.82,436.82,436.82
2004-11-16,436.88,439.62,439.62,439.62
2004-11-17,439.38,444.62,444.62,444.62
2004-11-18,444.77,443.12,443.12,443.12
2004-11-19,442.38,447.02,447.02,447.02
2004-11-22,446.62,448.62,448.62,448.62
2004-11-23,448.50,447.00,447.00,447.00
2004-11-24,447.38,449.12,449.12,449.12
2004-11-25,449.20,451.70,451.70,451.70
2004-11-26,451.38,452.62,452.62,452.62
2004-11-29,454.12,453.68,453.68,453.68
2004-11-30,453.12,450.88,450.88,450.88
2004-12-01,451.12,453.68,453.68,453.68
2004-12-02,454.60,449.35,449.35,449.35
2004-12-03,449.48,455.82,455.82,455.82
2004-12-06,455.25,452.45,452.45,452.45
2004-12-07,451.90,450.90,450.90,450.90
2004-12-08,451.00,440.20,440.20,440.20
2004-12-09,440.40,437.80,437.80,437.80
2004-12-10,437.30,434.50,434.50,434.50
2004-12-13,434.15,439.10,439.10,439.10
2004-12-14,438.88,435.52,435.52,435.52
2004-12-15,436.12,440.12,440.12,440.12
2004-12-16,440.88,437.12,437.12,437.12
2004-12-17,437.38,441.18,441.18,441.18
2004-12-20,441.62,443.02,443.02,443.02
2004-12-21,442.93,441.88,441.88,441.88
2004-12-22,441.88,439.68,439.68,439.68
2004-12-23,439.88,441.88,441.88,441.88
2004-12-24,442.15,442.70,442.70,442.70
2004-12-27,442.38,444.73,444.73,444.73
2004-12-28,444.75,443.50,443.50,443.50
2004-12-29,443.88,436.38,436.38,436.38
2004-12-30,436.25,437.45,437.45,437.45
2004-12-31,437.60,438.45,438.45,438.45
2005-01-03,437.85,428.95,428.95,428.95
2005-01-04,429.60,427.65,427.65,427.65
2005-01-05,427.55,426.55,426.55,426.55
2005-01-06,426.77,421.32,421.32,421.32
2005-01-07,421.75,418.95,418.95,418.95
2005-01-10,419.38,419.12,419.12,419.12
2005-01-11,419.98,422.38,422.38,422.38
2005-01-12,422.62,426.12,426.12,426.12
2005-01-13,426.02,425.12,425.12,425.12
2005-01-14,425.25,423.15,423.15,423.15
2005-01-17,422.62,422.38,422.38,422.38
2005-01-18,421.75,423.05,423.05,423.05
2005-01-19,423.05,422.85,422.85,422.85
2005-01-20,423.15,422.55,422.55,422.55
2005-01-21,422.35,426.75,426.75,426.75
2005-01-24,427.38,427.27,427.27,427.27
2005-01-25,427.68,422.43,422.43,422.43
2005-01-26,422.15,426.50,426.50,426.50
2005-01-27,426.65,426.20,426.20,426.20
2005-01-28,426.20,426.80,426.80,426.80
2005-01-31,426.38,422.62,422.62,422.62
2005-02-01,422.40,421.10,421.10,421.10
2005-02-02,420.98,421.98,421.98,421.98
2005-02-03,421.80,417.10,417.10,417.10
2005-02-04,417.10,414.60,414.60,414.60
2005-02-07,414.65,414.20,414.20,414.20
2005-02-08,413.65,412.80,412.80,412.80
2005-02-09,412.57,413.12,413.12,413.12
2005-02-10,413.38,417.62,417.62,417.62
2005-02-11,417.38,420.88,420.88,420.88
2005-02-14,420.62,425.88,425.88,425.88
2005-02-15,425.62,425.62,425.62,425.62
2005-02-16,425.38,425.38,425.38,425.38
2005-02-17,425.20,427.45,427.45,427.45
2005-02-18,427.27,427.43,427.43,427.43
2005-02-21,428.75,427.35,427.35,427.35
2005-02-22,427.10,434.55,434.55,434.55
2005-02-23,435.50,434.50,434.50,434.50
2005-02-24,434.27,434.12,434.12,434.12
2005-02-25,433.62,434.93,434.93,434.93
2005-02-28,434.88,435.62,435.62,435.62
2005-03-01,435.65,432.75,432.75,432.75
2005-03-02,432.35,432.65,432.65,432.65
2005-03-03,431.88,430.27,430.27,430.27
2005-03-04,430.10,434.00,434.00,434.00
2005-03-07,433.98,434.62,434.62,434.62
2005-03-08,434.62,440.62,440.62,440.62
2005-03-09,441.12,440.62,440.62,440.62
2005-03-10,440.43,442.38,442.38,442.38
2005-03-11,441.85,445.85,445.85,445.85
2005-03-14,445.62,441.18,441.18,441.18
2005-03-15,440.88,440.88,440.88,440.88
2005-03-16,440.60,443.65,443.65,443.65
2005-03-17,443.12,438.43,438.43,438.43
2005-03-18,438.85,439.35,439.35,439.35
2005-03-21,439.00,431.35,431.35,431.35
2005-03-22,431.55,427.25,427.25,427.25
2005-03-23,426.85,424.85,424.85,424.85
2005-03-24,425.45,425.05,425.05,425.05
2005-03-25,425.25,426.25,426.25,426.25
2005-03-28,425.38,425.88,425.88,425.88
2005-03-29,426.12,426.38,426.38,426.38
2005-03-30,426.12,426.38,426.38,426.38
2005-03-31,426.60,428.45,428.45,428.45
2005-04-01,428.35,426.15,426.15,426.15
2005-04-04,425.88,424.32,424.32,424.32
2005-04-05,424.35,425.05,425.05,425.05
2005-04-06,424.88,426.77,426.77,426.77
2005-04-07,426.77,426.02,426.02,426.02
2005-04-08,425.62,425.12,425.12,425.12
2005-04-11,426.88,428.12,428.12,428.12
2005-04-12,428.65,428.25,428.25,428.25
2005-04-13,428.57,429.12,429.12,429.12
2005-04-14,429.18,424.02,424.02,424.02
2005-04-15,423.70,425.00,425.00,425.00
2005-04-18,424.50,427.25,427.25,427.25
2005-04-19,426.98,433.57,433.57,433.57
2005-04-20,433.77,434.77,434.77,434.77
2005-04-21,434.68,432.57,432.57,432.57
2005-04-22,432.80,434.60,434.60,434.60
2005-04-25,433.95,434.65,434.65,434.65
2005-04-26,436.12,437.12,437.12,437.12
2005-04-27,436.12,432.27,432.27,432.27
2005-04-28,432.88,431.18,431.18,431.18
2005-04-29,431.57,434.88,434.88,434.88
2005-05-02,434.38,429.98,429.98,429.98
2005-05-03,428.85,427.65,427.65,427.65
2005-05-04,427.68,429.23,429.23,429.23
2005-05-05,430.07,430.02,430.02,430.02
2005-05-06,430.02,425.73,425.73,425.73
2005-05-09,426.38,426.12,426.12,426.12
2005-05-10,426.38,426.62,426.62,426.62
2005-05-11,426.98,427.38,427.38,427.38
2005-05-12,427.68,422.38,422.38,422.38
2005-05-13,422.60,420.40,420.40,420.40
2005-05-16,420.25,419.50,419.50,419.50
2005-05-17,419.85,418.75,418.75,418.75
2005-05-18,418.75,421.50,421.50,421.50
2005-05-19,421.85,420.65,420.65,420.65
2005-05-20,420.68,417.77,417.77,417.77
2005-05-23,417.65,417.25,417.25,417.25
2005-05-24,417.45,418.00,418.00,418.00
2005-05-25,418.20,419.55,419.55,419.55
2005-05-26,418.95,417.75,417.75,417.75
2005-05-27,417.85,420.05,420.05,420.05
2005-05-30,419.60,418.75,418.75,418.75
2005-05-31,418.85,417.35,417.35,417.35
2005-06-01,417.00,415.45,415.45,415.45
2005-06-02,414.25,421.65,421.65,421.65
2005-06-03,422.15,422.45,422.45,422.45
2005-06-06,422.55,426.00,426.00,426.00
2005-06-07,426.35,424.45,424.45,424.45
2005-06-08,424.45,423.55,423.55,423.55
2005-06-09,423.82,423.77,423.77,423.77
2005-06-10,423.85,427.35,427.35,427.35
2005-06-13,425.80,428.90,428.90,428.90
2005-06-14,426.88,426.82,426.82,426.82
2005-06-15,426.95,428.65,428.65,428.65
2005-06-16,428.85,436.15,436.15,436.15
2005-06-17,435.60,438.35,438.35,438.35
2005-06-20,438.10,438.15,438.15,438.15
2005-06-21,437.38,438.88,438.88,438.88
2005-06-22,438.50,438.05,438.05,438.05
2005-06-23,437.95,441.25,441.25,441.25
2005-06-24,440.85,440.55,440.55,440.55
2005-06-27,439.62,439.62,439.62,439.62
2005-06-28,439.55,436.00,436.00,436.00
2005-06-29,436.15,437.35,437.35,437.35
2005-06-30,436.85,435.25,435.25,435.25
2005-07-01,434.85,427.65,427.65,427.65
2005-07-04,428.35,427.65,427.65,427.65
2005-07-05,427.25,423.75,423.75,423.75
2005-07-06,423.85,423.50,423.50,423.50
2005-07-07,423.88,424.62,424.62,424.62
2005-07-08,424.65,423.05,423.05,423.05
2005-07-11,423.75,425.75,425.75,425.75
2005-07-12,425.75,426.75,426.75,426.75
2005-07-13,426.65,424.35,424.35,424.35
2005-07-14,424.10,420.05,420.05,420.05
2005-07-15,419.85,421.55,421.55,421.55
2005-07-18,421.25,420.85,420.85,420.85
2005-07-19,421.15,419.85,419.85,419.85
2005-07-20,420.35,422.95,422.95,422.95
2005-07-21,423.05,425.70,425.70,425.70
2005-07-22,426.40,424.90,424.90,424.90
2005-07-25,425.20,426.00,426.00,426.00
2005-07-26,425.75,423.25,423.25,423.25
2005-07-27,423.45,425.25,425.25,425.25
2005-07-28,425.05,428.00,428.00,428.00
2005-07-29,427.90,430.20,430.20,430.20
2005-08-01,429.70,432.00,432.00,432.00
2005-08-02,431.75,432.15,432.15,432.15
2005-08-03,432.00,436.65,436.65,436.65
2005-08-04,436.75,437.75,437.75,437.75
2005-08-05,437.60,437.95,437.95,437.95
2005-08-08,437.40,435.00,435.00,435.00
2005-08-09,434.90,435.20,435.20,435.20
2005-08-10,435.00,437.50,437.50,437.50
2005-08-11,437.50,446.00,446.00,446.00
2005-08-12,445.80,446.20,446.20,446.20
2005-08-15,446.25,442.60,442.60,442.60
2005-08-16,442.55,446.15,446.15,446.15
2005-08-17,446.15,440.15,440.15,440.15
2005-08-18,440.60,439.70,439.70,439.70
2005-08-19,439.90,436.30,436.30,436.30
2005-08-22,437.25,438.15,438.15,438.15
2005-08-23,438.00,439.00,439.00,439.00
2005-08-24,439.40,437.50,437.50,437.50
2005-08-25,437.55,438.30,438.30,438.30
2005-08-26,438.25,437.60,437.60,437.60
2005-08-29,438.65,436.95,436.95,436.95
2005-08-30,436.50,431.25,431.25,431.25
2005-08-31,431.55,435.25,435.25,435.25
2005-09-01,435.00,443.25,443.25,443.25
2005-09-02,443.05,444.65,444.65,444.65
2005-09-05,444.35,445.25,445.25,445.25
2005-09-06,445.75,444.00,444.00,444.00
2005-09-07,443.90,444.65,444.65,444.65
2005-09-08,444.75,447.15,447.15,447.15
2005-09-09,446.60,449.25,449.25,449.25
2005-09-12,449.85,449.35,449.35,449.35
2005-09-13,449.55,446.20,446.20,446.20
2005-09-14,446.45,450.75,450.75,450.75
2005-09-15,450.85,455.25,455.25,455.25
2005-09-16,455.85,459.75,459.75,459.75
2005-09-19,459.35,464.95,464.95,464.95
2005-09-20,464.00,464.05,464.05,464.05
2005-09-21,464.35,472.15,472.15,472.15
2005-09-22,472.15,465.75,465.75,465.75
2005-09-23,465.35,463.25,463.25,463.25
2005-09-26,463.88,466.62,466.62,466.62
2005-09-27,466.25,462.25,462.25,462.25
2005-09-28,462.88,469.38,469.38,469.38
2005-09-29,469.25,472.25,472.25,472.25
2005-09-30,471.60,469.15,469.15,469.15
2005-10-03,467.60,466.15,466.15,466.15
2005-10-04,465.65,466.35,466.35,466.35
2005-10-05,466.85,464.95,464.95,464.95
2005-10-06,465.10,472.75,472.75,472.75
2005-10-07,473.60,474.15,474.15,474.15
2005-10-10,474.60,475.15,475.15,475.15
2005-10-11,475.35,475.55,475.55,475.55
2005-10-12,476.12,470.88,470.88,470.88
2005-10-13,471.25,471.75,471.75,471.75
2005-10-14,471.90,469.60,469.60,469.60
2005-10-17,469.65,473.90,473.90,473.90
2005-10-18,474.20,471.90,471.90,471.90
2005-10-19,471.55,464.90,464.90,464.90
2005-10-20,464.65,461.25,461.25,461.25
2005-10-21,462.38,466.88,466.88,466.88
2005-10-24,466.20,465.25,465.25,465.25
2005-10-25,465.35,472.60,472.60,472.60
2005-10-26,472.55,470.65,470.65,470.65
2005-10-27,470.90,473.90,473.90,473.90
2005-10-28,474.35,473.45,473.45,473.45
2005-10-31,472.90,465.20,465.20,465.20
2005-11-01,465.30,459.30,459.30,459.30
2005-11-02,459.15,462.85,462.85,462.85
2005-11-03,463.40,460.70,460.70,460.70
2005-11-04,461.40,456.60,456.60,456.60
2005-11-07,457.00,459.50,459.50,459.50
2005-11-08,459.45,461.60,461.60,461.60
2005-11-09,460.60,466.30,466.30,466.30
2005-11-10,466.90,467.10,467.10,467.10
2005-11-11,466.90,468.70,468.70,468.70
2005-11-14,469.40,468.00,468.00,468.00
2005-11-15,469.35,468.25,468.25,468.25
2005-11-16,468.68,479.38,479.38,479.38
2005-11-17,479.10,484.95,484.95,484.95
2005-11-18,485.65,485.80,485.80,485.80
2005-11-21,485.10,491.15,491.15,491.15
2005-11-22,491.62,494.38,494.38,494.38
2005-11-23,493.90,492.10,492.10,492.10
2005-11-24,493.62,493.38,493.38,493.38
2005-11-25,493.62,496.07,496.07,496.07
2005-11-28,497.15,498.60,498.60,498.60
2005-11-29,498.65,500.10,500.10,500.10
2005-11-30,499.35,493.85,493.85,493.85
2005-12-01,493.88,503.38,503.38,503.38
2005-12-02,504.15,503.40,503.40,503.40
2005-12-05,504.38,509.38,509.38,509.38
2005-12-06,509.90,511.40,511.40,511.40
2005-12-07,511.20,515.20,515.20,515.20
2005-12-08,515.20,521.00,521.00,521.00
2005-12-09,520.85,526.05,526.05,526.05
2005-12-12,527.40,528.30,528.30,528.30
2005-12-13,525.88,518.88,518.88,518.88
2005-12-14,518.85,505.75,505.75,505.75
2005-12-15,504.90,503.10,503.10,503.10
2005-12-16,502.90,503.30,503.30,503.30
2005-12-19,504.90,503.90,503.90,503.90
2005-12-20,504.00,492.70,492.70,492.70
2005-12-21,492.70,495.00,495.00,495.00
2005-12-22,495.40,503.80,503.80,503.80
2005-12-23,504.20,503.00,503.00,503.00
2005-12-26,504.50,505.00,505.00,505.00
2005-12-27,504.85,507.95,507.95,507.95
2005-12-28,507.85,515.85,515.85,515.85
2005-12-29,516.75,516.05,516.05,516.05
2005-12-30,515.40,517.60,517.60,517.60
2006-01-03,517.15,533.60,533.60,533.60
2006-01-04,534.60,534.55,534.55,534.55
2006-01-05,534.60,525.05,525.05,525.05
2006-01-06,525.35,539.65,539.65,539.65
2006-01-09,539.38,549.12,549.12,549.12
2006-01-10,549.10,542.55,542.55,542.55
2006-01-11,541.90,549.00,549.00,549.00
2006-01-12,549.40,548.20,548.20,548.20
2006-01-13,546.38,556.88,556.88,556.88
2006-01-16,556.90,562.20,562.20,562.20
2006-01-17,561.40,554.50,554.50,554.50
2006-01-18,554.60,544.00,544.00,544.00
2006-01-19,543.15,558.00,558.00,558.00
2006-01-20,557.90,568.00,553.40,553.80
2006-01-23,553.40,560.50,549.40,559.20
2006-01-24,559.50,560.15,552.65,558.70
2006-01-25,558.45,566.65,556.85,563.45
2006-01-26,563.55,563.85,554.85,560.15
2006-01-27,559.70,564.35,555.95,559.55
2006-01-30,558.45,569.35,558.35,569.15
2006-01-31,568.25,572.65,566.05,568.95
2006-02-01,568.95,571.85,563.75,569.15
2006-02-02,569.45,575.05,567.65,572.45
2006-02-03,572.25,574.15,565.05,567.65
2006-02-06,569.20,573.95,568.70,569.85
2006-02-07,569.95,571.25,548.15,548.85
2006-02-08,549.05,553.25,545.35,550.85
2006-02-09,551.35,566.95,549.65,563.95
2006-02-10,564.25,568.95,547.05,550.95
2006-02-13,550.35,551.95,539.05,539.05
2006-02-14,538.38,547.62,534.88,547.62
2006-02-15,547.95,548.20,535.95,539.95
2006-02-16,538.45,546.45,535.45,546.25
2006-02-17,546.45,554.45,544.45,552.15
2006-02-20,552.20,557.05,551.95,556.05
2006-02-21,555.60,556.35,551.35,553.85
2006-02-22,554.65,555.45,547.45,554.35
2006-02-23,554.62,554.73,548.27,549.38
2006-02-24,547.45,559.95,547.45,558.95
2006-02-27,558.35,559.10,552.55,555.15
2006-02-28,553.70,561.95,553.20,561.75
2006-03-01,561.15,566.95,560.60,563.85
2006-03-02,562.45,568.75,562.20,568.75
2006-03-03,569.45,570.95,564.65,565.05
2006-03-06,565.95,568.60,552.55,555.55
2006-03-07,555.15,559.20,548.75,552.95
2006-03-08,552.45,554.20,538.45,543.85
2006-03-09,543.70,550.55,540.30,546.05
2006-03-10,545.45,547.30,534.05,540.35
2006-03-13,541.20,546.95,540.95,546.15
2006-03-14,546.05,552.45,542.75,551.95
2006-03-15,551.20,557.35,550.45,553.95
2006-03-16,553.05,557.05,547.55,555.25
2006-03-17,555.45,557.95,552.15,553.85
2006-03-20,554.55,556.65,550.15,554.45
2006-03-21,554.75,555.45,547.35,551.85
2006-03-22,552.05,553.70,547.15,550.55
2006-03-23,550.85,551.45,545.05,550.15
2006-03-24,550.15,561.15,548.95,560.45
2006-03-27,559.95,568.75,558.65,566.95
2006-03-28,567.00,569.30,563.20,564.50
2006-03-29,564.75,574.05,560.45,573.45
2006-03-30,573.45,589.15,571.45,588.65
2006-03-31,588.75,589.15,579.05,583.65
2006-04-03,582.95,591.95,582.25,588.75
2006-04-04,588.25,590.45,584.85,586.45
2006-04-05,585.95,589.85,582.35,588.85
2006-04-06,589.15,596.95,587.20,595.25
2006-04-07,596.15,598.45,585.25,588.45
2006-04-10,589.15,600.30,588.30,600.00
2006-04-11,600.10,604.40,593.10,593.50
2006-04-12,593.17,600.38,593.17,598.38
2006-04-13,598.50,598.80,590.90,596.50
2006-04-14,596.75,599.80,595.75,599.80
2006-04-17,600.40,615.80,600.40,614.00
2006-04-18,614.20,622.10,612.50,621.60
2006-04-19,621.80,640.30,621.40,639.90
2006-04-20,639.70,646.15,608.20,615.30
2006-04-21,610.65,634.40,610.60,634.00
2006-04-24,639.50,639.50,619.20,621.30
2006-04-25,621.20,635.10,619.00,630.30
2006-04-26,630.70,640.90,628.60,639.00
2006-04-27,639.40,643.50,627.70,634.00
2006-04-28,634.00,655.80,633.90,654.50
2006-05-01,654.60,661.60,652.40,658.10
2006-05-02,654.50,667.70,653.50,667.60
2006-05-03,668.00,676.80,660.50,667.50
2006-05-04,667.90,677.90,660.90,677.40
2006-05-05,678.50,684.60,675.30,682.70
2006-05-08,685.20,685.20,670.50,678.80
2006-05-09,679.00,701.00,677.75,700.80
2006-05-10,700.70,707.50,693.80,707.50
2006-05-11,709.10,726.50,704.75,719.30
2006-05-12,714.20,730.50,708.30,714.80
2006-05-15,714.20,721.00,678.10,681.10
2006-05-16,679.00,692.50,674.50,689.60
2006-05-17,688.90,716.40,685.70,689.90
2006-05-18,686.90,694.50,678.80,682.30
2006-05-19,683.90,688.90,651.40,657.60
2006-05-22,656.60,661.65,636.60,656.20
2006-05-23,656.50,674.00,650.90,671.50
2006-05-24,669.40,670.90,637.80,641.90
2006-05-25,642.60,651.30,639.00,650.80
2006-05-26,650.10,655.50,640.40,652.00
2006-05-29,653.15,654.10,646.40,650.50
2006-05-30,651.80,665.00,648.60,652.80
2006-05-31,653.10,659.70,638.90,643.70
2006-06-01,643.30,645.40,621.30,629.60
2006-06-02,629.30,639.00,618.90,638.20
2006-06-05,638.65,645.35,637.05,637.35
2006-06-06,635.35,639.15,625.35,630.15
2006-06-07,630.35,630.55,616.60,626.95
2006-06-08,626.95,627.45,607.85,612.15
2006-06-09,613.35,617.45,601.00,607.45
2006-06-12,603.85,611.75,602.85,605.85
2006-06-13,604.75,605.05,562.45,563.25
2006-06-14,564.35,571.45,543.35,559.35
2006-06-15,560.55,576.80,554.25,570.00
2006-06-16,570.35,585.35,567.35,580.85
2006-06-19,580.35,580.45,566.05,569.15
2006-06-20,565.50,576.70,561.00,576.50
2006-06-21,575.10,590.55,570.55,586.85
2006-06-22,587.35,595.15,580.35,580.65
2006-06-23,580.85,586.45,571.85,583.35
2006-06-26,584.90,587.50,577.50,585.45
2006-06-27,585.30,596.10,581.90,581.90
2006-06-28,579.50,586.80,576.90,580.20
2006-06-29,580.40,598.00,579.40,598.00
2006-06-30,597.40,615.90,597.35,613.10
2006-07-03,618.00,625.55,617.00,624.50
2006-07-04,624.00,624.00,617.00,622.00
2006-07-05,622.35,630.85,617.85,628.45
2006-07-06,628.85,635.50,622.75,633.95
2006-07-07,633.65,637.75,627.75,630.55
2006-07-10,630.25,632.75,620.75,624.05
2006-07-11,624.15,643.75,621.75,641.35
2006-07-12,641.05,656.05,639.75,651.25
2006-07-13,650.85,661.00,644.75,660.05
2006-07-14,663.45,668.50,659.55,665.15
2006-07-17,668.75,676.75,642.85,643.15
2006-07-18,642.90,654.50,628.10,631.20
2006-07-19,630.85,646.75,618.30,642.05
2006-07-20,643.60,645.10,629.05,629.15
2006-07-21,629.65,637.15,616.25,620.75
2006-07-24,620.88,621.12,601.98,612.48
2006-07-25,615.25,624.00,610.15,619.45
2006-07-26,618.88,623.27,613.27,622.17
2006-07-27,624.12,640.88,624.12,633.88
2006-07-28,634.50,637.75,626.10,635.90
2006-07-31,636.38,638.98,629.27,634.58
2006-08-01,636.00,647.60,630.50,647.20
2006-08-02,647.25,656.20,645.75,650.95
2006-08-03,651.85,653.50,639.35,645.05
2006-08-04,645.35,654.85,643.75,646.45
2006-08-07,644.17,652.17,644.17,647.98
2006-08-08,647.75,650.00,641.25,643.75
2006-08-09,644.25,655.30,636.50,650.65
2006-08-10,650.48,654.12,634.27,635.17
2006-08-11,637.50,645.55,626.50,632.70
2006-08-14,633.40,633.40,623.90,629.20
2006-08-15,626.40,628.70,621.00,625.00
2006-08-16,624.80,632.80,624.00,628.80
2006-08-17,628.70,632.10,613.70,614.50
2006-08-18,613.80,619.15,607.40,615.00
2006-08-21,614.00,628.50,613.80,627.80
2006-08-22,628.15,629.25,620.85,624.05
2006-08-23,624.05,631.55,621.75,622.35
2006-08-24,621.75,626.70,619.25,621.85
2006-08-25,620.25,624.65,618.55,623.25
2006-08-28,622.35,624.25,613.25,614.05
2006-08-29,614.35,618.25,607.55,612.75
2006-08-30,614.75,621.55,612.85,619.75
2006-08-31,619.10,627.60,618.10,626.90
2006-09-01,625.30,628.10,620.05,625.50
2006-09-04,625.05,628.00,625.05,626.50
2006-09-05,627.30,640.50,626.50,638.60
2006-09-06,638.50,640.75,633.10,633.50
2006-09-07,633.50,636.50,615.30,616.70
2006-09-08,617.20,619.75,606.70,610.80
2006-09-11,610.15,611.15,583.35,591.75
2006-09-12,590.75,599.75,584.65,587.75
2006-09-13,587.95,593.35,579.35,589.95
2006-09-14,589.85,595.75,576.75,576.75
2006-09-15,576.85,581.85,571.95,579.85
2006-09-18,581.35,589.25,578.55,588.85
2006-09-19,588.05,589.25,575.65,575.65
2006-09-20,573.00,586.80,572.80,576.60
2006-09-21,576.70,584.30,574.75,584.30
2006-09-22,585.50,593.00,584.50,588.30
2006-09-25,589.25,591.10,582.50,586.70
2006-09-26,587.00,594.25,586.30,591.70
2006-09-27,592.10,600.40,590.00,600.40
2006-09-28,602.60,607.00,600.90,602.90
2006-09-29,601.25,604.00,595.00,598.30
2006-10-02,598.50,604.20,595.20,595.20
2006-10-03,596.00,598.25,574.20,574.70
2006-10-04,574.50,581.00,559.90,566.60
2006-10-05,567.50,574.75,562.50,574.00
2006-10-06,573.40,573.80,560.40,573.80
2006-10-09,575.50,581.25,572.00,576.70
2006-10-10,577.30,581.60,569.30,573.00
2006-10-11,573.20,579.30,570.50,573.30
2006-10-12,573.00,579.00,571.20,578.60
2006-10-13,578.50,590.80,577.40,590.00
2006-10-16,591.00,596.30,590.25,596.00
2006-10-17,597.25,598.00,585.90,590.40
2006-10-18,590.10,595.50,587.40,589.90
2006-10-19,589.70,600.80,586.70,599.30
2006-10-20,600.30,602.70,591.80,591.90
2006-10-23,590.75,593.25,579.85,582.05
2006-10-24,581.75,584.45,573.85,584.35
2006-10-25,585.25,591.65,580.35,591.65
2006-10-26,591.75,599.25,590.45,596.55
2006-10-27,596.95,600.05,592.15,600.05
2006-10-30,599.00,611.00,598.70,604.50
2006-10-31,604.50,607.80,598.50,606.60
2006-11-01,606.40,619.20,605.70,618.10
2006-11-02,617.50,625.90,614.50,623.60
2006-11-03,624.00,629.00,617.50,628.00
2006-11-06,626.50,629.90,622.90,623.10
2006-11-07,623.10,629.40,622.20,624.90
2006-11-08,625.27,626.98,613.27,615.77
2006-11-09,615.90,636.00,615.40,633.70
2006-11-10,633.40,637.00,626.50,628.70
2006-11-13,629.10,632.90,620.80,626.10
2006-11-14,625.60,629.40,619.50,620.90
2006-11-15,621.00,625.50,615.80,622.60
2006-11-16,623.00,628.60,618.20,618.70
2006-11-17,618.90,622.70,614.80,622.00
2006-11-20,621.50,627.00,620.90,622.70
2006-11-21,623.00,629.60,622.25,627.00
2006-11-22,627.60,634.90,626.40,630.20
2006-11-23,630.30,631.80,629.00,631.25
2006-11-24,631.00,640.30,631.00,638.20
2006-11-27,639.00,642.25,637.20,641.30
2006-11-28,640.80,642.20,632.70,640.00
2006-11-29,639.70,640.90,635.00,636.60
2006-11-30,636.50,649.00,636.50,648.30
2006-12-01,648.00,650.00,643.90,645.80
2006-12-04,645.25,648.20,640.90,645.90
2006-12-05,646.45,649.25,638.95,643.95
2006-12-06,643.65,643.65,629.95,631.55
2006-12-07,631.25,632.85,625.65,632.55
2006-12-08,634.15,638.55,625.15,625.15
2006-12-11,625.15,631.05,623.35,630.45
2006-12-12,630.35,631.50,627.05,630.05
2006-12-13,630.15,630.85,623.75,629.15
2006-12-14,628.75,629.55,625.55,626.05
2006-12-15,625.65,629.65,614.95,615.25
2006-12-18,615.65,618.75,612.05,615.95
2006-12-19,616.35,622.95,615.35,622.75
2006-12-20,622.95,624.75,619.35,620.65
2006-12-21,620.50,622.75,618.20,618.50
2006-12-22,618.60,621.70,618.25,621.00
2006-12-25,620.75,621.25,620.25,620.75
2006-12-26,622.60,630.00,622.50,624.90
2006-12-27,624.80,629.60,624.20,627.30
2006-12-28,627.30,635.70,626.75,635.00
2006-12-29,634.80,636.80,632.30,636.80
2007-01-02,637.30,641.30,636.30,640.50
2007-01-03,640.50,645.40,625.30,627.70
2007-01-04,627.50,630.70,622.00,622.00
2007-01-05,622.00,626.50,602.20,607.40
2007-01-08,608.75,610.10,604.40,609.90
2007-01-09,609.80,616.20,606.50,613.50
2007-01-10,613.60,614.50,606.20,611.70
2007-01-11,611.60,616.25,609.20,611.90
2007-01-12,611.75,627.70,610.10,626.90
2007-01-15,626.20,628.30,624.50,626.70
2007-01-16,626.50,628.20,622.90,625.40
2007-01-17,625.00,634.30,620.70,631.90
2007-01-18,631.80,636.90,627.00,628.00
2007-01-19,627.00,636.50,626.90,635.50
2007-01-22,635.75,640.10,632.70,632.90
2007-01-23,633.25,648.00,633.10,646.60
2007-01-24,646.70,649.10,639.00,648.50
2007-01-25,648.60,654.50,645.70,646.10
2007-01-26,646.20,648.40,641.10,646.60
2007-01-29,646.30,648.20,641.20,643.10
2007-01-30,643.80,647.50,641.30,647.40
2007-01-31,647.20,655.20,642.60,653.20
2007-02-01,653.00,662.00,652.20,657.70
2007-02-02,657.15,659.85,643.15,648.25
2007-02-05,648.35,652.25,646.45,648.55
2007-02-06,648.35,658.75,648.25,653.75
2007-02-07,653.55,656.85,651.55,651.65
2007-02-08,651.65,660.95,648.05,660.75
2007-02-09,660.55,668.15,657.15,666.65
2007-02-12,667.95,668.55,660.00,662.05
2007-02-13,660.80,668.60,660.80,664.35
2007-02-14,664.35,672.20,663.75,669.15
2007-02-15,668.75,670.85,662.55,669.35
2007-02-16,670.05,670.05,662.90,669.05
2007-02-19,669.35,673.55,667.85,671.55
2007-02-20,670.85,672.15,655.75,658.75
2007-02-21,657.45,682.45,657.25,679.25
2007-02-22,678.10,681.25,676.05,677.75
2007-02-23,677.55,688.55,673.05,682.85
2007-02-26,681.65,689.35,681.65,687.35
2007-02-27,687.10,689.70,675.30,680.00
2007-02-28,679.35,679.35,660.35,669.95
2007-03-01,669.55,677.55,661.55,664.55
2007-03-02,664.85,665.85,640.15,642.95
2007-03-05,643.80,645.20,633.50,635.80
2007-03-06,636.30,648.00,632.80,647.30
2007-03-07,646.25,650.85,642.85,645.95
2007-03-08,649.50,656.20,647.60,651.30
2007-03-09,651.58,658.38,649.48,650.27
2007-03-12,649.25,654.25,646.10,651.20
2007-03-13,650.50,652.20,643.40,643.50
2007-03-14,643.30,646.20,637.00,644.10
2007-03-15,644.00,650.25,643.50,646.90
2007-03-16,646.90,655.60,646.20,652.90
2007-03-19,653.20,656.75,652.10,653.70
2007-03-20,654.50,661.10,652.90,658.30
2007-03-21,658.50,664.30,657.20,664.20
2007-03-22,664.10,667.10,662.30,663.80
2007-03-23,663.90,664.70,655.50,657.10
2007-03-26,657.75,665.60,657.30,663.80
2007-03-27,664.10,666.10,661.80,664.10
2007-03-28,664.90,670.00,663.80,665.60
2007-03-29,666.70,666.70,655.30,661.30
2007-03-30,661.80,668.40,660.90,663.60
2007-04-02,665.70,666.30,656.70,663.90
2007-04-03,664.80,668.00,662.30,664.00
2007-04-04,665.10,676.30,663.60,674.50
2007-04-05,674.45,675.65,671.65,674.45
2007-04-06,674.00,674.70,673.25,674.50
2007-04-09,674.00,678.05,669.50,670.75
2007-04-10,671.50,681.80,671.10,677.30
2007-04-11,677.80,681.10,674.50,677.30
2007-04-12,677.50,680.30,671.60,676.00
2007-04-13,676.50,686.30,675.90,685.60
2007-04-16,686.25,691.25,683.45,690.55
2007-04-17,690.25,691.05,686.05,687.85
2007-04-18,686.65,690.95,685.95,689.55
2007-04-19,689.65,691.75,678.95,682.65
2007-04-20,683.85,693.85,682.85,691.35
2007-04-23,693.25,693.85,686.85,689.05
2007-04-24,689.55,691.95,681.15,683.35
2007-04-25,683.65,686.95,682.05,685.65
2007-04-26,685.55,687.15,671.40,674.95
2007-04-27,674.65,682.15,670.95,680.95
2007-04-30,681.45,682.15,676.05,678.25
2007-05-01,678.45,680.50,671.75,673.35
2007-05-02,673.95,675.25,667.55,672.85
2007-05-03,672.75,682.95,671.95,682.35
2007-05-04,682.55,691.40,680.90,688.75
2007-05-07,688.55,691.55,686.95,688.45
2007-05-08,689.25,689.45,682.35,685.35
2007-05-09,685.25,687.35,676.25,680.65
2007-05-10,680.65,681.65,664.75,666.45
2007-05-11,666.35,673.25,664.85,671.05
2007-05-14,671.55,675.00,666.25,669.95
2007-05-15,669.75,674.25,665.25,672.15
2007-05-16,672.55,673.95,660.15,662.15
2007-05-17,662.65,665.25,654.15,657.75
2007-05-18,657.95,663.15,656.25,661.65
2007-05-21,662.75,664.55,657.35,663.35
2007-05-22,662.95,665.25,658.05,659.05
2007-05-23,659.85,665.45,657.75,661.35
2007-05-24,661.85,663.25,652.05,654.75
2007-05-25,654.45,657.55,653.75,656.15
2007-05-28,655.50,658.85,653.85,655.65
2007-05-29,656.20,662.60,654.25,656.75
2007-05-30,656.40,659.55,652.35,653.65
2007-05-31,653.20,662.70,653.20,660.95
2007-06-01,662.20,672.70,660.85,671.45
2007-06-04,671.55,674.65,668.75,671.25
2007-06-05,671.75,674.70,669.45,670.15
2007-06-06,670.35,672.75,665.35,670.85
2007-06-07,670.65,673.15,658.55,659.45
2007-06-08,659.25,661.85,645.15,648.55
2007-06-11,649.35,655.55,648.95,653.75
2007-06-12,653.55,655.15,646.15,647.25
2007-06-13,647.95,653.10,643.65,650.85
2007-06-14,651.35,654.75,646.60,651.95
2007-06-15,652.35,656.20,650.25,655.75
2007-06-18,655.65,659.80,655.05,656.35
2007-06-19,655.95,662.15,653.95,661.35
2007-06-20,661.45,662.10,655.15,655.25
2007-06-21,654.75,657.20,648.25,651.95
2007-06-22,651.85,656.95,650.95,654.35
2007-06-25,654.20,654.90,649.00,651.40
2007-06-26,652.00,652.00,640.20,640.30
2007-06-27,643.05,645.35,639.65,643.75
2007-06-28,642.75,650.40,641.75,648.75
2007-06-29,648.85,652.95,646.85,649.65
2007-07-02,651.50,659.55,648.85,657.35
2007-07-03,656.90,658.30,652.20,653.50
2007-07-04,653.10,655.15,653.10,654.20
2007-07-05,654.10,656.85,646.10,649.80
2007-07-06,649.50,656.20,645.40,655.90
2007-07-09,656.40,663.20,653.80,660.20
2007-07-10,660.40,665.20,659.00,663.50
2007-07-11,663.70,666.30,660.10,661.10
2007-07-12,660.40,669.45,660.40,667.40
2007-07-13,666.80,668.85,663.70,667.30
2007-07-16,666.40,668.90,664.00,665.00
2007-07-17,665.20,667.45,662.40,664.80
2007-07-18,664.60,674.30,664.60,672.90
2007-07-19,673.10,677.90,671.40,677.90
2007-07-20,677.60,686.40,675.40,683.70
2007-07-23,684.10,685.10,680.55,681.40
2007-07-24,681.90,687.50,681.30,682.20
2007-07-25,682.20,682.20,670.90,675.30
2007-07-26,675.60,677.00,660.75,661.70
2007-07-27,663.10,667.40,657.30,661.40
2007-07-30,661.10,665.90,660.20,665.20
2007-07-31,665.20,669.20,663.50,663.50
2007-08-01,663.40,667.50,659.40,667.30
2007-08-02,667.50,667.65,662.80,665.00
2007-08-03,665.70,674.60,665.20,673.30
2007-08-06,672.90,676.80,669.10,671.80
2007-08-07,672.10,673.15,666.60,672.40
2007-08-08,672.20,677.00,669.90,674.60
2007-08-09,674.80,674.80,659.90,661.60
2007-08-10,666.40,676.90,658.50,672.80
2007-08-13,672.40,673.10,668.50,669.40
2007-08-14,669.20,671.70,666.15,669.20
2007-08-15,669.50,671.10,662.40,667.60
2007-08-16,667.40,668.20,641.50,652.80
2007-08-17,650.30,663.80,645.80,657.20
2007-08-20,656.60,660.60,653.60,658.20
2007-08-21,658.60,660.10,654.50,657.50
2007-08-22,657.60,662.20,654.90,661.10
2007-08-23,660.80,665.45,658.65,659.90
2007-08-24,660.35,669.50,657.65,668.40
2007-08-27,668.90,668.90,665.80,667.60
2007-08-28,667.10,668.50,662.20,662.60
2007-08-29,662.20,669.05,661.80,667.50
2007-08-30,667.70,668.10,663.50,665.10
2007-08-31,665.00,674.70,664.70,673.00
2007-09-03,673.25,673.75,671.25,672.35
2007-09-04,672.90,683.80,671.60,682.10
2007-09-05,682.40,683.50,678.50,681.70
2007-09-06,681.60,698.00,681.05,695.50
2007-09-07,696.30,707.40,692.20,700.80
2007-09-10,700.40,707.00,699.30,702.90
2007-09-11,702.60,714.50,702.30,712.70
2007-09-12,712.20,714.40,705.70,711.90
2007-09-13,711.30,712.50,703.80,708.60
2007-09-14,708.00,717.40,704.20,707.10
2007-09-17,706.70,720.05,706.40,717.80
2007-09-18,717.40,724.50,712.00,723.80
2007-09-19,724.10,726.40,720.75,721.70
2007-09-20,721.60,738.70,721.20,733.40
2007-09-21,734.00,739.40,727.30,731.20
2007-09-24,729.60,736.45,726.70,730.40
2007-09-25,730.50,733.85,722.70,731.40
2007-09-26,731.50,737.10,726.80,728.10
2007-09-27,728.00,736.30,727.20,734.50
2007-09-28,734.20,745.90,733.60,744.10
2007-10-01,744.20,748.05,741.30,747.20
2007-10-02,747.40,747.50,724.75,731.50
2007-10-03,732.10,736.40,726.50,727.60
2007-10-04,728.60,738.60,721.10,737.70
2007-10-05,737.80,744.30,728.10,742.70
2007-10-08,741.65,742.70,731.55,733.30
2007-10-09,733.20,740.60,727.15,738.00
2007-10-10,738.20,746.20,737.50,741.00
2007-10-11,740.90,754.00,740.60,747.80
2007-10-12,748.30,752.50,745.20,749.60
2007-10-15,749.30,760.30,747.80,759.30
2007-10-16,759.00,767.00,754.40,760.20
2007-10-17,760.65,765.00,754.50,755.00
2007-10-18,755.30,766.60,755.10,766.60
2007-10-19,768.15,770.40,758.50,765.20
2007-10-22,766.70,768.60,745.90,754.40
2007-10-23,754.80,761.30,753.00,759.70
2007-10-24,759.60,764.35,754.30,763.90
2007-10-25,764.10,769.60,762.00,769.30
2007-10-26,769.20,786.10,768.60,785.40
2007-10-29,784.80,794.80,784.50,791.40
2007-10-30,791.20,792.40,779.50,781.60
2007-10-31,781.90,796.90,777.10,796.20
2007-11-01,796.12,799.92,784.73,787.62
2007-11-02,787.90,808.10,787.40,807.50
2007-11-05,807.40,811.30,801.30,806.50
2007-11-06,806.50,824.70,806.30,824.20
2007-11-07,825.10,845.80,822.70,832.20
2007-11-08,830.50,845.70,824.00,831.60
2007-11-09,832.70,839.30,827.60,831.70
2007-11-12,830.90,831.00,797.90,803.60
2007-11-13,803.50,809.10,791.20,800.60
2007-11-14,801.00,816.00,800.10,811.80
2007-11-15,811.60,818.30,782.75,788.60
2007-11-16,789.00,797.65,784.00,787.30
2007-11-19,786.50,794.30,775.30,781.70
2007-11-20,781.90,803.70,773.00,803.70
2007-11-21,804.50,807.40,794.80,802.20
2007-11-22,800.45,805.80,798.30,804.40
2007-11-23,804.60,826.10,803.00,823.40
2007-11-26,821.40,837.10,821.40,822.60
2007-11-27,824.40,829.50,808.30,811.50
2007-11-28,812.50,815.70,791.70,805.30
2007-11-29,803.90,808.30,793.00,793.20
2007-11-30,793.10,799.40,779.10,782.90
2007-12-03,783.10,791.80,777.40,791.50
2007-12-04,791.80,805.90,787.00,803.20
2007-12-05,802.10,807.10,791.60,795.40
2007-12-06,794.60,805.75,785.40,802.70
2007-12-07,802.60,805.20,791.40,795.60
2007-12-10,794.80,812.50,794.30,809.50
2007-12-11,808.60,813.40,797.20,797.50
2007-12-12,797.80,817.40,797.10,813.80
2007-12-13,813.90,813.90,792.00,797.40
2007-12-14,797.60,803.90,788.00,794.90
2007-12-17,793.80,798.90,785.40,791.70
2007-12-18,792.90,806.60,790.40,802.20
2007-12-19,802.90,805.00,797.90,802.20
2007-12-20,802.40,803.40,793.60,796.70
2007-12-21,796.70,812.60,795.70,810.80
2007-12-24,811.70,815.20,808.40,811.90
2007-12-25,811.70,812.20,804.15,807.00
2007-12-26,808.65,826.50,808.20,825.00
2007-12-27,824.40,831.60,821.70,824.80
2007-12-28,825.90,840.20,824.80,839.00
2007-12-31,839.50,843.60,832.10,833.60
2008-01-01,833.70,833.80,833.60,833.70
2008-01-02,837.00,861.50,834.70,857.20
2008-01-03,857.00,869.45,853.40,863.40
2008-01-04,863.70,868.90,854.60,861.50
2008-01-07,860.80,865.20,855.60,857.90
2008-01-08,857.90,881.50,856.90,877.70
2008-01-09,877.70,891.80,872.00,877.80
2008-01-10,878.50,895.30,866.40,893.10
2008-01-11,892.65,898.35,887.50,895.75
2008-01-14,898.00,914.40,892.60,905.20
2008-01-15,903.75,914.15,893.65,894.85
2008-01-16,889.85,899.60,874.55,877.55
2008-01-17,878.55,890.45,875.85,877.75
2008-01-18,877.25,888.55,870.45,884.55
2008-01-21,881.60,882.85,858.75,866.35
2008-01-22,861.60,894.65,849.85,890.65
2008-01-23,890.65,895.95,876.75,889.45
2008-01-24,891.10,910.85,889.10,907.35
2008-01-25,913.00,923.90,908.50,913.50
2008-01-28,915.60,929.55,914.85,927.85
2008-01-29,927.35,933.45,917.10,923.85
2008-01-30,923.75,933.00,917.20,929.00
2008-01-31,927.62,929.23,919.23,925.62
2008-02-01,924.38,936.88,905.08,910.38
2008-02-04,906.10,912.60,892.00,904.75
2008-02-05,903.85,906.60,885.65,887.20
2008-02-06,887.10,907.55,886.15,900.75
2008-02-07,900.10,911.35,896.65,909.15
2008-02-08,905.35,920.45,905.35,918.35
2008-02-11,921.35,927.25,916.00,924.75
2008-02-12,924.20,925.00,903.10,906.10
2008-02-13,906.50,910.40,896.50,905.10
2008-02-14,906.70,914.20,901.90,908.20
2008-02-15,908.70,915.60,898.30,902.70
2008-02-18,903.20,909.65,900.50,906.40
2008-02-19,905.60,930.80,905.15,927.60
2008-02-20,927.90,945.60,913.70,944.90
2008-02-21,943.90,954.00,937.90,944.90
2008-02-22,944.90,949.80,935.70,945.50
2008-02-25,946.00,952.30,933.10,939.80
2008-02-26,940.20,948.90,926.80,948.90
2008-02-27,948.20,965.10,948.10,958.20
2008-02-28,957.65,969.35,953.35,969.35
2008-02-29,956.58,976.27,956.58,972.48
2008-03-03,973.40,989.70,973.40,983.80
2008-03-04,983.90,988.30,960.80,963.40
2008-03-05,964.20,992.20,959.85,988.30
2008-03-06,988.60,992.30,965.30,978.10
2008-03-07,978.80,988.40,969.80,973.40
2008-03-10,973.40,980.80,961.40,973.40
2008-03-11,973.60,985.70,964.75,973.40
2008-03-12,973.10,983.50,968.50,983.50
2008-03-13,983.70,1000.30,981.80,995.30
2008-03-14,996.00,1007.50,990.90,993.20
2008-03-17,1002.90,1031.20,998.80,1002.70
2008-03-18,1003.90,1012.70,978.20,981.90
2008-03-19,981.20,997.60,939.50,943.90
2008-03-20,938.70,943.40,905.05,910.00
2008-03-21,913.40,920.30,911.40,919.50
2008-03-24,915.60,926.70,906.40,915.10
2008-03-25,914.30,939.20,911.90,938.70
2008-03-26,939.00,954.80,934.90,954.10
2008-03-27,954.30,954.90,940.35,947.80
2008-03-28,947.50,950.90,923.50,930.40
2008-03-31,931.60,941.20,915.30,915.70
2008-04-01,915.65,921.00,873.30,883.50
2008-04-02,884.30,905.70,882.00,903.90
2008-04-03,902.20,909.10,889.70,903.30
2008-04-04,904.10,914.80,899.60,913.30
2008-04-07,912.70,929.50,911.00,920.40
2008-04-08,920.90,925.90,908.30,915.40
2008-04-09,915.60,935.10,903.20,934.20
2008-04-10,934.00,939.80,922.50,928.80
2008-04-11,929.20,932.30,918.30,925.30
2008-04-14,919.60,931.50,914.50,924.50
2008-04-15,924.70,936.90,921.65,928.40
2008-04-16,928.30,949.30,924.40,945.10
2008-04-17,945.20,953.00,937.70,939.30
2008-04-18,939.30,946.80,904.75,916.40
2008-04-21,918.90,928.90,911.80,914.20
2008-04-22,914.50,926.00,912.50,918.00
2008-04-23,917.50,923.60,898.10,904.20
2008-04-24,903.65,907.30,884.05,886.80
2008-04-25,887.30,897.50,878.60,886.15
2008-04-28,888.50,896.80,886.75,893.50
2008-04-29,893.30,893.85,869.20,871.05
2008-04-30,870.20,877.10,863.30,870.95
2008-05-01,877.15,882.30,848.10,852.65
2008-05-02,852.25,859.90,846.00,856.45
2008-05-05,858.80,875.05,858.55,874.05
2008-05-06,873.65,883.70,871.70,876.05
2008-05-07,876.10,882.05,864.75,868.15
2008-05-08,868.90,886.25,864.25,883.30
2008-05-09,884.30,890.80,871.00,884.90
2008-05-12,884.20,890.10,878.45,882.90
2008-05-13,882.70,885.65,861.60,866.50
2008-05-14,866.25,871.80,860.30,864.65
2008-05-15,864.95,888.50,862.75,881.45
2008-05-16,882.20,905.70,880.50,902.30
2008-05-19,904.00,914.35,901.55,904.95
2008-05-20,905.10,924.40,903.40,919.35
2008-05-21,920.95,932.90,917.40,932.35
2008-05-22,932.45,936.30,918.05,921.85
2008-05-23,920.65,929.60,915.55,925.20
2008-05-26,925.40,929.60,923.95,929.10
2008-05-27,929.05,931.50,904.50,905.80
2008-05-28,905.70,910.40,889.90,901.10
2008-05-29,902.75,903.70,874.05,877.40
2008-05-30,878.15,890.60,871.00,886.90
2008-06-02,887.45,897.80,881.80,890.50
2008-06-03,891.10,898.10,876.10,881.40
2008-06-04,881.10,887.50,876.85,878.65
2008-06-05,878.85,880.80,865.45,878.35
2008-06-06,877.50,902.45,877.40,902.35
2008-06-09,902.85,909.70,891.40,892.90
2008-06-10,892.30,895.65,865.15,867.35
2008-06-11,868.30,883.70,867.80,880.55
2008-06-12,880.60,883.00,857.80,868.90
2008-06-13,869.20,874.95,860.10,871.20
2008-06-16,869.85,895.70,867.50,882.30
2008-06-17,882.50,889.35,874.80,882.90
2008-06-18,882.55,894.90,881.25,893.95
2008-06-19,894.70,908.90,884.05,898.85
2008-06-20,898.60,908.40,896.75,901.85
2008-06-23,901.95,907.85,877.70,884.05
2008-06-24,883.80,894.20,882.65,889.90
2008-06-25,890.00,890.75,874.50,886.30
2008-06-26,886.70,918.00,885.20,917.05
2008-06-27,916.80,931.10,910.80,927.85
2008-06-30,929.20,936.00,919.00,925.10
2008-07-01,926.50,946.80,923.15,939.85
2008-07-02,939.95,947.50,932.50,945.35
2008-07-03,944.60,947.35,927.70,933.85
2008-07-04,933.45,937.00,929.80,933.30
2008-07-07,933.15,933.15,915.30,926.25
2008-07-08,925.75,934.50,913.00,920.00
2008-07-09,920.35,929.55,916.40,928.55
2008-07-10,928.85,948.40,926.10,947.15
2008-07-11,945.55,968.60,942.40,964.70
2008-07-14,966.05,975.65,954.40,972.70
2008-07-15,973.40,988.75,966.00,977.60
2008-07-16,977.85,981.75,958.30,960.10
2008-07-17,959.85,979.25,954.20,957.60
2008-07-18,957.30,965.10,950.50,955.30
2008-07-21,956.25,969.25,955.55,966.30
2008-07-22,965.55,976.35,943.20,945.40
2008-07-23,945.70,949.75,918.15,920.75
2008-07-24,921.10,931.90,916.80,927.50
2008-07-25,928.25,935.90,919.40,929.70
2008-07-28,928.90,933.40,922.95,930.90
2008-07-29,931.05,934.00,914.80,917.85
2008-07-30,918.50,919.65,894.50,906.45
2008-07-31,908.00,926.20,906.90,913.85
2008-08-01,914.55,917.90,902.80,910.55
2008-08-04,910.45,916.20,894.40,894.65
2008-08-05,895.25,895.90,873.80,874.25
2008-08-06,874.40,887.00,873.35,879.60
2008-08-07,879.65,885.80,868.40,873.45
2008-08-08,872.45,874.50,851.50,856.35
2008-08-11,856.85,866.50,818.70,823.30
2008-08-12,823.15,827.30,802.90,811.65
2008-08-13,812.30,830.60,806.30,826.60
2008-08-14,826.40,837.50,805.40,806.60
2008-08-15,806.40,806.50,774.90,786.50
2008-08-18,793.75,804.65,790.25,799.35
2008-08-19,799.90,816.25,783.05,814.25
2008-08-20,813.95,818.80,801.20,813.65
2008-08-21,813.45,840.00,811.60,836.45
2008-08-22,835.70,838.50,821.70,823.10
2008-08-25,825.85,826.70,817.45,822.10
2008-08-26,822.05,830.50,807.50,824.60
2008-08-27,824.25,835.40,822.05,826.90
2008-08-28,826.50,845.00,826.00,834.25
2008-08-29,833.80,839.30,829.90,830.80
2008-09-01,835.50,836.30,816.20,818.10
2008-09-02,816.95,819.75,791.40,805.50
2008-09-03,806.25,809.10,790.05,801.25
2008-09-04,801.75,815.70,794.65,795.55
2008-09-05,796.20,820.30,791.35,803.80
2008-09-08,806.00,819.00,797.50,802.35
2008-09-09,801.55,805.80,776.75,776.90
2008-09-10,776.00,784.10,750.95,752.50
2008-09-11,751.65,758.40,737.00,747.80
2008-09-12,748.95,766.75,747.05,764.45
2008-09-15,766.00,787.25,765.40,787.20
2008-09-16,787.45,790.70,772.55,778.55
2008-09-17,777.00,867.60,775.55,864.20
2008-09-18,865.50,907.60,846.70,852.25
2008-09-19,848.75,877.80,825.80,873.15
2008-09-22,873.25,906.40,863.00,901.80
2008-09-23,900.30,910.30,881.65,892.20
2008-09-24,889.75,902.70,878.50,882.10
2008-09-25,883.10,898.10,864.35,877.20
2008-09-26,878.10,912.65,867.70,879.90
2008-09-29,884.00,923.00,869.25,906.25
2008-09-30,904.15,916.00,857.70,871.95
2008-10-01,872.15,894.80,865.60,870.75
2008-10-02,871.25,876.75,831.20,837.00
2008-10-03,837.25,848.40,820.70,836.80
2008-10-06,833.50,877.00,826.90,858.95
2008-10-07,858.00,892.60,856.95,888.60
2008-10-08,889.10,922.00,879.20,908.50
2008-10-09,907.00,920.00,879.65,913.50
2008-10-10,914.60,935.00,827.50,851.40
2008-10-13,851.40,873.00,823.00,832.80
2008-10-14,833.35,855.00,831.25,836.75
2008-10-15,836.20,857.10,831.10,849.00
2008-10-16,848.85,849.90,785.30,806.00
2008-10-17,807.00,817.00,773.30,783.70
2008-10-20,782.40,809.70,781.80,796.50
2008-10-21,798.00,803.75,765.70,771.60
2008-10-22,776.90,777.30,721.60,729.65
2008-10-23,728.70,736.00,699.45,722.00
2008-10-24,724.95,743.20,682.80,735.30
2008-10-27,734.85,747.00,707.60,731.10
2008-10-28,730.65,756.50,725.20,745.80
2008-10-29,747.45,775.40,738.00,756.30
2008-10-30,757.20,778.30,735.40,737.50
2008-10-31,738.20,742.50,719.40,725.05
2008-11-03,723.85,739.15,722.05,722.90
2008-11-04,724.00,768.70,722.60,765.40
2008-11-05,763.55,769.50,738.70,740.65
2008-11-06,742.15,761.50,730.35,734.00
2008-11-07,734.40,745.40,726.25,737.45
2008-11-10,735.80,768.80,735.80,746.50
2008-11-11,746.80,750.00,727.10,732.00
2008-11-12,732.20,739.70,709.30,711.80
2008-11-13,713.05,738.75,702.25,738.55
2008-11-14,736.30,752.75,726.10,742.55
2008-11-17,742.85,749.35,731.00,736.90
2008-11-18,737.35,746.50,732.00,737.85
2008-11-19,738.35,763.80,727.50,733.90
2008-11-20,734.45,753.10,733.80,746.60
2008-11-21,744.60,802.20,743.90,800.00
2008-11-24,801.95,830.70,786.95,821.05
2008-11-25,820.95,831.60,803.30,822.55
2008-11-26,821.40,824.00,809.40,813.20
2008-11-27,813.35,818.00,810.20,816.05
2008-11-28,816.75,821.60,811.00,817.50
2008-12-01,816.00,819.25,769.00,770.55
2008-12-02,771.55,786.85,762.30,783.00
2008-12-03,782.85,784.45,764.85,774.15
2008-12-04,773.65,788.60,762.90,766.65
2008-12-05,767.15,773.45,741.90,757.40
2008-12-08,754.80,782.70,753.65,772.70
2008-12-09,772.90,781.05,763.30,776.60
2008-12-10,776.35,814.10,774.65,808.75
2008-12-11,811.25,835.30,803.10,822.20
2008-12-12,819.85,830.10,808.50,821.95
2008-12-15,822.05,845.70,822.05,840.05
2008-12-16,839.25,860.70,830.50,858.20
2008-12-17,858.20,882.20,847.50,866.30
2008-12-18,868.00,878.85,848.85,854.40
2008-12-19,853.70,854.60,830.60,838.35
2008-12-22,838.75,852.25,837.55,847.30
2008-12-23,848.45,849.70,830.20,839.45
2008-12-24,840.60,849.45,835.80,847.55
2008-12-25,846.00,846.00,840.50,846.00
2008-12-26,842.00,871.60,842.00,869.65
2008-12-29,868.80,891.05,868.80,876.65
2008-12-30,879.05,884.55,864.50,874.05
2008-12-31,874.30,884.00,857.25,880.20
2009-01-01,881.30,882.15,881.30,882.15
2009-01-02,882.80,888.35,868.10,876.55
2009-01-05,878.00,884.55,844.50,859.00
2009-01-06,859.85,870.70,839.55,864.15
2009-01-07,864.60,867.35,835.80,841.95
2009-01-08,843.75,865.65,834.50,858.10
2009-01-09,857.05,868.65,844.90,853.45
2009-01-12,854.25,857.10,815.65,821.25
2009-01-13,820.40,830.80,814.10,822.10
2009-01-14,821.95,829.65,807.40,811.35
2009-01-15,811.45,821.60,802.65,816.35
2009-01-16,819.00,843.60,816.85,843.35
2009-01-19,844.00,847.05,832.70,836.90
2009-01-20,835.60,866.80,823.90,856.80
2009-01-21,855.85,864.75,843.50,855.55
2009-01-22,855.00,863.20,843.95,857.55
2009-01-23,856.60,903.50,852.80,899.40
2009-01-26,898.90,916.30,889.55,904.10
2009-01-27,903.60,907.90,892.50,898.00
2009-01-28,898.65,904.40,880.60,886.65
2009-01-29,886.40,909.50,868.85,908.15
2009-01-30,907.90,931.40,901.80,927.75
2009-02-02,927.95,929.20,901.70,902.25
2009-02-03,904.30,913.10,888.00,902.60
2009-02-04,901.30,909.70,895.50,906.40
2009-02-05,905.70,925.00,902.60,915.75
2009-02-06,914.70,922.50,904.25,911.55
2009-02-09,910.65,912.70,891.20,895.50
2009-02-10,895.95,919.00,891.20,917.25
2009-02-11,915.45,947.25,911.00,939.15
2009-02-12,939.20,952.80,935.30,947.90
2009-02-13,946.00,947.65,932.40,942.10
2009-02-16,941.70,944.55,936.45,942.05
2009-02-17,942.00,974.20,940.35,970.15
2009-02-18,969.40,985.65,960.80,985.00
2009-02-19,985.40,986.95,968.90,974.85
2009-02-20,974.65,1006.40,970.60,993.30
2009-02-23,993.50,998.35,976.00,993.25
2009-02-24,992.00,995.80,959.75,964.15
2009-02-25,963.55,978.60,944.55,950.25
2009-02-26,953.15,957.00,931.80,945.50
2009-02-27,945.75,963.10,927.75,945.15
2009-03-02,940.00,959.00,926.55,926.65
2009-03-03,925.90,932.90,904.90,915.85
2009-03-04,916.55,923.80,901.75,907.65
2009-03-05,907.60,937.15,905.80,932.85
2009-03-06,932.85,945.40,930.05,937.35
2009-03-09,939.50,942.75,911.40,921.95
2009-03-10,922.20,922.95,891.30,896.80
2009-03-11,896.65,913.75,892.55,907.65
2009-03-12,906.95,931.45,905.95,927.65
2009-03-13,927.05,939.50,919.80,928.20
2009-03-16,928.35,930.25,915.50,923.35
2009-03-17,924.10,924.70,912.20,915.00
2009-03-18,916.50,947.05,884.90,941.90
2009-03-19,939.80,962.30,925.80,959.40
2009-03-20,960.15,968.70,947.50,952.85
2009-03-23,950.85,958.00,937.75,938.15
2009-03-24,937.95,944.80,917.65,926.65
2009-03-25,927.15,941.00,917.10,934.15
2009-03-26,934.25,945.95,932.40,934.05
2009-03-27,935.70,937.85,920.10,923.05
2009-03-30,924.40,932.75,907.90,917.30
2009-03-31,917.60,925.45,912.35,918.15
2009-04-01,918.55,933.35,916.70,927.40
2009-04-02,927.30,929.80,894.70,904.15
2009-04-03,904.45,910.70,892.00,893.90
2009-04-06,894.85,896.80,865.30,869.80
2009-04-07,868.75,884.95,868.65,880.85
2009-04-08,880.85,890.85,878.30,880.55
2009-04-09,881.05,887.05,875.10,879.40
2009-04-10,879.00,885.90,878.00,881.65
2009-04-13,881.65,900.35,881.65,893.05
2009-04-14,893.90,899.05,886.30,889.85
2009-04-15,889.60,899.80,886.55,891.60
2009-04-16,891.50,894.45,872.50,875.55
2009-04-17,875.95,877.15,865.00,868.90
2009-04-20,869.05,889.20,865.50,885.15
2009-04-21,885.00,895.75,879.70,883.25
2009-04-22,883.50,894.15,882.30,890.15
2009-04-23,890.55,909.70,889.75,903.00
2009-04-24,904.40,914.50,903.25,913.10
2009-04-27,912.70,918.85,905.00,906.25
2009-04-28,907.05,908.25,885.20,892.60
2009-04-29,892.60,903.60,888.50,898.60
2009-04-30,897.65,900.70,880.80,886.50
2009-05-01,887.80,890.55,881.05,887.30
2009-05-04,887.30,907.60,885.05,903.35
2009-05-05,902.30,916.05,895.70,896.30
2009-05-06,895.80,913.25,895.30,910.90
2009-05-07,910.10,926.15,909.20,910.05
2009-05-08,910.80,920.65,905.40,917.05
2009-05-11,916.65,918.55,909.00,913.60
2009-05-12,913.25,924.75,912.40,922.85
2009-05-13,923.20,931.40,917.70,926.45
2009-05-14,926.40,929.45,920.60,926.35
2009-05-15,926.60,934.65,923.90,931.70
2009-05-18,930.60,934.50,916.05,918.20
2009-05-19,918.25,930.15,917.10,925.65
2009-05-20,925.50,941.25,925.40,938.10
2009-05-21,938.50,956.95,936.00,954.40
2009-05-22,955.05,962.30,950.40,957.35
2009-05-25,957.00,960.05,953.10,958.80
2009-05-26,958.00,958.95,941.10,952.15
2009-05-27,953.25,960.20,942.25,949.00
2009-05-28,948.65,965.95,944.55,959.80
2009-05-29,959.65,981.00,956.50,980.00
2009-06-01,979.60,989.50,974.10,975.20
2009-06-02,975.25,987.40,969.60,981.85
2009-06-03,982.05,990.80,961.35,963.15
2009-06-04,963.25,982.50,961.70,980.10
2009-06-05,981.25,983.45,953.50,956.30
2009-06-08,955.65,960.45,944.30,951.05
2009-06-09,951.20,962.60,948.00,954.75
2009-06-10,955.35,966.25,947.60,954.65
2009-06-11,954.60,962.70,944.10,955.00
2009-06-12,955.30,958.95,937.00,938.90
2009-06-15,939.00,939.30,926.00,928.35
2009-06-16,928.75,940.25,927.40,935.10
2009-06-17,934.85,940.95,928.50,939.40
2009-06-18,940.55,943.70,930.60,933.35
2009-06-19,934.45,939.80,931.45,934.30
2009-06-22,933.95,935.40,918.90,922.90
2009-06-23,922.70,927.75,913.90,926.15
2009-06-24,926.10,943.20,923.00,932.10
2009-06-25,930.90,940.10,929.90,939.15
2009-06-26,938.65,948.70,936.30,939.05
2009-06-29,940.60,943.50,934.40,938.05
2009-06-30,937.60,945.70,923.60,926.85
2009-07-01,925.80,946.75,925.75,940.75
2009-07-02,940.80,942.05,927.10,929.65
2009-07-03,928.85,934.90,927.90,932.50
2009-07-06,932.55,933.10,921.10,925.00
2009-07-07,924.60,932.55,922.05,924.30
2009-07-08,923.95,925.90,906.00,909.45
2009-07-09,909.35,919.30,907.10,912.45
2009-07-10,912.30,916.10,907.80,913.15
2009-07-13,912.10,924.10,908.40,921.00
2009-07-14,921.30,928.25,918.60,925.60
2009-07-15,925.95,942.95,925.30,939.45
2009-07-16,940.00,941.05,933.40,937.35
2009-07-17,937.70,940.70,932.60,937.70
2009-07-20,938.30,955.90,937.65,949.35
2009-07-21,950.00,954.40,945.10,949.15
2009-07-22,949.00,955.40,945.50,951.40
2009-07-23,952.75,958.10,948.10,948.15
2009-07-24,947.70,954.90,946.95,951.35
2009-07-27,951.80,959.70,948.20,953.65
2009-07-28,953.40,957.40,934.70,937.65
2009-07-29,937.90,941.70,926.10,930.00
2009-07-30,929.95,937.80,929.00,934.30
2009-07-31,934.60,957.20,932.60,954.75
2009-08-03,953.30,963.10,952.20,956.50
2009-08-04,957.50,971.05,951.85,967.75
2009-08-05,967.80,968.75,959.55,962.95
2009-08-06,963.30,972.25,956.85,963.15
2009-08-07,963.65,965.70,954.20,954.90
2009-08-10,954.75,958.10,943.50,946.15
2009-08-11,946.40,950.95,943.00,946.05
2009-08-12,946.50,953.40,940.90,947.75
2009-08-13,948.05,962.05,948.05,955.00
2009-08-14,955.05,960.50,944.40,947.35
2009-08-17,947.50,949.35,931.20,934.30
2009-08-18,934.15,941.50,934.15,938.80
2009-08-19,937.75,945.30,932.40,942.05
2009-08-20,943.30,947.10,938.60,940.85
2009-08-21,940.00,958.65,938.60,954.15
2009-08-24,952.40,957.20,939.80,942.90
2009-08-25,943.25,955.70,941.65,945.05
2009-08-26,943.80,950.35,939.80,945.60
2009-08-27,945.00,951.45,942.10,948.25
2009-08-28,948.70,962.00,948.70,955.95
2009-08-31,956.15,961.85,945.30,951.15
2009-09-01,950.55,958.00,947.00,957.35
2009-09-02,956.65,981.10,952.45,977.90
2009-09-03,977.55,998.20,975.20,991.60
2009-09-04,992.30,997.30,986.10,994.40
2009-09-07,994.40,997.85,992.15,995.35
2009-09-08,995.50,1008.95,994.05,996.70
2009-09-09,996.80,1003.95,987.95,992.65
2009-09-10,992.05,998.90,983.10,996.50
2009-09-11,996.00,1012.55,995.40,1005.85
2009-09-14,1005.35,1009.70,993.90,1000.15
2009-09-15,999.35,1010.50,992.90,1006.90
2009-09-16,1007.10,1021.50,1006.90,1017.70
2009-09-17,1017.25,1024.85,1010.60,1012.45
2009-09-18,1013.50,1018.55,1006.90,1007.15
2009-09-21,1005.45,1007.60,996.50,1003.55
2009-09-22,1003.60,1020.50,1002.90,1014.80
2009-09-23,1013.85,1018.35,1005.90,1008.45
2009-09-24,1007.35,1019.50,991.20,994.75
2009-09-25,993.65,999.30,985.10,991.75
2009-09-28,993.00,997.50,986.60,990.95
2009-09-29,991.35,996.70,985.90,992.20
2009-09-30,992.20,1009.95,992.20,1007.70
2009-10-01,1007.20,1010.40,998.40,999.50
2009-10-02,998.60,1008.20,987.20,1002.35
2009-10-05,1001.80,1018.45,1001.55,1017.75
2009-10-06,1017.00,1044.45,1015.74,1041.85
2009-10-07,1041.35,1049.20,1037.30,1044.70
2009-10-08,1044.85,1062.20,1043.50,1055.00
2009-10-09,1056.00,1056.00,1044.30,1049.25
2009-10-12,1049.00,1059.75,1047.90,1056.25
2009-10-13,1054.40,1069.30,1051.90,1064.35
2009-10-14,1064.90,1071.40,1056.50,1062.95
2009-10-15,1062.80,1066.50,1047.20,1050.85
2009-10-16,1050.55,1057.70,1043.90,1053.25
2009-10-19,1052.65,1065.50,1048.50,1063.70
2009-10-20,1064.50,1068.10,1052.00,1055.00
2009-10-21,1054.90,1065.10,1047.80,1059.35
2009-10-22,1057.90,1061.75,1051.80,1060.40
2009-10-23,1059.90,1067.80,1050.55,1054.95
2009-10-26,1054.30,1060.10,1037.95,1038.10
2009-10-27,1037.90,1044.50,1033.25,1039.80
2009-10-28,1039.50,1042.60,1027.35,1027.85
2009-10-29,1028.25,1048.50,1026.75,1045.55
2009-10-30,1045.80,1049.15,1035.35,1044.90
2009-11-02,1044.30,1063.10,1040.65,1059.25
2009-11-03,1059.85,1087.85,1055.40,1084.25
2009-11-04,1084.85,1097.65,1079.90,1092.60
2009-11-05,1092.85,1094.35,1083.90,1090.95
2009-11-06,1089.85,1101.30,1086.70,1095.05
2009-11-09,1097.41,1111.25,1095.80,1104.05
2009-11-10,1104.30,1109.70,1097.10,1105.60
2009-11-11,1105.65,1118.75,1105.15,1118.15
2009-11-12,1117.70,1123.25,1102.70,1103.80
2009-11-13,1103.75,1119.35,1101.20,1119.20
2009-11-16,1118.30,1143.65,1118.30,1140.35
2009-11-17,1139.60,1141.95,1127.95,1141.05
2009-11-18,1141.45,1153.15,1135.90,1144.65
2009-11-19,1145.15,1146.15,1129.90,1144.10
2009-11-20,1143.95,1151.30,1132.80,1149.95
2009-11-23,1151.20,1173.90,1150.85,1165.25
2009-11-24,1165.85,1171.50,1157.75,1169.70
2009-11-25,1169.25,1192.00,1167.05,1190.05
2009-11-26,1190.85,1195.40,1180.40,1193.10
2009-11-27,1191.90,1192.20,1137.80,1177.70
2009-11-30,1176.60,1182.00,1163.40,1178.85
2009-12-01,1179.65,1201.80,1175.45,1197.70
2009-12-02,1196.25,1217.15,1195.00,1214.95
2009-12-03,1216.15,1226.50,1204.30,1211.00
2009-12-04,1207.70,1212.60,1147.75,1161.70
2009-12-07,1160.45,1164.95,1136.20,1158.30
2009-12-08,1157.25,1168.90,1125.55,1130.05
2009-12-09,1129.75,1146.80,1117.20,1128.70
2009-12-10,1129.10,1137.00,1121.70,1132.05
2009-12-11,1130.60,1142.30,1109.50,1114.90
2009-12-14,1113.80,1127.90,1110.25,1124.55
2009-12-15,1126.75,1129.30,1111.70,1124.50
2009-12-16,1124.85,1141.10,1121.40,1137.95
2009-12-17,1138.30,1141.90,1094.90,1098.25
2009-12-18,1098.00,1117.00,1096.05,1112.50
2009-12-21,1111.45,1119.10,1090.25,1092.10
2009-12-22,1093.25,1097.60,1074.60,1083.75
2009-12-23,1084.10,1096.05,1079.60,1087.20
2009-12-24,1087.90,1106.65,1087.25,1105.45
2009-12-25,1104.00,1104.50,1104.00,1104.50
2009-12-28,1106.95,1114.00,1101.75,1106.85
2009-12-29,1106.20,1108.70,1096.75,1097.85
2009-12-30,1097.25,1098.05,1086.30,1091.95
2009-12-31,1093.15,1107.10,1092.10,1096.20
2010-01-01,1097.25,1097.90,1097.05,1097.35
2010-01-04,1096.25,1123.80,1093.45,1120.40
2010-01-05,1121.30,1128.10,1115.25,1119.05
2010-01-06,1118.40,1140.60,1116.00,1138.90
2010-01-07,1138.20,1139.15,1128.60,1132.30
2010-01-08,1131.85,1139.80,1119.95,1136.60
2010-01-11,1137.20,1161.90,1137.20,1153.00
2010-01-12,1151.55,1158.40,1125.35,1127.70
2010-01-13,1128.50,1138.85,1119.75,1138.80
2010-01-14,1137.95,1146.65,1131.15,1143.25
2010-01-15,1143.10,1146.60,1127.50,1130.90
2010-01-18,1129.40,1137.55,1126.75,1133.00
2010-01-19,1132.05,1140.80,1129.00,1138.10
2010-01-20,1138.50,1141.60,1107.40,1111.70
2010-01-21,1111.65,1117.85,1088.70,1095.15
2010-01-22,1094.65,1099.15,1082.30,1093.00
2010-01-25,1091.05,1104.20,1091.05,1098.25
2010-01-26,1098.40,1103.55,1085.80,1098.05
2010-01-27,1097.70,1102.70,1083.65,1086.85
2010-01-28,1087.80,1096.35,1074.15,1086.30
2010-01-29,1087.20,1090.60,1074.85,1081.55
2010-02-01,1080.10,1107.90,1076.80,1107.35
2010-02-02,1105.80,1118.35,1099.00,1115.20
2010-02-03,1114.40,1124.85,1107.20,1109.65
2010-02-04,1109.30,1111.10,1059.50,1063.45
2010-02-05,1063.15,1069.15,1044.25,1065.45
2010-02-08,1067.40,1073.90,1061.90,1063.75
2010-02-09,1062.95,1083.45,1061.80,1077.30
2010-02-10,1077.45,1082.50,1063.50,1072.85
2010-02-11,1072.00,1098.15,1071.35,1095.35
2010-02-12,1096.70,1097.35,1078.55,1093.40
2010-02-15,1092.85,1102.65,1092.00,1101.00
2010-02-16,1099.60,1121.20,1097.85,1119.95
2010-02-17,1119.25,1127.25,1111.70,1115.20
2010-02-18,1106.35,1124.05,1098.20,1123.90
2010-02-19,1111.30,1126.95,1098.95,1118.85
2010-02-22,1124.90,1131.05,1109.70,1113.70
2010-02-23,1113.80,1121.20,1099.35,1102.05
2010-02-24,1103.40,1108.35,1089.85,1096.40
2010-02-25,1097.60,1109.15,1088.60,1106.10
2010-02-26,1105.00,1119.20,1104.40,1116.50
2010-03-01,1116.55,1123.70,1112.05,1117.35
2010-03-02,1118.75,1137.75,1115.10,1134.65
2010-03-03,1134.85,1145.00,1132.40,1139.50
2010-03-04,1139.80,1141.60,1126.10,1132.00
2010-03-05,1131.80,1140.70,1127.00,1132.05
2010-03-08,1135.70,1137.80,1118.55,1122.40
2010-03-09,1123.30,1124.70,1108.95,1120.10
2010-03-10,1121.65,1128.15,1103.25,1108.20
2010-03-11,1108.35,1111.65,1100.44,1109.45
2010-03-12,1109.65,1119.45,1098.65,1102.45
2010-03-15,1100.50,1109.80,1100.35,1109.10
2010-03-16,1109.45,1129.45,1109.05,1125.70
2010-03-17,1126.10,1133.80,1118.85,1125.05
2010-03-18,1124.00,1129.55,1118.40,1125.95
2010-03-19,1125.95,1127.50,1101.95,1107.55
2010-03-22,1107.40,1108.85,1092.75,1102.30
2010-03-23,1102.45,1108.05,1094.80,1102.65
2010-03-24,1101.75,1105.40,1085.35,1087.50
2010-03-25,1086.50,1095.95,1085.45,1091.35
2010-03-26,1089.55,1110.65,1088.85,1106.60
2010-03-29,1110.55,1115.45,1104.35,1109.20
2010-03-30,1110.25,1114.15,1102.45,1103.60
2010-03-31,1103.70,1118.90,1102.45,1113.80
2010-04-01,1113.40,1128.75,1112.35,1126.50
2010-04-02,1125.00,1125.00,1120.00,1120.50
2010-04-05,1125.10,1134.20,1119.20,1130.70
2010-04-06,1130.65,1138.90,1123.00,1134.20
2010-04-07,1134.15,1153.25,1132.80,1148.00
2010-04-08,1149.45,1154.65,1144.40,1151.15
2010-04-09,1150.95,1165.35,1149.70,1160.90
2010-04-12,1165.69,1169.19,1152.00,1152.00
2010-04-13,1155.55,1157.90,1145.75,1151.15
2010-04-14,1151.30,1162.60,1150.80,1154.90
2010-04-15,1155.30,1162.30,1150.85,1158.95
2010-04-16,1158.80,1160.45,1130.65,1137.45
2010-04-19,1134.65,1138.45,1124.15,1135.60
2010-04-20,1135.70,1146.30,1133.45,1140.50
2010-04-21,1140.20,1150.90,1138.25,1146.30
2010-04-22,1145.75,1149.50,1132.15,1141.45
2010-04-23,1141.50,1158.00,1135.45,1157.40
2010-04-26,1156.50,1160.23,1151.05,1154.88
2010-04-27,1153.78,1172.93,1146.55,1172.93
2010-04-28,1168.03,1174.68,1160.65,1165.45
2010-04-29,1164.95,1171.75,1162.55,1167.10
2010-04-30,1168.70,1182.05,1161.88,1179.25
2010-05-03,1179.00,1187.91,1176.30,1182.40
2010-05-04,1181.75,1192.40,1167.16,1171.65
2010-05-05,1171.75,1177.31,1158.20,1175.20
2010-05-06,1176.10,1211.35,1173.35,1208.75
2010-05-07,1207.25,1213.85,1193.15,1208.30
2010-05-10,1202.35,1206.00,1184.35,1202.40
2010-05-11,1200.70,1234.15,1200.70,1232.55
2010-05-12,1231.00,1249.15,1227.40,1237.35
2010-05-13,1235.20,1243.35,1227.95,1232.33
2010-05-14,1232.45,1249.45,1219.55,1233.05
2010-05-17,1231.50,1243.10,1219.45,1223.75
2010-05-18,1222.30,1229.85,1207.35,1221.70
2010-05-19,1223.90,1228.10,1187.62,1191.75
2010-05-20,1192.65,1198.80,1175.35,1183.10
2010-05-21,1182.30,1189.35,1168.50,1177.15
2010-05-24,1176.93,1197.00,1176.48,1192.05
2010-05-25,1191.40,1204.95,1185.90,1201.10
2010-05-26,1202.55,1217.21,1201.10,1210.90
2010-05-27,1212.15,1219.35,1206.60,1212.10
2010-05-28,1211.45,1216.15,1203.01,1214.81
2010-05-31,1212.05,1218.30,1210.20,1216.21
2010-06-01,1216.10,1231.20,1215.05,1225.30
2010-06-02,1225.60,1227.95,1214.65,1223.85
2010-06-03,1223.20,1224.95,1201.15,1208.05
2010-06-04,1206.58,1220.70,1197.65,1220.00
2010-06-07,1219.15,1245.35,1211.15,1240.05
2010-06-08,1240.65,1252.20,1233.85,1235.63
2010-06-09,1235.10,1242.50,1223.75,1232.35
2010-06-10,1231.25,1234.25,1215.15,1217.80
2010-06-11,1216.75,1231.70,1216.75,1227.40
2010-06-14,1226.45,1235.00,1217.05,1222.15
2010-06-15,1221.30,1237.35,1220.30,1234.45
2010-06-16,1233.95,1238.65,1227.80,1231.60
2010-06-17,1230.50,1251.65,1229.90,1245.35
2010-06-18,1245.30,1262.90,1242.00,1257.35
2010-06-21,1259.10,1265.40,1230.95,1232.15
2010-06-22,1231.65,1243.10,1231.65,1239.50
2010-06-23,1238.75,1247.10,1225.30,1237.20
2010-06-24,1235.00,1248.35,1228.25,1244.55
2010-06-25,1243.45,1258.65,1241.35,1255.50
2010-06-28,1253.75,1263.45,1236.42,1238.05
2010-06-29,1237.10,1245.30,1227.35,1240.95
2010-06-30,1239.40,1248.55,1235.45,1242.35
2010-07-01,1242.65,1244.50,1197.30,1199.65
2010-07-02,1197.00,1223.35,1197.00,1211.60
2010-07-05,1211.10,1215.35,1206.55,1208.95
2010-07-06,1209.40,1215.25,1191.30,1194.25
2010-07-07,1191.95,1204.25,1185.55,1202.35
2010-07-08,1203.00,1209.70,1189.35,1198.45
2010-07-09,1197.35,1213.85,1194.70,1212.00
2010-07-12,1212.15,1214.00,1196.85,1196.85
2010-07-13,1195.30,1218.60,1195.30,1211.65
2010-07-14,1211.75,1218.85,1203.16,1208.50
2010-07-15,1209.05,1217.95,1204.55,1208.55
2010-07-16,1208.90,1211.00,1186.35,1193.65
2010-07-19,1193.20,1195.10,1177.65,1183.70
2010-07-20,1184.65,1194.30,1175.85,1192.30
2010-07-21,1191.40,1198.05,1183.35,1186.00
2010-07-22,1184.90,1200.60,1181.05,1194.95
2010-07-23,1195.05,1203.95,1183.81,1189.10
2010-07-26,1189.25,1195.30,1179.65,1182.50
2010-07-27,1181.90,1187.75,1158.15,1162.30
2010-07-28,1162.50,1166.35,1157.40,1163.55
2010-07-29,1163.50,1169.80,1159.65,1166.93
2010-07-30,1167.35,1183.95,1166.00,1180.90
2010-08-02,1181.45,1191.40,1175.50,1181.85
2010-08-03,1181.65,1191.35,1179.75,1185.70
2010-08-04,1185.70,1203.35,1184.40,1195.75
2010-08-05,1195.35,1200.55,1190.65,1195.10
2010-08-06,1194.70,1213.61,1193.10,1205.30
2010-08-09,1204.85,1210.55,1199.90,1201.40
2010-08-10,1201.10,1208.05,1191.50,1203.85
2010-08-11,1204.25,1209.75,1194.15,1197.75
2010-08-12,1198.40,1217.25,1197.85,1213.20
2010-08-13,1214.05,1219.35,1212.55,1215.55
2010-08-16,1214.55,1229.15,1214.55,1224.85
2010-08-17,1224.90,1230.45,1224.10,1224.90
2010-08-18,1225.30,1233.35,1218.40,1229.55
2010-08-19,1230.60,1239.15,1229.30,1232.10
2010-08-20,1230.70,1233.05,1222.25,1228.05
2010-08-23,1229.10,1233.85,1223.65,1225.40
2010-08-24,1225.70,1236.00,1210.60,1229.75
2010-08-25,1229.65,1242.35,1229.65,1240.10
2010-08-26,1240.55,1246.00,1235.85,1236.05
2010-08-27,1236.94,1244.25,1233.75,1238.20
2010-08-30,1237.00,1238.80,1233.80,1236.80
2010-08-31,1236.95,1251.90,1233.75,1247.65
2010-09-01,1248.00,1255.15,1242.75,1244.35
2010-09-02,1244.30,1253.80,1243.50,1251.25
2010-09-03,1252.40,1255.10,1237.00,1247.10
2010-09-06,1248.60,1251.45,1247.05,1250.05
2010-09-07,1248.55,1260.30,1244.50,1255.40
2010-09-08,1254.55,1262.75,1253.50,1255.20
2010-09-09,1253.45,1259.30,1242.70,1244.10
2010-09-10,1244.30,1251.65,1237.05,1246.45
2010-09-13,1245.90,1249.70,1241.45,1245.45
2010-09-14,1245.00,1275.25,1244.50,1268.85
2010-09-15,1268.10,1272.35,1263.45,1268.05
2010-09-16,1268.10,1278.70,1265.65,1275.55
2010-09-17,1276.00,1284.25,1273.10,1274.90
2010-09-20,1277.40,1285.20,1275.50,1278.35
2010-09-21,1279.15,1292.70,1271.85,1286.95
2010-09-22,1286.60,1296.60,1285.80,1291.35
2010-09-23,1292.40,1297.35,1288.25,1292.55
2010-09-24,1292.90,1300.95,1292.30,1296.95
2010-09-27,1298.50,1301.00,1293.50,1295.00
2010-09-28,1295.30,1311.10,1283.60,1309.10
2010-09-29,1309.00,1314.20,1306.15,1309.90
2010-09-30,1310.35,1316.80,1296.90,1309.50
2010-10-01,1310.55,1322.30,1307.10,1318.80
2010-10-04,1318.40,1321.00,1313.25,1315.25
2010-10-05,1314.00,1342.20,1312.25,1340.75
2010-10-06,1341.00,1350.80,1339.65,1349.40
2010-10-07,1349.65,1365.60,1326.55,1333.70
2010-10-08,1332.90,1350.20,1325.35,1346.80
2010-10-11,1346.40,1356.15,1340.85,1353.95
2010-10-12,1354.50,1356.30,1341.45,1350.60
2010-10-13,1350.65,1375.15,1349.40,1372.10
2010-10-14,1372.70,1388.10,1371.25,1381.30
2010-10-15,1380.85,1386.25,1363.20,1369.15
2010-10-18,1371.00,1375.30,1353.05,1369.80
2010-10-19,1369.40,1372.05,1329.30,1335.45
2010-10-20,1334.80,1348.20,1330.80,1346.35
2010-10-21,1346.10,1350.05,1318.74,1325.50
2010-10-22,1326.05,1329.35,1316.09,1328.20
2010-10-25,1331.89,1350.20,1331.80,1340.45
2010-10-26,1339.45,1343.90,1328.41,1339.90
2010-10-27,1339.65,1344.00,1319.24,1325.30
2010-10-28,1325.59,1346.50,1323.55,1344.35
2010-10-29,1344.09,1359.95,1335.56,1359.55
2010-11-01,1361.19,1366.49,1349.80,1351.75
2010-11-02,1351.25,1359.95,1350.70,1357.50
2010-11-03,1357.96,1365.25,1324.64,1348.65
2010-11-04,1348.09,1393.66,1346.75,1392.75
2010-11-05,1392.69,1398.35,1374.15,1393.90
2010-11-08,1394.90,1410.70,1387.14,1409.45
2010-11-09,1410.41,1425.36,1383.74,1390.95
2010-11-10,1392.70,1410.80,1384.25,1403.75
2010-11-11,1403.30,1418.25,1396.95,1409.35
2010-11-12,1409.90,1410.61,1360.26,1368.95
2010-11-15,1366.95,1377.16,1355.59,1359.49
2010-11-16,1360.40,1364.85,1329.85,1340.85
2010-11-17,1340.00,1345.20,1331.30,1337.25
2010-11-18,1336.00,1359.55,1335.59,1353.85
2010-11-19,1350.49,1363.29,1341.90,1353.50
2010-11-22,1354.70,1368.11,1348.55,1366.35
2010-11-23,1366.40,1382.40,1356.35,1377.20
2010-11-24,1377.00,1381.70,1369.60,1374.90
2010-11-25,1373.55,1375.40,1368.25,1374.62
2010-11-26,1374.49,1375.16,1350.64,1364.42
2010-11-29,1364.30,1371.13,1354.97,1368.37
2010-11-30,1368.40,1390.15,1363.04,1384.85
2010-12-01,1385.70,1397.11,1382.15,1387.10
2010-12-02,1387.69,1398.60,1382.95,1384.65
2010-12-03,1385.36,1415.91,1383.55,1415.05
2010-12-06,1415.56,1427.51,1409.15,1423.55
2010-12-07,1423.45,1431.45,1396.49,1401.89
2010-12-08,1401.19,1404.42,1371.85,1382.10
2010-12-09,1382.05,1394.54,1379.68,1387.64
2010-12-10,1387.80,1392.55,1372.30,1386.05
2010-12-13,1383.76,1399.44,1380.55,1393.76
2010-12-14,1393.40,1408.10,1392.05,1396.25
2010-12-15,1396.05,1397.40,1377.39,1379.80
2010-12-16,1380.80,1386.75,1361.75,1369.70
2010-12-17,1371.51,1379.36,1365.05,1375.41
2010-12-20,1376.80,1388.45,1376.24,1384.65
2010-12-21,1385.26,1392.39,1381.16,1385.74
2010-12-22,1385.75,1391.20,1382.04,1385.00
2010-12-23,1385.05,1388.96,1372.61,1380.35
2010-12-24,1380.55,1386.14,1378.82,1384.75
2010-12-27,1384.75,1386.70,1372.75,1384.10
2010-12-28,1383.95,1407.15,1382.45,1406.39
2010-12-29,1405.96,1414.35,1400.75,1410.95
2010-12-30,1411.35,1414.95,1402.55,1404.45
2010-12-31,1406.15,1423.15,1405.25,1421.45
2011-01-03,1421.30,1424.07,1412.24,1414.30
2011-01-04,1414.38,1417.59,1372.38,1380.60
2011-01-05,1380.94,1385.73,1364.48,1377.48
2011-01-06,1377.95,1380.20,1364.95,1371.40
2011-01-07,1372.10,1379.74,1353.30,1369.60
2011-01-10,1369.30,1376.50,1365.64,1375.05
2011-01-11,1374.90,1386.96,1372.90,1382.45
2011-01-12,1381.00,1389.40,1376.65,1386.50
2011-01-13,1388.16,1393.61,1370.17,1374.36
2011-01-14,1373.35,1378.35,1355.49,1361.85
2011-01-17,1359.53,1366.22,1357.47,1362.78
2011-01-18,1361.45,1376.61,1360.01,1367.76
2011-01-19,1368.10,1379.16,1365.70,1370.20
2011-01-20,1370.35,1371.55,1343.00,1345.85
2011-01-21,1345.91,1350.70,1337.95,1342.51
2011-01-24,1343.25,1353.40,1333.85,1334.70
2011-01-25,1334.49,1338.75,1323.05,1333.75
2011-01-26,1333.11,1346.76,1325.06,1345.89
2011-01-27,1346.74,1341.64,1309.09,1311.49
2011-01-28,1312.95,1347.21,1308.56,1335.35
2011-01-31,1336.93,1346.18,1323.29,1332.19
2011-02-01,1332.15,1343.60,1325.65,1340.60
2011-02-02,1340.89,1343.79,1326.80,1336.80
2011-02-03,1336.35,1356.15,1325.14,1353.20
2011-02-04,1353.80,1358.43,1345.30,1349.25
2011-02-07,1348.15,1353.40,1343.13,1349.10
2011-02-08,1350.65,1368.18,1348.45,1364.00
2011-02-09,1364.14,1367.40,1358.36,1362.95
2011-02-10,1363.41,1366.57,1350.78,1362.01
2011-02-11,1363.51,1368.51,1353.99,1356.10
2011-02-14,1359.36,1367.15,1354.45,1362.31
2011-02-15,1362.02,1376.85,1360.85,1373.40
2011-02-16,1373.45,1382.29,1368.45,1375.11
2011-02-17,1374.53,1385.28,1374.43,1383.67
2011-02-18,1383.74,1392.15,1382.00,1387.30
2011-02-21,1388.45,1408.70,1388.45,1406.45
2011-02-22,1406.56,1411.26,1393.14,1398.15
2011-02-23,1399.66,1416.80,1395.70,1410.45
2011-02-24,1411.97,1418.42,1392.00,1400.25
2011-02-25,1402.06,1412.14,1399.54,1409.25
2011-02-28,1408.90,1416.60,1404.60,1411.65
2011-03-01,1410.94,1435.00,1409.35,1433.85
2011-03-02,1434.15,1440.50,1427.90,1434.95
2011-03-03,1435.15,1436.55,1410.36,1416.40
2011-03-04,1416.09,1432.36,1413.41,1429.30
2011-03-07,1428.28,1445.03,1428.28,1433.17
2011-03-08,1431.20,1437.16,1423.70,1428.89
2011-03-09,1428.59,1436.55,1423.31,1429.50
2011-03-10,1429.45,1431.75,1403.12,1413.45
2011-03-11,1412.90,1424.55,1404.70,1417.40
2011-03-14,1422.09,1433.89,1419.79,1428.65
2011-03-15,1429.49,1429.49,1382.90,1395.95
2011-03-16,1396.80,1408.35,1393.85,1401.30
2011-03-17,1401.99,1406.95,1388.25,1404.40
2011-03-18,1405.39,1425.70,1403.40,1419.55
2011-03-21,1426.46,1436.70,1425.19,1427.05
2011-03-22,1427.95,1428.74,1424.86,1428.55
2011-03-23,1429.49,1442.90,1427.61,1438.20
2011-03-24,1439.29,1449.40,1425.20,1431.10
2011-03-25,1432.80,1438.70,1422.79,1429.65
2011-03-28,1427.85,1430.04,1411.95,1420.65
2011-03-29,1422.20,1425.10,1412.85,1418.80
2011-03-30,1418.52,1430.50,1412.25,1423.88
2011-03-31,1424.85,1441.30,1422.25,1432.00
2011-04-01,1432.59,1436.55,1413.05,1428.38
2011-04-04,1428.74,1438.94,1427.79,1436.94
2011-04-05,1437.05,1457.35,1430.10,1451.10
2011-04-06,1456.70,1462.41,1451.60,1457.50
2011-04-07,1460.70,1466.80,1454.09,1458.50
2011-04-08,1460.39,1476.85,1458.25,1475.10
2011-04-11,1473.55,1476.61,1459.20,1463.40
2011-04-12,1462.15,1467.50,1443.89,1453.60
2011-04-13,1452.49,1462.30,1450.96,1457.75
2011-04-14,1459.15,1477.30,1454.80,1474.90
2011-04-15,1476.79,1489.90,1473.20,1486.50
2011-04-18,1486.43,1497.64,1477.59,1495.51
2011-04-19,1497.29,1501.31,1489.30,1495.10
2011-04-20,1497.30,1507.70,1495.16,1502.35
2011-04-21,1503.49,1510.75,1502.35,1504.35
2011-04-22,1507.35,1512.95,1502.15,1508.13
2011-04-25,1511.45,1520.10,1503.70,1507.25
2011-04-26,1505.94,1507.91,1493.00,1507.05
2011-04-27,1506.59,1530.40,1503.30,1526.90
2011-04-28,1527.51,1538.85,1524.25,1535.45
2011-04-29,1536.95,1571.30,1533.00,1565.60
2011-05-02,1567.79,1576.29,1540.89,1545.00
2011-05-03,1545.34,1551.80,1527.96,1536.83
2011-05-04,1537.10,1543.46,1506.50,1515.95
2011-05-05,1516.79,1523.69,1464.40,1473.65
2011-05-06,1474.65,1498.59,1471.05,1495.25
2011-05-09,1493.26,1514.31,1489.99,1513.05
2011-05-10,1513.03,1519.65,1506.17,1515.72
2011-05-11,1513.25,1526.80,1496.15,1500.25
2011-05-12,1500.25,1508.30,1479.30,1502.85
2011-05-13,1506.41,1516.93,1483.03,1494.55
2011-05-16,1493.75,1504.90,1487.89,1489.70
2011-05-17,1491.20,1499.60,1473.50,1486.85
2011-05-18,1486.30,1501.60,1486.30,1497.00
2011-05-19,1498.30,1501.51,1488.40,1493.60
2011-05-20,1495.50,1517.55,1488.95,1513.55
2011-05-23,1512.60,1518.01,1504.05,1517.20
2011-05-24,1518.70,1529.45,1515.00,1526.40
2011-05-25,1527.69,1534.10,1523.06,1525.95
2011-05-26,1524.26,1531.70,1515.39,1519.05
2011-05-27,1523.59,1540.10,1520.00,1536.65
2011-05-30,1537.24,1540.00,1534.39,1538.45
2011-05-31,1539.95,1542.50,1534.26,1535.35
2011-06-01,1535.15,1550.64,1529.55,1540.70
2011-06-02,1542.49,1546.16,1521.60,1533.90
2011-06-03,1535.74,1547.46,1525.89,1542.50
2011-06-06,1544.59,1555.30,1542.20,1544.00
2011-06-07,1543.55,1550.50,1536.70,1544.25
2011-06-08,1545.75,1548.09,1532.76,1537.55
2011-06-09,1538.80,1551.30,1534.90,1544.35
2011-06-10,1545.60,1546.99,1527.74,1531.90
2011-06-13,1530.50,1533.06,1511.61,1515.23
2011-06-14,1516.73,1527.80,1513.95,1524.10
2011-06-15,1523.75,1534.25,1514.36,1530.70
2011-06-16,1530.09,1532.80,1522.40,1528.85
2011-06-17,1528.85,1542.15,1522.50,1539.50
2011-06-20,1538.90,1546.40,1533.24,1540.45
2011-06-21,1540.45,1548.40,1538.55,1546.20
2011-06-22,1548.45,1559.75,1543.10,1547.80
2011-06-23,1549.29,1550.85,1514.70,1520.85
2011-06-24,1522.70,1527.41,1500.41,1502.15
2011-06-27,1500.50,1507.29,1492.30,1497.00
2011-06-28,1496.70,1506.56,1496.00,1501.00
2011-06-29,1501.80,1513.19,1500.50,1512.05
2011-06-30,1512.05,1514.21,1498.70,1500.10
2011-07-01,1502.84,1504.19,1480.01,1486.50
2011-07-04,1486.50,1497.06,1485.91,1495.95
2011-07-05,1496.05,1517.09,1493.00,1516.30
2011-07-06,1517.64,1535.45,1511.89,1529.50
2011-07-07,1530.10,1536.20,1524.81,1532.55
2011-07-08,1533.85,1547.30,1526.20,1544.25
2011-07-11,1544.05,1557.09,1541.90,1554.10
2011-07-12,1555.60,1574.96,1542.30,1567.20
2011-07-13,1566.95,1587.96,1564.35,1582.25
2011-07-14,1582.25,1594.66,1579.30,1587.25
2011-07-15,1588.75,1595.65,1577.81,1594.10
2011-07-18,1595.45,1609.01,1593.59,1605.40
2011-07-19,1605.30,1610.01,1582.59,1588.35
2011-07-20,1589.85,1603.69,1583.00,1602.10
2011-07-21,1598.58,1606.16,1586.59,1589.90
2011-07-22,1592.98,1609.01,1585.36,1599.25
2011-07-25,1599.28,1622.99,1599.28,1614.55
2011-07-26,1614.55,1620.49,1608.29,1619.30
2011-07-27,1618.49,1628.50,1608.96,1613.50
2011-07-28,1613.50,1620.10,1603.40,1616.85
2011-07-29,1616.05,1632.80,1610.64,1626.64
2011-08-01,1628.14,1633.66,1609.69,1620.10
2011-08-02,1620.32,1661.05,1616.29,1659.75
2011-08-03,1659.75,1673.15,1652.00,1661.20
2011-08-04,1661.20,1682.17,1640.09,1648.40
2011-08-05,1648.40,1670.10,1642.40,1665.00
2011-08-08,1662.75,1720.49,1662.67,1717.35
2011-08-09,1717.35,1778.79,1714.75,1743.90
2011-08-10,1743.90,1797.36,1740.00,1795.00
2011-08-11,1796.50,1815.79,1734.10,1767.90
2011-08-12,1763.96,1768.30,1723.55,1746.60
2011-08-15,1746.25,1766.44,1728.01,1765.50
2011-08-16,1766.30,1788.20,1761.99,1786.30
2011-08-17,1786.75,1794.90,1779.39,1788.65
2011-08-18,1789.64,1829.00,1784.34,1824.35
2011-08-19,1824.35,1877.50,1821.35,1852.45
2011-08-22,1859.89,1901.19,1858.20,1898.10
2011-08-23,1897.84,1911.96,1823.50,1830.15
2011-08-24,1830.05,1854.11,1749.89,1751.05
2011-08-25,1750.35,1774.90,1703.45,1771.60
2011-08-26,1772.64,1829.15,1757.24,1828.55
2011-08-29,1837.84,1839.24,1776.64,1788.45
2011-08-30,1787.96,1840.26,1784.05,1835.30
2011-08-31,1835.39,1839.70,1812.89,1823.80
2011-09-01,1823.09,1830.60,1814.65,1825.05
2011-09-02,1824.84,1884.90,1824.00,1884.20
2011-09-05,1877.99,1904.20,1875.30,1900.49
2011-09-06,1903.40,1921.11,1860.91,1873.72
2011-09-07,1872.39,1880.61,1793.69,1816.96
2011-09-08,1816.96,1870.30,1812.99,1868.76
2011-09-09,1868.76,1885.89,1824.94,1857.81
2011-09-12,1857.66,1861.60,1801.09,1813.75
2011-09-13,1813.75,1843.70,1799.25,1833.80
2011-09-14,1833.64,1844.89,1808.29,1819.70
2011-09-15,1820.60,1826.49,1772.54,1789.14
2011-09-16,1788.45,1822.20,1763.05,1811.95
2011-09-19,1818.50,1828.47,1770.70,1778.75
2011-09-20,1778.34,1811.40,1770.24,1803.75
2011-09-21,1803.54,1816.76,1778.80,1781.79
2011-09-22,1779.34,1786.19,1721.84,1735.83
2011-09-23,1737.63,1756.01,1629.99,1656.59
2011-09-26,1657.29,1662.99,1534.99,1627.35
2011-09-27,1624.79,1677.19,1614.91,1649.95
2011-09-28,1650.25,1668.85,1598.70,1608.80
2011-09-29,1606.94,1634.09,1583.30,1614.55
2011-09-30,1615.99,1640.49,1607.19,1623.75
2011-10-03,1618.35,1664.46,1618.35,1660.95
2011-10-04,1660.65,1678.86,1596.00,1624.30
2011-10-05,1624.69,1646.70,1597.25,1640.90
2011-10-06,1641.49,1655.65,1632.24,1650.63
2011-10-07,1644.20,1666.55,1625.95,1639.45
2011-10-10,1654.14,1678.10,1638.09,1675.44
2011-10-11,1676.45,1685.22,1654.46,1663.10
2011-10-12,1662.29,1692.10,1660.39,1677.20
2011-10-13,1674.89,1684.39,1653.19,1666.70
2011-10-14,1667.30,1684.26,1661.50,1679.95
2011-10-17,1683.29,1696.10,1666.44,1670.65
2011-10-18,1671.20,1677.22,1627.20,1655.15
2011-10-19,1654.75,1665.39,1639.40,1641.80
2011-10-20,1643.44,1645.00,1603.99,1619.10
2011-10-21,1618.99,1648.59,1611.44,1641.02
2011-10-24,1641.99,1662.09,1635.60,1652.68
2011-10-25,1654.40,1710.80,1645.24,1705.35
2011-10-26,1707.19,1728.50,1696.70,1725.75
2011-10-27,1725.24,1750.11,1705.74,1744.45
2011-10-28,1744.70,1752.85,1733.00,1742.95
2011-10-31,1744.15,1746.50,1706.59,1715.25
2011-11-01,1716.05,1725.29,1683.74,1720.30
2011-11-02,1720.90,1745.89,1715.74,1737.00
2011-11-03,1736.50,1767.90,1722.84,1763.15
2011-11-04,1763.26,1764.90,1750.00,1754.15
2011-11-07,1753.95,1798.69,1752.89,1795.86
2011-11-08,1794.89,1803.10,1777.10,1785.00
2011-11-09,1785.20,1799.64,1764.14,1772.24
2011-11-10,1770.71,1775.85,1736.55,1759.20
2011-11-11,1759.64,1789.41,1746.05,1788.99
2011-11-14,1788.14,1796.16,1773.59,1781.00
2011-11-15,1780.39,1785.85,1760.54,1781.40
2011-11-16,1781.94,1784.14,1754.25,1762.35
2011-11-17,1762.19,1767.16,1710.05,1719.10
2011-11-18,1722.29,1737.79,1711.34,1723.05
2011-11-21,1723.30,1726.64,1666.54,1680.85
2011-11-22,1679.30,1705.80,1671.55,1699.20
2011-11-23,1700.66,1710.77,1677.94,1693.30
2011-11-24,1692.39,1702.23,1687.69,1694.75
2011-11-25,1694.85,1697.90,1672.09,1680.13
2011-11-28,1680.80,1720.49,1680.80,1712.30
2011-11-29,1712.05,1720.76,1704.11,1716.75
2011-11-30,1714.99,1750.23,1701.00,1745.70
2011-12-01,1746.85,1754.86,1734.10,1745.25
2011-12-02,1745.16,1762.61,1738.15,1745.25
2011-12-05,1746.15,1755.30,1718.44,1721.64
2011-12-06,1722.50,1733.46,1702.85,1728.20
2011-12-07,1728.46,1743.26,1720.65,1742.10
2011-12-08,1742.00,1754.70,1704.51,1708.80
2011-12-09,1708.29,1724.30,1703.54,1711.10
2011-12-12,1711.64,1715.05,1657.90,1666.30
2011-12-13,1666.25,1678.30,1622.75,1632.10
2011-12-14,1632.11,1641.89,1564.85,1575.10
2011-12-15,1574.49,1594.26,1561.07,1570.70
2011-12-16,1570.24,1600.95,1568.86,1597.95
2011-12-19,1599.35,1608.50,1583.44,1594.10
2011-12-20,1594.26,1619.12,1592.35,1615.65
2011-12-21,1615.26,1642.36,1606.40,1615.15
2011-12-22,1615.35,1617.36,1599.15,1604.70
2011-12-23,1606.75,1614.31,1603.15,1606.60
2011-12-26,1607.51,1612.15,1597.86,1605.82
2011-12-27,1607.51,1607.79,1589.75,1592.90
2011-12-28,1593.75,1593.81,1550.10,1553.00
2011-12-29,1556.39,1561.51,1522.64,1546.70
2011-12-30,1545.89,1581.26,1544.75,1564.30
2012-01-02,1566.61,1569.61,1565.37,1566.27
2012-01-03,1566.20,1607.45,1565.85,1604.14
2012-01-04,1602.75,1618.92,1593.10,1612.40
2012-01-05,1611.39,1625.86,1596.74,1623.00
2012-01-06,1621.44,1630.56,1608.89,1616.85
2012-01-09,1616.78,1623.69,1604.94,1611.50
2012-01-10,1611.57,1640.27,1608.62,1631.56
2012-01-11,1632.39,1647.40,1630.29,1641.80
2012-01-12,1640.64,1662.12,1640.39,1650.10
2012-01-13,1650.66,1650.75,1626.06,1639.35
2012-01-16,1639.68,1647.35,1631.44,1643.40
2012-01-17,1643.84,1667.87,1641.45,1651.74
2012-01-18,1652.20,1662.50,1642.74,1661.25
2012-01-19,1659.70,1670.15,1648.94,1657.60
2012-01-20,1657.79,1667.11,1644.69,1666.90
2012-01-23,1666.68,1681.66,1662.59,1677.00
2012-01-24,1676.99,1679.89,1661.29,1665.20
2012-01-25,1665.69,1713.30,1649.19,1711.90
2012-01-26,1710.72,1730.62,1703.65,1721.50
2012-01-27,1720.49,1738.91,1714.80,1738.89
2012-01-30,1738.05,1739.35,1716.69,1730.05
2012-01-31,1729.19,1747.79,1726.80,1739.43
2012-02-01,1738.75,1751.56,1732.95,1743.60
2012-02-02,1744.20,1761.57,1741.49,1759.99
2012-02-03,1760.06,1763.76,1724.35,1725.30
2012-02-06,1726.30,1738.09,1711.79,1720.30
2012-02-07,1719.80,1750.20,1709.79,1746.50
2012-02-08,1745.76,1751.86,1724.95,1733.55
2012-02-09,1733.70,1751.90,1725.69,1729.60
2012-02-10,1731.54,1734.80,1704.14,1719.85
2012-02-13,1725.30,1733.61,1716.47,1722.50
2012-02-14,1722.96,1727.81,1712.20,1720.10
2012-02-15,1719.62,1737.47,1718.52,1729.01
2012-02-16,1727.79,1730.01,1705.49,1728.70
2012-02-17,1728.84,1735.95,1717.45,1722.45
2012-02-20,1723.78,1737.30,1723.67,1734.00
2012-02-21,1734.03,1760.21,1731.09,1759.15
2012-02-22,1759.59,1781.80,1749.54,1777.55
2012-02-23,1776.24,1787.61,1772.29,1780.10
2012-02-24,1780.30,1783.11,1770.74,1773.49
2012-02-27,1773.28,1779.59,1762.24,1766.30
2012-02-28,1767.05,1789.96,1766.00,1785.85
2012-02-29,1784.59,1790.80,1688.49,1695.20
2012-03-01,1696.20,1726.21,1694.70,1716.55
2012-03-02,1717.70,1724.19,1705.19,1712.30
2012-03-05,1711.05,1716.76,1694.64,1706.70
2012-03-06,1705.97,1709.00,1664.35,1674.00
2012-03-07,1674.60,1688.42,1671.35,1684.95
2012-03-08,1685.09,1703.86,1682.85,1700.65
2012-03-09,1700.20,1714.59,1677.84,1713.09
2012-03-12,1709.08,1714.30,1692.84,1700.53
2012-03-13,1699.66,1705.97,1662.60,1675.50
2012-03-14,1675.74,1683.45,1635.59,1643.60
2012-03-15,1642.89,1666.79,1636.59,1658.23
2012-03-16,1659.71,1665.01,1639.80,1660.65
2012-03-19,1654.98,1671.40,1654.14,1664.55
2012-03-20,1666.04,1666.29,1643.29,1650.35
2012-03-21,1651.11,1661.65,1646.91,1650.50
2012-03-22,1652.05,1658.01,1629.68,1644.85
2012-03-23,1645.41,1666.74,1642.38,1662.26
2012-03-26,1661.81,1694.00,1655.60,1689.98
2012-03-27,1690.30,1696.81,1679.11,1680.05
2012-03-28,1680.21,1684.41,1655.11,1662.18
2012-03-29,1661.94,1665.29,1645.39,1661.38
2012-03-30,1661.55,1671.11,1659.91,1668.90
2012-04-02,1668.55,1680.09,1676.20,1677.75
2012-04-03,1676.59,1681.16,1639.24,1645.33
2012-04-04,1644.64,1648.15,1612.30,1620.23
2012-04-05,1620.36,1633.67,1620.15,1631.25
2012-04-06,1628.95,1639.49,1628.49,1639.49
2012-04-09,1641.44,1649.00,1627.70,1641.28
2012-04-10,1641.13,1663.10,1632.20,1660.35
2012-04-11,1659.49,1662.90,1653.44,1657.95
2012-04-12,1659.14,1680.20,1651.29,1675.48
2012-04-13,1675.55,1678.31,1649.51,1659.00
2012-04-16,1654.09,1657.80,1641.14,1652.10
2012-04-17,1652.90,1657.71,1635.05,1649.90
2012-04-18,1651.24,1656.05,1639.29,1642.07
2012-04-19,1643.49,1655.00,1632.80,1643.60
2012-04-20,1643.55,1647.31,1638.95,1642.70
2012-04-23,1643.44,1644.90,1621.99,1638.70
2012-04-24,1638.75,1649.52,1633.95,1641.00
2012-04-25,1641.41,1646.53,1624.47,1644.70
2012-04-26,1645.98,1662.60,1643.15,1656.90
2012-04-27,1657.15,1667.72,1650.55,1662.05
2012-04-30,1662.42,1666.58,1644.98,1664.36
2012-05-01,1666.75,1673.20,1658.59,1662.10
2012-05-02,1662.40,1663.40,1646.71,1653.50
2012-05-03,1653.26,1653.72,1631.17,1635.76
2012-05-04,1636.00,1647.27,1626.91,1642.83
2012-05-07,1641.79,1644.40,1634.21,1639.15
2012-05-08,1638.57,1639.52,1595.55,1605.00
2012-05-09,1605.67,1606.64,1579.78,1589.34
2012-05-10,1589.69,1602.20,1586.07,1593.66
2012-05-11,1593.87,1595.37,1573.90,1580.05
2012-05-14,1580.60,1585.89,1556.00,1556.85
2012-05-15,1557.15,1564.06,1541.60,1544.45
2012-05-16,1546.10,1553.80,1529.00,1540.05
2012-05-17,1540.39,1581.70,1538.80,1574.00
2012-05-18,1574.78,1598.68,1569.05,1593.09
2012-05-21,1593.65,1600.79,1586.80,1592.65
2012-05-22,1593.53,1596.03,1563.29,1568.95
2012-05-23,1569.19,1570.35,1535.41,1562.00
2012-05-24,1563.36,1579.50,1553.15,1559.00
2012-05-25,1558.50,1574.57,1551.90,1573.45
2012-05-28,1574.09,1584.00,1571.13,1573.33
2012-05-29,1574.10,1582.90,1548.64,1555.75
2012-05-30,1554.80,1569.77,1532.10,1562.45
2012-05-31,1563.90,1574.30,1554.09,1560.70
2012-06-01,1560.45,1630.02,1545.30,1626.25
2012-06-04,1627.29,1629.69,1610.71,1618.40
2012-06-05,1619.25,1623.91,1612.71,1617.10
2012-06-06,1617.20,1641.11,1614.34,1620.40
2012-06-07,1620.20,1629.41,1579.75,1589.00
2012-06-08,1589.15,1595.47,1562.05,1594.45
2012-06-11,1593.10,1608.35,1582.89,1596.45
2012-06-12,1596.45,1618.01,1586.90,1610.05
2012-06-13,1609.26,1624.97,1606.20,1618.35
2012-06-14,1617.90,1627.79,1610.00,1623.32
2012-06-15,1622.94,1633.70,1619.59,1626.76
2012-06-18,1627.31,1630.31,1607.10,1628.40
2012-06-19,1628.51,1633.51,1617.51,1618.07
2012-06-20,1618.81,1623.01,1590.90,1605.90
2012-06-21,1605.06,1607.29,1564.49,1565.30
2012-06-22,1564.31,1573.81,1558.80,1572.15
2012-06-25,1572.00,1588.51,1566.35,1584.60
2012-06-26,1583.76,1587.31,1567.95,1572.15
2012-06-27,1572.50,1581.91,1563.15,1574.30
2012-06-28,1573.61,1579.31,1547.85,1551.90
2012-06-29,1551.39,1607.19,1550.94,1598.60
2012-07-02,1599.30,1602.51,1587.45,1596.35
2012-07-03,1598.69,1626.70,1596.59,1616.65
2012-07-04,1617.24,1620.59,1611.94,1615.63
2012-07-05,1617.34,1625.80,1598.89,1604.75
2012-07-06,1604.95,1610.00,1576.70,1582.90
2012-07-09,1580.84,1593.30,1576.39,1587.15
2012-07-10,1591.16,1602.90,1565.89,1566.50
2012-07-11,1565.41,1583.41,1565.41,1576.90
2012-07-12,1576.85,1578.36,1554.95,1572.40
2012-07-13,1571.20,1597.11,1566.25,1589.05
2012-07-16,1591.39,1595.30,1578.79,1589.35
2012-07-17,1591.19,1600.50,1572.66,1582.75
2012-07-18,1584.29,1587.16,1568.84,1573.80
2012-07-19,1573.89,1593.00,1573.64,1582.05
2012-07-20,1582.01,1587.91,1574.04,1583.63
2012-07-23,1582.64,1584.26,1564.49,1576.90
2012-07-24,1580.40,1584.66,1568.35,1580.50
2012-07-25,1581.44,1611.41,1579.94,1605.38
2012-07-26,1605.00,1622.02,1601.50,1616.20
2012-07-27,1616.14,1629.60,1611.99,1623.28
2012-07-30,1625.10,1626.70,1614.85,1621.10
2012-07-31,1621.30,1628.31,1610.95,1613.90
2012-08-01,1599.25,1618.90,1592.35,1599.20
2012-08-02,1599.25,1614.90,1585.10,1590.35
2012-08-03,1590.28,1606.91,1586.74,1604.30
2012-08-06,1605.00,1615.61,1602.85,1611.00
2012-08-07,1610.99,1618.41,1609.09,1611.18
2012-08-08,1611.29,1617.01,1603.55,1611.90
2012-08-09,1612.10,1618.72,1609.85,1617.70
2012-08-10,1617.64,1626.56,1605.70,1620.05
2012-08-13,1620.35,1625.82,1607.71,1610.15
2012-08-14,1610.16,1616.81,1594.71,1598.65
2012-08-15,1598.64,1606.40,1590.19,1603.38
2012-08-16,1604.14,1618.99,1600.79,1614.80
2012-08-17,1614.44,1620.10,1611.90,1615.80
2012-08-20,1616.26,1623.01,1610.20,1620.70
2012-08-21,1620.55,1641.81,1618.66,1638.50
2012-08-22,1638.20,1656.41,1634.87,1654.00
2012-08-23,1654.00,1675.41,1652.41,1670.65
2012-08-24,1670.14,1673.81,1662.79,1670.35
2012-08-27,1671.44,1676.95,1663.09,1664.10
2012-08-28,1663.44,1672.70,1657.44,1667.03
2012-08-29,1667.25,1670.15,1652.97,1656.55
2012-08-30,1656.55,1664.51,1651.80,1656.15
2012-08-31,1656.15,1693.32,1647.34,1691.15
2012-09-03,1692.20,1695.61,1685.70,1692.40
2012-09-04,1692.99,1700.45,1689.96,1696.40
2012-09-05,1695.05,1696.37,1687.65,1693.65
2012-09-06,1693.45,1713.52,1691.65,1701.65
2012-09-07,1701.94,1741.80,1689.20,1736.50
2012-09-10,1735.85,1740.26,1724.91,1725.80
2012-09-11,1726.10,1737.91,1725.45,1731.75
2012-09-12,1732.54,1746.70,1725.79,1731.50
2012-09-13,1730.65,1772.87,1717.25,1766.90
2012-09-14,1766.44,1778.01,1765.04,1772.48
2012-09-17,1774.74,1776.76,1754.59,1761.45
2012-09-18,1761.55,1773.61,1752.95,1770.95
2012-09-19,1769.85,1768.35,1765.65,1769.80
2012-09-20,1769.85,1772.50,1756.10,1766.70
2012-09-21,1767.30,1787.81,1766.40,1773.05
2012-09-24,1773.39,1773.39,1755.80,1764.15
2012-09-25,1764.26,1775.51,1758.41,1760.65
2012-09-26,1760.50,1766.01,1738.11,1752.20
2012-09-27,1754.90,1780.81,1751.36,1777.90
2012-09-28,1777.72,1783.63,1767.53,1771.22
2012-10-01,1771.20,1791.81,1763.55,1774.40
2012-10-02,1776.40,1784.81,1771.57,1778.00
2012-10-03,1774.10,1782.31,1771.00,1779.15
2012-10-04,1779.19,1796.90,1779.19,1790.55
2012-10-05,1790.79,1796.19,1772.84,1780.98
2012-10-08,1780.71,1780.90,1766.75,1774.90
2012-10-09,1775.45,1779.96,1760.55,1764.15
2012-10-10,1764.26,1768.41,1757.47,1762.55
2012-10-11,1761.80,1775.31,1758.70,1768.80
2012-10-12,1768.79,1773.60,1752.34,1754.25
2012-10-15,1753.60,1753.60,1729.36,1736.10
2012-10-16,1736.30,1748.61,1734.90,1747.80
2012-10-17,1748.40,1753.81,1743.20,1750.30
2012-10-18,1749.91,1752.40,1738.41,1741.70
2012-10-19,1740.59,1743.58,1716.29,1720.90
2012-10-22,1721.80,1729.61,1714.00,1729.45
2012-10-23,1728.40,1730.60,1704.11,1708.70
2012-10-24,1708.39,1714.56,1698.89,1702.43
2012-10-25,1701.85,1718.21,1701.40,1711.80
2012-10-26,1712.00,1718.91,1700.95,1711.35
2012-10-29,1711.50,1717.57,1706.00,1709.85
2012-10-30,1710.06,1715.61,1705.20,1709.49
2012-10-31,1709.96,1726.05,1709.54,1720.55
2012-11-01,1720.66,1727.11,1713.55,1714.70
2012-11-02,1714.79,1717.06,1674.44,1677.85
2012-11-05,1677.20,1686.57,1672.85,1684.60
2012-11-06,1684.93,1721.01,1683.80,1715.95
2012-11-07,1715.98,1731.79,1702.97,1716.69
2012-11-08,1717.32,1735.82,1713.61,1730.99
2012-11-09,1731.64,1739.05,1727.05,1731.24
2012-11-12,1732.00,1738.41,1725.90,1728.35
2012-11-13,1728.51,1733.21,1718.30,1725.50
2012-11-14,1725.50,1733.40,1720.81,1726.45
2012-11-15,1726.45,1727.96,1705.30,1715.80
2012-11-16,1716.11,1717.51,1706.10,1713.70
2012-11-19,1713.54,1735.34,1713.43,1731.94
2012-11-20,1732.11,1735.81,1722.40,1728.65
2012-11-21,1728.57,1732.08,1720.91,1729.11
2012-11-22,1729.09,1732.75,1728.35,1729.55
2012-11-23,1729.55,1754.60,1728.39,1753.00
2012-11-26,1753.11,1753.11,1746.10,1749.10
2012-11-27,1748.94,1751.80,1738.89,1742.05
2012-11-28,1741.92,1743.23,1706.03,1719.69
2012-11-29,1719.50,1728.71,1718.40,1725.40
2012-11-30,1725.71,1731.90,1709.09,1714.80
2012-12-03,1713.90,1722.11,1712.99,1715.25
2012-12-04,1715.55,1717.67,1691.25,1697.35
2012-12-05,1697.47,1707.18,1684.98,1693.99
2012-12-06,1693.87,1703.38,1686.11,1699.14
2012-12-07,1699.31,1705.61,1684.40,1703.65
2012-12-10,1704.45,1717.60,1702.64,1710.25
2012-12-11,1712.30,1714.60,1705.04,1710.10
2012-12-12,1709.99,1723.41,1707.84,1711.95
2012-12-13,1711.81,1712.11,1689.55,1697.30
2012-12-14,1697.41,1700.74,1693.45,1695.47
2012-12-17,1695.76,1700.03,1687.05,1697.93
2012-12-18,1698.21,1703.47,1661.62,1670.15
2012-12-19,1670.38,1676.99,1663.42,1666.94
2012-12-20,1667.22,1672.12,1635.70,1647.75
2012-12-21,1647.64,1659.68,1635.62,1656.99
2012-12-24,1657.79,1665.90,1652.13,1657.48
2012-12-25,1657.91,1663.15,1657.81,1658.90
2012-12-26,1658.12,1667.89,1650.38,1660.14
2012-12-27,1660.31,1665.76,1653.05,1663.90
2012-12-28,1663.84,1666.49,1653.44,1655.40
2012-12-31,1656.21,1680.71,1655.71,1674.95
2013-01-01,1675.26,1676.21,1664.55,1675.15
2013-01-02,1675.03,1695.10,1670.39,1686.75
2013-01-03,1686.54,1690.00,1660.89,1663.35
2013-01-04,1663.42,1664.42,1626.40,1656.85
2013-01-07,1656.51,1662.71,1642.75,1647.25
2013-01-08,1647.21,1662.30,1646.64,1659.00
2013-01-09,1658.83,1666.41,1651.45,1657.90
2013-01-10,1657.97,1679.21,1654.10,1675.25
2013-01-11,1675.28,1677.05,1654.05,1663.05
2013-01-14,1661.95,1674.80,1660.04,1667.20
2013-01-15,1666.94,1685.30,1666.44,1678.90
2013-01-16,1678.65,1685.11,1673.55,1679.50
2013-01-17,1679.79,1695.94,1666.94,1687.64
2013-01-18,1687.25,1695.51,1683.60,1683.95
2013-01-21,1684.90,1691.60,1684.90,1690.05
2013-01-22,1690.05,1696.26,1686.64,1692.10
2013-01-23,1692.37,1695.61,1683.45,1685.75
2013-01-24,1686.35,1686.45,1665.08,1667.74
2013-01-25,1667.88,1672.59,1655.78,1658.69
2013-01-28,1658.76,1662.81,1652.54,1654.95
2013-01-29,1655.20,1666.06,1654.30,1663.85
2013-01-30,1663.96,1683.79,1662.79,1677.10
2013-01-31,1677.42,1681.01,1658.15,1663.60
2013-02-01,1664.02,1682.31,1660.35,1667.15
2013-02-04,1667.55,1677.61,1661.79,1674.40
2013-02-05,1674.21,1684.90,1666.76,1673.00
2013-02-06,1672.62,1679.49,1668.22,1677.49
2013-02-07,1677.71,1683.51,1663.41,1671.30
2013-02-08,1671.72,1673.91,1665.45,1667.50
2013-02-11,1666.93,1669.70,1643.62,1649.74
2013-02-12,1647.94,1653.50,1639.22,1650.80
2013-02-13,1650.85,1653.59,1640.33,1642.74
2013-02-14,1642.84,1650.05,1632.72,1634.85
2013-02-15,1634.53,1636.10,1598.42,1609.44
2013-02-18,1609.95,1619.00,1607.33,1610.05
2013-02-19,1609.93,1615.34,1600.72,1604.60
2013-02-20,1604.71,1609.82,1558.85,1562.90
2013-02-21,1563.09,1584.88,1554.88,1576.05
2013-02-22,1576.00,1587.25,1570.16,1580.70
2013-02-25,1581.29,1597.18,1575.18,1594.24
2013-02-26,1593.93,1620.05,1584.60,1613.49
2013-02-27,1613.39,1614.89,1592.33,1597.60
2013-02-28,1597.38,1602.98,1574.72,1580.14
2013-03-01,1580.18,1587.29,1564.83,1575.24
2013-03-04,1579.01,1585.11,1569.65,1573.95
2013-03-05,1573.88,1586.30,1571.72,1575.44
2013-03-06,1575.28,1584.79,1567.53,1583.69
2013-03-07,1583.59,1585.89,1574.94,1578.90
2013-03-08,1579.12,1583.51,1561.41,1578.35
2013-03-11,1578.40,1583.61,1575.65,1581.00
2013-03-12,1582.01,1598.81,1580.25,1592.70
2013-03-13,1592.91,1599.61,1585.55,1587.80
2013-03-14,1587.90,1593.50,1576.99,1590.30
2013-03-15,1590.41,1598.81,1588.90,1592.45
2013-03-18,1597.26,1611.31,1592.56,1605.30
2013-03-19,1605.41,1615.77,1600.15,1613.40
2013-03-20,1613.50,1615.21,1603.55,1606.50
2013-03-21,1606.58,1616.97,1604.65,1614.70
2013-03-22,1614.70,1616.35,1603.79,1608.45
2013-03-25,1609.30,1613.76,1589.99,1605.40
2013-03-26,1605.60,1606.27,1594.85,1599.20
2013-03-27,1599.31,1608.61,1591.50,1605.40
2013-03-28,1605.76,1607.88,1594.06,1596.74
2013-04-01,1597.74,1601.31,1594.94,1598.90
2013-04-02,1599.60,1604.21,1574.00,1575.85
2013-04-03,1576.04,1577.41,1550.19,1557.85
2013-04-04,1557.96,1559.87,1540.35,1553.32
2013-04-05,1553.32,1582.05,1549.34,1582.00
2013-04-08,1581.25,1583.37,1567.55,1573.70
2013-04-09,1572.94,1590.50,1570.44,1585.20
2013-04-10,1584.95,1588.91,1556.00,1558.75
2013-04-11,1559.30,1568.42,1553.71,1561.35
2013-04-12,1560.69,1564.86,1477.50,1478.85
2013-04-15,1478.30,1495.66,1336.54,1353.25
2013-04-16,1353.86,1402.35,1322.46,1368.90
2013-04-17,1369.30,1395.10,1365.10,1377.00
2013-04-18,1376.80,1401.96,1340.36,1391.25
2013-04-19,1391.21,1425.01,1386.46,1404.35
2013-04-22,1405.17,1439.77,1404.61,1426.25
2013-04-23,1426.86,1432.42,1406.55,1413.35
2013-04-24,1412.69,1433.40,1411.79,1431.30
2013-04-25,1431.45,1469.46,1427.25,1467.85
2013-04-26,1467.95,1485.31,1448.69,1463.00
2013-04-29,1464.85,1478.56,1462.45,1476.65
2013-04-30,1475.99,1479.31,1460.99,1477.10
2013-05-01,1476.55,1478.57,1440.60,1457.60
2013-05-02,1457.65,1474.26,1449.30,1467.10
2013-05-03,1467.45,1488.30,1456.40,1470.70
2013-05-06,1470.50,1479.06,1465.10,1469.50
2013-05-07,1470.20,1470.78,1441.72,1452.60
2013-05-08,1452.70,1476.97,1447.90,1472.80
2013-05-09,1473.30,1476.01,1453.70,1458.20
2013-05-10,1458.79,1462.36,1421.11,1448.20
2013-05-13,1448.69,1448.69,1426.34,1430.55
2013-05-14,1431.10,1445.57,1422.26,1426.00
2013-05-15,1426.50,1430.85,1389.65,1392.90
2013-05-16,1392.71,1398.52,1369.90,1386.30
2013-05-17,1387.39,1392.96,1355.60,1359.20
2013-05-20,1363.09,1399.10,1339.45,1394.15
2013-05-21,1394.75,1401.76,1360.30,1376.30
2013-05-22,1376.95,1415.11,1355.47,1369.40
2013-05-23,1369.20,1397.85,1356.74,1391.20
2013-05-24,1391.20,1398.45,1382.70,1386.05
2013-05-27,1388.15,1396.90,1384.24,1394.78
2013-05-28,1394.24,1400.55,1374.14,1380.85
2013-05-29,1380.79,1395.16,1379.99,1392.95
2013-05-30,1392.95,1418.31,1388.69,1413.75
2013-05-31,1413.75,1421.50,1384.64,1386.90
2013-06-03,1389.09,1416.61,1388.94,1411.60
2013-06-04,1412.00,1415.62,1389.86,1399.90
2013-06-05,1398.94,1410.51,1395.69,1403.30
2013-06-06,1403.30,1423.66,1391.84,1413.65
2013-06-07,1413.72,1418.03,1377.86,1384.47
2013-06-10,1378.89,1389.06,1376.49,1386.90
2013-06-11,1387.01,1387.12,1367.26,1379.60
2013-06-12,1379.50,1394.87,1374.35,1388.40
2013-06-13,1388.26,1395.27,1374.70,1386.05
2013-06-14,1385.89,1392.11,1378.54,1390.70
2013-06-17,1391.29,1392.11,1380.94,1384.85
2013-06-18,1384.90,1386.16,1361.15,1368.40
2013-06-19,1367.70,1376.02,1349.35,1351.30
2013-06-20,1351.51,1348.52,1276.80,1278.00
2013-06-21,1278.34,1348.41,1269.39,1297.25
2013-06-24,1297.30,1301.62,1276.35,1281.90
2013-06-25,1282.10,1289.41,1271.92,1277.35
2013-06-26,1278.10,1277.62,1222.91,1226.35
2013-06-27,1226.60,1245.46,1198.06,1200.75
2013-06-28,1200.30,1245.61,1181.82,1234.25
2013-07-01,1233.49,1261.11,1226.31,1253.30
2013-07-02,1253.35,1266.55,1241.80,1242.50
2013-07-03,1242.65,1260.71,1237.05,1252.30
2013-07-04,1251.30,1257.82,1245.40,1250.30
2013-07-05,1249.28,1250.86,1207.99,1223.80
2013-07-08,1223.21,1239.41,1215.95,1237.00
2013-07-09,1237.40,1261.02,1233.90,1249.95
2013-07-10,1250.50,1266.22,1244.47,1264.25
2013-07-11,1264.80,1298.97,1278.81,1285.30
2013-07-12,1286.67,1288.86,1267.90,1284.90
2013-07-15,1285.45,1294.32,1276.26,1282.60
2013-07-16,1282.30,1295.95,1277.56,1292.60
2013-07-17,1293.00,1297.61,1274.21,1276.00
2013-07-18,1276.10,1288.70,1275.05,1285.10
2013-07-19,1285.20,1297.95,1282.55,1296.35
2013-07-22,1297.40,1339.77,1311.76,1335.90
2013-07-23,1335.25,1348.30,1327.15,1348.10
2013-07-24,1347.80,1348.30,1313.55,1321.30
2013-07-25,1321.40,1338.02,1309.35,1333.65
2013-07-26,1333.96,1340.82,1312.82,1333.90
2013-07-29,1333.91,1338.71,1323.32,1327.60
2013-07-30,1328.00,1330.38,1318.50,1327.30
2013-07-31,1326.90,1338.87,1305.91,1323.10
2013-08-01,1322.70,1330.77,1307.20,1308.95
2013-08-02,1307.79,1318.40,1283.19,1312.00
2013-08-05,1313.10,1319.91,1297.86,1303.95
2013-08-06,1303.85,1307.27,1279.85,1281.90
2013-08-07,1281.95,1289.42,1273.25,1287.75
2013-08-08,1287.70,1314.56,1283.85,1312.00
2013-08-09,1312.09,1317.00,1305.56,1314.50
2013-08-12,1314.60,1343.67,1314.60,1336.40
2013-08-13,1336.90,1341.72,1319.27,1321.30
2013-08-14,1321.40,1337.30,1316.55,1335.20
2013-08-15,1335.19,1369.90,1319.31,1366.05
2013-08-16,1367.30,1380.21,1357.95,1376.40
2013-08-19,1376.35,1384.60,1362.49,1365.98
2013-08-20,1366.39,1376.20,1355.26,1371.17
2013-08-21,1371.80,1378.81,1360.10,1366.35
2013-08-22,1366.50,1381.61,1355.80,1375.85
2013-08-23,1375.79,1400.21,1369.14,1396.85
2013-08-26,1398.88,1404.86,1391.44,1404.90
2013-08-27,1405.16,1424.02,1396.75,1416.65
2013-08-28,1417.10,1434.17,1413.90,1418.50
2013-08-29,1418.05,1418.52,1403.17,1408.25
2013-08-30,1408.55,1411.62,1392.77,1396.40
2013-09-02,1396.46,1398.31,1380.05,1394.90
2013-09-03,1391.60,1416.61,1384.70,1412.65
2013-09-04,1412.10,1415.22,1384.85,1391.45
2013-09-05,1392.10,1399.92,1365.77,1367.85
2013-09-06,1365.72,1393.20,1363.28,1391.61
2013-09-09,1391.45,1391.45,1382.83,1387.05
2013-09-10,1387.95,1391.52,1358.20,1364.45
2013-09-11,1364.25,1368.51,1357.46,1366.75
2013-09-12,1367.40,1367.50,1321.05,1321.05
2013-09-13,1321.36,1331.03,1305.03,1326.72
2013-09-16,1329.60,1332.92,1304.46,1314.00
2013-09-17,1313.60,1323.92,1306.50,1309.65
2013-09-18,1309.70,1367.77,1291.95,1365.15
2013-09-19,1365.55,1375.15,1358.80,1365.00
2013-09-20,1366.18,1368.40,1324.86,1325.38
2013-09-23,1326.20,1332.11,1314.26,1322.15
2013-09-24,1321.35,1329.57,1306.51,1323.20
2013-09-25,1322.80,1338.51,1317.11,1333.60
2013-09-26,1333.50,1339.21,1319.15,1323.70
2013-09-27,1323.64,1344.30,1320.43,1336.20
2013-09-30,1335.90,1344.22,1323.56,1327.55
2013-10-01,1327.75,1337.77,1283.20,1286.60
2013-10-02,1286.75,1323.82,1278.85,1315.25
2013-10-03,1316.75,1321.31,1302.42,1317.30
2013-10-04,1317.15,1323.86,1306.56,1311.35
2013-10-07,1311.04,1328.44,1308.81,1321.79
2013-10-08,1321.49,1330.10,1316.30,1318.80
2013-10-09,1319.06,1321.95,1294.65,1307.20
2013-10-10,1307.22,1311.78,1283.03,1286.24
2013-10-11,1286.93,1294.45,1262.63,1273.11
2013-10-14,1272.80,1289.47,1268.80,1273.40
2013-10-15,1273.15,1288.51,1252.27,1280.80
2013-10-16,1280.60,1287.51,1269.57,1281.60
2013-10-17,1282.30,1324.67,1274.80,1319.70
2013-10-18,1319.18,1325.70,1311.95,1316.24
2013-10-21,1316.66,1324.42,1313.56,1315.75
2013-10-22,1315.50,1345.07,1310.45,1340.65
2013-10-23,1340.75,1342.57,1329.80,1332.35
2013-10-24,1332.35,1352.22,1330.60,1347.15
2013-10-25,1346.73,1355.60,1336.54,1352.13
2013-10-28,1353.16,1362.21,1346.50,1352.20
2013-10-29,1352.10,1360.67,1340.87,1344.30
2013-10-30,1344.05,1359.77,1334.81,1342.80
2013-10-31,1343.30,1343.40,1319.40,1323.80
2013-11-01,1323.70,1327.86,1306.30,1315.35
2013-11-04,1315.12,1322.24,1311.74,1314.74
2013-11-05,1314.85,1319.77,1306.75,1311.60
2013-11-06,1311.97,1322.31,1309.45,1318.40
2013-11-07,1318.16,1325.71,1298.71,1307.95
2013-11-08,1307.84,1313.06,1281.40,1288.20
2013-11-11,1288.76,1288.91,1279.39,1283.28
2013-11-12,1283.07,1285.30,1261.28,1267.99
2013-11-13,1267.58,1279.24,1265.89,1278.99
2013-11-14,1278.67,1294.38,1278.53,1287.39
2013-11-15,1287.04,1291.14,1280.42,1290.05
2013-11-18,1290.45,1290.61,1270.35,1274.35
2013-11-19,1274.71,1279.02,1269.30,1275.25
2013-11-20,1275.62,1276.67,1241.30,1243.20
2013-11-21,1243.19,1250.01,1236.69,1242.75
2013-11-22,1243.01,1249.32,1241.55,1243.60
2013-11-25,1242.08,1253.54,1227.72,1252.60
2013-11-26,1252.60,1256.89,1239.89,1243.30
2013-11-27,1243.42,1254.81,1236.65,1237.40
2013-11-28,1237.76,1245.82,1235.32,1244.15
2013-11-29,1246.24,1256.11,1242.26,1253.49
2013-12-02,1251.42,1251.42,1217.78,1220.05
2013-12-03,1220.04,1226.38,1215.98,1223.89
2013-12-04,1223.89,1250.75,1211.89,1243.66
2013-12-05,1243.77,1244.00,1217.30,1224.88
2013-12-06,1225.22,1243.61,1212.41,1228.85
2013-12-09,1229.58,1243.19,1225.38,1240.94
2013-12-10,1240.82,1267.74,1237.97,1260.72
2013-12-11,1260.91,1263.40,1250.50,1251.75
2013-12-12,1251.30,1257.40,1223.50,1223.80
2013-12-13,1223.80,1239.00,1220.60,1238.30
2013-12-16,1238.08,1251.89,1227.59,1240.57
2013-12-17,1240.30,1248.60,1227.80,1230.10
2013-12-18,1231.54,1244.70,1216.15,1218.07
2013-12-19,1217.96,1226.76,1186.80,1190.10
2013-12-20,1190.51,1207.60,1185.71,1203.25
2013-12-23,1203.52,1206.38,1192.77,1198.84
2013-12-24,1199.44,1206.36,1197.01,1204.35
2013-12-25,1204.69,1205.10,1203.29,1204.70
2013-12-26,1204.99,1216.10,1201.24,1210.70
2013-12-27,1210.59,1219.04,1209.03,1213.19
2013-12-30,1212.15,1216.26,1195.39,1196.40
2013-12-31,1196.62,1214.21,1185.11,1205.55
2014-01-01,1210.41,1210.61,1199.40,1205.90
2014-01-02,1204.88,1231.04,1203.72,1224.89
2014-01-03,1224.94,1240.38,1222.14,1236.55
2014-01-06,1236.93,1248.76,1233.10,1238.05
2014-01-07,1238.17,1245.86,1225.20,1232.10
2014-01-08,1231.97,1232.84,1218.83,1226.10
2014-01-09,1226.17,1231.91,1224.02,1228.00
2014-01-10,1228.01,1248.81,1226.94,1247.10
2014-01-13,1248.28,1255.18,1243.72,1253.44
2014-01-14,1253.12,1255.38,1241.83,1245.10
2014-01-15,1245.10,1245.39,1234.49,1241.74
2014-01-16,1241.49,1245.26,1236.55,1242.55
2014-01-17,1242.53,1255.28,1238.05,1253.82
2014-01-20,1254.01,1261.00,1251.32,1254.35
2014-01-21,1254.18,1256.24,1236.07,1241.49
2014-01-22,1241.55,1244.14,1236.14,1236.49
2014-01-23,1236.64,1265.80,1231.76,1264.35
2014-01-24,1264.67,1273.31,1257.20,1269.25
2014-01-27,1268.85,1278.48,1252.16,1257.07
2014-01-28,1257.01,1261.51,1249.36,1256.55
2014-01-29,1256.90,1270.27,1249.65,1268.40
2014-01-30,1268.24,1268.53,1238.39,1243.70
2014-01-31,1244.07,1255.51,1238.75,1243.80
2014-02-03,1245.14,1266.54,1240.68,1257.64
2014-02-04,1257.99,1260.93,1247.62,1255.00
2014-02-05,1254.86,1273.73,1252.51,1258.01
2014-02-06,1258.14,1266.98,1252.88,1257.64
2014-02-07,1257.68,1272.18,1256.22,1267.06
2014-02-10,1266.31,1278.31,1265.40,1274.90
2014-02-11,1274.79,1293.83,1273.80,1291.85
2014-02-12,1292.02,1296.52,1284.40,1291.25
2014-02-13,1291.11,1302.80,1286.14,1302.70
2014-02-14,1302.83,1321.34,1299.97,1318.93
2014-02-17,1319.15,1330.37,1318.65,1329.10
2014-02-18,1329.20,1332.71,1312.95,1321.60
2014-02-19,1321.84,1323.39,1308.93,1311.80
2014-02-20,1311.64,1325.18,1307.85,1322.89
2014-02-21,1322.72,1328.79,1316.12,1323.39
2014-02-24,1324.99,1339.00,1319.11,1337.00
2014-02-25,1337.00,1344.01,1331.72,1340.75
2014-02-26,1340.31,1345.40,1322.14,1330.75
2014-02-27,1330.58,1336.48,1323.97,1331.44
2014-02-28,1331.67,1333.91,1320.22,1326.40
2014-03-03,1326.50,1355.41,1326.50,1350.90
2014-03-04,1350.95,1352.61,1331.54,1334.90
2014-03-05,1334.83,1341.88,1332.58,1337.39
2014-03-06,1337.45,1353.37,1331.35,1351.35
2014-03-07,1351.21,1352.90,1329.75,1340.25
2014-03-10,1339.27,1345.41,1329.47,1339.15
2014-03-11,1339.35,1353.11,1338.00,1349.95
2014-03-12,1349.39,1371.10,1345.44,1367.08
2014-03-13,1367.50,1375.46,1364.65,1370.60
2014-03-14,1370.59,1388.40,1368.06,1382.24
2014-03-17,1382.07,1392.37,1362.53,1366.95
2014-03-18,1366.80,1367.77,1350.80,1356.25
2014-03-19,1355.95,1360.26,1328.00,1331.45
2014-03-20,1331.05,1335.21,1320.85,1328.50
2014-03-21,1328.55,1343.04,1328.45,1334.55
2014-03-24,1334.74,1334.86,1308.04,1309.62
2014-03-25,1309.60,1317.86,1306.20,1311.05
2014-03-26,1311.25,1317.01,1298.90,1304.10
2014-03-27,1304.14,1307.15,1289.30,1291.14
2014-03-28,1293.64,1299.20,1285.84,1294.00
2014-03-31,1294.30,1298.81,1282.65,1284.25
2014-04-01,1283.79,1288.25,1277.44,1279.15
2014-04-02,1279.85,1295.21,1278.65,1289.80
2014-04-03,1289.89,1294.20,1281.59,1287.30
2014-04-04,1286.62,1307.09,1284.33,1302.70
2014-04-07,1302.90,1304.80,1295.80,1296.65
2014-04-08,1296.29,1314.93,1296.29,1308.72
2014-04-09,1308.25,1315.30,1300.94,1311.90
2014-04-10,1311.64,1324.90,1310.84,1318.92
2014-04-11,1317.94,1324.33,1314.24,1318.47
2014-04-14,1318.94,1331.20,1318.84,1326.40
2014-04-15,1326.81,1328.51,1290.95,1302.65
2014-04-16,1302.84,1307.60,1293.59,1302.80
2014-04-17,1302.40,1304.80,1293.24,1294.85
2014-04-18,1293.78,1293.78,1293.78,1293.78
2014-04-21,1294.67,1301.51,1282.01,1290.15
2014-04-22,1290.24,1293.00,1277.60,1283.50
2014-04-23,1283.51,1289.22,1281.05,1283.90
2014-04-24,1284.01,1298.51,1268.85,1293.85
2014-04-25,1294.01,1305.61,1290.60,1303.45
2014-04-28,1303.20,1306.61,1292.30,1296.10
2014-04-29,1296.04,1301.40,1286.49,1296.48
2014-04-30,1296.01,1298.01,1285.80,1291.90
2014-05-01,1291.65,1293.21,1277.70,1284.10
2014-05-02,1284.19,1304.90,1277.10,1300.32
2014-05-05,1300.74,1315.95,1299.61,1309.85
2014-05-06,1309.90,1314.71,1305.00,1307.65
2014-05-07,1308.01,1315.31,1287.00,1289.55
2014-05-08,1289.74,1295.30,1285.74,1289.60
2014-05-09,1289.50,1294.90,1285.64,1289.33
2014-05-12,1289.20,1304.30,1280.10,1295.80
2014-05-13,1295.91,1299.21,1289.25,1293.35
2014-05-14,1294.46,1309.40,1291.79,1305.60
2014-05-15,1305.45,1307.35,1291.15,1296.35
2014-05-16,1296.61,1298.76,1287.85,1293.70
2014-05-19,1293.42,1305.25,1289.66,1291.95
2014-05-20,1292.15,1297.05,1286.15,1294.25
2014-05-21,1294.15,1296.60,1283.45,1291.85
2014-05-22,1292.04,1303.85,1290.05,1293.85
2014-05-23,1294.04,1295.95,1287.99,1293.11
2014-05-26,1292.71,1294.41,1290.91,1293.05
2014-05-27,1292.95,1293.70,1263.50,1263.70
2014-05-28,1263.70,1267.69,1256.02,1258.50
2014-05-29,1258.79,1260.50,1251.55,1256.05
2014-05-30,1256.00,1260.46,1242.35,1251.05
2014-06-02,1250.89,1250.89,1241.04,1244.35
2014-06-03,1244.39,1248.15,1241.06,1244.65
2014-06-04,1245.24,1250.00,1243.50,1243.80
2014-06-05,1243.80,1256.81,1241.21,1253.60
2014-06-06,1253.69,1258.00,1246.31,1252.73
2014-06-09,1253.79,1257.70,1251.76,1252.08
2014-06-10,1252.15,1263.31,1250.21,1260.80
2014-06-11,1260.49,1265.50,1258.00,1260.74
2014-06-12,1261.49,1275.00,1260.05,1273.36
2014-06-13,1273.69,1278.20,1271.00,1277.00
2014-06-16,1277.06,1285.16,1270.51,1271.60
2014-06-17,1271.65,1273.56,1259.16,1271.50
2014-06-18,1271.30,1280.00,1266.96,1278.40
2014-06-19,1278.44,1322.10,1276.01,1320.10
2014-06-20,1320.20,1322.40,1306.75,1314.82
2014-06-23,1313.70,1318.61,1309.91,1318.10
2014-06-24,1318.54,1326.60,1314.15,1318.30
2014-06-25,1318.74,1325.15,1310.80,1319.50
2014-06-26,1318.65,1320.15,1306.25,1317.95
2014-06-27,1317.91,1322.31,1312.76,1315.35
2014-06-30,1315.80,1329.41,1310.21,1327.50
2014-07-01,1327.15,1332.41,1323.72,1325.75
2014-07-02,1325.58,1332.21,1321.32,1327.45
2014-07-03,1327.70,1327.70,1309.95,1319.80
2014-07-04,1320.29,1323.80,1318.80,1320.55
2014-07-07,1320.16,1320.30,1311.90,1320.20
2014-07-08,1319.75,1325.35,1313.45,1318.95
2014-07-09,1319.69,1332.69,1318.50,1326.70
2014-07-10,1319.34,1345.65,1319.34,1335.55
2014-07-11,1335.81,1339.54,1333.87,1338.15
2014-07-14,1338.45,1339.71,1303.21,1307.15
2014-07-15,1306.85,1314.25,1292.05,1294.45
2014-07-16,1294.40,1304.40,1292.90,1299.37
2014-07-17,1300.24,1324.65,1297.85,1318.25
2014-07-18,1318.70,1324.75,1304.57,1310.90
2014-07-21,1311.05,1318.51,1307.01,1311.90
2014-07-22,1311.89,1315.20,1301.75,1307.35
2014-07-23,1307.70,1311.31,1302.61,1304.15
2014-07-24,1304.14,1305.35,1287.81,1293.35
2014-07-25,1294.00,1308.50,1290.16,1308.05
2014-07-28,1308.25,1309.46,1301.42,1304.25
2014-07-29,1304.59,1312.75,1295.85,1298.75
2014-07-30,1298.94,1302.76,1291.85,1295.05
2014-07-31,1294.86,1297.56,1281.02,1282.35
2014-08-01,1282.24,1297.20,1280.90,1294.10
2014-08-04,1293.98,1295.81,1286.17,1288.35
2014-08-05,1287.91,1293.66,1282.56,1288.00
2014-08-06,1288.05,1309.86,1287.46,1306.25
2014-08-07,1305.89,1314.75,1302.11,1313.55
2014-08-08,1313.50,1322.86,1306.16,1309.60
2014-08-11,1309.35,1311.66,1304.96,1308.10
2014-08-12,1307.90,1317.86,1305.46,1308.60
2014-08-13,1308.69,1315.60,1304.90,1312.86
2014-08-14,1312.86,1319.60,1309.19,1313.24
2014-08-15,1312.95,1315.41,1292.61,1304.60
2014-08-18,1303.91,1304.07,1295.72,1297.46
2014-08-19,1297.65,1302.61,1293.96,1295.50
2014-08-20,1295.60,1297.91,1288.04,1292.15
2014-08-21,1291.80,1291.80,1273.32,1277.25
2014-08-22,1276.64,1283.50,1274.49,1281.23
2014-08-25,1279.67,1281.06,1274.42,1276.60
2014-08-26,1276.55,1291.06,1275.50,1280.90
2014-08-27,1281.09,1288.00,1280.40,1282.95
2014-08-28,1282.75,1296.76,1283.02,1290.00
2014-08-29,1290.29,1291.80,1283.66,1287.57
2014-09-01,1287.05,1290.36,1282.80,1287.30
2014-09-02,1287.59,1288.10,1262.92,1265.90
2014-09-03,1266.14,1271.80,1261.69,1269.07
2014-09-04,1268.80,1276.76,1260.26,1261.10
2014-09-05,1260.96,1273.71,1257.16,1268.85
2014-09-08,1268.75,1271.85,1251.50,1255.70
2014-09-09,1255.43,1258.25,1247.41,1256.20
2014-09-10,1256.19,1258.15,1243.91,1248.75
2014-09-11,1248.68,1250.46,1234.97,1240.75
2014-09-12,1240.59,1242.04,1227.75,1228.63
2014-09-15,1228.40,1238.56,1225.56,1233.00
2014-09-16,1233.10,1242.16,1231.92,1235.20
2014-09-17,1234.95,1239.46,1221.67,1223.25
2014-09-18,1223.20,1228.06,1216.27,1225.45
2014-09-19,1225.50,1228.86,1213.87,1216.45
2014-09-22,1216.54,1220.70,1208.72,1215.05
2014-09-23,1215.30,1235.06,1214.11,1222.95
2014-09-24,1222.81,1226.16,1215.96,1217.05
2014-09-25,1217.02,1224.88,1207.03,1222.62
2014-09-26,1222.59,1230.50,1212.54,1219.51
2014-09-29,1219.20,1223.76,1214.78,1215.95
2014-09-30,1216.24,1219.96,1204.90,1209.24
2014-10-01,1209.00,1219.66,1204.75,1213.65
2014-10-02,1213.34,1221.84,1208.69,1213.50
2014-10-03,1213.84,1215.90,1190.14,1191.20
2014-10-06,1191.79,1209.20,1183.96,1207.15
2014-10-07,1207.15,1213.06,1202.91,1209.00
2014-10-08,1209.39,1223.84,1205.12,1221.70
2014-10-09,1221.84,1233.60,1219.15,1224.15
2014-10-10,1224.49,1225.84,1217.60,1223.48
2014-10-13,1223.54,1237.65,1223.34,1237.15
2014-10-14,1237.08,1238.30,1231.25,1232.75
2014-10-15,1233.65,1249.80,1222.17,1241.07
2014-10-16,1241.67,1245.60,1235.75,1239.10
2014-10-17,1239.69,1242.30,1231.99,1238.19
2014-10-20,1238.54,1248.94,1234.70,1246.60
2014-10-21,1246.99,1255.60,1245.40,1249.30
2014-10-22,1249.57,1250.08,1240.66,1241.03
2014-10-23,1240.85,1244.96,1226.43,1232.15
2014-10-24,1232.59,1234.70,1229.10,1231.46
2014-10-27,1231.50,1232.26,1225.06,1225.40
2014-10-28,1225.76,1235.81,1222.90,1228.40
2014-10-29,1228.21,1230.86,1208.52,1211.80
2014-10-30,1211.50,1216.76,1195.96,1198.90
2014-10-31,1198.91,1203.30,1161.75,1174.42
2014-11-03,1173.76,1174.17,1162.17,1165.35
2014-11-04,1165.55,1174.30,1164.00,1168.30
2014-11-05,1168.19,1169.85,1137.70,1141.40
2014-11-06,1141.45,1149.70,1138.10,1141.20
2014-11-07,1141.20,1178.99,1132.25,1176.65
2014-11-10,1179.41,1179.41,1147.45,1150.60
2014-11-11,1150.65,1173.60,1146.32,1164.80
2014-11-12,1164.67,1170.37,1157.51,1160.92
2014-11-13,1160.84,1168.12,1154.24,1161.96
2014-11-14,1162.09,1193.74,1147.04,1188.25
2014-11-17,1188.75,1194.26,1181.62,1186.55
2014-11-18,1186.42,1205.00,1183.30,1197.55
2014-11-19,1197.57,1202.77,1175.97,1183.30
2014-11-20,1183.36,1197.31,1176.87,1193.75
2014-11-21,1193.78,1208.01,1186.95,1201.40
2014-11-24,1201.53,1204.24,1192.85,1197.40
2014-11-25,1197.55,1203.40,1190.80,1201.19
2014-11-26,1200.96,1202.61,1195.02,1197.90
2014-11-27,1198.20,1200.10,1185.95,1191.75
2014-11-28,1190.70,1191.56,1165.35,1167.35
2014-12-01,1167.06,1221.46,1143.38,1210.90
2014-12-02,1210.74,1213.05,1192.32,1199.01
2014-12-03,1199.01,1214.95,1194.65,1209.64
2014-12-04,1209.70,1213.70,1201.53,1205.78
2014-12-05,1205.70,1208.20,1186.50,1192.05
2014-12-08,1193.09,1208.59,1187.31,1203.20
2014-12-09,1203.64,1238.55,1199.45,1230.85
2014-12-10,1230.43,1238.25,1224.78,1226.75
2014-12-11,1226.75,1233.20,1216.30,1227.95
2014-12-12,1227.99,1228.38,1215.98,1222.60
2014-12-15,1222.25,1224.24,1190.97,1192.60
2014-12-16,1192.59,1221.79,1188.80,1196.60
2014-12-17,1196.69,1203.40,1184.23,1188.70
2014-12-18,1188.70,1213.55,1188.65,1198.40
2014-12-19,1198.55,1202.10,1193.90,1195.95
2014-12-22,1195.33,1202.18,1170.56,1175.05
2014-12-23,1175.03,1185.49,1172.59,1175.68
2014-12-24,1175.70,1181.80,1173.05,1173.80
2014-12-26,1173.45,1199.75,1173.45,1195.40
2014-12-29,1195.71,1197.79,1179.35,1183.10
2014-12-30,1183.37,1210.29,1180.89,1200.24
2014-12-31,1200.26,1204.00,1179.55,1183.95
2015-01-01,1183.78,1184.53,1181.97,1181.97
2015-01-02,1182.70,1194.60,1168.75,1189.18
2015-01-05,1189.34,1208.15,1183.45,1204.45
2015-01-06,1204.85,1223.15,1201.85,1219.20
2015-01-07,1219.55,1219.85,1209.20,1210.80
2015-01-08,1210.51,1216.65,1204.67,1208.98
2015-01-09,1209.65,1224.00,1207.45,1223.40
2015-01-12,1223.00,1236.29,1218.56,1233.64
2015-01-13,1233.62,1244.12,1227.53,1230.88
2015-01-14,1230.76,1244.40,1224.95,1229.95
2015-01-15,1229.95,1266.59,1226.18,1261.64
2015-01-16,1262.05,1281.99,1255.37,1280.30
2015-01-19,1279.67,1281.63,1272.22,1277.08
2015-01-20,1276.54,1297.23,1274.09,1293.94
2015-01-21,1293.64,1305.38,1285.59,1293.44
2015-01-22,1293.20,1306.70,1279.55,1301.73
2015-01-23,1301.38,1302.90,1284.66,1294.55
2015-01-26,1293.68,1299.14,1276.14,1281.24
2015-01-27,1281.08,1297.77,1272.58,1292.35
2015-01-28,1292.35,1294.55,1281.50,1285.10
2015-01-29,1285.35,1286.25,1252.61,1257.25
2015-01-30,1257.61,1285.35,1257.25,1283.55
2015-02-02,1281.81,1283.85,1266.93,1275.44
2015-02-03,1275.40,1285.59,1255.70,1260.20
2015-02-04,1260.25,1272.20,1256.85,1270.05
2015-02-05,1269.90,1274.00,1256.52,1264.70
2015-02-06,1264.82,1269.30,1228.75,1233.72
2015-02-09,1235.18,1244.35,1234.54,1239.68
2015-02-10,1239.55,1246.00,1230.70,1234.00
2015-02-11,1233.75,1239.30,1218.26,1219.16
2015-02-12,1218.73,1232.90,1216.75,1222.50
2015-02-13,1222.38,1235.70,1221.01,1229.70
2015-02-16,1228.58,1236.88,1228.01,1231.47
2015-02-17,1231.05,1234.15,1203.70,1209.40
2015-02-18,1209.41,1212.99,1197.95,1212.99
2015-02-19,1212.70,1223.50,1205.40,1207.45
2015-02-20,1207.41,1215.39,1198.43,1202.39
2015-02-23,1201.89,1210.70,1191.51,1201.92
2015-02-24,1201.71,1204.60,1191.30,1199.89
2015-02-25,1199.55,1212.20,1199.50,1204.80
2015-02-26,1205.16,1220.75,1203.95,1209.05
2015-02-27,1209.45,1219.90,1204.65,1213.15
2015-03-02,1213.80,1223.60,1204.60,1207.10
2015-03-03,1207.19,1215.09,1195.39,1203.80
2015-03-04,1203.75,1209.40,1198.25,1199.85
2015-03-05,1199.75,1209.70,1196.40,1198.60
2015-03-06,1198.65,1201.29,1163.94,1167.21
2015-03-09,1168.65,1176.15,1166.15,1167.30
2015-03-10,1167.10,1171.35,1156.35,1161.93
2015-03-11,1162.15,1165.95,1147.85,1154.80
2015-03-12,1154.60,1166.70,1148.90,1153.70
2015-03-13,1153.90,1162.55,1151.80,1159.48
2015-03-16,1158.50,1164.46,1150.60,1154.59
2015-03-17,1154.55,1159.85,1143.61,1149.30
2015-03-18,1149.25,1174.61,1145.90,1167.25
2015-03-19,1167.25,1177.86,1160.06,1171.30
2015-03-20,1170.70,1188.30,1168.55,1182.68
2015-03-23,1185.96,1192.10,1179.45,1189.30
2015-03-24,1189.35,1195.70,1185.25,1193.13
2015-03-25,1192.90,1199.90,1186.65,1195.45
2015-03-26,1195.55,1219.80,1194.50,1204.38
2015-03-27,1204.25,1206.70,1192.91,1199.30
2015-03-30,1198.85,1199.50,1182.55,1186.20
2015-03-31,1185.40,1191.20,1178.45,1183.50
2015-04-01,1183.35,1209.00,1180.35,1204.10
2015-04-02,1204.95,1208.15,1195.75,1202.59
2015-04-03,1201.74,1212.74,1200.11,1210.90
2015-04-06,1215.63,1224.50,1213.85,1214.70
2015-04-07,1214.69,1215.91,1207.45,1208.60
2015-04-08,1208.85,1212.60,1197.85,1202.80
2015-04-09,1203.07,1203.76,1192.86,1195.01
2015-04-10,1194.30,1211.10,1193.30,1208.05
2015-04-13,1207.38,1209.83,1196.81,1198.85
2015-04-14,1199.20,1202.10,1184.18,1193.58
2015-04-15,1193.21,1205.35,1189.38,1202.05
2015-04-16,1202.45,1209.60,1195.06,1197.65
2015-04-17,1198.60,1208.10,1197.28,1204.65
2015-04-20,1204.90,1209.40,1191.54,1196.50
2015-04-21,1196.81,1204.40,1193.30,1202.68
2015-04-22,1202.75,1205.20,1185.73,1187.30
2015-04-23,1187.56,1198.40,1184.05,1194.00
2015-04-24,1194.16,1196.51,1175.24,1179.38
2015-04-27,1179.76,1207.46,1178.75,1202.00
2015-04-28,1202.75,1215.50,1199.30,1212.10
2015-04-29,1212.10,1213.70,1201.63,1204.80
2015-04-30,1205.18,1207.52,1177.32,1184.37
2015-05-01,1184.56,1185.26,1170.60,1178.50
2015-05-04,1178.95,1193.45,1177.88,1188.25
2015-05-05,1188.56,1200.10,1185.90,1193.33
2015-05-06,1193.19,1197.90,1188.30,1191.80
2015-05-07,1191.80,1193.30,1179.16,1184.80
2015-05-08,1184.66,1193.61,1182.13,1188.15
2015-05-11,1188.95,1192.10,1179.50,1184.20
2015-05-12,1183.80,1197.00,1181.05,1193.50
2015-05-13,1193.45,1219.30,1191.30,1215.73
2015-05-14,1215.71,1227.44,1212.05,1221.52
2015-05-15,1221.76,1226.75,1211.55,1223.85
2015-05-18,1223.30,1232.70,1221.50,1225.74
2015-05-19,1225.27,1225.57,1205.56,1207.51
2015-05-20,1208.01,1213.47,1203.02,1209.28
2015-05-21,1210.11,1212.95,1201.91,1206.45
2015-05-22,1206.75,1215.20,1201.70,1206.38
2015-05-25,1205.12,1208.97,1202.92,1207.17
2015-05-26,1207.30,1208.00,1186.10,1187.30
2015-05-27,1187.44,1191.55,1184.51,1188.15
2015-05-28,1188.21,1192.75,1181.30,1188.45
2015-05-29,1188.65,1193.81,1187.08,1190.50
2015-06-01,1191.00,1204.81,1184.60,1189.15
2015-06-02,1188.95,1196.12,1185.48,1193.38
2015-06-03,1193.86,1195.81,1180.18,1185.50
2015-06-04,1185.51,1186.41,1172.76,1176.26
2015-06-05,1177.24,1179.35,1163.10,1172.00
2015-06-08,1169.45,1178.10,1169.20,1173.95
2015-06-09,1174.36,1183.40,1172.75,1176.70
2015-06-10,1176.75,1192.60,1175.35,1186.48
2015-06-11,1186.61,1188.21,1176.16,1182.30
2015-06-12,1182.01,1184.70,1176.93,1180.80
2015-06-15,1181.50,1190.80,1173.02,1186.40
2015-06-16,1186.06,1188.11,1176.13,1181.86
2015-06-17,1181.90,1189.40,1174.48,1185.45
2015-06-18,1185.26,1206.00,1183.81,1201.42
2015-06-19,1202.36,1204.75,1198.70,1200.51
2015-06-22,1200.61,1201.50,1182.65,1185.45
2015-06-23,1185.86,1188.70,1176.32,1178.44
2015-06-24,1178.25,1180.30,1171.43,1175.20
2015-06-25,1175.29,1178.70,1171.52,1173.33
2015-06-26,1173.35,1179.09,1168.74,1175.07
2015-06-29,1184.96,1187.32,1173.99,1180.36
2015-06-30,1180.06,1180.80,1166.75,1172.60
2015-07-01,1172.70,1175.30,1167.43,1168.80
2015-07-02,1168.80,1169.11,1157.25,1166.15
2015-07-03,1166.29,1170.50,1164.96,1167.94
2015-07-06,1173.30,1175.20,1163.30,1170.15
2015-07-07,1170.50,1170.65,1148.45,1155.55
2015-07-08,1155.18,1165.03,1147.18,1158.28
2015-07-09,1158.62,1167.46,1156.20,1159.65
2015-07-10,1159.75,1165.50,1157.90,1163.96
2015-07-13,1163.30,1164.60,1151.18,1158.00
2015-07-14,1158.06,1159.96,1153.04,1155.53
2015-07-15,1155.90,1156.96,1143.83,1149.65
2015-07-16,1148.86,1149.90,1142.60,1145.15
2015-07-17,1145.61,1146.10,1131.20,1134.10
2015-07-20,1133.35,1133.35,1088.45,1096.95
2015-07-21,1098.55,1109.87,1097.05,1101.41
2015-07-22,1101.06,1103.56,1087.39,1093.45
2015-07-23,1094.50,1106.00,1087.01,1090.80
2015-07-24,1090.85,1102.35,1077.75,1099.10
2015-07-27,1099.55,1105.30,1089.19,1094.42
2015-07-28,1094.31,1099.00,1091.40,1095.35
2015-07-29,1095.48,1101.85,1090.21,1096.69
2015-07-30,1097.76,1099.82,1083.36,1088.99
2015-07-31,1088.66,1103.38,1079.75,1095.65
2015-08-03,1095.61,1098.15,1085.92,1086.50
2015-08-04,1086.18,1095.05,1081.05,1087.45
2015-08-05,1087.59,1092.16,1082.85,1085.05
2015-08-06,1084.90,1094.30,1083.60,1089.41
2015-08-07,1089.40,1099.90,1083.16,1094.20
2015-08-10,1094.39,1109.20,1089.80,1104.51
2015-08-11,1104.41,1119.40,1093.65,1109.01
2015-08-12,1108.91,1125.80,1101.75,1125.30
2015-08-13,1125.46,1126.71,1113.42,1115.05
2015-08-14,1115.16,1121.40,1111.81,1114.11
2015-08-17,1114.35,1123.05,1113.70,1117.66
2015-08-18,1117.91,1121.60,1109.55,1118.01
2015-08-19,1118.01,1134.66,1116.35,1134.46
2015-08-20,1133.95,1154.50,1132.81,1153.16
2015-08-21,1153.91,1168.80,1148.85,1161.05
2015-08-24,1162.35,1167.90,1146.75,1155.05
2015-08-25,1155.45,1157.20,1134.90,1140.65
2015-08-26,1141.15,1147.00,1117.75,1125.55
2015-08-27,1125.65,1129.80,1118.15,1125.71
2015-08-28,1125.80,1141.20,1123.70,1133.96
2015-08-31,1133.25,1136.80,1125.96,1134.50
2015-09-01,1135.01,1147.57,1134.51,1140.11
2015-09-02,1139.49,1143.00,1132.31,1134.05
2015-09-03,1134.01,1134.50,1121.75,1125.25
2015-09-04,1125.25,1130.20,1117.15,1123.00
2015-09-07,1123.22,1124.88,1116.58,1119.47
2015-09-08,1119.30,1126.80,1118.45,1121.80
2015-09-09,1121.96,1125.80,1101.51,1106.10
2015-09-10,1106.81,1115.30,1104.00,1111.55
2015-09-11,1111.56,1113.40,1098.75,1107.90
2015-09-14,1107.80,1110.70,1103.40,1108.80
2015-09-15,1108.19,1109.80,1102.91,1105.40
2015-09-16,1105.50,1124.70,1103.95,1119.55
2015-09-17,1118.89,1133.40,1115.40,1131.40
2015-09-18,1130.85,1141.90,1127.30,1139.40
2015-09-21,1139.40,1140.10,1130.00,1133.30
2015-09-22,1133.16,1136.60,1121.18,1124.80
2015-09-23,1124.10,1134.40,1121.75,1130.40
2015-09-24,1130.61,1156.70,1130.45,1154.01
2015-09-25,1150.97,1151.18,1140.84,1146.24
2015-09-28,1145.80,1148.30,1128.10,1132.05
2015-09-29,1132.25,1134.90,1124.35,1127.46
2015-09-30,1127.46,1128.20,1112.00,1115.00
2015-10-01,1115.14,1119.29,1111.13,1113.55
2015-10-02,1114.08,1141.90,1104.52,1138.14
2015-10-05,1137.71,1141.95,1129.73,1135.75
2015-10-06,1135.65,1151.61,1135.11,1147.11
2015-10-07,1146.96,1153.70,1141.96,1145.40
2015-10-08,1145.49,1151.60,1136.90,1138.96
2015-10-09,1139.10,1160.20,1138.80,1157.53
2015-10-12,1155.71,1169.40,1154.90,1164.00
2015-10-13,1163.55,1169.00,1151.56,1168.80
2015-10-14,1168.59,1190.38,1164.05,1185.19
2015-10-15,1184.10,1191.04,1176.37,1183.11
2015-10-16,1182.21,1184.50,1174.25,1177.20
2015-10-19,1176.00,1177.90,1168.25,1170.45
2015-10-20,1171.00,1180.70,1167.15,1176.11
2015-10-21,1175.81,1179.60,1163.90,1167.10
2015-10-22,1167.06,1172.20,1162.90,1166.05
2015-10-23,1165.61,1179.80,1159.16,1164.26
2015-10-26,1164.45,1169.60,1162.30,1163.20
2015-10-27,1162.96,1168.90,1160.91,1166.95
2015-10-28,1166.75,1182.90,1152.40,1156.10
2015-10-29,1156.09,1162.76,1144.60,1145.91
2015-10-30,1148.04,1150.47,1139.48,1142.38
2015-11-02,1141.49,1143.01,1132.75,1133.75
2015-11-03,1133.60,1138.30,1114.48,1117.60
2015-11-04,1117.63,1122.85,1106.38,1107.44
2015-11-05,1107.56,1111.61,1102.75,1103.95
2015-11-06,1103.89,1110.68,1085.29,1088.64
2015-11-09,1089.94,1095.88,1088.34,1092.10
2015-11-10,1092.01,1094.90,1085.45,1089.91
2015-11-11,1089.85,1093.69,1084.04,1086.14
2015-11-12,1086.26,1089.60,1074.66,1085.05
2015-11-13,1085.05,1088.29,1080.04,1083.64
2015-11-16,1088.14,1098.29,1081.32,1082.85
2015-11-17,1082.86,1084.82,1065.59,1070.37
2015-11-18,1070.30,1073.18,1065.34,1071.14
2015-11-19,1071.15,1086.50,1069.75,1082.40
2015-11-20,1082.30,1087.80,1075.68,1078.10
2015-11-23,1077.01,1077.01,1067.00,1069.34
2015-11-24,1069.24,1080.89,1068.99,1075.49
2015-11-25,1075.55,1080.85,1067.75,1071.39
2015-11-26,1071.91,1075.46,1070.35,1072.25
2015-11-27,1071.59,1073.90,1052.86,1058.81
2015-11-30,1057.80,1068.90,1053.10,1064.42
2015-12-01,1064.55,1074.72,1063.38,1069.49
2015-12-02,1069.49,1071.55,1050.63,1053.69
2015-12-03,1053.71,1065.80,1046.25,1062.57
2015-12-04,1062.39,1089.09,1058.14,1086.99
2015-12-07,1086.01,1087.00,1070.06,1070.39
2015-12-08,1070.49,1078.85,1067.63,1074.69
2015-12-09,1074.74,1085.60,1069.59,1073.21
2015-12-10,1073.21,1076.46,1069.70,1071.54
2015-12-11,1071.60,1079.98,1062.38,1074.89
2015-12-14,1073.69,1077.70,1062.77,1062.90
2015-12-15,1062.89,1068.89,1059.59,1060.74
2015-12-16,1060.73,1078.59,1060.64,1072.94
2015-12-17,1072.85,1073.09,1047.64,1051.74
2015-12-18,1051.72,1070.79,1051.05,1066.19
2015-12-21,1065.94,1081.88,1063.88,1078.44
2015-12-22,1078.41,1081.00,1071.85,1072.36
2015-12-23,1072.21,1075.75,1068.25,1070.35
2015-12-24,1070.90,1077.85,1070.05,1075.88
2015-12-25,1075.88,1075.88,1075.88,1075.88
2015-12-28,1076.00,1077.15,1066.30,1069.05
2015-12-29,1069.20,1075.79,1067.29,1068.99
2015-12-30,1069.38,1072.85,1059.55,1061.45
2015-12-31,1061.38,1063.68,1058.38,1061.30
2016-01-01,1061.21,1061.41,1060.74,1060.74
2016-01-04,1065.36,1083.70,1061.90,1074.70
2016-01-05,1074.66,1082.30,1072.70,1077.66
2016-01-06,1077.55,1095.45,1074.70,1094.45
2016-01-07,1094.45,1110.20,1091.09,1109.25
2016-01-08,1109.45,1112.40,1093.93,1104.24
2016-01-11,1104.19,1108.51,1093.91,1094.26
2016-01-12,1094.30,1099.54,1083.61,1087.05
2016-01-13,1087.29,1095.68,1079.64,1093.49
2016-01-14,1093.52,1095.36,1071.40,1078.00
2016-01-15,1077.94,1097.59,1076.18,1089.10
2016-01-18,1089.51,1093.26,1087.25,1088.90
2016-01-19,1088.84,1094.70,1082.95,1087.12
2016-01-20,1087.10,1109.60,1086.73,1101.02
2016-01-21,1101.04,1104.98,1092.54,1101.60
2016-01-22,1101.60,1102.98,1093.98,1098.30
2016-01-25,1097.85,1109.05,1097.35,1108.05
2016-01-26,1108.02,1123.30,1107.17,1120.57
2016-01-27,1120.36,1128.20,1114.90,1125.59
2016-01-28,1125.57,1126.01,1111.96,1115.14
2016-01-29,1115.16,1118.50,1108.90,1118.04
2016-02-01,1117.88,1130.09,1116.24,1128.85
2016-02-02,1128.82,1130.70,1122.44,1129.12
2016-02-03,1129.16,1146.00,1124.35,1142.93
2016-02-04,1142.95,1157.59,1139.43,1155.74
2016-02-05,1155.74,1174.90,1145.36,1173.69
2016-02-08,1170.89,1200.98,1164.09,1191.14
2016-02-09,1191.14,1199.29,1185.48,1188.85
2016-02-10,1188.95,1197.74,1181.29,1197.49
2016-02-11,1197.44,1260.98,1196.21,1246.89
2016-02-12,1246.94,1249.05,1232.23,1238.05
2016-02-15,1232.81,1234.82,1202.30,1209.95
2016-02-16,1209.32,1217.18,1190.79,1200.35
2016-02-17,1200.19,1213.88,1195.79,1209.14
2016-02-18,1209.16,1239.90,1200.75,1232.35
2016-02-19,1233.12,1234.79,1219.79,1228.19
2016-02-22,1226.14,1226.35,1202.02,1208.74
2016-02-23,1208.76,1227.56,1207.20,1227.46
2016-02-24,1227.39,1253.30,1221.93,1229.35
2016-02-25,1229.44,1243.09,1221.18,1234.64
2016-02-26,1234.44,1240.05,1211.59,1222.60
2016-02-29,1222.73,1241.29,1217.98,1238.14
2016-03-01,1238.19,1249.00,1227.44,1232.26
2016-03-02,1232.35,1244.29,1224.48,1240.30
2016-03-03,1240.30,1267.44,1237.34,1263.69
2016-03-04,1263.89,1279.98,1250.29,1259.44
2016-03-07,1259.48,1273.29,1256.68,1267.39
2016-03-08,1267.49,1278.19,1260.04,1261.10
2016-03-09,1261.30,1264.99,1243.87,1252.94
2016-03-10,1252.89,1273.79,1237.44,1271.44
2016-03-11,1271.44,1282.89,1248.44,1248.44
2016-03-14,1250.98,1261.09,1229.28,1235.28
2016-03-15,1234.68,1237.58,1226.08,1232.38
2016-03-16,1232.84,1264.38,1227.24,1263.08
2016-03-17,1261.70,1271.65,1254.65,1257.90
2016-03-18,1258.16,1267.22,1248.30,1255.30
2016-03-21,1254.70,1256.12,1240.76,1243.74
2016-03-22,1244.22,1259.97,1242.47,1248.38
2016-03-23,1248.18,1249.47,1215.47,1220.17
2016-03-24,1221.20,1224.40,1213.01,1216.99
2016-03-25,1216.47,1216.47,1216.47,1216.47
2016-03-28,1214.51,1222.96,1208.55,1221.05
2016-03-29,1221.40,1243.65,1215.65,1242.55
2016-03-30,1241.30,1243.30,1223.33,1224.85
2016-03-31,1226.06,1240.05,1224.81,1232.70
2016-04-01,1232.68,1235.36,1208.84,1222.49
2016-04-04,1220.35,1223.35,1214.70,1215.40
2016-04-05,1215.31,1237.05,1214.90,1231.14
2016-04-06,1231.86,1232.41,1217.20,1222.35
2016-04-07,1223.16,1243.90,1222.70,1240.69
2016-04-08,1240.18,1243.18,1229.62,1240.39
2016-04-11,1239.79,1259.10,1239.79,1257.95
2016-04-12,1259.05,1262.98,1251.29,1255.94
2016-04-13,1255.88,1257.18,1240.24,1243.14
2016-04-14,1242.05,1244.38,1223.79,1227.39
2016-04-15,1227.55,1236.29,1225.29,1234.05
2016-04-18,1234.10,1242.00,1230.16,1231.55
2016-04-19,1232.46,1257.20,1227.70,1250.50
2016-04-20,1251.00,1258.75,1242.60,1244.05
2016-04-21,1243.49,1270.48,1242.88,1248.85
2016-04-22,1247.44,1252.98,1227.35,1232.30
2016-04-25,1232.10,1242.30,1230.10,1237.90
2016-04-26,1238.57,1245.15,1231.95,1243.44
2016-04-27,1242.60,1251.30,1240.66,1246.10
2016-04-28,1245.66,1270.10,1238.05,1266.48
2016-04-29,1266.27,1296.49,1265.14,1293.74
2016-05-02,1293.69,1303.98,1287.48,1291.60
2016-05-03,1291.76,1302.40,1282.46,1286.00
2016-05-04,1285.99,1289.68,1271.64,1279.49
2016-05-05,1279.85,1286.38,1269.24,1278.05
2016-05-06,1278.50,1296.10,1274.40,1288.70
2016-05-09,1284.93,1287.98,1261.09,1263.85
2016-05-10,1264.11,1269.50,1257.65,1266.40
2016-05-11,1265.73,1279.18,1264.79,1277.69
2016-05-12,1277.80,1280.99,1263.49,1263.49
2016-05-13,1263.61,1276.60,1263.51,1273.60
2016-05-16,1272.51,1288.60,1271.33,1273.86
2016-05-17,1274.06,1282.50,1269.50,1280.00
2016-05-18,1279.71,1281.51,1255.05,1258.30
2016-05-19,1258.60,1261.92,1245.00,1255.10
2016-05-20,1255.24,1259.98,1248.70,1252.30
2016-05-23,1251.41,1256.36,1243.39,1249.24
2016-05-24,1249.21,1251.26,1226.53,1227.00
2016-05-25,1227.00,1230.21,1217.65,1224.18
2016-05-26,1223.40,1234.01,1218.55,1220.15
2016-05-27,1219.86,1223.70,1206.70,1212.40
2016-05-30,1213.38,1213.83,1199.97,1205.58
2016-05-31,1206.45,1218.86,1206.20,1215.24
2016-06-01,1216.40,1221.25,1206.50,1213.35
2016-06-02,1213.62,1218.05,1209.99,1210.95
2016-06-03,1211.16,1244.91,1207.01,1244.49
2016-06-06,1242.79,1248.79,1239.93,1245.24
2016-06-07,1245.56,1246.66,1234.90,1243.85
2016-06-08,1244.64,1264.19,1243.09,1262.14
2016-06-09,1262.55,1272.06,1257.56,1269.15
2016-06-10,1269.41,1278.10,1264.47,1274.20
2016-06-13,1274.05,1287.40,1272.70,1284.05
2016-06-14,1283.39,1290.18,1276.38,1285.85
2016-06-15,1285.14,1297.09,1278.43,1291.49
2016-06-16,1293.51,1316.11,1278.77,1279.14
2016-06-17,1279.35,1299.88,1277.19,1298.60
2016-06-20,1285.80,1292.36,1277.74,1290.15
2016-06-21,1288.68,1294.38,1264.48,1268.44
2016-06-22,1268.45,1271.00,1261.41,1266.31
2016-06-23,1264.31,1271.65,1255.46,1255.65
2016-06-24,1253.86,1358.70,1251.66,1315.98
2016-06-27,1326.26,1335.70,1317.85,1324.80
2016-06-28,1324.45,1326.39,1305.62,1312.51
2016-06-29,1312.39,1328.23,1311.29,1318.89
2016-06-30,1317.71,1324.11,1312.95,1322.18
2016-07-01,1323.38,1344.60,1320.88,1342.30
2016-07-04,1342.58,1357.97,1338.34,1350.78
2016-07-05,1351.15,1357.71,1338.43,1356.14
2016-07-06,1356.74,1375.30,1356.23,1363.89
2016-07-07,1363.56,1370.26,1350.80,1360.60
2016-07-08,1359.21,1369.09,1336.08,1366.80
2016-07-11,1368.71,1375.11,1351.20,1355.25
2016-07-12,1355.16,1358.20,1330.15,1331.65
2016-07-13,1332.40,1345.60,1327.70,1342.85
2016-07-14,1344.01,1347.10,1320.22,1335.10
2016-07-15,1336.31,1338.90,1322.55,1337.85
2016-07-18,1332.81,1335.70,1323.84,1328.79
2016-07-19,1328.51,1335.29,1325.61,1332.13
2016-07-20,1331.81,1336.34,1312.49,1315.95
2016-07-21,1316.31,1334.38,1310.95,1331.09
2016-07-22,1330.94,1334.22,1319.58,1322.38
2016-07-25,1322.59,1324.12,1312.43,1315.56
2016-07-26,1315.59,1325.08,1313.83,1320.32
2016-07-27,1320.04,1342.62,1315.74,1339.86
2016-07-28,1339.38,1345.53,1332.23,1335.79
2016-07-29,1335.75,1355.42,1330.00,1350.91
2016-08-01,1349.88,1355.22,1346.24,1353.21
2016-08-02,1353.47,1367.81,1347.06,1363.68
2016-08-03,1363.65,1366.85,1354.16,1357.90
2016-08-04,1358.41,1365.45,1348.90,1361.20
2016-08-05,1360.72,1365.51,1334.87,1335.80
2016-08-08,1335.18,1338.53,1329.84,1335.38
2016-08-09,1334.85,1343.24,1330.47,1340.75
2016-08-10,1340.95,1357.57,1340.30,1346.67
2016-08-11,1347.26,1353.78,1335.93,1338.87
2016-08-12,1338.70,1356.28,1333.98,1336.19
2016-08-15,1338.08,1344.21,1335.95,1339.36
2016-08-16,1339.69,1358.38,1339.47,1346.08
2016-08-17,1345.70,1352.07,1337.70,1348.66
2016-08-18,1349.05,1356.60,1345.84,1352.34
2016-08-19,1352.91,1353.44,1337.93,1341.78
2016-08-22,1340.83,1341.65,1332.10,1339.02
2016-08-23,1339.34,1345.45,1335.65,1338.10
2016-08-24,1337.88,1340.52,1323.70,1323.75
2016-08-25,1323.75,1327.50,1317.96,1321.70
2016-08-26,1321.89,1341.54,1318.89,1321.33
2016-08-29,1320.47,1325.43,1315.10,1323.41
2016-08-30,1323.20,1325.70,1309.15,1311.15
2016-08-31,1311.25,1316.54,1305.41,1308.95
2016-09-01,1309.12,1315.38,1302.23,1313.79
2016-09-02,1314.13,1329.09,1309.51,1325.01
2016-09-05,1324.42,1329.32,1322.31,1327.08
2016-09-06,1325.37,1352.16,1324.77,1349.88
2016-09-07,1348.67,1353.01,1342.74,1345.24
2016-09-08,1345.11,1349.78,1335.54,1338.35
2016-09-09,1338.41,1340.03,1327.70,1328.15
2016-09-12,1328.29,1330.68,1320.79,1327.63
2016-09-13,1327.99,1332.64,1315.72,1319.05
2016-09-14,1318.88,1326.26,1316.13,1322.97
2016-09-15,1322.72,1327.53,1309.70,1314.25
2016-09-16,1313.91,1318.43,1306.62,1310.43
2016-09-19,1310.77,1318.32,1309.27,1313.39
2016-09-20,1312.80,1318.50,1312.31,1315.10
2016-09-21,1315.10,1337.22,1308.60,1336.85
2016-09-22,1335.12,1344.27,1331.56,1337.30
2016-09-23,1337.69,1341.06,1333.59,1337.61
2016-09-26,1337.07,1342.46,1332.56,1337.97
2016-09-27,1337.77,1339.78,1324.81,1327.36
2016-09-28,1326.90,1327.74,1317.89,1321.41
2016-09-29,1322.08,1326.02,1315.89,1320.27
2016-09-30,1320.56,1328.23,1312.83,1315.96
2016-10-03,1318.24,1320.11,1309.58,1311.96
2016-10-04,1312.18,1313.52,1266.81,1268.30
2016-10-05,1269.41,1277.51,1262.12,1266.70
2016-10-06,1267.73,1269.94,1250.20,1254.74
2016-10-07,1255.34,1265.74,1241.68,1256.97
2016-10-10,1257.47,1265.35,1256.59,1259.74
2016-10-11,1259.06,1262.66,1252.60,1253.25
2016-10-12,1253.45,1259.26,1250.31,1255.33
2016-10-13,1256.14,1262.41,1253.53,1258.12
2016-10-14,1258.79,1259.65,1247.51,1250.55
2016-10-17,1250.25,1257.67,1250.25,1255.70
2016-10-18,1256.60,1265.38,1254.90,1262.84
2016-10-19,1262.63,1273.84,1260.24,1269.40
2016-10-20,1269.55,1274.02,1264.55,1266.00
2016-10-21,1266.10,1268.43,1261.20,1266.75
2016-10-24,1266.21,1272.25,1260.75,1264.44
2016-10-25,1265.67,1277.17,1262.40,1274.35
2016-10-26,1273.30,1276.89,1264.58,1266.99
2016-10-27,1267.15,1273.17,1265.40,1268.30
2016-10-28,1268.39,1284.53,1262.42,1276.30
2016-10-31,1278.01,1279.64,1270.89,1277.38
2016-11-01,1277.17,1292.21,1275.55,1288.15
2016-11-02,1287.90,1308.26,1287.50,1297.39
2016-11-03,1297.16,1306.90,1285.51,1303.75
2016-11-04,1302.61,1307.11,1294.65,1304.25
2016-11-07,1291.61,1295.90,1277.80,1281.41
2016-11-08,1281.66,1290.84,1273.04,1275.64
2016-11-09,1275.45,1337.60,1269.38,1278.00
2016-11-10,1277.68,1292.22,1252.28,1259.76
2016-11-11,1259.82,1265.50,1219.50,1225.68
2016-11-14,1227.91,1231.56,1211.47,1220.26
2016-11-15,1220.24,1231.54,1219.06,1228.08
2016-11-16,1228.38,1233.47,1221.60,1225.30
2016-11-17,1225.68,1231.80,1211.12,1216.39
2016-11-18,1216.39,1218.13,1203.90,1208.69
2016-11-21,1208.10,1218.02,1205.74,1214.05
2016-11-22,1214.29,1221.45,1206.24,1212.24
2016-11-23,1212.24,1215.05,1181.57,1187.77
2016-11-24,1188.11,1191.34,1181.79,1184.00
2016-11-25,1184.96,1193.96,1171.96,1183.63
2016-11-28,1183.10,1197.60,1182.96,1193.44
2016-11-29,1193.30,1195.06,1180.97,1188.46
2016-11-30,1188.72,1195.36,1170.75,1173.11
2016-12-01,1173.29,1177.07,1160.77,1171.30
2016-12-02,1171.05,1178.03,1166.20,1176.92
2016-12-05,1182.80,1187.79,1157.08,1170.26
2016-12-06,1170.18,1175.40,1166.53,1169.74
2016-12-07,1169.64,1180.30,1165.35,1174.00
2016-12-08,1173.65,1178.62,1168.88,1170.55
2016-12-09,1170.48,1172.22,1156.17,1157.87
2016-12-12,1159.01,1165.85,1151.43,1162.21
2016-12-13,1162.45,1165.16,1154.71,1158.35
2016-12-14,1158.39,1165.10,1139.47,1144.25
2016-12-15,1143.81,1144.50,1122.44,1128.43
2016-12-16,1128.44,1141.28,1126.46,1134.09
2016-12-19,1134.35,1142.70,1134.14,1139.05
2016-12-20,1139.34,1140.08,1125.63,1132.20
2016-12-21,1132.14,1137.50,1129.29,1131.80
2016-12-22,1131.80,1134.17,1127.43,1128.69
2016-12-23,1128.89,1136.12,1128.18,1133.49
2016-12-26,1133.94,1133.94,1133.94,1133.94
2016-12-27,1134.06,1149.48,1131.85,1139.35
2016-12-28,1139.64,1144.84,1136.54,1142.45
2016-12-29,1142.39,1159.58,1140.81,1158.32
2016-12-30,1158.68,1163.53,1149.49,1151.85
2017-01-02,1150.55,1152.66,1149.66,1150.52
2017-01-03,1150.80,1163.61,1145.77,1158.91
2017-01-04,1159.28,1168.23,1156.35,1163.80
2017-01-05,1163.67,1184.99,1162.38,1180.48
2017-01-06,1180.38,1181.49,1170.37,1172.81
2017-01-09,1172.64,1185.91,1171.89,1181.27
2017-01-10,1181.32,1190.57,1179.86,1187.74
2017-01-11,1187.74,1198.79,1177.33,1191.85
2017-01-12,1191.75,1207.07,1191.00,1195.66
2017-01-13,1195.96,1201.20,1187.93,1197.66
2017-01-16,1200.55,1208.23,1198.17,1203.17
2017-01-17,1202.80,1218.72,1202.38,1216.54
2017-01-18,1216.56,1217.60,1201.91,1203.64
2017-01-19,1203.92,1206.88,1195.86,1205.14
2017-01-20,1205.16,1215.30,1198.68,1209.96
2017-01-23,1209.43,1219.54,1209.27,1217.48
2017-01-24,1217.40,1219.66,1206.02,1208.81
2017-01-25,1208.79,1209.84,1192.83,1200.31
2017-01-26,1199.93,1202.67,1184.11,1188.57
2017-01-27,1188.78,1192.06,1181.04,1191.60
2017-01-30,1192.85,1199.88,1188.15,1195.35
2017-01-31,1195.38,1215.49,1193.83,1210.63
2017-02-01,1210.89,1213.59,1198.12,1209.49
2017-02-02,1209.53,1225.41,1208.26,1215.93
2017-02-03,1215.89,1221.48,1207.18,1219.88
2017-02-06,1219.67,1235.84,1219.01,1235.59
2017-02-07,1235.23,1235.86,1227.41,1233.72
2017-02-08,1234.04,1245.06,1230.29,1241.99
2017-02-09,1242.48,1244.52,1230.22,1230.89
2017-02-10,1230.62,1237.07,1221.12,1234.12
2017-02-13,1231.84,1232.65,1219.37,1225.44
2017-02-14,1225.74,1234.87,1221.75,1228.61
2017-02-15,1228.89,1233.61,1216.80,1232.94
2017-02-16,1233.34,1242.71,1232.04,1239.14
2017-02-17,1239.25,1243.84,1234.52,1235.29
2017-02-20,1235.20,1239.29,1232.62,1238.38
2017-02-21,1237.03,1238.92,1225.80,1235.97
2017-02-22,1236.22,1240.72,1231.62,1237.69
2017-02-23,1237.79,1251.21,1235.20,1249.41
2017-02-24,1249.52,1260.48,1247.54,1256.94
2017-02-27,1257.41,1263.88,1250.48,1252.76
2017-02-28,1252.48,1258.37,1247.48,1248.59
2017-03-01,1248.57,1250.68,1236.53,1248.94
2017-03-02,1249.44,1250.36,1231.16,1235.30
2017-03-03,1234.80,1236.28,1222.59,1234.30
2017-03-06,1232.81,1237.17,1224.65,1225.96
2017-03-07,1225.62,1227.25,1213.67,1215.67
2017-03-08,1215.65,1218.68,1206.13,1207.58
2017-03-09,1207.63,1209.17,1199.12,1200.83
2017-03-10,1200.80,1206.43,1194.62,1204.55
2017-03-13,1205.43,1211.66,1202.47,1204.05
2017-03-14,1204.25,1208.38,1197.54,1199.08
2017-03-15,1199.11,1222.66,1197.93,1219.40
2017-03-16,1219.03,1233.51,1217.83,1226.78
2017-03-17,1227.31,1232.45,1225.06,1229.15
2017-03-20,1229.79,1236.25,1229.51,1233.90
2017-03-21,1233.78,1248.10,1226.82,1245.00
2017-03-22,1244.15,1251.76,1243.89,1249.35
2017-03-23,1248.86,1253.62,1242.84,1245.30
2017-03-24,1244.88,1252.28,1240.72,1244.17
2017-03-27,1248.01,1261.53,1247.69,1254.30
2017-03-28,1253.82,1258.46,1247.52,1251.63
2017-03-29,1251.64,1255.16,1247.25,1252.45
2017-03-30,1253.10,1254.20,1242.61,1243.30
2017-03-31,1242.83,1251.11,1240.05,1249.13
2017-04-03,1248.40,1254.20,1244.55,1253.35
2017-04-04,1255.46,1261.90,1254.46,1256.22
2017-04-05,1255.73,1257.78,1243.85,1255.30
2017-04-06,1256.40,1259.46,1249.85,1251.80
2017-04-07,1252.11,1270.96,1250.80,1254.05
2017-04-10,1254.26,1257.70,1247.50,1254.73
2017-04-11,1255.23,1275.55,1253.29,1274.44
2017-04-12,1274.51,1287.29,1272.42,1286.60
2017-04-13,1285.54,1289.03,1281.74,1287.74
2017-04-14,1287.35,1288.75,1285.31,1285.69
2017-04-17,1292.96,1295.92,1281.61,1284.80
2017-04-18,1284.94,1292.70,1279.40,1289.64
2017-04-19,1290.21,1291.51,1276.48,1279.66
2017-04-20,1280.06,1283.79,1276.74,1281.85
2017-04-21,1281.96,1288.67,1278.43,1284.50
2017-04-24,1269.88,1277.48,1266.01,1275.30
2017-04-25,1276.96,1278.57,1261.81,1263.76
2017-04-26,1264.41,1271.10,1260.30,1269.05
2017-04-27,1268.80,1270.53,1261.61,1264.60
2017-04-28,1264.26,1269.08,1263.30,1268.15
2017-05-01,1268.60,1271.60,1254.16,1256.80
2017-05-02,1256.51,1257.89,1251.48,1256.90
2017-05-03,1256.71,1257.29,1236.41,1238.38
2017-05-04,1238.66,1241.77,1225.70,1227.75
2017-05-05,1227.93,1235.79,1225.83,1227.74
2017-05-08,1225.67,1237.10,1225.36,1226.30
2017-05-09,1226.12,1229.01,1214.21,1221.30
2017-05-10,1221.42,1226.15,1217.49,1219.15
2017-05-11,1218.74,1228.20,1217.81,1224.85
2017-05-12,1225.41,1232.26,1224.55,1228.83
2017-05-15,1228.40,1237.76,1227.20,1230.71
2017-05-16,1231.46,1239.50,1230.51,1236.80
2017-05-17,1237.31,1261.55,1236.30,1260.74
2017-05-18,1261.56,1265.54,1245.90,1247.05
2017-05-19,1246.67,1256.98,1246.61,1255.55
2017-05-22,1256.10,1263.00,1251.61,1260.46
2017-05-23,1260.13,1264.18,1250.46,1251.16
2017-05-24,1251.26,1259.37,1247.70,1258.55
2017-05-25,1258.49,1260.08,1253.89,1255.76
2017-05-26,1255.60,1269.88,1252.88,1267.05
2017-05-29,1267.47,1269.12,1265.12,1266.97
2017-05-30,1267.24,1270.86,1259.39,1263.10
2017-05-31,1263.05,1274.24,1259.26,1268.59
2017-06-01,1268.89,1270.72,1261.49,1265.64
2017-06-02,1266.11,1279.98,1259.00,1279.98
2017-06-05,1279.34,1283.77,1278.00,1279.95
2017-06-06,1280.26,1296.47,1279.44,1294.00
2017-06-07,1294.39,1295.28,1283.00,1286.91
2017-06-08,1287.45,1289.34,1271.49,1278.90
2017-06-09,1279.29,1281.30,1264.74,1266.40
2017-06-12,1267.42,1271.01,1263.95,1265.74
2017-06-13,1264.75,1269.42,1259.66,1265.85
2017-06-14,1266.28,1279.87,1257.15,1261.18
2017-06-15,1260.70,1267.04,1251.68,1254.00
2017-06-16,1254.36,1257.63,1251.55,1253.63
2017-06-19,1254.00,1256.12,1243.22,1243.25
2017-06-20,1244.04,1248.38,1241.38,1243.19
2017-06-21,1243.16,1248.31,1241.25,1246.55
2017-06-22,1245.55,1255.05,1245.55,1250.62
2017-06-23,1250.00,1259.31,1249.74,1256.90
2017-06-26,1258.13,1258.54,1236.96,1244.45
2017-06-27,1243.65,1253.13,1241.12,1247.10
2017-06-28,1247.37,1255.11,1247.37,1249.32
2017-06-29,1249.18,1253.71,1239.66,1245.74
2017-06-30,1244.82,1248.59,1239.70,1241.60
2017-07-03,1241.46,1242.83,1218.41,1220.46
2017-07-04,1221.94,1226.74,1220.69,1223.97
2017-07-05,1223.55,1229.34,1217.64,1226.95
2017-07-06,1227.06,1229.57,1222.56,1225.15
2017-07-07,1224.39,1227.20,1207.25,1212.90
2017-07-10,1213.70,1215.60,1204.85,1214.35
2017-07-11,1214.59,1217.79,1207.89,1217.69
2017-07-12,1217.95,1226.10,1214.51,1220.00
2017-07-13,1220.21,1224.92,1216.63,1217.45
2017-07-14,1216.63,1233.16,1214.95,1228.98
2017-07-17,1228.60,1236.44,1228.30,1234.40
2017-07-18,1233.84,1245.06,1233.01,1242.46
2017-07-19,1242.58,1244.48,1236.05,1240.87
2017-07-20,1241.03,1247.98,1235.24,1244.74
2017-07-21,1244.16,1256.30,1243.35,1254.90
2017-07-24,1255.66,1259.18,1251.78,1255.24
2017-07-25,1254.77,1258.18,1249.01,1249.05
2017-07-26,1250.00,1263.92,1243.91,1261.10
2017-07-27,1260.50,1265.49,1254.52,1259.00
2017-07-28,1259.36,1271.34,1257.45,1269.25
2017-07-31,1270.16,1271.48,1265.93,1269.55
2017-08-01,1268.80,1274.47,1264.05,1269.05
2017-08-02,1268.80,1273.34,1263.18,1266.70
2017-08-03,1266.46,1271.37,1258.70,1268.65
2017-08-04,1269.01,1270.94,1254.75,1258.60
2017-08-07,1259.03,1260.38,1255.68,1257.69
2017-08-08,1257.61,1265.70,1251.41,1260.64
2017-08-09,1261.41,1279.06,1260.96,1277.55
2017-08-10,1277.56,1288.63,1274.85,1286.90
2017-08-11,1286.45,1292.26,1281.55,1289.21
2017-08-14,1289.09,1289.82,1278.12,1281.95
2017-08-15,1282.36,1282.77,1267.98,1272.13
2017-08-16,1271.87,1284.29,1268.19,1283.10
2017-08-17,1283.61,1290.47,1282.20,1288.01
2017-08-18,1288.20,1301.20,1283.64,1284.50
2017-08-21,1283.60,1293.58,1280.60,1291.22
2017-08-22,1291.18,1292.69,1282.11,1284.72
2017-08-23,1285.56,1292.03,1283.09,1290.62
2017-08-24,1289.98,1291.30,1284.55,1286.33
2017-08-25,1285.91,1294.14,1278.66,1291.15
2017-08-28,1292.76,1312.99,1292.49,1310.49
2017-08-29,1317.75,1326.14,1304.93,1309.50
2017-08-30,1309.26,1313.87,1305.26,1308.76
2017-08-31,1308.80,1324.11,1300.82,1322.07
2017-09-01,1321.80,1329.20,1316.65,1324.97
2017-09-04,1334.38,1339.85,1331.92,1334.67
2017-09-05,1335.07,1345.18,1327.96,1339.33
2017-09-06,1339.55,1342.84,1331.66,1334.14
2017-09-07,1334.27,1350.27,1332.60,1349.20
2017-09-08,1348.83,1357.94,1343.00,1346.71
2017-09-11,1337.45,1340.36,1326.36,1327.32
2017-09-12,1327.86,1332.43,1322.55,1331.94
2017-09-13,1331.95,1335.05,1320.91,1323.25
2017-09-14,1323.56,1330.69,1316.11,1329.83
2017-09-15,1329.83,1334.76,1319.62,1319.62
2017-09-18,1320.50,1320.50,1305.03,1307.57
2017-09-19,1307.30,1311.78,1304.98,1311.28
2017-09-20,1310.94,1316.25,1295.96,1301.15
2017-09-21,1301.02,1302.07,1287.99,1291.39
2017-09-22,1291.30,1299.14,1291.30,1297.38
2017-09-25,1297.67,1311.90,1290.63,1310.55
2017-09-26,1309.90,1313.92,1293.04,1293.89
2017-09-27,1293.61,1296.54,1281.12,1281.12
2017-09-28,1281.11,1289.00,1277.64,1287.30
2017-09-29,1286.91,1290.47,1278.24,1279.45
2017-10-02,1279.50,1279.61,1270.45,1271.12
2017-10-03,1270.71,1274.71,1267.91,1271.75
2017-10-04,1271.64,1282.42,1270.85,1274.69
2017-10-05,1275.16,1279.42,1266.90,1268.05
2017-10-06,1269.09,1277.18,1260.89,1276.03
2017-10-09,1275.45,1285.50,1275.21,1284.10
2017-10-10,1284.35,1294.63,1282.29,1287.85
2017-10-11,1287.91,1293.56,1284.12,1291.80
2017-10-12,1292.01,1297.60,1289.47,1293.60
2017-10-13,1293.73,1304.88,1291.04,1304.88
2017-10-16,1303.88,1306.80,1291.01,1294.74
2017-10-17,1295.32,1296.66,1281.69,1285.19
2017-10-18,1285.18,1289.08,1277.13,1281.17
2017-10-19,1281.25,1290.69,1276.61,1289.79
2017-10-20,1289.57,1291.47,1277.88,1280.72
2017-10-23,1277.45,1283.66,1272.24,1282.07
2017-10-24,1282.01,1284.06,1273.43,1276.72
2017-10-25,1276.85,1280.39,1271.03,1277.41
2017-10-26,1277.56,1282.80,1265.69,1267.11
2017-10-27,1268.07,1274.80,1264.10,1273.35
2017-10-30,1273.59,1279.29,1268.80,1276.24
2017-10-31,1276.29,1278.36,1268.01,1271.58
2017-11-01,1270.88,1281.25,1267.98,1274.39
2017-11-02,1274.91,1284.49,1273.64,1275.99
2017-11-03,1276.80,1279.74,1265.55,1269.85
2017-11-06,1269.49,1283.01,1266.05,1281.55
2017-11-07,1281.82,1281.97,1271.68,1275.53
2017-11-08,1275.85,1287.52,1275.23,1281.30
2017-11-09,1281.62,1288.72,1280.09,1285.30
2017-11-10,1285.21,1287.16,1273.33,1276.14
2017-11-13,1275.16,1280.22,1274.29,1277.99
2017-11-14,1278.17,1283.68,1270.64,1280.71
2017-11-15,1281.00,1289.47,1277.04,1278.80
2017-11-16,1278.47,1281.60,1274.98,1278.47
2017-11-17,1278.44,1297.04,1277.94,1294.37
2017-11-20,1292.68,1294.80,1274.92,1276.70
2017-11-21,1276.70,1284.87,1276.08,1280.48
2017-11-22,1280.38,1294.75,1278.77,1292.12
2017-11-23,1292.40,1293.46,1287.46,1291.25
2017-11-24,1291.51,1293.61,1286.15,1288.22
2017-11-27,1288.57,1299.20,1286.47,1294.50
2017-11-28,1294.85,1297.74,1291.01,1294.01
2017-11-29,1293.90,1296.75,1281.98,1283.57
2017-11-30,1283.88,1285.70,1270.51,1274.76
2017-12-01,1274.29,1289.58,1271.58,1280.26
2017-12-04,1272.93,1277.24,1271.80,1276.23
2017-12-05,1276.54,1277.41,1261.11,1266.55
2017-12-06,1266.62,1269.32,1262.39,1263.94
2017-12-07,1264.26,1264.82,1244.11,1246.70
2017-12-08,1247.34,1252.66,1244.34,1248.14
2017-12-11,1247.28,1251.67,1240.19,1241.96
2017-12-12,1242.25,1246.62,1236.31,1243.85
2017-12-13,1243.88,1256.95,1240.06,1255.45
2017-12-14,1255.54,1259.18,1249.92,1252.85
2017-12-15,1252.83,1261.89,1251.94,1255.26
2017-12-18,1253.79,1264.37,1252.68,1261.69
2017-12-19,1261.70,1265.26,1258.97,1261.72
2017-12-20,1261.69,1267.84,1261.23,1265.62
2017-12-21,1265.62,1268.97,1263.02,1266.76
2017-12-22,1267.12,1276.38,1265.10,1275.01
2017-12-25,1275.24,1275.24,1275.24,1275.24
2017-12-26,1274.91,1283.77,1273.25,1283.29
2017-12-27,1283.64,1289.40,1281.46,1287.41
2017-12-28,1287.31,1295.30,1286.66,1294.84
2017-12-29,1294.85,1307.69,1293.59,1302.55
2018-01-01,1303.43,1307.72,1302.43,1306.86
2018-01-02,1302.55,1318.98,1302.51,1318.14
2018-01-03,1318.16,1321.40,1307.16,1312.84
2018-01-04,1312.53,1325.92,1305.67,1322.97
2018-01-05,1323.50,1323.83,1313.81,1320.21
2018-01-08,1320.04,1322.22,1314.97,1320.58
2018-01-09,1320.63,1320.68,1308.80,1312.66
2018-01-10,1313.28,1326.94,1308.29,1317.19
2018-01-11,1316.89,1323.98,1315.49,1322.42
2018-01-12,1322.82,1339.40,1321.16,1338.40
2018-01-15,1337.05,1344.93,1336.14,1340.16
2018-01-16,1340.06,1342.35,1331.73,1338.61
2018-01-17,1338.29,1343.99,1326.73,1327.73
2018-01-18,1327.75,1333.14,1323.79,1327.19
2018-01-19,1327.49,1338.37,1326.46,1331.80
2018-01-22,1334.88,1336.04,1328.71,1334.11
2018-01-23,1334.45,1342.22,1331.54,1341.39
2018-01-24,1341.45,1361.88,1339.27,1358.15
2018-01-25,1358.48,1366.47,1343.10,1348.05
2018-01-26,1348.36,1357.39,1344.38,1350.14
2018-01-29,1350.07,1352.65,1337.74,1340.35
2018-01-30,1340.67,1349.12,1334.48,1338.55
2018-01-31,1338.87,1347.93,1332.70,1345.10
2018-02-01,1345.40,1351.42,1337.30,1349.19
2018-02-02,1349.16,1350.12,1327.21,1332.98
2018-02-05,1332.32,1341.70,1328.88,1339.60
2018-02-06,1339.68,1346.08,1320.04,1325.02
2018-02-07,1325.16,1332.49,1312.05,1318.49
2018-02-08,1318.61,1322.17,1306.90,1318.97
2018-02-09,1318.87,1322.71,1311.06,1316.69
2018-02-12,1315.04,1326.20,1314.11,1322.88
2018-02-13,1322.29,1330.96,1321.39,1329.55
2018-02-14,1329.53,1355.57,1319.42,1350.76
2018-02-15,1350.78,1357.18,1348.41,1353.30
2018-02-16,1353.29,1361.84,1344.78,1347.86
2018-02-19,1347.50,1351.35,1345.99,1346.69
2018-02-20,1346.74,1348.21,1328.22,1329.49
2018-02-21,1329.82,1336.58,1322.60,1324.26
2018-02-22,1323.93,1332.20,1320.69,1331.51
2018-02-23,1331.80,1332.23,1325.58,1328.94
2018-02-26,1327.56,1340.91,1326.42,1333.16
2018-02-27,1333.13,1336.74,1313.32,1318.20
2018-02-28,1318.53,1322.82,1315.80,1318.05
2018-03-01,1318.53,1321.30,1302.99,1316.55
2018-03-02,1316.51,1325.51,1314.93,1322.20
2018-03-05,1323.75,1327.92,1317.26,1320.01
2018-03-06,1320.36,1338.89,1319.91,1334.46
2018-03-07,1334.50,1340.47,1321.95,1325.54
2018-03-08,1325.84,1329.39,1319.19,1322.35
2018-03-09,1322.32,1325.15,1313.05,1323.70
2018-03-12,1323.69,1324.67,1315.39,1323.05
2018-03-13,1322.81,1328.66,1316.79,1326.39
2018-03-14,1326.42,1330.42,1321.91,1325.00
2018-03-15,1324.39,1328.16,1315.05,1316.26
2018-03-16,1317.11,1322.67,1310.31,1314.00
2018-03-19,1313.94,1320.07,1307.89,1316.94
2018-03-20,1317.00,1318.66,1307.31,1311.21
2018-03-21,1311.28,1336.96,1309.98,1332.17
2018-03-22,1332.15,1335.23,1324.88,1328.95
2018-03-23,1329.17,1350.66,1329.17,1347.22
2018-03-26,1347.91,1356.37,1343.55,1353.46
2018-03-27,1353.51,1357.06,1340.16,1344.71
2018-03-28,1345.74,1347.39,1323.59,1324.99
2018-03-29,1325.41,1329.32,1322.21,1325.00
2018-04-02,1326.20,1345.26,1324.90,1341.35
2018-04-03,1340.69,1342.87,1329.18,1332.83
2018-04-04,1332.82,1348.45,1331.59,1333.35
2018-04-05,1333.02,1335.29,1322.80,1326.55
2018-04-06,1326.38,1335.59,1321.47,1333.20
2018-04-09,1333.14,1338.36,1326.98,1336.24
2018-04-10,1336.87,1343.55,1331.81,1340.05
2018-04-11,1339.94,1365.61,1339.68,1353.29
2018-04-12,1352.70,1353.60,1333.96,1335.48
2018-04-13,1335.20,1347.50,1335.20,1345.46
2018-04-16,1344.58,1350.89,1340.17,1345.91
2018-04-17,1345.65,1349.80,1337.73,1347.29
2018-04-18,1347.50,1356.14,1342.10,1349.32
2018-04-19,1349.33,1355.12,1341.23,1345.60
2018-04-20,1346.06,1346.56,1335.07,1335.12
2018-04-23,1335.81,1336.38,1322.81,1325.00
2018-04-24,1324.71,1333.04,1322.60,1330.68
2018-04-25,1330.12,1332.40,1318.90,1323.33
2018-04-26,1322.39,1326.96,1315.45,1317.28
2018-04-27,1317.57,1326.11,1316.26,1322.80
2018-04-30,1322.81,1325.34,1310.51,1315.36
2018-05-01,1315.58,1316.69,1301.88,1303.97
2018-05-02,1304.38,1313.80,1303.94,1304.85
2018-05-03,1305.18,1318.91,1305.02,1312.09
2018-05-04,1312.30,1315.61,1308.41,1315.05
2018-05-07,1315.03,1319.22,1310.29,1314.30
2018-05-08,1313.57,1318.08,1306.20,1314.47
2018-05-09,1314.46,1317.78,1304.48,1312.78
2018-05-10,1312.12,1323.14,1310.89,1321.39
2018-05-11,1321.57,1326.49,1317.94,1318.22
2018-05-14,1318.56,1322.76,1312.82,1312.82
2018-05-15,1313.09,1315.24,1288.71,1290.64
2018-05-16,1290.32,1297.67,1287.01,1291.03
2018-05-17,1291.13,1295.29,1286.41,1291.00
2018-05-18,1291.35,1295.26,1286.81,1292.50
2018-05-21,1290.90,1293.53,1282.15,1292.68
2018-05-22,1292.85,1296.44,1287.80,1291.32
2018-05-23,1291.50,1298.59,1288.61,1293.75
2018-05-24,1294.06,1306.97,1292.91,1304.88
2018-05-25,1304.44,1308.24,1300.05,1301.61
2018-05-28,1298.74,1300.47,1295.62,1298.11
2018-05-29,1298.68,1307.14,1294.30,1298.86
2018-05-30,1299.02,1304.70,1295.75,1301.48
2018-05-31,1301.51,1306.86,1297.90,1298.32
2018-06-01,1298.98,1300.72,1289.52,1293.14
2018-06-04,1293.16,1298.47,1290.27,1291.98
2018-06-05,1292.34,1300.94,1289.79,1296.13
2018-06-06,1297.15,1302.85,1294.63,1297.00
2018-06-07,1296.41,1303.48,1295.08,1297.12
2018-06-08,1297.32,1301.27,1294.20,1298.75
2018-06-11,1299.17,1302.57,1294.13,1300.14
2018-06-12,1300.09,1300.88,1293.00,1295.97
2018-06-13,1295.47,1301.53,1292.55,1299.71
2018-06-14,1299.85,1309.69,1297.34,1302.22
2018-06-15,1302.15,1303.92,1275.85,1279.84
2018-06-18,1279.16,1282.02,1277.08,1278.31
2018-06-19,1278.41,1284.46,1270.39,1274.76
2018-06-20,1274.75,1276.64,1267.80,1268.10
2018-06-21,1268.58,1270.49,1261.22,1267.20
2018-06-22,1267.70,1271.79,1266.90,1269.28
2018-06-25,1272.66,1273.54,1264.80,1266.00
2018-06-26,1265.72,1268.03,1254.51,1258.99
2018-06-27,1258.21,1260.52,1250.70,1252.02
2018-06-28,1251.91,1254.65,1245.71,1248.28
2018-06-29,1247.74,1256.38,1246.51,1253.00
2018-07-02,1253.50,1254.61,1239.59,1241.97
2018-07-03,1242.21,1257.41,1237.81,1252.93
2018-07-04,1252.42,1261.85,1252.16,1256.95
2018-07-05,1256.90,1260.17,1251.08,1257.76
2018-07-06,1257.97,1259.53,1252.93,1254.99
2018-07-09,1255.12,1266.26,1255.12,1257.76
2018-07-10,1257.69,1260.70,1247.23,1255.65
2018-07-11,1255.81,1257.27,1241.29,1242.16
2018-07-12,1242.06,1248.94,1241.38,1247.14
2018-07-13,1247.51,1248.54,1237.10,1241.52
2018-07-16,1241.76,1246.29,1238.49,1240.82
2018-07-17,1240.83,1245.35,1225.97,1227.51
2018-07-18,1227.73,1229.92,1221.56,1227.18
2018-07-19,1227.42,1229.27,1211.48,1222.80
2018-07-20,1223.49,1232.68,1215.84,1231.76
2018-07-23,1231.28,1235.49,1222.08,1224.54
2018-07-24,1225.06,1229.83,1218.25,1224.55
2018-07-25,1224.31,1234.64,1223.10,1231.61
2018-07-26,1231.31,1235.57,1222.17,1222.67
2018-07-27,1222.88,1227.64,1217.34,1223.38
2018-07-30,1223.05,1225.59,1219.05,1221.80
2018-07-31,1221.73,1228.74,1214.82,1223.83
2018-08-01,1224.00,1225.36,1215.76,1216.05
2018-08-02,1215.25,1221.42,1207.20,1207.96
2018-08-03,1208.01,1220.41,1204.40,1213.43
2018-08-06,1214.10,1218.69,1206.93,1206.94
2018-08-07,1207.67,1216.54,1207.67,1211.02
2018-08-08,1210.70,1216.26,1206.29,1213.61
2018-08-09,1213.89,1217.65,1210.72,1212.35
2018-08-10,1212.56,1217.48,1205.85,1211.30
2018-08-13,1211.26,1214.23,1191.75,1193.64
2018-08-14,1194.17,1199.04,1192.14,1194.03
2018-08-15,1194.50,1195.22,1173.33,1174.88
2018-08-16,1175.73,1182.59,1160.56,1174.16
2018-08-17,1173.72,1185.42,1172.03,1184.77
2018-08-20,1183.71,1191.21,1182.63,1190.53
2018-08-21,1190.59,1197.38,1187.50,1196.12
2018-08-22,1196.68,1201.91,1192.45,1195.51
2018-08-23,1195.83,1197.00,1183.67,1185.31
2018-08-24,1185.32,1208.87,1183.32,1205.97
2018-08-27,1206.92,1212.75,1202.84,1211.35
2018-08-28,1211.45,1214.68,1199.41,1201.26
2018-08-29,1201.28,1207.73,1200.90,1206.66
2018-08-30,1206.32,1208.18,1196.32,1199.88
2018-08-31,1200.34,1209.17,1198.43,1201.09
2018-09-03,1200.59,1204.59,1196.11,1201.15
2018-09-04,1201.29,1202.31,1189.55,1191.35
2018-09-05,1191.18,1198.82,1191.10,1196.75
2018-09-06,1197.19,1207.36,1195.59,1200.14
2018-09-07,1200.03,1204.03,1193.28,1195.86
2018-09-10,1195.12,1198.92,1191.52,1195.88
2018-09-11,1195.73,1200.12,1187.95,1198.29
2018-09-12,1198.93,1209.22,1192.90,1206.19
2018-09-13,1207.30,1213.39,1200.37,1201.44
2018-09-14,1201.76,1208.98,1193.13,1193.71
2018-09-17,1193.18,1205.20,1192.97,1200.93
2018-09-18,1202.14,1204.28,1196.21,1198.35
2018-09-19,1197.84,1206.53,1197.81,1203.99
2018-09-20,1204.16,1209.14,1201.47,1207.58
2018-09-21,1207.52,1211.47,1191.97,1199.55
2018-09-24,1198.56,1204.48,1194.23,1198.86
2018-09-25,1198.84,1203.71,1197.21,1201.31
2018-09-26,1201.23,1202.84,1190.53,1194.46
2018-09-27,1194.80,1198.94,1181.98,1182.80
2018-09-28,1183.21,1194.00,1180.74,1192.09
2018-10-01,1192.55,1192.95,1184.95,1188.47
2018-10-02,1189.20,1208.65,1188.57,1203.10
2018-10-03,1203.39,1208.77,1196.71,1197.37
2018-10-04,1197.35,1207.11,1195.76,1199.66
2018-10-05,1199.41,1206.18,1197.00,1202.86
2018-10-08,1203.14,1204.49,1183.58,1188.01
2018-10-09,1189.01,1192.23,1183.49,1189.62
2018-10-10,1189.59,1195.19,1185.22,1194.78
2018-10-11,1195.01,1226.87,1191.30,1224.33
2018-10-12,1224.17,1224.45,1215.61,1217.93
2018-10-15,1217.45,1233.65,1217.40,1226.93
2018-10-16,1227.12,1232.77,1223.35,1224.43
2018-10-17,1224.08,1229.90,1220.32,1222.68
2018-10-18,1222.35,1230.85,1218.78,1225.75
2018-10-19,1225.66,1231.07,1223.03,1226.32
2018-10-22,1228.61,1230.18,1220.30,1222.17
2018-10-23,1222.32,1240.00,1221.72,1230.49
2018-10-24,1231.06,1234.27,1225.74,1234.22
2018-10-25,1234.59,1239.85,1228.08,1232.23
2018-10-26,1232.24,1243.73,1229.80,1233.59
2018-10-29,1234.16,1235.79,1224.45,1229.74
2018-10-30,1230.17,1231.45,1220.22,1223.44
2018-10-31,1223.00,1223.70,1211.92,1214.54
2018-11-01,1215.20,1237.83,1214.84,1233.24
2018-11-02,1234.04,1236.79,1229.85,1232.89
2018-11-05,1233.36,1235.46,1226.88,1231.30
2018-11-06,1231.66,1236.31,1223.41,1226.80
2018-11-07,1227.24,1236.23,1223.31,1226.11
2018-11-08,1225.99,1227.05,1219.63,1223.54
2018-11-09,1223.88,1223.97,1206.52,1209.60
2018-11-12,1209.46,1211.45,1200.18,1200.65
2018-11-13,1200.96,1205.57,1196.29,1202.35
2018-11-14,1202.26,1216.33,1197.12,1210.91
2018-11-15,1210.87,1216.36,1207.56,1213.00
2018-11-16,1213.02,1225.37,1212.48,1221.47
2018-11-19,1221.76,1225.26,1217.52,1224.05
2018-11-20,1224.37,1229.17,1219.67,1221.55
2018-11-21,1221.55,1230.15,1219.23,1226.02
2018-11-22,1226.69,1229.80,1225.30,1227.45
2018-11-23,1227.33,1229.27,1220.53,1223.19
2018-11-26,1224.00,1228.13,1221.14,1222.37
2018-11-27,1222.65,1225.60,1211.74,1214.69
2018-11-28,1214.64,1226.32,1210.73,1221.11
2018-11-29,1221.43,1229.35,1220.49,1223.99
2018-11-30,1223.97,1225.65,1216.24,1221.97
2018-12-03,1223.12,1234.94,1221.09,1231.08
2018-12-04,1231.35,1242.24,1230.41,1238.55
2018-12-05,1238.54,1239.35,1232.96,1237.56
2018-12-06,1237.87,1244.70,1234.64,1237.99
2018-12-07,1238.32,1250.42,1237.49,1248.10
2018-12-10,1250.43,1250.62,1241.21,1244.59
2018-12-11,1244.53,1249.62,1240.55,1242.94
2018-12-12,1243.25,1247.56,1241.95,1245.80
2018-12-13,1246.02,1247.13,1240.23,1242.46
2018-12-14,1242.41,1243.11,1232.48,1238.21
2018-12-17,1237.25,1248.18,1235.47,1245.91
2018-12-18,1246.01,1250.36,1244.44,1249.38
2018-12-19,1249.67,1258.41,1241.54,1243.39
2018-12-20,1243.70,1266.79,1242.89,1260.14
2018-12-21,1260.10,1262.84,1253.37,1256.01
2018-12-24,1259.09,1270.13,1258.34,1269.13
2018-12-26,1270.33,1279.14,1264.34,1266.98
2018-12-27,1266.89,1279.04,1266.09,1275.22
2018-12-28,1275.22,1282.17,1273.98,1280.75
2018-12-31,1280.08,1284.18,1277.09,1282.82
2019-01-01,1283.13,1283.24,1282.62,1282.62
2019-01-02,1281.62,1288.69,1278.33,1284.77
2019-01-03,1285.12,1295.27,1284.16,1293.99
2019-01-04,1294.06,1298.51,1276.49,1284.92
2019-01-07,1285.78,1295.14,1282.29,1288.67
2019-01-08,1289.13,1290.69,1279.20,1285.35
2019-01-09,1285.36,1293.95,1279.63,1293.13
2019-01-10,1293.11,1297.14,1285.81,1286.38
2019-01-11,1286.72,1295.65,1286.25,1288.00
2019-01-14,1287.16,1295.90,1287.16,1291.73
2019-01-15,1291.76,1294.70,1286.37,1289.31
2019-01-16,1289.13,1295.02,1287.59,1293.52
2019-01-17,1293.99,1295.84,1288.96,1291.90
2019-01-18,1292.18,1292.86,1280.64,1281.49
2019-01-21,1281.75,1284.29,1277.06,1280.28
2019-01-22,1279.73,1285.84,1277.25,1285.04
2019-01-23,1285.34,1286.92,1278.38,1282.39
2019-01-24,1282.74,1285.15,1276.97,1280.94
2019-01-25,1280.94,1303.69,1279.39,1303.22
2019-01-28,1303.49,1304.49,1297.26,1303.53
2019-01-29,1303.53,1312.05,1302.12,1311.93
2019-01-30,1312.27,1323.74,1308.81,1319.91
2019-01-31,1320.18,1326.68,1317.55,1320.94
2019-02-01,1320.95,1323.58,1315.66,1318.00
2019-02-04,1317.55,1318.80,1308.26,1311.75
2019-02-05,1311.75,1316.86,1310.30,1315.01
2019-02-06,1315.03,1315.88,1305.38,1306.22
2019-02-07,1305.87,1311.99,1302.17,1310.09
2019-02-08,1310.14,1315.72,1307.23,1314.07
2019-02-11,1314.22,1314.88,1303.58,1308.33
2019-02-12,1308.55,1315.12,1306.64,1310.89
2019-02-13,1310.88,1318.19,1304.50,1306.19
2019-02-14,1306.16,1314.43,1302.63,1312.55
2019-02-15,1312.98,1322.98,1311.16,1321.41
2019-02-18,1321.95,1328.39,1321.11,1326.90
2019-02-19,1325.90,1341.87,1322.33,1341.16
2019-02-20,1341.25,1346.81,1336.63,1338.49
2019-02-21,1338.89,1341.88,1322.24,1323.49
2019-02-22,1323.52,1333.17,1321.16,1327.80
2019-02-25,1328.57,1332.59,1325.03,1327.12
2019-02-26,1327.44,1330.59,1323.61,1328.96
2019-02-27,1328.91,1329.63,1316.51,1319.88
2019-02-28,1320.18,1327.42,1312.54,1313.05
2019-03-01,1312.81,1315.33,1290.16,1293.56
2019-03-04,1293.62,1297.11,1282.75,1286.66
2019-03-05,1286.67,1289.75,1280.95,1287.43
2019-03-06,1287.62,1291.07,1283.45,1286.76
2019-03-07,1286.71,1289.06,1281.16,1285.74
2019-03-08,1285.91,1300.99,1285.29,1298.39
2019-03-11,1298.70,1299.27,1290.15,1294.25
2019-03-12,1293.71,1302.19,1292.06,1302.01
2019-03-13,1302.01,1311.33,1300.56,1309.28
2019-03-14,1309.61,1310.46,1292.75,1296.28
2019-03-15,1295.74,1306.58,1293.66,1301.38
2019-03-18,1301.64,1306.78,1298.12,1303.70
2019-03-19,1303.45,1311.07,1302.45,1306.55
2019-03-20,1305.61,1316.83,1298.50,1312.48
2019-03-21,1312.64,1320.47,1303.25,1309.45
2019-03-22,1309.14,1315.08,1306.81,1313.38
2019-03-25,1313.05,1324.43,1310.80,1321.90
2019-03-26,1321.51,1323.24,1312.51,1315.51
2019-03-27,1315.81,1319.57,1308.07,1309.87
2019-03-28,1309.85,1312.63,1288.70,1290.55
2019-03-29,1290.14,1299.82,1286.60,1292.15
2019-04-01,1291.33,1297.04,1286.50,1287.66
2019-04-02,1287.55,1293.15,1285.16,1293.15
2019-04-03,1292.21,1294.67,1288.20,1289.90
2019-04-04,1289.95,1294.36,1280.84,1292.38
2019-04-05,1292.46,1293.77,1284.46,1291.70
2019-04-08,1291.65,1303.86,1291.35,1297.41
2019-04-09,1297.24,1306.34,1296.55,1304.13
2019-04-10,1303.96,1310.75,1300.89,1308.05
2019-04-11,1307.95,1309.36,1289.45,1292.60
2019-04-12,1292.30,1296.05,1290.11,1290.40
2019-04-15,1290.45,1292.01,1282.21,1287.88
2019-04-16,1287.91,1289.00,1273.10,1276.57
2019-04-17,1276.86,1280.06,1272.93,1274.14
2019-04-18,1273.38,1277.95,1271.02,1275.39
2019-04-22,1275.83,1279.96,1273.45,1274.92
2019-04-23,1275.26,1276.66,1266.15,1272.40
2019-04-24,1272.31,1278.74,1268.55,1275.36
2019-04-25,1275.60,1282.78,1273.50,1277.35
2019-04-26,1277.42,1288.99,1276.05,1286.25
2019-04-29,1286.40,1286.81,1277.78,1279.80
2019-04-30,1279.98,1286.39,1279.54,1283.60
2019-05-01,1283.46,1287.21,1272.99,1276.61
2019-05-02,1276.81,1278.18,1266.10,1270.54
2019-05-03,1270.61,1282.67,1268.81,1279.19
2019-05-06,1281.06,1285.76,1276.60,1280.33
2019-05-07,1281.55,1286.74,1278.50,1285.15
2019-05-08,1284.16,1291.79,1279.35,1280.93
2019-05-09,1280.49,1288.52,1279.41,1284.14
2019-05-10,1284.36,1289.73,1283.21,1286.00
2019-05-13,1286.56,1301.35,1281.60,1299.90
2019-05-14,1300.11,1303.51,1293.33,1297.03
2019-05-15,1297.17,1301.02,1292.70,1296.66
2019-05-16,1296.75,1298.92,1283.95,1286.65
2019-05-17,1286.50,1289.29,1274.91,1277.55
2019-05-20,1277.80,1279.14,1273.47,1277.74
2019-05-21,1277.95,1278.06,1269.22,1274.97
2019-05-22,1274.61,1277.42,1272.15,1273.62
2019-05-23,1273.80,1287.63,1272.58,1283.45
2019-05-24,1283.40,1285.42,1280.45,1284.89
2019-05-27,1285.80,1287.72,1283.80,1285.20
2019-05-28,1285.59,1286.86,1276.07,1279.49
2019-05-29,1279.71,1285.77,1278.87,1279.60
2019-05-30,1279.71,1289.22,1274.79,1288.85
2019-05-31,1288.35,1307.04,1288.09,1305.65
2019-06-03,1307.55,1328.30,1306.70,1325.17
2019-06-04,1325.05,1329.38,1319.98,1325.28
2019-06-05,1325.50,1344.26,1324.60,1330.18
2019-06-06,1332.36,1340.43,1327.80,1335.55
2019-06-07,1335.60,1348.48,1330.08,1340.70
2019-06-10,1335.96,1337.84,1324.90,1328.13
2019-06-11,1328.26,1330.06,1319.60,1326.91
2019-06-12,1326.78,1338.62,1326.18,1333.55
2019-06-13,1334.00,1343.43,1332.27,1342.35
2019-06-14,1341.55,1358.29,1337.83,1341.58
2019-06-17,1341.91,1343.38,1332.70,1339.54
2019-06-18,1340.09,1354.60,1338.65,1346.48
2019-06-19,1346.56,1362.50,1341.15,1360.27
2019-06-20,1360.36,1393.24,1357.80,1388.18
2019-06-21,1388.22,1411.18,1382.40,1399.05
2019-06-24,1401.35,1421.30,1400.48,1419.55
2019-06-25,1419.17,1439.03,1412.30,1423.25
2019-06-26,1423.91,1424.06,1402.38,1408.75
2019-06-27,1409.56,1412.00,1400.25,1409.68
2019-06-28,1409.56,1424.64,1406.81,1409.50
2019-07-01,1392.83,1397.56,1381.76,1384.31
2019-07-02,1383.40,1419.72,1383.40,1418.44
2019-07-03,1419.95,1436.39,1412.48,1418.94
2019-07-04,1419.80,1422.00,1410.59,1415.64
2019-07-05,1415.81,1424.36,1386.92,1399.95
2019-07-08,1399.95,1407.90,1391.75,1395.50
2019-07-09,1395.30,1399.90,1386.21,1397.90
2019-07-10,1397.80,1419.20,1389.75,1419.00
2019-07-11,1419.40,1426.40,1401.60,1404.00
2019-07-12,1403.85,1416.88,1403.06,1415.74
2019-07-15,1415.90,1419.75,1407.76,1414.08
2019-07-16,1414.69,1418.43,1401.18,1406.33
2019-07-17,1406.41,1427.00,1399.95,1426.80
2019-07-18,1426.90,1448.30,1414.66,1446.30
2019-07-19,1446.38,1452.98,1420.29,1425.30
2019-07-22,1425.15,1429.83,1422.35,1425.12
2019-07-23,1425.15,1429.25,1414.20,1417.39
2019-07-24,1417.26,1429.30,1416.20,1425.90
2019-07-25,1426.60,1433.86,1411.17,1414.53
2019-07-26,1414.59,1424.80,1413.77,1418.69
2019-07-29,1419.04,1428.25,1416.86,1426.94
2019-07-30,1426.71,1433.03,1421.91,1430.85
2019-07-31,1430.91,1432.94,1411.35,1413.80
2019-08-01,1411.21,1445.81,1400.56,1445.31
2019-08-02,1445.66,1448.05,1430.08,1440.70
2019-08-05,1440.60,1469.80,1436.90,1463.80
2019-08-06,1464.20,1475.21,1456.65,1474.27
2019-08-07,1474.25,1510.40,1472.36,1501.20
2019-08-08,1501.95,1510.35,1490.74,1500.95
2019-08-09,1501.40,1508.40,1494.62,1497.24
2019-08-12,1497.51,1517.71,1487.68,1511.40
2019-08-13,1510.61,1534.56,1481.31,1501.39
2019-08-14,1501.38,1524.10,1494.25,1516.34
2019-08-15,1516.74,1526.76,1508.25,1523.20
2019-08-16,1524.00,1527.80,1504.20,1514.15
2019-08-19,1511.00,1512.90,1492.40,1495.30
2019-08-20,1495.55,1508.39,1492.75,1507.10
2019-08-21,1507.70,1508.40,1496.10,1502.30
2019-08-22,1502.10,1504.60,1491.70,1498.80
2019-08-23,1499.55,1530.43,1493.45,1526.85
2019-08-26,1539.25,1554.91,1524.55,1526.35
2019-08-27,1526.25,1544.63,1524.75,1542.64
2019-08-28,1541.69,1547.10,1531.50,1539.10
2019-08-29,1539.20,1550.70,1519.40,1527.70
2019-08-30,1527.60,1533.40,1517.51,1520.25
2019-09-02,1520.05,1533.77,1519.05,1530.59
2019-09-03,1529.60,1549.80,1521.40,1547.00
2019-09-04,1547.05,1557.25,1533.68,1552.60
2019-09-05,1552.45,1553.25,1509.28,1519.35
2019-09-06,1519.25,1527.70,1502.75,1506.95
2019-09-09,1507.10,1515.50,1497.60,1498.95
2019-09-10,1499.60,1501.90,1484.80,1486.40
2019-09-11,1486.45,1498.41,1484.90,1497.60
2019-09-12,1497.45,1523.86,1488.65,1498.95
2019-09-13,1498.45,1509.06,1485.51,1488.70
2019-09-16,1503.59,1512.81,1496.20,1498.80
2019-09-17,1499.45,1507.90,1493.90,1503.10
2019-09-18,1501.40,1511.25,1484.41,1493.90
2019-09-19,1493.60,1504.20,1488.80,1499.20
2019-09-20,1499.60,1517.21,1498.00,1517.15
2019-09-23,1516.65,1527.05,1511.35,1522.12
2019-09-24,1522.50,1536.10,1515.95,1532.30
2019-09-25,1531.60,1535.40,1501.41,1504.15
2019-09-26,1503.89,1512.60,1501.74,1505.80
2019-09-27,1506.18,1507.79,1486.98,1496.94
2019-09-30,1497.08,1500.50,1464.24,1472.25
2019-10-01,1472.30,1487.42,1458.90,1478.98
2019-10-02,1479.19,1504.98,1474.25,1499.51
2019-10-03,1499.55,1518.75,1495.85,1505.00
2019-10-04,1505.19,1510.94,1497.01,1504.60
2019-10-07,1504.76,1509.47,1489.94,1493.60
2019-10-08,1493.40,1508.56,1487.49,1505.51
2019-10-09,1506.06,1511.60,1499.70,1505.70
2019-10-10,1505.60,1517.07,1491.40,1494.30
2019-10-11,1494.46,1503.49,1474.30,1489.85
2019-10-14,1488.60,1497.10,1482.60,1492.90
2019-10-15,1493.25,1497.99,1477.46,1481.17
2019-10-16,1481.28,1491.60,1477.05,1489.77
2019-10-17,1490.40,1497.43,1483.35,1491.89
2019-10-18,1492.32,1494.33,1484.80,1490.10
2019-10-21,1492.02,1495.31,1481.75,1484.50
2019-10-22,1484.66,1489.17,1480.84,1488.05
2019-10-23,1488.20,1496.24,1487.49,1492.10
2019-10-24,1492.30,1504.21,1488.02,1503.65
2019-10-25,1504.75,1518.10,1500.55,1504.73
2019-10-28,1504.21,1508.36,1489.65,1492.69
2019-10-29,1492.64,1495.00,1483.71,1487.60
2019-10-30,1487.60,1496.80,1481.02,1495.40
2019-10-31,1496.39,1514.39,1493.64,1513.36
2019-11-01,1513.53,1515.81,1503.30,1513.95
2019-11-04,1513.80,1514.93,1504.46,1509.63
2019-11-05,1509.64,1509.90,1479.35,1484.10
2019-11-06,1484.10,1494.30,1482.21,1490.46
2019-11-07,1490.29,1492.32,1461.00,1468.07
2019-11-08,1468.01,1473.25,1456.05,1458.66
2019-11-11,1458.96,1466.59,1448.14,1455.90
2019-11-12,1455.79,1460.32,1445.43,1457.19
2019-11-13,1457.19,1467.14,1455.90,1463.19
2019-11-14,1463.18,1474.48,1460.76,1471.20
2019-11-15,1471.20,1471.43,1462.05,1467.37
2019-11-18,1467.51,1474.10,1455.97,1470.85
2019-11-19,1470.85,1475.50,1464.30,1472.38
2019-11-20,1472.39,1478.90,1465.66,1471.25
2019-11-21,1471.40,1475.85,1462.43,1464.40
2019-11-22,1464.40,1473.15,1461.00,1462.29
2019-11-25,1462.14,1462.14,1453.50,1454.97
2019-11-26,1455.28,1463.06,1450.70,1461.60
2019-11-27,1461.35,1461.82,1452.20,1454.35
2019-11-28,1456.85,1458.45,1454.19,1458.34
2019-11-29,1456.70,1467.21,1453.38,1464.80
2019-12-02,1466.73,1466.73,1453.70,1462.44
2019-12-03,1462.50,1481.90,1458.87,1477.34
2019-12-04,1477.21,1484.25,1471.21,1474.35
2019-12-05,1474.06,1480.50,1472.60,1475.70
2019-12-06,1475.85,1477.15,1458.42,1459.76
2019-12-09,1459.19,1465.50,1458.55,1461.99
2019-12-10,1462.08,1469.24,1459.55,1464.21
2019-12-11,1464.04,1478.90,1462.14,1474.85
2019-12-12,1474.85,1486.90,1464.45,1469.43
2019-12-13,1469.62,1478.00,1462.41,1475.81
2019-12-16,1475.45,1479.86,1472.80,1476.25
2019-12-17,1476.25,1480.61,1474.06,1476.45
2019-12-18,1476.45,1479.39,1470.10,1475.44
2019-12-19,1475.29,1481.90,1472.60,1479.15
2019-12-20,1479.29,1481.06,1475.50,1478.20
2019-12-23,1478.20,1486.16,1477.50,1485.52
2019-12-24,1486.07,1501.08,1484.96,1499.56
2019-12-25,1499.55,1499.55,1499.55,1499.55
2019-12-26,1499.41,1512.55,1497.45,1511.55
2019-12-27,1511.55,1515.34,1506.73,1510.67
2019-12-30,1511.49,1516.30,1509.96,1515.22
2019-12-31,1515.51,1525.59,1514.79,1517.39
2020-01-01,1517.26,1517.48,1517.20,1517.30
2020-01-02,1517.13,1531.30,1517.09,1528.94
2020-01-03,1529.11,1553.45,1527.95,1551.65
2020-01-06,1560.59,1582.69,1560.59,1565.96
2020-01-07,1565.93,1577.38,1555.10,1573.99
2020-01-08,1573.99,1611.00,1551.97,1555.81
2020-01-09,1555.76,1561.33,1539.88,1552.37
2020-01-10,1552.26,1563.19,1545.32,1562.28
2020-01-13,1562.29,1562.30,1546.52,1548.30
2020-01-14,1548.31,1548.80,1535.88,1546.37
2020-01-15,1546.26,1558.23,1546.01,1556.19
2020-01-16,1556.17,1558.14,1547.85,1552.79
2020-01-17,1552.90,1561.30,1549.26,1556.61
2020-01-20,1558.56,1562.81,1556.35,1561.58
2020-01-21,1560.85,1568.65,1546.25,1558.02
2020-01-22,1558.03,1559.35,1549.81,1558.91
2020-01-23,1558.93,1567.94,1551.29,1563.33
2020-01-24,1563.29,1575.76,1556.16,1570.65
2020-01-27,1579.99,1586.72,1575.59,1581.95
2020-01-28,1582.05,1583.17,1565.64,1566.24
2020-01-29,1566.21,1577.96,1563.10,1577.12
2020-01-30,1576.98,1585.97,1572.49,1574.22
2020-01-31,1574.27,1590.20,1570.84,1590.20
2020-02-03,1589.85,1591.86,1571.26,1576.45
2020-02-04,1576.30,1579.54,1548.99,1552.55
2020-02-05,1552.57,1562.31,1547.20,1556.70
2020-02-06,1556.88,1568.29,1552.24,1566.85
2020-02-07,1566.96,1574.05,1562.38,1570.29
2020-02-10,1569.94,1577.16,1568.01,1572.30
2020-02-11,1572.01,1573.96,1562.18,1567.72
2020-02-12,1567.73,1570.48,1561.46,1565.63
2020-02-13,1565.62,1578.11,1565.43,1576.39
2020-02-14,1576.29,1585.04,1573.15,1584.70
2020-02-17,1584.75,1584.86,1578.40,1581.10
2020-02-18,1583.31,1605.35,1582.96,1601.91
2020-02-19,1601.80,1612.91,1599.49,1611.64
2020-02-20,1611.71,1623.74,1603.89,1619.70
2020-02-21,1619.79,1649.14,1618.99,1643.70
2020-02-24,1658.96,1688.96,1652.30,1660.72
2020-02-25,1660.72,1660.85,1629.01,1635.38
2020-02-26,1635.46,1655.07,1625.72,1639.96
2020-02-27,1640.56,1660.44,1635.66,1642.35
2020-02-28,1642.14,1649.49,1565.86,1585.12
2020-03-02,1590.99,1610.78,1579.54,1590.73
2020-03-03,1590.78,1649.50,1587.79,1639.77
2020-03-04,1639.85,1651.68,1631.99,1635.83
2020-03-05,1635.83,1674.66,1634.92,1670.61
2020-03-06,1670.66,1692.11,1647.98,1674.23
2020-03-09,1694.60,1703.16,1657.96,1680.20
2020-03-10,1678.90,1680.36,1642.11,1649.36
2020-03-11,1649.69,1670.97,1632.90,1635.03
2020-03-12,1634.69,1650.13,1560.96,1577.09
2020-03-13,1576.83,1597.72,1506.73,1529.70
2020-03-16,1550.59,1573.49,1451.68,1514.61
2020-03-17,1512.05,1553.11,1465.60,1528.58
2020-03-18,1527.30,1546.05,1472.60,1486.30
2020-03-19,1486.10,1501.61,1464.75,1471.00
2020-03-20,1470.39,1516.43,1460.49,1498.24
2020-03-23,1508.25,1561.76,1485.40,1553.81
2020-03-24,1565.36,1644.35,1564.77,1622.03
2020-03-25,1618.79,1636.29,1584.18,1613.79
2020-03-26,1620.16,1645.80,1595.81,1632.38
2020-03-27,1634.99,1640.76,1614.75,1623.50
2020-03-30,1617.38,1635.59,1607.63,1623.30
2020-03-31,1612.25,1623.52,1562.25,1571.31
2020-04-01,1569.45,1604.12,1568.91,1595.05
2020-04-02,1590.75,1621.27,1576.43,1613.79
2020-04-03,1609.99,1627.04,1607.00,1618.45
2020-04-06,1596.80,1669.76,1596.80,1663.00
2020-04-07,1662.38,1671.88,1641.06,1648.95
2020-04-08,1645.94,1657.06,1641.15,1646.52
2020-04-09,1644.28,1690.29,1642.34,1684.07
2020-04-10,1675.00,1696.50,1675.00,1689.90
2020-04-13,1682.25,1722.36,1672.95,1714.32
2020-04-14,1714.09,1748.50,1709.10,1729.70
2020-04-15,1729.43,1731.43,1706.99,1716.60
2020-04-16,1716.29,1738.74,1706.92,1718.40
2020-04-17,1713.49,1718.69,1678.52,1684.69
2020-04-20,1691.44,1703.02,1671.74,1694.12
2020-04-21,1694.22,1698.48,1660.99,1687.02
2020-04-22,1686.47,1719.66,1680.05,1714.82
2020-04-23,1713.00,1738.84,1704.05,1731.59
2020-04-24,1733.32,1737.89,1710.63,1729.43
2020-04-27,1724.86,1727.82,1705.82,1715.57
2020-04-28,1716.19,1716.19,1691.80,1708.63
2020-04-29,1708.72,1717.52,1697.72,1712.38
2020-04-30,1715.22,1726.14,1684.16,1685.05
2020-05-01,1685.24,1706.21,1669.82,1700.41
2020-05-04,1697.26,1712.00,1690.96,1701.69
2020-05-05,1701.78,1712.60,1691.13,1707.17
2020-05-06,1705.77,1707.85,1681.34,1685.88
2020-05-07,1686.08,1722.02,1681.96,1717.94
2020-05-08,1717.46,1724.56,1701.61,1702.65
2020-05-11,1703.76,1713.67,1691.56,1697.35
2020-05-12,1696.25,1711.04,1692.28,1702.72
2020-05-13,1701.21,1718.33,1697.92,1715.99
2020-05-14,1715.01,1737.34,1710.39,1730.65
2020-05-15,1731.13,1753.25,1728.52,1743.00
2020-05-18,1742.93,1764.81,1726.26,1732.32
2020-05-19,1733.37,1748.77,1725.83,1745.11
2020-05-20,1744.44,1754.08,1740.91,1749.50
2020-05-21,1750.18,1750.64,1717.56,1726.34
2020-05-22,1725.26,1741.51,1724.29,1736.07
2020-05-25,1734.73,1735.57,1720.47,1729.57
2020-05-26,1729.65,1736.29,1708.31,1712.45
2020-05-27,1712.03,1715.77,1693.60,1709.25
2020-05-28,1709.68,1727.69,1707.19,1719.40
2020-05-29,1721.70,1738.99,1713.79,1728.30
2020-06-01,1736.42,1744.52,1727.03,1740.34
2020-06-02,1740.93,1745.54,1721.52,1727.97
2020-06-03,1728.97,1732.92,1690.01,1698.63
2020-06-04,1699.11,1722.22,1697.40,1711.84
2020-06-05,1711.20,1716.39,1670.75,1685.83
2020-06-08,1684.16,1701.27,1677.61,1695.47
2020-06-09,1700.25,1720.75,1691.92,1714.57
2020-06-10,1714.33,1740.29,1708.83,1737.10
2020-06-11,1737.11,1744.72,1721.34,1727.51
2020-06-12,1728.32,1743.59,1723.12,1730.80
2020-06-15,1732.35,1734.78,1704.76,1725.53
2020-06-16,1725.79,1733.06,1715.93,1727.46
2020-06-17,1727.34,1730.62,1713.37,1727.04
2020-06-18,1725.57,1736.87,1717.28,1722.99
2020-06-19,1723.16,1745.68,1721.36,1743.62
2020-06-22,1749.00,1763.82,1743.78,1755.44
2020-06-23,1756.03,1771.69,1747.90,1767.54
2020-06-24,1769.09,1780.06,1761.09,1762.43
2020-06-25,1759.76,1768.84,1755.23,1761.82
2020-06-26,1762.35,1772.36,1748.04,1771.47
2020-06-29,1773.27,1775.86,1766.07,1772.28
2020-06-30,1771.77,1786.46,1765.77,1781.66
2020-07-01,1780.91,1789.27,1759.02,1770.32
2020-07-02,1769.60,1780.21,1757.85,1776.13
2020-07-03,1774.03,1777.01,1772.03,1775.05
2020-07-06,1776.24,1786.98,1770.09,1783.90
2020-07-07,1784.57,1797.93,1774.37,1795.26
2020-07-08,1794.93,1818.37,1791.82,1810.78
2020-07-09,1810.68,1815.99,1795.76,1803.19
2020-07-10,1801.71,1810.94,1794.47,1798.89
2020-07-13,1798.69,1813.65,1797.94,1803.39
2020-07-14,1802.77,1810.94,1791.02,1807.78
2020-07-15,1808.14,1815.00,1802.91,1811.90
2020-07-16,1811.72,1813.41,1795.10,1797.05
2020-07-17,1797.30,1812.59,1795.11,1809.90
2020-07-20,1809.28,1820.76,1805.70,1816.09
2020-07-21,1815.53,1843.75,1815.44,1842.22
2020-07-22,1841.89,1872.41,1840.25,1872.07
2020-07-23,1871.97,1898.49,1862.38,1887.44
2020-07-24,1886.83,1906.47,1881.58,1901.46
2020-07-27,1899.29,1945.71,1899.29,1942.42
2020-07-28,1942.22,1981.14,1907.69,1959.50
2020-07-29,1959.71,1980.67,1944.96,1970.73
2020-07-30,1970.89,1972.25,1940.17,1960.50
2020-07-31,1960.96,1981.11,1955.99,1975.89
2020-08-03,1980.43,1985.22,1960.15,1977.25
2020-08-04,1976.45,2019.96,1968.38,2018.52
2020-08-05,2018.98,2056.10,2010.33,2040.40
2020-08-06,2040.03,2069.84,2034.83,2063.81
2020-08-07,2064.52,2072.90,2015.48,2035.03
2020-08-10,2033.71,2050.10,2019.42,2027.77
2020-08-11,2027.11,2031.59,1901.57,1911.64
2020-08-12,1911.26,1949.26,1863.92,1918.07
2020-08-13,1920.87,1966.83,1913.42,1954.00
2020-08-14,1953.98,1962.62,1932.46,1944.29
2020-08-17,1946.22,1990.91,1929.74,1986.20
2020-08-18,1985.47,2015.23,1977.56,2001.20
2020-08-19,2001.22,2006.51,1924.63,1929.82
2020-08-20,1929.28,1955.99,1925.47,1943.60
2020-08-21,1946.96,1956.37,1911.76,1940.16
2020-08-24,1938.63,1962.04,1924.28,1933.09
2020-08-25,1932.66,1937.55,1914.31,1928.19
2020-08-26,1928.66,1955.15,1902.81,1954.03
2020-08-27,1953.35,1976.32,1909.96,1929.20
2020-08-28,1929.44,1973.81,1923.71,1964.89
2020-08-31,1965.39,1976.53,1954.55,1970.15
2020-09-01,1967.58,1992.26,1963.22,1970.49
2020-09-02,1969.71,1974.41,1932.75,1942.98
2020-09-03,1943.00,1951.15,1921.95,1930.85
2020-09-04,1931.51,1942.25,1916.64,1932.85
2020-09-07,1930.35,1941.45,1924.43,1929.18
2020-09-08,1929.14,1940.80,1906.57,1931.26
2020-09-09,1932.26,1950.95,1920.20,1946.66
2020-09-10,1946.06,1966.50,1941.42,1954.07
2020-09-11,1955.20,1957.95,1937.42,1941.50
2020-09-14,1941.05,1962.52,1937.46,1956.37
2020-09-15,1957.31,1972.35,1948.64,1955.52
2020-09-16,1956.19,1973.63,1949.89,1959.32
2020-09-17,1959.99,1963.48,1932.99,1942.60
2020-09-18,1943.87,1960.20,1941.79,1949.69
2020-09-21,1949.55,1955.75,1883.21,1912.57
2020-09-22,1912.80,1919.99,1894.93,1899.28
2020-09-23,1900.20,1905.56,1855.77,1863.55
2020-09-24,1863.42,1877.30,1848.45,1868.04
2020-09-25,1868.61,1875.28,1852.59,1860.05
2020-09-28,1859.00,1883.39,1849.19,1880.85
2020-09-29,1881.40,1899.24,1875.56,1897.69
2020-09-30,1897.81,1902.39,1881.31,1885.44
2020-10-01,1885.80,1912.09,1884.48,1905.05
2020-10-02,1905.65,1917.28,1889.57,1898.70
2020-10-05,1902.24,1918.74,1886.81,1912.90
2020-10-06,1913.28,1921.10,1874.57,1877.13
2020-10-07,1878.84,1898.31,1873.05,1887.22
2020-10-08,1887.40,1900.73,1881.86,1893.09
2020-10-09,1894.19,1930.83,1893.32,1929.43
2020-10-12,1930.50,1933.45,1918.19,1921.95
2020-10-13,1922.42,1925.73,1886.59,1890.82
2020-10-14,1891.90,1913.03,1882.44,1900.89
2020-10-15,1900.31,1909.22,1889.46,1907.82
2020-10-16,1907.95,1914.06,1897.59,1898.97
2020-10-19,1899.94,1918.59,1897.09,1904.27
2020-10-20,1904.24,1914.20,1894.74,1906.39
2020-10-21,1908.65,1931.41,1907.94,1924.49
2020-10-22,1924.34,1926.00,1894.80,1904.04
2020-10-23,1904.24,1914.30,1894.54,1900.79
2020-10-26,1902.34,1908.55,1890.90,1901.69
2020-10-27,1902.19,1911.34,1897.47,1906.83
2020-10-28,1908.05,1911.03,1869.59,1877.06
2020-10-29,1876.94,1885.42,1859.67,1867.13
2020-10-30,1868.24,1889.85,1864.64,1877.95
2020-11-02,1878.59,1896.12,1873.21,1895.10
2020-11-03,1895.80,1910.71,1886.81,1908.36
2020-11-04,1908.59,1916.68,1883.15,1903.21
2020-11-05,1903.65,1952.95,1902.43,1948.56
2020-11-06,1949.24,1960.77,1935.40,1951.51
2020-11-09,1954.65,1965.92,1850.36,1861.86
2020-11-10,1862.15,1890.60,1860.30,1876.50
2020-11-11,1877.34,1884.93,1856.05,1864.71
2020-11-12,1865.30,1883.88,1862.46,1875.76
2020-11-13,1876.44,1897.16,1873.76,1888.04
2020-11-16,1888.74,1899.35,1864.74,1888.52
2020-11-17,1889.15,1893.90,1877.69,1878.60
2020-11-18,1878.60,1884.92,1863.94,1871.41
2020-11-19,1871.44,1874.34,1852.48,1867.37
2020-11-20,1867.59,1879.98,1860.66,1870.49
2020-11-23,1869.84,1876.72,1830.85,1835.85
2020-11-24,1836.65,1839.26,1800.69,1807.51
2020-11-25,1807.69,1817.98,1801.33,1805.30
2020-11-26,1805.74,1818.78,1805.31,1810.57
2020-11-27,1811.09,1813.81,1773.93,1788.13
2020-11-30,1789.05,1789.99,1764.69,1777.02
2020-12-01,1777.40,1817.55,1775.52,1814.87
2020-12-02,1815.19,1832.65,1806.99,1831.01
2020-12-03,1831.34,1844.45,1823.60,1840.36
2020-12-04,1841.05,1848.26,1829.30,1837.61
2020-12-07,1837.99,1868.76,1822.99,1863.69
2020-12-08,1863.55,1875.79,1859.83,1871.36
2020-12-09,1871.19,1871.37,1825.71,1839.11
2020-12-10,1839.59,1850.40,1828.48,1835.31
2020-12-11,1835.55,1847.89,1824.23,1839.03
2020-12-14,1839.30,1839.86,1819.92,1827.17
2020-12-15,1827.80,1855.76,1825.29,1853.46
2020-12-16,1853.94,1866.20,1844.75,1864.15
2020-12-17,1864.26,1896.26,1861.83,1885.87
2020-12-18,1885.80,1889.88,1876.97,1880.66
2020-12-21,1883.20,1906.93,1856.69,1876.21
2020-12-22,1876.65,1884.61,1858.73,1859.56
2020-12-23,1859.99,1878.59,1858.59,1872.08
2020-12-24,1872.74,1882.55,1869.52,1876.56
2020-12-25,1877.07,1877.07,1877.07,1875.82
2020-12-28,1885.93,1900.53,1869.21,1871.19
2020-12-29,1872.24,1886.91,1870.99,1877.99
2020-12-30,1878.34,1894.06,1875.66,1893.37
2020-12-31,1893.55,1901.26,1884.77,1896.49
2021-01-01,1897.69,1899.12,1897.39,1898.10
2021-01-04,1906.05,1944.65,1905.36,1942.28
2021-01-05,1942.65,1953.17,1934.08,1949.35
2021-01-06,1950.30,1959.60,1901.11,1918.81
2021-01-07,1919.40,1927.97,1906.86,1912.50
2021-01-08,1912.90,1917.85,1828.74,1848.26
2021-01-11,1849.34,1857.05,1817.14,1844.66
2021-01-12,1845.34,1864.08,1837.41,1855.63
2021-01-13,1856.19,1863.26,1843.34,1843.41
2021-01-14,1843.94,1857.59,1833.21,1846.37
2021-01-15,1846.80,1856.85,1823.21,1826.59
2021-01-18,1828.94,1840.95,1810.46,1836.89
2021-01-19,1838.09,1845.98,1833.06,1839.34
2021-01-20,1840.05,1872.03,1832.46,1870.91
2021-01-21,1871.07,1875.45,1858.16,1869.91
2021-01-22,1870.09,1871.17,1837.09,1852.55
2021-01-25,1855.75,1868.45,1847.30,1854.99
2021-01-26,1855.55,1861.86,1848.36,1850.31
2021-01-27,1850.65,1853.58,1831.29,1843.99
2021-01-28,1844.34,1864.26,1833.81,1840.36
2021-01-29,1840.90,1876.03,1839.56,1846.09
2021-02-01,1863.05,1871.84,1849.04,1860.16
2021-02-02,1860.84,1864.26,1829.46,1837.35
2021-02-03,1837.49,1845.29,1829.49,1833.76
2021-02-04,1834.34,1835.13,1785.15,1792.26
2021-02-05,1792.49,1815.32,1791.80,1811.62
2021-02-08,1815.44,1839.15,1807.48,1830.16
2021-02-09,1830.59,1849.15,1828.63,1837.06
2021-02-10,1837.55,1855.70,1833.91,1842.22
2021-02-11,1842.65,1847.95,1820.63,1825.36
2021-02-12,1825.90,1830.80,1810.33,1823.46
2021-02-15,1825.34,1827.59,1815.71,1818.51
2021-02-16,1819.34,1826.75,1789.19,1794.31
2021-02-17,1794.65,1795.45,1769.27,1776.26
2021-02-18,1776.69,1789.88,1767.98,1775.49
2021-02-19,1776.19,1791.70,1760.13,1782.31
2021-02-22,1782.24,1812.76,1780.46,1808.66
2021-02-23,1809.09,1816.27,1795.78,1805.06
2021-02-24,1805.34,1813.99,1783.30,1804.36
2021-02-25,1804.80,1806.06,1765.44,1769.88
2021-02-26,1770.49,1776.10,1717.26,1733.49
2021-03-01,1733.40,1760.02,1719.52,1723.84
2021-03-02,1724.10,1738.89,1707.18,1738.09
2021-03-03,1738.59,1740.85,1701.94,1710.95
2021-03-04,1711.84,1723.34,1690.64,1697.19
2021-03-05,1698.59,1707.76,1687.12,1700.86
2021-03-08,1702.80,1714.45,1676.70,1681.24
2021-03-09,1682.55,1720.83,1679.80,1715.36
2021-03-10,1715.94,1726.76,1707.99,1726.05
2021-03-11,1726.55,1739.99,1719.38,1721.41
2021-03-12,1721.59,1728.42,1698.85,1726.41
2021-03-15,1727.74,1734.99,1721.31,1731.84
2021-03-16,1730.57,1741.40,1725.80,1730.94
2021-03-17,1730.61,1751.81,1724.14,1744.44
2021-03-18,1745.09,1755.59,1719.05,1736.41
2021-03-19,1735.90,1746.88,1728.04,1744.74
2021-03-22,1745.74,1747.18,1727.40,1738.69
2021-03-23,1739.05,1742.85,1724.42,1727.11
2021-03-24,1727.80,1738.56,1723.85,1734.19
2021-03-25,1735.65,1745.95,1721.84,1726.82
2021-03-26,1727.30,1737.01,1721.23,1731.97
2021-03-29,1732.15,1733.34,1705.58,1711.99
2021-03-30,1712.55,1714.74,1678.85,1684.80
2021-03-31,1685.59,1715.28,1677.93,1707.01
2021-04-01,1708.09,1730.80,1705.42,1730.18
2021-04-02,1730.47,1732.55,1728.67,1728.84
2021-04-05,1728.74,1733.75,1721.22,1728.44
2021-04-06,1728.49,1745.68,1726.82,1743.57
2021-04-07,1742.96,1744.57,1730.13,1737.28
2021-04-08,1737.84,1759.13,1732.99,1755.94
2021-04-09,1756.54,1757.47,1731.09,1743.10
2021-04-12,1743.80,1745.36,1727.18,1732.51
2021-04-13,1732.59,1749.23,1723.27,1743.83
2021-04-14,1744.30,1749.58,1732.13,1736.00
2021-04-15,1737.10,1769.91,1734.10,1763.21
2021-04-16,1763.84,1784.07,1759.79,1776.31
2021-04-19,1779.50,1790.54,1765.98,1769.31
2021-04-20,1770.30,1780.77,1763.18,1777.25
2021-04-21,1778.64,1797.98,1775.95,1793.46
2021-04-22,1794.15,1798.29,1776.83,1783.94
2021-04-23,1784.33,1796.06,1770.05,1777.18
2021-04-26,1776.34,1783.69,1768.70,1780.19
2021-04-27,1780.42,1785.90,1773.52,1776.69
2021-04-28,1776.80,1782.85,1762.56,1781.32
2021-04-29,1780.90,1790.43,1756.19,1771.24
2021-04-30,1772.90,1773.98,1763.73,1768.59
2021-05-03,1768.49,1798.22,1765.91,1792.36
2021-05-04,1792.29,1799.38,1770.84,1778.48
2021-05-05,1778.91,1788.35,1769.95,1786.44
2021-05-06,1787.09,1818.21,1781.67,1815.18
2021-05-07,1815.48,1843.45,1812.90,1830.48
2021-05-10,1833.24,1845.53,1830.09,1835.44
2021-05-11,1834.58,1842.32,1817.68,1836.94
2021-05-12,1837.40,1843.69,1813.00,1815.44
2021-05-13,1815.90,1828.81,1808.78,1826.57
2021-05-14,1826.49,1845.55,1819.79,1842.19
2021-05-17,1843.84,1868.80,1841.24,1866.13
2021-05-18,1866.59,1875.40,1862.94,1868.22
2021-05-19,1869.59,1890.15,1851.94,1869.57
2021-05-20,1869.74,1884.12,1863.53,1876.69
2021-05-21,1876.84,1889.85,1870.01,1880.30
2021-05-24,1882.34,1887.44,1875.19,1881.07
2021-05-25,1880.69,1900.63,1872.73,1899.26
2021-05-26,1899.49,1913.15,1890.34,1896.44
2021-05-27,1896.49,1903.87,1888.22,1896.08
2021-05-28,1897.05,1905.90,1881.84,1902.64
2021-05-31,1903.69,1911.13,1901.56,1906.36
2021-06-01,1907.53,1916.84,1892.28,1900.19
2021-06-02,1900.05,1909.34,1894.05,1907.94
2021-06-03,1908.09,1909.89,1865.11,1870.57
2021-06-04,1871.32,1896.60,1856.09,1889.97
2021-06-07,1888.49,1900.41,1880.88,1899.00
2021-06-08,1898.99,1903.95,1883.38,1892.82
2021-06-09,1893.49,1899.40,1886.58,1888.30
2021-06-10,1888.57,1900.09,1869.84,1898.14
2021-06-11,1898.42,1903.30,1874.07,1876.64
2021-06-14,1874.59,1878.21,1844.57,1865.99
2021-06-15,1866.26,1869.67,1851.28,1858.69
2021-06-16,1858.96,1862.43,1804.19,1811.95
2021-06-17,1812.18,1825.58,1766.88,1773.31
2021-06-18,1772.73,1797.24,1761.04,1763.34
2021-06-21,1764.44,1786.75,1764.44,1782.95
2021-06-22,1783.23,1790.42,1771.99,1778.51
2021-06-23,1778.80,1795.18,1773.13,1778.73
2021-06-24,1779.01,1788.56,1772.67,1775.18
2021-06-25,1775.46,1790.60,1773.27,1780.34
2021-06-28,1781.24,1785.90,1770.69,1778.18
2021-06-29,1778.44,1779.24,1750.11,1761.09
2021-06-30,1761.35,1774.72,1752.78,1769.80
2021-07-01,1770.06,1783.07,1765.47,1776.60
2021-07-02,1776.83,1795.40,1773.73,1786.79
2021-07-05,1787.69,1795.69,1784.09,1791.61
2021-07-06,1791.88,1815.34,1789.91,1796.69
2021-07-07,1796.96,1810.13,1793.64,1803.41
2021-07-08,1803.67,1818.70,1794.28,1802.56
2021-07-09,1802.89,1812.71,1796.09,1807.98
2021-07-12,1807.94,1811.04,1791.21,1805.88
2021-07-13,1806.17,1817.51,1798.54,1807.44
2021-07-14,1807.72,1830.32,1804.21,1827.06
2021-07-15,1827.35,1833.99,1820.07,1829.19
2021-07-16,1829.45,1832.20,1808.65,1810.89
2021-07-19,1811.65,1817.56,1794.66,1812.34
2021-07-20,1812.61,1825.27,1805.06,1810.03
2021-07-21,1810.32,1814.02,1794.18,1803.31
2021-07-22,1803.58,1808.34,1792.11,1806.69
2021-07-23,1806.95,1810.56,1790.45,1801.34
2021-07-26,1802.65,1811.97,1795.68,1797.27
2021-07-27,1797.53,1805.60,1792.83,1798.73
2021-07-28,1799.00,1809.90,1792.60,1806.88
2021-07-29,1807.15,1833.05,1806.29,1827.95
2021-07-30,1828.21,1831.63,1809.48,1813.58
2021-08-02,1814.34,1819.94,1805.12,1813.39
2021-08-03,1813.64,1815.18,1806.73,1809.94
2021-08-04,1810.60,1832.10,1806.54,1811.41
2021-08-05,1811.69,1815.45,1797.74,1804.01
2021-08-06,1804.28,1804.93,1758.33,1762.69
2021-08-09,1763.34,1764.65,1684.77,1729.46
2021-08-10,1729.74,1738.49,1717.17,1728.71
2021-08-11,1729.01,1754.63,1723.54,1751.56
2021-08-12,1751.66,1758.62,1741.29,1752.44
2021-08-13,1752.72,1780.53,1751.27,1779.15
2021-08-16,1778.44,1789.51,1770.38,1787.24
2021-08-17,1787.51,1795.77,1780.28,1785.96
2021-08-18,1786.21,1794.31,1777.31,1787.59
2021-08-19,1788.05,1792.56,1774.20,1780.18
2021-08-20,1780.44,1788.85,1777.96,1780.87
2021-08-23,1780.55,1806.92,1776.03,1805.20
2021-08-24,1805.61,1810.03,1799.73,1802.61
2021-08-25,1802.86,1803.57,1782.45,1790.68
2021-08-26,1791.09,1798.61,1779.48,1792.16
2021-08-27,1792.60,1819.38,1787.66,1816.67
2021-08-30,1817.55,1823.38,1807.28,1810.17
2021-08-31,1810.26,1819.43,1801.47,1813.43
2021-09-01,1813.57,1820.21,1808.18,1813.66
2021-09-02,1813.92,1817.53,1804.48,1809.40
2021-09-03,1809.98,1834.55,1808.53,1826.19
2021-09-06,1828.66,1830.60,1820.58,1823.10
2021-09-07,1823.27,1827.39,1792.33,1794.13
2021-09-08,1794.41,1802.60,1781.98,1788.93
2021-09-09,1789.19,1801.19,1783.83,1794.69
2021-09-10,1794.61,1804.15,1786.53,1787.34
2021-09-13,1788.55,1798.66,1783.73,1793.49
2021-09-14,1793.77,1808.99,1781.89,1804.27
2021-09-15,1804.53,1807.30,1790.28,1792.59
2021-09-16,1794.34,1796.71,1745.04,1753.39
2021-09-17,1753.67,1768.22,1747.07,1754.16
2021-09-20,1754.30,1767.31,1742.24,1763.88
2021-09-21,1764.19,1782.07,1757.61,1774.25
2021-09-22,1774.51,1787.51,1764.84,1767.91
2021-09-23,1768.40,1776.60,1737.84,1742.57
2021-09-24,1742.82,1758.08,1739.60,1749.86
2021-09-27,1751.24,1761.29,1744.19,1749.85
2021-09-28,1750.45,1754.80,1727.18,1733.68
2021-09-29,1733.97,1746.11,1721.07,1726.11
2021-09-30,1726.40,1764.53,1721.67,1756.66
2021-10-01,1756.91,1764.40,1749.36,1760.36
2021-10-04,1762.15,1771.06,1747.23,1769.51
2021-10-05,1769.75,1771.03,1748.56,1759.96
2021-10-06,1760.45,1765.78,1745.45,1762.48
2021-10-07,1762.74,1767.45,1751.38,1755.29
2021-10-08,1755.89,1781.60,1753.03,1756.67
2021-10-11,1757.34,1761.36,1749.68,1753.86
2021-10-12,1754.12,1769.78,1750.47,1759.93
2021-10-13,1760.05,1796.31,1757.89,1792.65
2021-10-14,1792.75,1800.91,1786.22,1795.56
2021-10-15,1795.81,1796.89,1764.48,1767.26
2021-10-18,1767.74,1772.30,1759.68,1764.60
2021-10-19,1764.99,1785.53,1762.48,1768.87
2021-10-20,1769.28,1788.68,1766.50,1781.83
2021-10-21,1782.10,1789.61,1776.07,1782.76
2021-10-22,1782.89,1814.22,1782.46,1792.48
2021-10-25,1794.00,1810.18,1791.95,1807.47
2021-10-26,1807.90,1808.50,1781.98,1792.63
2021-10-27,1793.04,1799.38,1782.83,1796.69
2021-10-28,1796.78,1810.49,1792.34,1798.62
2021-10-29,1799.03,1801.49,1771.70,1782.81
2021-11-01,1783.24,1796.20,1778.89,1793.05
2021-11-02,1793.61,1796.91,1785.78,1787.28
2021-11-03,1787.71,1788.42,1758.45,1769.52
2021-11-04,1769.98,1799.26,1769.13,1791.70
2021-11-05,1792.14,1818.61,1785.17,1816.73
2021-11-08,1818.44,1826.93,1812.08,1824.26
2021-11-09,1824.74,1833.08,1817.70,1831.48
2021-11-10,1831.90,1868.70,1821.60,1849.57
2021-11-11,1849.69,1866.35,1842.66,1861.52
2021-11-12,1861.99,1868.69,1844.78,1864.04
2021-11-15,1868.15,1870.57,1855.73,1862.46
2021-11-16,1862.94,1877.40,1849.16,1849.91
2021-11-17,1850.34,1868.32,1849.38,1866.96
2021-11-18,1866.97,1871.29,1854.94,1858.46
2021-11-19,1858.90,1865.76,1842.98,1844.60
2021-11-22,1846.74,1849.49,1801.95,1805.04
2021-11-23,1805.65,1812.50,1781.63,1789.73
2021-11-24,1790.34,1797.01,1778.44,1788.50
2021-11-25,1789.49,1795.65,1785.85,1788.45
2021-11-26,1788.70,1815.78,1780.79,1791.81
2021-11-29,1790.05,1799.80,1781.23,1785.01
2021-11-30,1785.34,1809.38,1769.43,1773.78
2021-12-01,1774.15,1794.80,1771.96,1782.66
2021-12-02,1783.05,1783.58,1761.68,1768.64
2021-12-03,1768.84,1786.44,1765.63,1783.74
2021-12-06,1784.79,1787.87,1775.91,1778.11
2021-12-07,1778.08,1788.02,1771.93,1784.04
2021-12-08,1784.40,1793.60,1779.45,1782.06
2021-12-09,1782.49,1788.05,1772.80,1774.46
2021-12-10,1774.94,1789.47,1769.43,1782.51
2021-12-13,1782.94,1791.78,1781.51,1786.94
2021-12-14,1787.19,1789.74,1766.31,1770.18
2021-12-15,1770.49,1781.04,1753.84,1777.06
2021-12-16,1777.40,1799.53,1775.43,1799.03
2021-12-17,1799.55,1814.63,1795.67,1797.68
2021-12-20,1799.40,1804.32,1787.98,1789.32
2021-12-21,1789.74,1800.85,1784.58,1788.36
2021-12-22,1788.94,1805.13,1785.41,1803.40
2021-12-23,1803.69,1811.02,1798.88,1807.91
2021-12-24,1808.19,1812.70,1801.61,1808.11
2021-12-27,1808.19,1813.74,1802.89,1810.90
2021-12-28,1811.84,1820.70,1804.38,1805.37
2021-12-29,1805.59,1808.16,1788.94,1803.66
2021-12-30,1803.99,1817.44,1795.78,1815.01
2021-12-31,1815.44,1830.58,1814.15,1828.39
2022-01-03,1830.14,1832.06,1797.93,1800.85
2022-01-04,1801.34,1816.83,1798.44,1814.56
2022-01-05,1814.90,1829.82,1807.97,1809.53
2022-01-06,1809.94,1811.89,1786.03,1788.68
2022-01-07,1789.55,1799.20,1782.63,1795.63
2022-01-10,1795.41,1802.57,1790.43,1801.41
2022-01-11,1801.69,1823.35,1800.09,1822.01
2022-01-12,1822.49,1828.33,1814.20,1825.32
2022-01-13,1825.94,1828.38,1811.83,1822.09
2022-01-14,1822.55,1829.66,1814.13,1817.22
2022-01-17,1817.90,1823.72,1812.67,1818.99
2022-01-18,1819.77,1823.01,1805.53,1813.54
2022-01-19,1813.69,1843.72,1809.97,1839.96
2022-01-20,1840.30,1848.36,1835.67,1838.36
2022-01-21,1838.65,1843.53,1828.04,1833.24
2022-01-24,1834.49,1844.53,1829.09,1843.06
2022-01-25,1843.34,1853.98,1834.64,1847.56
2022-01-26,1847.99,1850.44,1814.90,1818.12
2022-01-27,1818.44,1822.51,1790.98,1796.51
2022-01-28,1796.94,1799.82,1779.88,1791.03
2022-01-31,1791.19,1800.23,1785.03,1796.47
2022-02-01,1796.72,1809.16,1795.13,1800.65
2022-02-02,1800.94,1811.53,1794.11,1806.50
2022-02-03,1807.19,1809.22,1788.39,1804.40
2022-02-04,1804.80,1815.44,1790.94,1807.49
2022-02-07,1806.99,1824.06,1806.94,1820.31
2022-02-08,1820.59,1829.09,1815.06,1825.48
2022-02-09,1826.05,1836.35,1824.50,1832.43
2022-02-10,1832.94,1842.35,1821.46,1826.57
2022-02-11,1827.25,1865.63,1820.79,1859.96
2022-02-14,1861.55,1874.41,1850.45,1870.29
2022-02-15,1870.94,1879.89,1844.27,1853.06
2022-02-16,1853.40,1873.16,1849.94,1868.37
2022-02-17,1868.84,1901.57,1867.18,1897.27
2022-02-18,1897.94,1902.84,1886.16,1897.87
2022-02-21,1900.40,1908.38,1887.19,1905.63
2022-02-22,1905.89,1914.44,1891.16,1898.13
2022-02-23,1898.44,1911.00,1889.23,1907.55
2022-02-24,1907.99,1974.48,1879.05,1903.14
2022-02-25,1903.55,1921.54,1883.10,1887.56
2022-02-28,1920.86,1929.36,1890.59,1907.90
2022-03-01,1908.19,1950.45,1900.93,1943.22
2022-03-02,1943.69,1948.18,1913.82,1926.11
2022-03-03,1926.49,1941.47,1921.73,1935.21
2022-03-04,1935.65,1970.80,1929.78,1968.45
2022-03-07,1977.09,2002.90,1960.76,1998.11
2022-03-08,1998.30,2070.29,1981.00,2052.41
2022-03-09,2052.75,2059.25,1976.30,1991.49
2022-03-10,1991.94,2009.57,1970.66,1995.86
2022-03-11,1996.15,1999.22,1958.80,1985.29
2022-03-14,1985.49,1990.33,1949.87,1951.11
2022-03-15,1951.02,1954.95,1906.73,1917.84
2022-03-16,1918.10,1929.87,1895.22,1927.93
2022-03-17,1927.56,1950.10,1923.40,1942.64
2022-03-18,1942.90,1945.51,1917.93,1921.09
2022-03-21,1922.24,1940.69,1918.01,1935.95
2022-03-22,1935.86,1938.59,1910.89,1921.44
2022-03-23,1922.35,1948.55,1915.32,1943.38
2022-03-24,1944.88,1966.19,1937.18,1957.48
2022-03-25,1957.49,1964.49,1943.55,1957.40
2022-03-28,1958.75,1959.36,1916.83,1923.20
2022-03-29,1922.95,1929.41,1890.03,1919.19
2022-03-30,1920.07,1938.53,1915.74,1933.06
2022-03-31,1932.80,1949.92,1918.98,1937.23
2022-04-01,1937.51,1939.99,1917.56,1924.30
2022-04-04,1924.94,1937.05,1915.55,1932.44
2022-04-05,1933.38,1944.73,1917.74,1923.76
2022-04-06,1923.69,1933.65,1915.24,1925.48
2022-04-07,1925.32,1938.07,1920.27,1932.17
2022-04-08,1931.92,1948.46,1927.38,1945.85
2022-04-11,1947.15,1969.41,1940.05,1953.43
2022-04-12,1953.99,1978.63,1949.48,1966.59
2022-04-13,1967.21,1981.82,1962.59,1977.72
2022-04-14,1977.78,1980.81,1960.90,1973.52
2022-04-15,1974.28,1975.69,1973.05,1974.54
2022-04-18,1972.84,1998.60,1971.05,1978.50
2022-04-19,1979.19,1982.31,1943.80,1949.84
2022-04-20,1950.34,1958.57,1939.16,1957.41
2022-04-21,1957.84,1958.00,1936.79,1951.49
2022-04-22,1951.49,1955.93,1926.52,1929.73
2022-04-25,1931.09,1934.71,1891.05,1897.69
2022-04-26,1897.95,1911.50,1895.38,1905.56
2022-04-27,1905.45,1907.25,1881.39,1886.12
2022-04-28,1886.14,1897.32,1872.19,1894.34
2022-04-29,1894.43,1919.97,1892.25,1896.40
2022-05-02,1896.09,1900.10,1854.74,1862.77
2022-05-03,1863.05,1878.19,1850.33,1867.79
2022-05-04,1868.04,1889.74,1861.17,1880.92
2022-05-05,1881.47,1910.03,1872.48,1876.84
2022-05-06,1877.30,1892.93,1865.84,1882.96
2022-05-09,1883.80,1885.95,1851.36,1853.92
2022-05-10,1853.74,1865.76,1835.46,1838.14
2022-05-11,1838.41,1857.99,1831.83,1852.12
2022-05-12,1852.58,1859.30,1820.93,1821.72
2022-05-13,1822.48,1829.06,1799.24,1811.15
2022-05-16,1811.05,1827.23,1786.95,1823.79
2022-05-17,1824.18,1836.55,1812.68,1814.67
2022-05-18,1815.20,1825.02,1807.30,1815.61
2022-05-19,1816.60,1849.46,1810.55,1841.72
2022-05-20,1842.12,1849.59,1832.35,1845.68
2022-05-23,1846.53,1865.65,1844.08,1853.22
2022-05-24,1853.59,1869.99,1849.06,1865.90
2022-05-25,1865.09,1868.40,1842.94,1852.83
2022-05-26,1853.48,1854.71,1841.14,1850.02
2022-05-27,1850.48,1862.30,1847.76,1852.73
2022-05-30,1852.19,1864.34,1847.92,1856.21
2022-05-31,1856.40,1857.69,1834.90,1837.09
2022-06-01,1837.37,1850.40,1828.28,1845.55
2022-06-02,1846.44,1870.69,1843.76,1868.13
2022-06-03,1868.53,1874.30,1847.02,1850.77
2022-06-06,1850.29,1858.15,1840.50,1841.00
2022-06-07,1841.60,1855.86,1836.73,1851.97
2022-06-08,1852.51,1859.90,1844.35,1853.26
2022-06-09,1853.53,1855.52,1839.60,1847.61
2022-06-10,1848.09,1876.47,1825.02,1870.96
2022-06-13,1875.80,1877.38,1818.90,1818.77
2022-06-14,1819.10,1832.19,1804.65,1808.10
2022-06-15,1808.35,1841.74,1807.24,1833.38
2022-06-16,1833.99,1857.91,1815.95,1856.71
2022-06-17,1857.34,1858.29,1833.72,1839.35
2022-06-20,1840.40,1846.42,1834.49,1838.29
2022-06-21,1838.37,1844.15,1828.29,1832.56
2022-06-22,1832.96,1848.44,1823.23,1837.39
2022-06-23,1837.87,1846.19,1821.88,1822.43
2022-06-24,1822.88,1832.15,1816.70,1826.18
2022-06-27,1838.15,1841.34,1820.40,1822.73
2022-06-28,1822.85,1830.09,1818.20,1819.69
2022-06-29,1819.95,1833.24,1812.10,1817.11
2022-06-30,1817.80,1825.90,1802.20,1806.89
2022-07-01,1807.31,1812.09,1784.10,1810.18
2022-07-04,1812.27,1814.36,1803.45,1809.12
2022-07-05,1808.74,1812.42,1763.48,1764.35
2022-07-06,1764.87,1773.06,1731.75,1738.30
2022-07-07,1738.93,1749.14,1735.95,1739.61
2022-07-08,1740.05,1752.50,1733.24,1741.82
2022-07-11,1742.86,1744.92,1731.01,1733.67
2022-07-12,1733.99,1743.49,1722.93,1725.81
2022-07-13,1726.17,1745.54,1707.38,1735.23
2022-07-14,1735.70,1736.94,1697.48,1709.45
2022-07-15,1709.81,1716.92,1698.82,1706.78
2022-07-18,1707.94,1724.05,1705.89,1709.01
2022-07-19,1709.27,1718.64,1704.96,1711.07
2022-07-20,1711.30,1714.94,1692.53,1696.43
2022-07-21,1696.73,1720.69,1680.78,1718.49
2022-07-22,1718.61,1739.28,1712.93,1726.46
2022-07-25,1728.15,1736.43,1714.57,1718.78
2022-07-26,1719.69,1728.36,1713.20,1717.00
2022-07-27,1717.41,1740.60,1711.46,1733.89
2022-07-28,1734.61,1757.43,1733.59,1755.11
2022-07-29,1755.81,1768.17,1752.19,1765.22
2022-08-01,1765.05,1775.22,1758.05,1771.73
2022-08-02,1772.23,1788.24,1759.86,1759.75
2022-08-03,1760.53,1772.90,1754.33,1764.90
2022-08-04,1765.34,1795.29,1763.00,1790.97
2022-08-05,1791.16,1795.29,1764.88,1774.15
2022-08-08,1773.57,1790.26,1770.94,1788.52
2022-08-09,1789.21,1800.45,1782.85,1794.08
2022-08-10,1794.21,1807.90,1787.32,1792.13
2022-08-11,1792.39,1799.40,1783.24,1789.45
2022-08-12,1790.06,1802.86,1784.52,1801.76
2022-08-15,1802.05,1802.53,1772.75,1778.91
2022-08-16,1779.74,1783.37,1771.33,1775.54
2022-08-17,1775.98,1782.63,1759.58,1761.05
2022-08-18,1761.63,1772.59,1755.37,1758.20
2022-08-19,1759.30,1759.88,1745.19,1747.83
2022-08-22,1747.05,1749.31,1727.51,1735.70
2022-08-23,1736.40,1754.28,1730.52,1747.67
2022-08-24,1748.55,1755.88,1742.29,1750.89
2022-08-25,1751.55,1765.93,1749.71,1758.44
2022-08-26,1758.55,1759.31,1733.83,1736.86
2022-08-29,1736.19,1745.63,1720.08,1737.82
2022-08-30,1738.36,1740.93,1720.85,1723.55
2022-08-31,1723.83,1726.86,1709.10,1710.70
2022-09-01,1711.09,1711.81,1688.35,1696.09
2022-09-02,1696.35,1718.31,1694.64,1711.44
2022-09-05,1712.99,1716.34,1707.47,1710.21
2022-09-06,1710.56,1727.24,1699.30,1701.15
2022-09-07,1701.61,1719.82,1690.90,1717.69
2022-09-08,1718.40,1728.80,1703.50,1707.28
2022-09-09,1708.84,1729.94,1708.22,1716.05
2022-09-12,1717.05,1735.37,1711.97,1724.07
2022-09-13,1724.75,1732.34,1696.70,1701.55
2022-09-14,1701.86,1707.49,1693.26,1695.80
2022-09-15,1696.06,1698.62,1660.04,1663.74
2022-09-16,1664.27,1680.69,1653.85,1674.94
2022-09-19,1675.44,1680.16,1659.67,1675.78
2022-09-20,1675.47,1679.34,1659.60,1663.11
2022-09-21,1663.67,1688.15,1654.15,1673.74
2022-09-22,1675.06,1685.49,1655.53,1670.53
2022-09-23,1671.55,1676.59,1639.59,1643.09
2022-09-26,1645.40,1650.02,1620.80,1621.57
2022-09-27,1621.99,1642.94,1621.77,1628.80
2022-09-28,1629.26,1663.17,1614.35,1659.44
2022-09-29,1659.88,1665.12,1641.05,1660.29
2022-09-30,1661.13,1675.57,1658.93,1659.67
2022-10-03,1661.30,1701.80,1659.10,1699.22
2022-10-04,1699.40,1729.73,1694.73,1726.24
2022-10-05,1726.42,1728.10,1700.15,1715.81
2022-10-06,1716.06,1726.09,1706.53,1710.85
2022-10-07,1711.10,1715.40,1690.35,1694.52
2022-10-10,1696.80,1700.33,1665.30,1667.96
2022-10-11,1668.40,1684.44,1660.45,1665.31
2022-10-12,1666.49,1678.90,1660.95,1672.51
2022-10-13,1673.30,1682.84,1642.25,1665.80
2022-10-14,1665.90,1672.02,1639.90,1641.76
2022-10-17,1644.09,1668.69,1643.69,1649.94
2022-10-18,1650.49,1661.27,1645.61,1651.83
2022-10-19,1651.99,1654.90,1627.25,1628.49
2022-10-20,1629.93,1645.83,1621.93,1627.66
2022-10-21,1628.10,1659.08,1617.21,1656.66
2022-10-24,1658.19,1670.55,1643.64,1648.60
2022-10-25,1649.70,1662.89,1637.82,1652.52
2022-10-26,1653.21,1675.12,1649.15,1664.49
2022-10-27,1664.50,1671.09,1654.81,1662.94
2022-10-28,1663.30,1667.44,1637.39,1641.76
2022-10-31,1643.69,1645.80,1631.77,1633.12
2022-11-01,1633.40,1657.13,1630.93,1647.50
2022-11-02,1647.77,1669.60,1634.40,1634.89
2022-11-03,1635.80,1641.32,1616.18,1629.15
2022-11-04,1629.40,1682.17,1628.23,1680.27
2022-11-07,1681.30,1682.08,1666.44,1674.68
2022-11-08,1674.75,1717.31,1664.32,1712.52
2022-11-09,1712.60,1722.94,1701.79,1706.32
2022-11-10,1706.40,1757.59,1703.32,1754.75
2022-11-11,1754.92,1773.17,1746.85,1770.69
2022-11-14,1771.42,1775.36,1752.90,1771.80
2022-11-15,1771.88,1786.68,1766.56,1778.25
2022-11-16,1778.34,1785.49,1769.82,1773.77
2022-11-17,1773.82,1775.20,1754.13,1760.87
2022-11-18,1760.74,1767.98,1747.04,1749.74
2022-11-21,1750.82,1753.52,1732.03,1737.81
2022-11-22,1738.48,1749.98,1736.61,1740.24
2022-11-23,1740.30,1753.54,1728.25,1749.28
2022-11-24,1749.53,1759.08,1749.03,1754.96
2022-11-25,1756.48,1761.58,1745.46,1756.14
2022-11-28,1755.00,1764.08,1739.14,1740.75
2022-11-29,1740.82,1759.33,1738.98,1749.73
2022-11-30,1749.82,1770.39,1744.41,1768.45
2022-12-01,1768.54,1804.32,1767.36,1802.89
2022-12-02,1803.15,1804.93,1778.26,1797.82
2022-12-05,1797.92,1810.33,1765.32,1768.39
2022-12-06,1768.67,1781.46,1765.72,1770.91
2022-12-07,1771.14,1790.92,1768.32,1786.22
2022-12-08,1786.29,1795.18,1780.96,1789.23
2022-12-09,1789.30,1806.45,1787.96,1796.63
2022-12-12,1797.35,1798.00,1777.22,1781.15
2022-12-13,1781.21,1824.87,1779.81,1810.29
2022-12-14,1810.49,1814.19,1796.07,1807.27
2022-12-15,1807.40,1809.09,1772.00,1776.66
2022-12-16,1776.72,1794.69,1773.89,1792.34
2022-12-19,1793.13,1799.10,1783.48,1787.44
2022-12-20,1787.49,1821.60,1784.21,1817.41
2022-12-21,1818.06,1824.39,1811.24,1814.13
2022-12-22,1814.20,1821.10,1784.11,1792.57
2022-12-23,1792.65,1803.60,1789.62,1797.91
2022-12-26,1798.57,1798.78,1798.04,1797.61
2022-12-27,1796.67,1833.39,1796.20,1813.93
2022-12-28,1814.00,1815.18,1796.56,1804.09
2022-12-29,1804.16,1820.52,1802.02,1814.89
2022-12-30,1815.14,1826.73,1809.84,1824.40
2023-01-02,1823.85,1823.94,1823.85,1823.69
2023-01-03,1826.14,1850.69,1824.42,1839.49
2023-01-04,1839.51,1865.49,1835.92,1854.09
2023-01-05,1854.19,1859.36,1824.68,1833.19
2023-01-06,1833.27,1870.37,1830.53,1865.71
2023-01-09,1865.45,1881.80,1864.59,1871.59
2023-01-10,1871.66,1881.04,1867.37,1877.27
2023-01-11,1877.30,1887.09,1866.75,1876.38
2023-01-12,1876.43,1901.88,1873.64,1896.86
2023-01-13,1897.03,1922.24,1891.80,1920.21
2023-01-16,1920.39,1929.24,1910.74,1918.00
2023-01-17,1917.81,1919.83,1903.51,1908.39
2023-01-18,1908.46,1926.30,1896.56,1903.76
2023-01-19,1903.83,1935.40,1900.48,1931.39
2023-01-20,1931.48,1937.72,1920.58,1926.57
2023-01-23,1926.20,1935.69,1911.44,1931.30
2023-01-24,1931.35,1942.93,1916.82,1937.45
2023-01-25,1937.54,1948.12,1919.88,1945.93
2023-01-26,1946.09,1949.27,1918.74,1928.99
2023-01-27,1929.40,1935.15,1916.65,1927.34
2023-01-30,1928.40,1934.61,1920.58,1922.52
2023-01-31,1922.82,1931.15,1900.74,1927.88
2023-02-01,1927.92,1954.63,1920.56,1950.42
2023-02-02,1950.54,1959.77,1911.33,1912.37
2023-02-03,1912.57,1918.72,1861.41,1865.53
2023-02-06,1865.17,1881.54,1860.39,1867.36
2023-02-07,1867.39,1884.45,1864.94,1873.81
2023-02-08,1874.05,1886.28,1867.40,1875.59
2023-02-09,1875.64,1890.69,1858.89,1861.39
2023-02-10,1861.68,1872.31,1852.69,1864.67
2023-02-13,1865.69,1866.83,1850.42,1853.39
2023-02-14,1853.67,1871.03,1843.20,1854.29
2023-02-15,1854.35,1860.18,1830.20,1836.19
2023-02-16,1836.56,1845.45,1827.18,1837.44
2023-02-17,1837.52,1843.77,1818.34,1841.59
2023-02-20,1842.73,1847.86,1837.09,1841.14
2023-02-21,1841.71,1844.44,1829.70,1834.32
2023-02-22,1834.71,1846.26,1823.05,1825.04
2023-02-23,1825.12,1834.43,1817.55,1822.64
2023-02-24,1822.74,1827.98,1808.91,1810.81
2023-02-27,1812.01,1820.22,1806.68,1817.31
2023-02-28,1817.38,1831.27,1804.65,1827.15
2023-03-01,1827.24,1845.05,1823.05,1836.81
2023-03-02,1837.20,1838.94,1829.44,1836.00
2023-03-03,1836.10,1856.47,1834.51,1854.97
2023-03-06,1855.35,1858.84,1845.08,1846.85
2023-03-07,1846.92,1852.26,1812.72,1813.52
2023-03-08,1813.61,1824.38,1809.40,1813.59
2023-03-09,1813.65,1835.56,1811.84,1830.89
2023-03-10,1830.96,1870.28,1827.71,1867.83
2023-03-13,1869.01,1914.79,1869.01,1913.23
2023-03-14,1913.19,1914.52,1895.17,1902.12
2023-03-15,1903.91,1937.46,1885.78,1918.10
2023-03-16,1920.54,1934.12,1907.55,1919.12
2023-03-17,1920.00,1989.80,1918.33,1987.93
2023-03-20,1987.59,2010.19,1965.77,1978.71
2023-03-21,1979.17,1985.30,1935.41,1940.15
2023-03-22,1940.44,1978.93,1934.33,1969.58
2023-03-23,1967.91,2003.43,1964.39,1993.50
2023-03-24,1993.99,2003.19,1975.18,1977.22
2023-03-27,1977.66,1979.89,1943.68,1956.56
2023-03-28,1957.23,1975.45,1948.66,1973.69
2023-03-29,1972.82,1974.64,1958.62,1964.04
2023-03-30,1962.58,1984.40,1955.44,1980.25
2023-03-31,1978.62,1987.84,1966.89,1967.90
2023-04-03,1970.84,1990.64,1949.82,1984.11
2023-04-04,1984.59,2025.19,1977.01,2019.97
2023-04-05,2020.44,2032.20,2009.99,2020.35
2023-04-06,2020.13,2021.63,2000.88,2008.02
2023-04-10,2008.30,2011.17,1981.59,1989.95
2023-04-11,1990.36,2007.58,1988.72,2003.14
2023-04-12,2003.67,2028.40,2001.18,2014.67
2023-04-13,2014.00,2048.84,2012.45,2039.73
2023-04-14,2040.40,2047.60,1992.41,2003.04
2023-04-17,2001.85,2015.13,1981.34,1994.77
2023-04-18,1995.19,2011.98,1991.33,2004.93
2023-04-19,2007.49,2008.33,1969.28,1993.26
2023-04-20,1993.58,2012.74,1990.49,2004.34
2023-04-21,2004.29,2005.75,1971.65,1982.89
2023-04-24,1981.34,1990.97,1974.19,1988.88
2023-04-25,1991.45,2003.90,1976.14,1997.87
2023-04-26,2000.63,2009.51,1983.43,1989.48
2023-04-27,1987.58,2003.45,1973.80,1987.87
2023-04-28,1986.75,1995.13,1976.08,1989.65
2023-05-01,1991.34,2006.05,1977.05,1982.05
2023-05-02,1982.81,2019.54,1978.38,2016.28
2023-05-03,2014.80,2040.69,2007.96,2039.02
2023-05-04,2036.86,2073.29,2030.34,2051.11
2023-05-05,2051.73,2053.13,1999.30,2016.54
2023-05-08,2015.95,2029.63,2014.10,2021.39
2023-05-09,2022.24,2037.70,2019.50,2034.17
2023-05-10,2034.19,2048.22,2021.57,2029.51
2023-05-11,2030.56,2041.44,2011.19,2015.55
2023-05-12,2015.19,2022.56,2001.05,2011.15
2023-05-15,2011.72,2022.20,2007.28,2020.60
2023-05-16,2015.90,2018.94,1985.47,1988.60
2023-05-17,1988.94,1993.13,1974.80,1981.72
2023-05-18,1981.52,1986.12,1951.97,1958.05
2023-05-19,1957.40,1984.09,1954.05,1976.56
2023-05-22,1977.80,1982.66,1968.40,1969.43
2023-05-23,1971.99,1977.80,1954.29,1974.73
2023-05-24,1975.19,1985.30,1956.51,1957.01
2023-05-25,1958.13,1964.95,1938.86,1940.34
2023-05-26,1940.69,1957.40,1936.84,1946.33
2023-05-29,1944.09,1949.75,1940.30,1942.84
2023-05-30,1944.19,1963.63,1932.08,1959.14
2023-05-31,1959.30,1975.34,1953.67,1962.30
2023-06-01,1962.80,1983.27,1953.43,1977.88
2023-06-02,1978.14,1983.52,1947.67,1947.63
2023-06-05,1947.59,1964.13,1938.14,1961.76
2023-06-06,1962.11,1966.85,1954.00,1962.85
2023-06-07,1963.59,1970.26,1939.80,1939.63
2023-06-08,1940.59,1970.50,1939.81,1967.76
2023-06-09,1968.10,1973.09,1956.73,1960.60
2023-06-12,1960.25,1967.55,1948.80,1956.92
2023-06-13,1957.69,1970.74,1939.99,1943.33
2023-06-14,1943.49,1960.41,1939.73,1942.99
2023-06-15,1943.44,1960.34,1925.30,1957.65
2023-06-16,1957.68,1968.00,1953.42,1957.36
2023-06-19,1957.99,1958.93,1947.80,1950.12
2023-06-20,1950.90,1956.87,1929.77,1935.91
2023-06-21,1935.42,1939.55,1919.34,1932.26
2023-06-22,1932.09,1935.00,1912.34,1913.52
2023-06-23,1913.80,1937.10,1910.24,1921.36
2023-06-26,1924.30,1933.48,1921.59,1922.85
2023-06-27,1923.21,1930.85,1911.19,1913.35
2023-06-28,1913.59,1917.24,1902.84,1907.42
2023-06-29,1908.80,1913.15,1893.01,1908.15
2023-06-30,1908.53,1922.90,1900.56,1919.57
2023-07-03,1919.40,1931.09,1910.10,1921.43
2023-07-04,1921.78,1930.84,1919.90,1925.09
2023-07-05,1925.90,1935.17,1914.48,1917.32
2023-07-06,1916.05,1927.69,1902.68,1910.80
2023-07-07,1911.07,1934.92,1909.56,1924.28
2023-07-10,1925.19,1928.31,1912.68,1924.99
2023-07-11,1925.40,1938.69,1924.40,1931.99
2023-07-12,1932.59,1959.82,1932.18,1957.09
2023-07-13,1957.44,1963.69,1952.71,1960.19
2023-07-14,1961.58,1963.81,1951.00,1954.93
2023-07-17,1954.90,1959.91,1945.82,1954.74
2023-07-18,1954.59,1984.39,1954.44,1978.71
2023-07-19,1978.97,1981.05,1969.75,1977.25
2023-07-20,1976.80,1987.59,1965.40,1969.62
2023-07-21,1969.99,1973.89,1956.82,1960.23
2023-07-24,1962.09,1967.97,1953.42,1954.51
2023-07-25,1955.20,1966.03,1953.21,1964.58
2023-07-26,1964.99,1978.31,1961.99,1972.10
2023-07-27,1972.08,1982.24,1942.61,1944.99
2023-07-28,1944.27,1963.71,1944.27,1959.20
2023-07-31,1959.49,1972.44,1951.00,1964.19
2023-08-01,1965.10,1966.24,1941.20,1944.08
2023-08-02,1945.74,1955.40,1933.00,1933.56
2023-08-03,1934.66,1939.03,1929.55,1933.74
2023-08-04,1934.12,1947.19,1929.75,1941.62
2023-08-07,1942.59,1946.81,1931.53,1936.39
2023-08-08,1936.76,1938.15,1922.50,1924.82
2023-08-09,1925.16,1932.48,1914.05,1914.59
2023-08-10,1914.94,1930.11,1911.73,1912.06
2023-08-11,1912.65,1921.15,1910.94,1913.32
2023-08-14,1913.67,1916.55,1902.20,1907.90
2023-08-15,1907.40,1912.19,1896.15,1901.56
2023-08-16,1901.59,1907.90,1891.30,1891.76
2023-08-17,1892.20,1903.90,1884.50,1888.89
2023-08-18,1889.49,1897.44,1886.20,1888.19
2023-08-21,1889.40,1899.05,1884.50,1893.94
2023-08-22,1895.09,1905.05,1888.60,1897.47
2023-08-23,1897.80,1920.94,1897.23,1914.31
2023-08-24,1914.15,1923.94,1911.35,1917.43
2023-08-25,1917.80,1923.09,1903.40,1914.53
2023-08-28,1916.09,1926.19,1912.83,1919.66
2023-08-29,1920.23,1938.41,1914.00,1937.12
2023-08-30,1937.48,1949.04,1934.94,1942.24
2023-08-31,1942.61,1948.19,1938.86,1939.74
2023-09-01,1940.19,1953.44,1934.59,1938.80
2023-09-04,1940.49,1946.42,1936.15,1938.19
2023-09-05,1938.59,1939.13,1925.22,1925.81
2023-09-06,1926.16,1929.80,1914.80,1916.28
2023-09-07,1916.86,1923.67,1916.10,1919.19
2023-09-08,1919.57,1930.19,1917.36,1917.81
2023-09-11,1919.16,1930.90,1916.90,1921.66
2023-09-12,1922.90,1925.05,1907.15,1913.26
2023-09-13,1913.55,1916.30,1905.50,1906.30
2023-09-14,1906.68,1912.99,1900.95,1910.32
2023-09-15,1910.90,1930.84,1909.74,1923.57
2023-09-18,1924.19,1934.61,1922.15,1933.14
2023-09-19,1933.68,1937.94,1929.71,1930.94
2023-09-20,1931.69,1947.80,1927.90,1929.68
2023-09-21,1930.99,1931.74,1913.40,1919.57
2023-09-22,1920.08,1929.65,1919.58,1924.99
2023-09-25,1925.24,1927.26,1915.00,1915.66
2023-09-26,1916.03,1916.89,1899.17,1900.49
2023-09-27,1900.69,1903.95,1872.47,1874.70
2023-09-28,1875.73,1880.15,1857.76,1864.56
2023-09-29,1865.43,1880.24,1846.34,1848.31
2023-10-02,1848.13,1849.06,1826.60,1827.40
2023-10-03,1827.96,1833.36,1814.70,1822.81
2023-10-04,1824.30,1831.05,1816.15,1821.08
2023-10-05,1820.49,1829.30,1812.70,1820.01
2023-10-06,1820.40,1834.97,1810.10,1832.26
2023-10-09,1832.74,1864.15,1832.63,1860.88
2023-10-10,1861.27,1865.65,1852.65,1860.09
2023-10-11,1859.99,1877.22,1858.60,1873.61
2023-10-12,1874.10,1885.30,1866.92,1868.65
2023-10-13,1869.02,1933.76,1868.94,1931.70
2023-10-16,1929.30,1931.80,1907.65,1919.44
2023-10-17,1920.14,1931.56,1911.85,1923.07
2023-10-18,1923.70,1962.74,1923.05,1947.69
2023-10-19,1947.99,1977.86,1945.18,1973.70
2023-10-20,1974.31,1997.27,1971.93,1981.04
2023-10-23,1972.90,1983.40,1964.36,1972.59
2023-10-24,1972.97,1980.99,1953.50,1970.11
2023-10-25,1971.36,1987.19,1963.34,1979.62
2023-10-26,1979.97,1994.05,1971.60,1984.82
2023-10-27,1985.17,2009.48,1976.35,2005.78
2023-10-30,2004.80,2007.37,1990.50,1995.88
2023-10-31,1996.00,2007.80,1978.90,1982.70
2023-11-01,1983.01,1992.09,1969.90,1982.15
2023-11-02,1983.53,1991.49,1978.90,1985.51
2023-11-03,1985.69,2004.06,1983.26,1992.27
2023-11-06,1992.30,1993.30,1977.52,1977.68
2023-11-07,1978.19,1978.75,1956.20,1968.40
2023-11-08,1968.84,1971.12,1947.48,1949.79
2023-11-09,1950.09,1965.69,1944.30,1958.19
2023-11-10,1958.40,1960.93,1933.18,1936.79
2023-11-13,1937.05,1949.27,1931.73,1945.89
2023-11-14,1946.19,1970.84,1943.40,1962.67
2023-11-15,1963.05,1975.59,1955.41,1959.09
2023-11-16,1959.44,1988.03,1956.49,1980.85
2023-11-17,1981.21,1993.94,1978.59,1980.01
2023-11-20,1980.39,1985.26,1965.20,1977.19
2023-11-21,1977.49,2007.52,1977.34,1998.37
2023-11-22,1998.69,2006.90,1986.89,1989.72
2023-11-23,1990.15,1999.19,1989.01,1991.79
2023-11-24,1994.06,2003.68,1991.40,2001.97
2023-11-27,2002.78,2018.14,2000.67,2013.64
2023-11-28,2013.94,2043.00,2011.60,2040.89
2023-11-29,2041.24,2052.09,2035.05,2044.59
2023-11-30,2044.80,2047.59,2031.84,2035.75
2023-12-01,2034.49,2075.34,2033.75,2070.90
2023-12-04,2071.25,2135.90,2020.34,2029.74
2023-12-05,2030.15,2041.33,2010.02,2019.42
2023-12-06,2019.74,2036.30,2017.27,2024.90
2023-12-07,2025.30,2039.93,2020.26,2028.34
2023-12-08,2028.69,2034.19,1994.74,2003.39
2023-12-11,2003.60,2008.72,1975.95,1981.30
2023-12-12,1981.59,1996.80,1977.19,1979.44
2023-12-13,1979.74,2027.55,1973.09,2026.39
2023-12-14,2026.59,2047.98,2024.33,2035.53
2023-12-15,2035.80,2045.55,2015.68,2018.19
2023-12-18,2020.09,2033.71,2015.99,2027.00
2023-12-19,2027.30,2047.07,2021.74,2040.12
2023-12-20,2040.34,2043.94,2029.37,2029.19
2023-12-21,2029.44,2046.07,2029.44,2045.49
2023-12-22,2045.84,2070.65,2045.65,2052.98
2023-12-25,2054.32,2058.36,2053.96,2054.93
2023-12-26,2055.73,2068.65,2053.59,2066.60
2023-12-27,2066.70,2084.59,2061.00,2077.16
2023-12-28,2077.34,2088.54,2065.89,2064.86
2023-12-29,2065.15,2075.15,2057.75,2062.59
2024-01-01,2064.24,2074.90,2063.30,2063.80
2024-01-02,2062.90,2079.02,2056.04,2058.88
2024-01-03,2059.15,2066.12,2030.68,2040.78
2024-01-04,2041.34,2051.40,2036.24,2043.26
2024-01-05,2043.69,2064.03,2024.49,2045.50
2024-01-08,2044.08,2046.71,2016.84,2027.84
2024-01-09,2028.40,2042.09,2026.11,2029.59
2024-01-10,2029.94,2040.44,2020.45,2023.40
2024-01-11,2023.74,2039.69,2013.32,2028.09
2024-01-12,2028.30,2062.35,2027.99,2048.72
2024-01-15,2048.09,2059.25,2045.80,2054.49
2024-01-16,2054.91,2055.65,2024.29,2027.59
2024-01-17,2027.90,2033.05,2001.91,2005.72
2024-01-18,2006.09,2023.45,2005.43,2022.67
2024-01-19,2023.05,2039.49,2020.37,2029.09
2024-01-22,2029.90,2032.28,2016.74,2020.99
2024-01-23,2021.24,2037.92,2019.59,2028.69
2024-01-24,2028.94,2036.74,2011.28,2012.59
2024-01-25,2012.84,2025.27,2010.15,2019.75
2024-01-26,2019.94,2026.80,2015.97,2018.34
2024-01-29,2019.40,2037.75,2017.38,2031.75
2024-01-30,2031.97,2048.48,2029.19,2036.12
2024-01-31,2036.58,2056.08,2031.00,2037.19
2024-02-01,2037.59,2065.42,2029.55,2054.89
2024-02-02,2055.09,2058.20,2027.45,2038.59
2024-02-05,2039.91,2042.32,2014.40,2024.67
2024-02-06,2024.99,2039.02,2022.55,2035.46
2024-02-07,2035.90,2044.65,2030.65,2034.22
2024-02-08,2034.55,2038.94,2019.75,2033.18
2024-02-09,2033.65,2037.44,2020.30,2024.16
2024-02-12,2024.53,2028.09,2011.91,2019.79
2024-02-13,2019.90,2030.05,1990.19,1992.13
2024-02-14,1992.55,1996.14,1984.30,1992.39
2024-02-15,1992.69,2008.49,1990.25,2004.09
2024-02-16,2004.40,2015.25,1995.26,2013.10
2024-02-19,2013.16,2023.34,2011.57,2017.63
2024-02-20,2017.99,2030.96,2015.02,2023.53
2024-02-21,2023.80,2032.22,2020.19,2024.99
2024-02-22,2025.24,2034.84,2019.70,2024.11
2024-02-23,2024.49,2041.43,2015.55,2035.72
2024-02-26,2034.49,2037.59,2025.10,2030.66
2024-02-27,2030.99,2039.99,2028.78,2029.64
2024-02-28,2030.05,2038.30,2024.56,2034.62
2024-02-29,2034.92,2050.79,2027.75,2043.24
2024-03-01,2043.44,2088.40,2038.55,2083.39
2024-03-04,2082.09,2119.95,2079.45,2114.99
2024-03-05,2115.15,2142.15,2110.52,2127.55
2024-03-06,2127.95,2152.29,2123.65,2148.29
2024-03-07,2148.54,2164.54,2144.29,2159.16
2024-03-08,2159.40,2195.20,2154.08,2177.51
2024-03-11,2177.71,2189.04,2174.80,2182.47
2024-03-12,2183.00,2184.86,2150.59,2157.99
2024-03-13,2158.25,2179.91,2155.54,2174.40
2024-03-14,2174.29,2177.10,2152.86,2161.01
2024-03-15,2162.40,2173.25,2155.19,2155.54
2024-03-18,2156.00,2163.64,2146.05,2159.99
2024-03-19,2160.70,2162.93,2146.90,2157.23
2024-03-20,2158.29,2188.90,2149.60,2185.96
2024-03-21,2186.00,2222.90,2166.50,2180.81
2024-03-22,2181.50,2186.25,2157.15,2164.15
2024-03-25,2165.79,2181.30,2163.50,2171.45
2024-03-26,2171.82,2200.15,2167.75,2178.58
2024-03-27,2179.03,2197.71,2173.59,2194.02
2024-03-28,2194.19,2235.90,2187.33,2232.38
2024-04-01,2239.59,2265.86,2228.54,2250.36
2024-04-02,2250.88,2281.17,2246.79,2280.10
2024-04-03,2279.57,2301.22,2265.50,2299.17
2024-04-04,2299.62,2305.31,2280.15,2289.43
2024-04-05,2289.88,2330.34,2267.85,2329.50
2024-04-08,2322.00,2354.09,2302.86,2338.89
2024-04-09,2339.24,2365.34,2336.94,2352.58
2024-04-10,2352.91,2360.15,2319.54,2332.79
2024-04-11,2333.17,2377.80,2325.84,2373.24
2024-04-12,2373.59,2431.53,2333.90,2343.43
2024-04-15,2343.86,2387.59,2324.59,2382.51
2024-04-16,2382.86,2398.34,2362.95,2382.83
2024-04-17,2383.20,2395.63,2354.84,2360.81
2024-04-18,2360.74,2392.84,2360.70,2378.25
2024-04-19,2378.60,2417.79,2372.96,2390.45
2024-04-22,2388.20,2388.72,2325.29,2326.29
2024-04-23,2326.62,2334.48,2291.40,2321.81
2024-04-24,2322.19,2337.16,2311.90,2315.82
2024-04-25,2316.20,2344.86,2305.28,2331.78
2024-04-26,2332.16,2352.62,2326.30,2337.72
2024-04-29,2337.50,2346.85,2320.08,2334.44
2024-04-30,2335.10,2336.54,2284.94,2285.57
2024-05-01,2285.91,2328.40,2281.66,2317.90
2024-05-02,2319.89,2326.57,2285.58,2303.29
2024-05-03,2303.20,2321.64,2277.47,2301.56
2024-05-06,2302.50,2331.99,2291.79,2323.57
2024-05-07,2322.50,2330.06,2310.06,2313.79
2024-05-08,2314.70,2321.56,2303.85,2308.65
2024-05-09,2309.04,2347.59,2306.67,2345.88
2024-05-10,2346.26,2378.45,2345.25,2360.14
2024-05-13,2362.70,2364.94,2332.34,2336.05
2024-05-14,2338.20,2359.83,2334.55,2357.97
2024-05-15,2358.20,2390.36,2351.82,2386.04
2024-05-16,2386.42,2397.44,2371.01,2376.44
2024-05-17,2376.81,2422.87,2373.96,2414.89
2024-05-20,2415.02,2450.13,2407.34,2425.12
2024-05-21,2426.84,2434.00,2406.32,2421.64
2024-05-22,2423.75,2426.64,2374.98,2378.25
2024-05-23,2378.60,2383.86,2327.00,2328.37
2024-05-24,2328.40,2347.54,2325.40,2333.76
2024-05-27,2334.50,2358.56,2332.36,2350.74
2024-05-28,2352.29,2364.12,2340.17,2360.95
2024-05-29,2361.00,2362.86,2334.75,2338.77
2024-05-30,2339.67,2351.83,2322.72,2343.00
2024-05-31,2345.07,2353.24,2323.96,2326.97
2024-06-03,2329.61,2354.82,2314.76,2350.35
2024-06-04,2349.00,2351.76,2315.53,2327.68
2024-06-05,2328.00,2358.07,2325.88,2354.78
2024-06-06,2355.16,2378.57,2353.60,2375.61
2024-06-07,2376.50,2387.85,2286.77,2292.71
2024-06-10,2296.00,2313.87,2287.31,2310.60
2024-06-11,2311.00,2320.17,2297.69,2316.27
2024-06-12,2315.53,2341.70,2310.80,2322.55
2024-06-13,2325.70,2326.70,2295.68,2303.19
2024-06-14,2302.52,2336.87,2301.35,2332.52
2024-06-17,2332.20,2333.48,2310.02,2318.87
2024-06-18,2319.38,2333.25,2306.63,2328.33
2024-06-19,2329.79,2335.10,2323.84,2327.48
2024-06-20,2329.15,2365.52,2327.30,2359.63
2024-06-21,2360.30,2368.85,2316.76,2320.34
2024-06-24,2321.60,2335.02,2317.37,2332.93
2024-06-25,2333.25,2337.26,2315.56,2319.01
2024-06-26,2320.00,2323.95,2293.70,2297.91
2024-06-27,2299.80,2331.00,2296.50,2327.45
2024-06-28,2327.75,2339.79,2319.15,2325.71
2024-07-01,2326.46,2338.72,2318.55,2331.70
2024-07-02,2332.05,2336.90,2319.24,2329.28
2024-07-03,2328.00,2365.06,2326.93,2356.06
2024-07-04,2353.70,2362.64,2350.76,2356.12
2024-07-05,2358.01,2393.04,2354.03,2391.46
2024-07-08,2391.77,2391.85,2351.16,2358.80
2024-07-09,2358.60,2371.52,2349.59,2363.58
2024-07-10,2363.80,2386.75,2362.73,2371.07
2024-07-11,2371.58,2424.62,2370.83,2414.78
2024-07-12,2416.47,2418.37,2391.52,2411.27
2024-07-15,2409.50,2439.74,2401.35,2422.07
2024-07-16,2424.80,2469.91,2423.54,2468.57
2024-07-17,2476.22,2483.78,2451.60,2458.38
2024-07-18,2460.13,2475.02,2440.41,2444.97
2024-07-19,2445.34,2446.29,2393.92,2400.79
2024-07-22,2400.41,2412.32,2384.00,2397.65
2024-07-23,2396.80,2412.15,2388.26,2409.21
2024-07-24,2408.94,2432.05,2396.50,2397.59
2024-07-25,2398.49,2401.32,2353.19,2364.50
2024-07-26,2364.30,2390.82,2355.89,2385.57
2024-07-29,2387.20,2403.23,2369.77,2383.54
2024-07-30,2383.66,2413.00,2376.51,2408.43
2024-07-31,2410.09,2451.00,2410.17,2448.10
2024-08-01,2448.10,2462.40,2430.25,2445.42
2024-08-02,2445.16,2477.72,2410.83,2443.29
2024-08-05,2443.27,2458.80,2364.40,2407.65
2024-08-06,2410.01,2418.35,2381.79,2389.37
2024-08-07,2389.67,2407.05,2379.05,2381.53
2024-08-08,2382.43,2427.80,2380.70,2426.75
2024-08-09,2427.29,2437.15,2416.93,2430.93
2024-08-12,2431.21,2473.48,2423.84,2472.25
2024-08-13,2472.64,2477.02,2458.50,2465.03
2024-08-14,2467.40,2478.49,2438.12,2447.64
2024-08-15,2448.15,2470.25,2432.19,2456.10
2024-08-16,2456.57,2509.89,2450.76,2507.28
2024-08-19,2508.40,2510.45,2485.83,2503.92
2024-08-20,2501.55,2532.05,2497.33,2513.74
2024-08-21,2512.82,2520.09,2494.15,2511.95
2024-08-22,2512.50,2514.82,2470.86,2483.29
2024-08-23,2482.20,2518.45,2481.20,2512.07
2024-08-26,2511.43,2527.76,2508.71,2516.89
2024-08-27,2518.30,2526.27,2503.41,2524.57
2024-08-28,2522.74,2529.15,2493.66,2502.25
2024-08-29,2504.65,2528.77,2503.65,2521.18
2024-08-30,2520.89,2527.07,2494.36,2503.03
2024-09-02,2502.74,2507.50,2490.14,2499.29
2024-09-03,2500.50,2506.44,2473.25,2492.76
2024-09-04,2492.94,2500.20,2471.95,2494.19
2024-09-05,2495.50,2523.54,2493.76,2516.32
2024-09-06,2516.90,2529.30,2485.15,2497.03
2024-09-09,2497.32,2507.42,2485.60,2505.25
2024-09-10,2506.84,2518.57,2500.16,2516.12
2024-09-11,2515.70,2529.40,2501.01,2511.44
2024-09-12,2512.02,2560.21,2511.02,2558.75
2024-09-13,2556.52,2586.18,2556.52,2576.50
2024-09-16,2578.06,2589.78,2575.40,2582.58
2024-09-17,2582.46,2587.01,2560.84,2569.52
2024-09-18,2571.73,2600.21,2546.98,2558.80
2024-09-19,2559.07,2594.89,2551.26,2586.48
2024-09-20,2587.50,2625.79,2584.81,2621.96
2024-09-23,2621.81,2635.54,2613.60,2628.40
2024-09-24,2628.92,2664.47,2622.58,2656.70
2024-09-25,2655.90,2670.60,2649.84,2656.82
2024-09-26,2657.32,2685.96,2654.56,2670.20
2024-09-27,2669.50,2674.40,2643.15,2657.97
2024-09-30,2658.30,2666.11,2624.78,2634.49
2024-10-01,2635.41,2673.20,2631.98,2662.82
2024-10-02,2661.15,2663.85,2641.18,2657.75
2024-10-03,2658.66,2663.40,2639.73,2655.90
2024-10-04,2654.39,2670.15,2632.00,2652.25
2024-10-07,2651.20,2659.91,2637.70,2643.58
2024-10-08,2643.50,2653.09,2604.79,2621.94
2024-10-09,2620.19,2624.65,2605.18,2607.77
2024-10-10,2608.14,2631.63,2604.15,2629.48
2024-10-11,2630.80,2661.55,2627.65,2656.00
2024-10-14,2657.21,2666.94,2643.16,2651.05
2024-10-15,2651.75,2669.07,2638.31,2660.99
2024-10-16,2663.00,2685.73,2658.71,2673.24
2024-10-17,2674.05,2696.80,2673.00,2692.55
2024-10-18,2692.41,2722.87,2691.48,2720.25
2024-10-21,2721.71,2740.61,2714.23,2719.65
2024-10-22,2720.00,2749.47,2718.93,2748.38
2024-10-23,2749.52,2758.53,2708.79,2717.54
2024-10-24,2717.99,2743.38,2715.72,2735.70
2024-10-25,2736.10,2747.97,2716.97,2747.69
2024-10-28,2734.84,2746.06,2724.72,2741.98
2024-10-29,2743.70,2775.89,2739.82,2775.13
2024-10-30,2775.01,2790.09,2770.65,2786.19
2024-10-31,2787.75,2790.41,2731.65,2743.80
2024-11-01,2742.50,2762.29,2733.20,2735.16
2024-11-04,2734.10,2748.30,2729.78,2736.39
2024-11-05,2736.58,2750.06,2724.75,2743.59
2024-11-06,2743.88,2749.80,2652.44,2659.24
2024-11-07,2659.36,2710.20,2643.50,2706.99
2024-11-08,2707.37,2710.51,2680.36,2683.77
2024-11-11,2684.81,2686.51,2610.62,2620.20
2024-11-12,2620.31,2627.24,2589.79,2597.27
2024-11-13,2597.41,2618.97,2573.00,2573.78
2024-11-14,2573.91,2581.61,2536.91,2566.19
2024-11-15,2566.54,2576.09,2554.58,2561.24
2024-11-18,2561.59,2615.17,2561.59,2612.20
2024-11-19,2612.29,2639.69,2610.25,2631.68
2024-11-20,2631.80,2655.50,2618.70,2650.05
2024-11-21,2650.19,2673.86,2647.95,2669.69
2024-11-22,2669.84,2712.91,2667.38,2712.55
2024-11-25,2715.10,2721.43,2615.70,2625.26
2024-11-26,2625.38,2642.05,2605.29,2631.89
2024-11-27,2632.16,2658.40,2627.06,2635.51
2024-11-28,2635.74,2650.12,2620.95,2640.96
2024-11-29,2641.20,2666.35,2634.11,2653.55
2024-12-02,2653.82,2656.21,2621.90,2638.93
2024-12-03,2639.05,2655.71,2634.12,2643.44
2024-12-04,2643.57,2657.36,2632.50,2649.79
2024-12-05,2649.92,2655.62,2623.55,2632.05
2024-12-06,2632.18,2645.69,2613.57,2632.91
2024-12-09,2635.52,2676.52,2627.47,2658.78
2024-12-10,2658.82,2695.79,2657.95,2693.64
2024-12-11,2693.76,2721.35,2674.58,2717.93
2024-12-12,2718.07,2726.31,2675.04,2681.33
2024-12-13,2681.47,2693.02,2645.90,2648.39
2024-12-16,2649.10,2664.83,2643.34,2652.50
2024-12-17,2652.63,2659.22,2633.00,2645.54
2024-12-18,2645.68,2652.08,2586.52,2587.63
2024-12-19,2587.87,2626.73,2583.49,2593.85
2024-12-20,2593.97,2631.92,2589.56,2620.77
2024-12-23,2622.24,2633.60,2607.97,2612.93
2024-12-24,2613.07,2621.83,2609.92,2613.20
2024-12-26,2619.79,2639.40,2614.13,2634.43
2024-12-27,2634.59,2638.74,2611.30,2620.00
2024-12-30,2620.30,2628.61,2595.90,2605.39
2024-12-31,2606.13,2627.85,2602.50,2623.81
2025-01-02,2626.60,2660.85,2621.51,2657.16
2025-01-03,2657.29,2665.47,2636.40,2639.12
2025-01-06,2641.00,2649.62,2614.60,2635.33
2025-01-07,2636.02,2664.54,2632.57,2649.49
2025-01-08,2649.85,2670.60,2645.03,2662.06
2025-01-09,2662.20,2675.42,2662.35,2670.19
2025-01-10,2670.74,2698.57,2663.65,2689.63
2025-01-13,2689.35,2693.77,2656.73,2662.12
2025-01-14,2662.53,2678.44,2659.79,2677.16
2025-01-15,2677.29,2697.85,2669.04,2695.82
2025-01-16,2695.96,2724.86,2690.00,2713.77
2025-01-17,2713.85,2717.73,2698.41,2701.55
2025-01-20,2702.51,2714.40,2689.32,2708.06
2025-01-21,2709.01,2746.88,2702.49,2744.39
2025-01-22,2745.08,2763.72,2741.83,2755.02
2025-01-23,2755.96,2759.06,2735.85,2753.69
2025-01-24,2754.06,2786.04,2752.56,2771.30
2025-01-27,2770.70,2773.02,2729.80,2741.10
2025-01-28,2742.57,2765.18,2734.68,2763.11
2025-01-29,2763.48,2766.53,2744.71,2757.71
2025-01-30,2757.90,2798.80,2757.24,2793.88
2025-01-31,2794.04,2817.57,2790.78,2801.00
2025-02-03,2801.40,2831.70,2771.69,2813.49
2025-02-04,2814.80,2845.57,2806.90,2841.94
2025-02-05,2842.06,2882.53,2839.32,2865.09
2025-02-06,2865.26,2873.74,2834.40,2856.50
2025-02-07,2856.60,2886.96,2852.55,2860.39
2025-02-10,2864.08,2911.60,2854.69,2907.34
2025-02-11,2907.47,2943.25,2881.76,2898.34
2025-02-12,2898.90,2909.16,2864.01,2903.66
2025-02-13,2904.10,2929.74,2900.20,2929.03
2025-02-14,2929.19,2940.23,2876.96,2883.18
2025-02-17,2883.55,2906.69,2887.20,2897.66
2025-02-18,2897.51,2937.46,2891.94,2935.58
2025-02-19,2935.73,2947.23,2918.50,2932.64
2025-02-20,2932.81,2954.97,2924.20,2938.70
2025-02-21,2939.00,2950.01,2916.70,2936.03
2025-02-24,2936.41,2956.37,2920.77,2951.19
2025-02-25,2951.82,2954.44,2888.06,2915.12
2025-02-26,2915.42,2930.22,2890.99,2916.19
2025-02-27,2916.80,2920.96,2867.86,2876.19
2025-02-28,2877.66,2885.34,2832.63,2858.60
2025-03-03,2856.71,2895.45,2855.63,2893.71
2025-03-04,2894.05,2928.15,2881.81,2917.49
2025-03-05,2917.59,2929.94,2894.19,2918.84
2025-03-06,2918.98,2926.88,2891.34,2909.99
2025-03-07,2910.48,2930.56,2896.71,2910.79
2025-03-10,2912.17,2918.50,2880.30,2889.40
2025-03-11,2888.72,2922.22,2880.34,2916.04
2025-03-12,2916.85,2940.83,2906.19,2932.06
2025-03-13,2932.66,2989.64,2932.03,2987.75
2025-03-14,2988.38,3005.08,2978.41,2984.42
2025-03-17,2985.80,3002.23,2982.13,3001.47
2025-03-18,2999.11,3038.45,2999.11,3033.95
2025-03-19,3032.20,3052.30,3022.73,3047.18
2025-03-20,3046.31,3057.51,3025.56,3044.41
2025-03-21,3042.60,3047.66,2999.46,3023.63
2025-03-24,3023.03,3033.44,3002.34,3012.27
2025-03-25,3012.40,3035.94,3007.53,3019.85
2025-03-26,3020.13,3032.23,3012.38,3019.29
2025-03-27,3019.56,3059.75,3017.26,3056.10
2025-03-28,3056.35,3086.93,3053.91,3084.03
2025-03-31,3086.54,3128.29,3076.62,3123.05
2025-04-01,3123.36,3149.11,3100.85,3110.55
2025-04-02,3111.00,3140.36,3104.81,3133.57
2025-04-03,3134.16,3168.04,3054.19,3112.83
2025-04-04,3113.16,3137.10,3015.64,3037.36
2025-04-07,3038.02,3055.88,2956.60,2982.54
2025-04-08,2983.39,3022.84,2974.45,2983.78
2025-04-09,2984.08,3099.87,2970.01,3082.18
2025-04-10,3083.75,3176.94,3071.03,3173.92
2025-04-11,3174.14,3245.69,3174.14,3236.21
2025-04-14,3237.35,3245.84,3193.41,3209.28
2025-04-15,3210.21,3234.16,3209.36,3227.60
2025-04-16,3226.25,3345.19,3226.25,3343.22
2025-04-17,3344.41,3358.00,3283.87,3327.54
2025-04-21,3334.41,3430.93,3327.82,3424.30
2025-04-22,3421.57,3500.33,3366.74,3382.54
2025-04-23,3382.55,3386.89,3260.50,3288.26
2025-04-24,3288.43,3367.59,3287.77,3349.10
2025-04-25,3347.20,3371.15,3265.25,3319.45
2025-04-28,3328.40,3353.33,3267.81,3341.67
2025-04-29,3341.67,3349.08,3299.23,3317.18
2025-04-30,3316.92,3328.36,3267.09,3288.59
2025-05-01,3288.55,3290.94,3202.09,3241.00
2025-05-02,3238.55,3269.49,3222.75,3240.88
2025-05-05,3240.00,3337.81,3237.81,3334.50
2025-05-06,3336.39,3435.17,3322.98,3430.21
2025-05-07,3430.21,3438.59,3360.20,3365.21
2025-05-08,3366.95,3414.96,3288.80,3305.52
2025-05-09,3305.51,3347.64,3274.94,3324.63
2025-05-12,3324.98,3325.42,3207.67,3234.70
2025-05-13,3233.40,3265.44,3215.96,3248.47
2025-05-14,3248.37,3257.39,3167.95,3178.75
2025-05-15,3178.06,3241.26,3120.52,3240.87
2025-05-16,3239.11,3252.27,3154.32,3202.77
2025-05-19,3214.60,3249.91,3205.98,3229.85
2025-05-20,3229.85,3295.98,3204.40,3290.12
2025-05-21,3290.12,3325.14,3285.51,3314.99
2025-05-22,3316.49,3345.62,3279.55,3295.00
2025-05-23,3297.15,3366.39,3287.24,3357.42
2025-05-26,3354.30,3357.03,3323.91,3342.94
2025-05-27,3344.00,3350.21,3285.70,3300.68
2025-05-28,3300.70,3325.68,3276.31,3289.76
2025-05-29,3286.36,3330.94,3245.55,3317.02
2025-05-30,3319.51,3322.95,3271.55,3289.40
2025-06-02,3289.80,3383.24,3289.41,3380.21
2025-06-03,3379.99,3392.53,3333.08,3352.25
2025-06-04,3352.56,3384.84,3343.76,3376.54
2025-06-05,3376.55,3403.55,3339.20,3354.16
2025-06-06,3354.26,3375.74,3306.87,3310.17
2025-06-09,3311.51,3338.43,3293.70,3328.33
2025-06-10,3328.58,3349.28,3301.92,3323.02
2025-06-11,3322.52,3360.82,3315.23,3353.84
2025-06-12,3357.24,3399.16,3338.64,3385.29
2025-06-13,3385.30,3447.02,3379.79,3432.64
2025-06-16,3431.54,3451.62,3382.40,3383.20
2025-06-17,3383.20,3403.39,3366.25,3388.74
2025-06-18,3390.40,3400.05,3362.54,3369.09
2025-06-19,3369.08,3388.07,3347.59,3370.75
2025-06-20,3370.82,3374.63,3340.38,3368.23
2025-06-23,3367.17,3399.25,3347.25,3368.88
2025-06-24,3368.79,3371.01,3295.38,3324.20
2025-06-25,3324.20,3337.23,3312.00,3332.46
2025-06-26,3332.47,3350.47,3310.01,3328.06
2025-06-27,3328.06,3328.88,3255.72,3274.25
2025-06-30,3272.65,3309.58,3247.86,3303.69
2025-07-01,3302.87,3358.09,3301.52,3339.21
2025-07-02,3338.36,3360.08,3327.60,3357.36
2025-07-03,3357.36,3365.81,3311.70,3326.57
2025-07-04,3326.44,3345.15,3323.59,3336.64
2025-07-07,3335.95,3343.29,3296.41,3335.61
2025-07-08,3335.99,3345.94,3287.17,3300.70
2025-07-09,3298.73,3317.05,3282.80,3313.72
2025-07-10,3313.70,3330.47,3310.23,3323.07
2025-07-11,3325.63,3368.89,3321.37,3355.91
2025-07-14,3355.91,3374.94,3341.10,3343.80
2025-07-15,3343.80,3366.58,3320.27,3322.63
2025-07-16,3322.63,3377.50,3319.69,3346.58
2025-07-17,3346.59,3352.50,3309.90,3338.95
2025-07-18,3338.76,3361.41,3331.75,3350.40
2025-07-21,3348.62,3401.85,3344.48,3395.80
2025-07-22,3395.81,3433.56,3383.29,3431.50
2025-07-23,3431.26,3439.09,3381.45,3387.78
2025-07-24,3387.79,3393.47,3351.40,3368.15
2025-07-25,3369.29,3373.73,3325.05,3337.18
2025-07-28,3335.00,3345.56,3301.66,3314.64
2025-07-29,3316.54,3334.21,3307.95,3326.84
2025-07-30,3324.01,3334.21,3268.15,3275.25
2025-07-31,3275.91,3314.98,3273.77,3290.32
2025-08-01,3290.83,3363.55,3281.55,3362.88
2025-08-04,3365.10,3385.56,3345.00,3373.37
2025-08-05,3373.38,3390.62,3349.89,3381.27
2025-08-06,3379.69,3385.47,3358.26,3369.04
2025-08-07,3366.11,3402.71,3364.77,3397.31
2025-08-08,3397.28,3408.83,3379.61,3398.78
2025-08-11,3398.50,3405.10,3340.82,3344.83
2025-08-12,3342.64,3359.27,3331.03,3346.20
2025-08-13,3346.20,3370.90,3342.65,3354.73
2025-08-14,3354.73,3374.97,3329.85,3336.50
2025-08-15,3336.50,3349.02,3332.16,3335.39
2025-08-18,3338.00,3358.50,3323.52,3330.55
2025-08-19,3332.38,3345.46,3314.88,3315.46
2025-08-20,3315.46,3350.50,3311.46,3347.11
2025-08-21,3347.38,3353.25,3325.27,3338.81
2025-08-22,3338.76,3379.01,3321.49,3372.11
2025-08-25,3371.23,3376.47,3359.69,3366.79
2025-08-26,3366.78,3394.33,3351.26,3392.88
2025-08-27,3392.88,3398.94,3373.76,3397.42
2025-08-28,3394.18,3423.36,3384.46,3417.20
2025-08-29,3418.20,3454.08,3404.29,3448.00
2025-09-01,3448.00,3490.06,3436.80,3476.47
2025-09-02,3478.36,3540.64,3470.20,3533.73
2025-09-03,3535.69,3578.80,3526.26,3559.43
2025-09-04,3560.57,3564.45,3511.19,3546.17
2025-09-05,3547.00,3600.33,3540.05,3586.81
2025-09-08,3586.82,3646.60,3579.67,3635.84
2025-09-09,3637.10,3674.75,3625.33,3626.48
2025-09-10,3629.05,3657.77,3619.58,3640.74
2025-09-11,3642.60,3649.27,3614.01,3634.09
2025-09-12,3635.01,3656.86,3630.48,3643.13
2025-09-15,3644.40,3685.65,3626.60,3679.13
2025-09-16,3678.84,3703.23,3674.66,3689.80
2025-09-17,3691.80,3707.70,3645.44,3660.04
2025-09-18,3659.40,3673.18,3627.89,3644.36
2025-09-19,3645.04,3686.33,3632.28,3684.98
2025-09-22,3686.80,3749.25,3683.62,3746.47
2025-09-23,3746.47,3791.11,3736.73,3764.19
2025-09-24,3765.78,3779.54,3717.30,3736.29
2025-09-25,3736.67,3761.66,3722.04,3749.37
2025-09-26,3748.18,3783.88,3734.58,3760.24
2025-09-29,3758.59,3834.58,3757.62,3833.93
2025-09-30,3833.84,3871.87,3793.18,3858.51
2025-10-01,3858.84,3895.45,3853.44,3865.80
2025-10-02,3866.66,3897.20,3819.51,3856.53
2025-10-03,3857.92,3891.85,3838.05,3886.83
2025-10-06,3888.45,3970.24,3883.93,3961.09
2025-10-07,3962.48,3991.18,3940.75,3983.82
2025-10-08,3983.82,4059.34,3982.86,4038.90
2025-10-09,4042.69,4058.09,3944.80,3976.29
2025-10-10,3977.58,4022.96,3946.80,4018.30
2025-10-13,4018.79,4117.14,4008.80,4110.70
2025-10-14,4108.98,4180.39,4090.49,4142.31
2025-10-15,4144.40,4218.42,4140.45,4208.58
2025-10-16,4209.81,4330.91,4199.60,4326.18
2025-10-17,4328.75,4379.44,4186.91,4249.98
2025-10-20,4251.82,4381.60,4218.81,4356.50
2025-10-21,4355.55,4375.59,4086.47,4125.10
2025-10-22,4123.10,4161.65,4004.69,4094.07
2025-10-23,4095.57,4154.96,4065.49,4126.17
2025-10-24,4127.13,4144.70,4044.70,4112.10
2025-10-27,4065.35,4109.33,3971.34,3981.59
2025-10-28,3983.41,4020.11,3886.49,3952.58
2025-10-29,3952.52,4030.40,3917.12,3930.38
2025-10-30,3931.15,4027.44,3915.17,4024.47
2025-10-31,4024.37,4046.00,3972.45,4002.28
2025-11-03,4002.28,4030.70,3962.85,4001.67
2025-11-04,4001.67,4006.00,3928.66,3932.05
2025-11-05,3932.06,3990.60,3929.61,3982.62
2025-11-06,3982.59,4019.84,3964.46,3977.87
2025-11-07,3977.92,4027.63,3974.41,3999.72
2025-11-10,3999.94,4116.26,3997.87,4115.90
2025-11-11,4115.91,4149.20,4097.09,4126.68
2025-11-12,4126.68,4211.96,4098.76,4198.73
2025-11-13,4198.75,4245.20,4145.41,4171.46
2025-11-14,4171.47,4211.68,4032.32,4079.58
2025-11-17,4082.02,4106.85,4006.83,4044.61
2025-11-18,4044.61,4082.69,3997.99,4067.88
2025-11-19,4067.86,4133.04,4055.23,4081.66
2025-11-20,4081.66,4110.17,4038.73,4077.50
2025-11-21,4077.54,4101.37,4022.70,4065.90
2025-11-24,4066.47,4140.13,4040.03,4139.70
2025-11-25,4139.66,4159.45,4109.72,4131.15
2025-11-26,4131.15,4173.70,4128.99,4164.59
2025-11-27,4164.53,4169.00,4142.57,4157.57
2025-11-28,4157.57,4231.51,4157.15,4230.63
2025-12-01,4223.93,4264.74,4205.87,4232.73
2025-12-02,4232.72,4236.28,4163.01,4208.14
2025-12-03,4208.14,4242.00,4194.39,4206.22
2025-12-04,4206.15,4219.46,4174.60,4208.69
2025-12-05,4208.69,4259.55,4191.95,4197.13
2025-12-08,4197.19,4219.31,4176.34,4189.05
2025-12-09,4189.00,4221.67,4170.00,4209.54
2025-12-10,4209.56,4239.10,4181.68,4228.55
2025-12-11,4228.53,4286.24,4203.98,4283.28
2025-12-12,4283.26,4353.72,4257.60,4302.43
2025-12-15,4299.00,4350.50,4285.21,4302.70
2025-12-16,4302.58,4335.16,4271.34,4303.80
2025-12-17,4303.80,4349.13,4301.27,4341.08
2025-12-18,4341.06,4374.69,4308.60,4332.40
2025-12-19,4332.33,4356.65,4309.01,4338.55
2025-12-22,4338.98,4449.60,4337.90,4445.95
2025-12-23,4445.62,4499.87,4429.92,4488.82
2025-12-24,4488.81,4525.71,4448.27,4479.64
2025-12-25,4487.10,4500.35,4483.59,4495.35
2025-12-26,4479.64,4550.11,4475.10,4532.63
2025-12-29,4540.70,4550.10,4303.75,4332.08
2025-12-30,4332.09,4404.51,4323.33,4346.51
2025-12-31,4346.47,4373.89,4274.51,4315.09
2026-01-01,4329.42,4351.65,4324.42,4348.35
2026-01-02,4333.00,4402.53,4310.01,4330.50
2026-01-05,4356.12,4456.05,4345.88,4448.47
2026-01-06,4448.56,4497.54,4427.25,4497.34
2026-01-07,4497.33,4500.65,4423.47,4453.04
2026-01-08,4453.04,4479.80,4407.48,4476.73
2026-01-09,4476.71,4517.40,4452.62,4510.45
2026-01-12,4519.45,4630.47,4513.57,4594.00
2026-01-13,4593.89,4634.76,4569.45,4588.00
2026-01-14,4588.05,4643.06,4585.32,4620.83
2026-01-15,4620.83,4632.65,4581.05,4614.91
2026-01-16,4614.90,4621.27,4537.15,4595.10
2026-01-19,4630.80,4690.80,4629.80,4671.02
2026-01-20,4671.02,4766.46,4659.34,4763.49
2026-01-21,4763.53,4888.22,4755.70,4836.67
2026-01-22,4836.95,4941.25,4772.38,4936.75
2026-01-23,4936.75,4989.93,4899.72,4982.91
2026-01-26,5007.11,5111.40,4989.85,5015.34
2026-01-27,5014.85,5190.56,5006.20,5189.62
2026-01-28,5189.63,5401.62,5157.35,5400.25
2026-01-29,5399.91,5595.46,5110.73,5395.88
2026-01-30,5395.58,5451.20,4681.94,4865.35
2026-02-02,4799.72,4885.08,4404.12,4666.27
2026-02-03,4665.16,4994.28,4648.50,4939.33
2026-02-04,4939.34,5092.68,4854.81,4963.60
2026-02-05,4963.74,5024.12,4760.05,4770.95
2026-02-06,4770.55,4971.99,4655.49,4961.15
2026-02-09,4960.97,5086.85,4960.17,5065.55
2026-02-10,5065.32,5078.84,4987.54,5023.47
2026-02-11,5023.46,5119.24,5020.68,5078.96
2026-02-12,5079.04,5100.25,4879.05,4920.32
2026-02-13,4920.27,5047.93,4888.71,5043.11
2026-02-16,5040.75,5041.65,4966.64,4992.37
2026-02-17,4992.48,5001.10,4842.50,4877.70
2026-02-18,4877.71,5011.07,4854.15,4979.45
2026-02-19,4979.45,5022.36,4960.47,4999.35
2026-02-20,4999.34,5105.45,4981.38,5104.34
2026-02-23,5102.84,5238.14,5102.38,5231.55
2026-02-24,5231.55,5249.96,5094.50,5148.18
2026-02-25,5148.27,5218.16,5127.21,5171.16
2026-02-26,5171.00,5205.90,5130.73,5187.26
2026-02-27,5187.61,5279.56,5166.54,5277.90
2026-03-02,5301.75,5419.25,5261.37,5327.42
2026-03-03,5327.55,5380.41,4996.19,5087.47
2026-03-04,5087.96,5206.36,5083.45,5135.92
2026-03-05,5135.96,5196.15,5050.84,5077.39
2026-03-06,5077.43,5175.06,5062.89,5171.12
2026-03-09,5180.45,5199.37,5014.73,5139.56
2026-03-10,5139.30,5238.70,5117.84,5192.94
2026-03-11,5189.84,5223.62,5149.95,5177.07
2026-03-12,5177.38,5194.79,5054.67,5080.07
2026-03-13,5080.70,5129.13,5009.51,5019.25
2026-03-16,5019.26,5038.38,4967.50,5006.43
2026-03-17,5006.18,5044.84,4973.75,5006.00
2026-03-18,5006.76,5017.54,4806.80,4818.81
2026-03-19,4825.59,4867.56,4503.08,4651.73
2026-03-20,4649.68,4736.16,4477.82,4491.15
2026-03-23,4491.66,4536.32,4098.87,4407.62
2026-03-24,4413.83,4484.27,4306.15,4474.44
2026-03-25,4473.51,4602.64,4456.13,4506.55
2026-03-26,4511.80,4544.46,4350.78,4380.03
2026-03-27,4390.14,4556.15,4375.49,4492.99
2026-03-30,4493.00,4581.62,4419.81,4511.25
2026-03-31,4511.95,4687.54,4482.80,4672.01
2026-04-01,4672.02,4793.35,4661.66,4758.76
2026-04-02,4758.78,4801.00,4553.94,4676.42
2026-04-03,4676.42,4676.42,4676.42,4676.42
2026-04-06,4653.83,4706.67,4601.08,4650.89
2026-04-07,4660.00,4718.25,4607.30,4706.00
2026-04-08,4744.50,4856.30,4699.46,4719.37
2026-04-09,4730.48,4801.51,4698.56,4766.00
2026-04-10,4765.77,4795.42,4731.04,4748.18
2026-04-13,4686.91,4750.39,4644.20,4741.69
2026-04-14,4743.06,4846.97,4741.01,4841.14
2026-04-15,4841.06,4871.78,4786.37,4791.14
2026-04-16,4791.83,4840.28,4773.26,4788.58
2026-04-17,4792.42,4889.70,4767.47,4830.43
2026-04-20,4792.93,4828.07,4736.74,4820.83
2026-04-21,4820.25,4833.34,4667.96,4712.85
2026-04-22,4721.80,4772.59,4708.34,4738.78
2026-04-23,4738.79,4754.40,4664.33,4693.88
2026-04-24,4693.89,4740.58,4657.64,4709.25
2026-04-27,4699.05,4730.18,4666.96,4682.10
2026-04-28,4682.12,4701.82,4554.63,4595.51
2026-04-29,4595.52,4610.39,4509.96,4544.12
2026-04-30,4541.53,4647.51,4539.39,4622.59
2026-05-01,4626.45,4660.62,4559.94,4614.95
2026-05-04,4623.02,4631.43,4500.85,4523.90
2026-05-05,4523.91,4586.79,4513.27,4557.23
2026-05-06,4569.01,4723.55,4546.22,4690.25
2026-05-07,4690.26,4765.17,4684.44,4686.81
2026-05-08,4686.82,4750.75,4678.20,4714.89
2026-05-11,4683.79,4748.78,4647.54,4735.27
2026-05-12,4734.97,4773.83,4638.32,4715.27
2026-05-13,4715.29,4727.21,4669.45,4688.63
2026-05-14,4688.84,4718.93,4643.90,4651.97
2026-05-15,4651.98,4665.73,4511.62,4540.07
2026-05-18,4531.42,4584.54,4480.31,4567.61
2026-05-19,4567.63,4589.76,4465.34,4482.46
2026-05-20,4482.18,4552.78,4453.12,4545.16
2026-05-21,4544.30,4572.71,4489.59,4545.18
2026-05-22,4542.41,4552.77,4491.79,4509.38
2026-05-25,4542.00,4582.34,4535.99,4571.16
2026-05-26,4573.40,4581.35,4482.64,4507.51
2026-05-27,4507.52,4538.55,4401.45,4458.21
2026-05-28,4456.22,4516.99,4366.41,4494.93
2026-05-29,4494.94,4595.31,4488.68,4539.27
2026-06-01,4521.91,4546.44,4447.12,4485.15
2026-06-02,4487.30,4541.82,4462.78,4488.09
2026-06-03,4489.18,4500.71,4426.10,4434.42
2026-06-04,4442.83,4515.55,4423.79,4475.43
2026-06-05,4476.24,4482.02,4311.41,4329.33
2026-06-08,4332.21,4353.62,4268.99,4329.85
2026-06-09,4331.26,4363.50,4236.61,4264.15
2026-06-10,4255.70,4258.29,4066.86,4075.08
2026-06-11,4075.10,4220.25,4023.55,4215.12
2026-06-12,4215.13,4246.53,4170.02,4219.32
2026-06-15,4222.50,4372.86,4219.33,4309.34
2026-06-16,4308.12,4355.35,4303.45,4331.31
2026-06-17,4334.03,4382.85,4219.05,4258.86
2026-06-18,4258.87,4330.39,4201.40,4210.09
2026-06-19,4210.05,4213.66,4120.89,4160.26
2026-06-22,4143.61,4220.82,4136.30,4191.62
2026-06-23,4191.63,4202.55,4090.75,4110.26
2026-06-24,4113.08,4115.26,3959.38,4000.69
2026-06-25,4000.71,4044.59,3962.78,4027.56
2026-06-26,4027.57,4097.94,3982.83,4089.26
2026-06-29,4089.66,4093.68,4001.30,4017.57
2026-06-30,4017.59,4064.81,3944.23,4008.48
2026-07-01,4008.49,4115.55,3960.10,4031.04
2026-07-02,4031.04,4144.22,4030.38,4123.98
2026-07-03,4124.00,4195.54,4120.92,4175.70
2026-07-06,4175.71,4202.67,4128.19,4165.17
2026-07-07,4166.99,4183.27,4092.02,4107.32
2026-07-08,4107.82,4134.39,4021.76,4077.95
2026-07-09,4076.56,4138.38,4054.04,4121.62
2026-07-10,4121.62,4136.23,4072.45,4121.08
2026-07-13,4122.63,4122.63,3986.37,4001.84
2026-07-14,4006.00,4100.75,3984.45,4055.53
2026-07-15,4055.47,4080.83,4017.30,4062.06
2026-07-16,4058.80,4070.06,3969.15,3972.94
2026-07-17,3972.95,4024.22,3959.69,4017.60
2026-07-20,4003.71,4040.56,3982.51,4006.31
2026-07-21,4010.30,4087.00,3999.48,4077.92
2026-07-22,4075.82,4166.42,4074.62,4130.54
2026-07-23,4132.35,4146.12,4040.10,4048.78
2026-07-24,4047.65,4082.45,4021.56,4053.17
2026-07-27,4092.62,4116.29,4065.17,4076.65
2026-07-28,4076.66,4089.92,4011.35,4028.75
2026-07-29,4027.86,4116.68,3995.78,4066.16
2026-07-30,4064.68,4120.43,4028.44,4103.58
2026-07-31,4104.80,4116.30,4020.82,4042.67
2026-08-03,4077.11,4083.29,4019.19,4053.45
2026-08-04,4053.73,4106.46,4042.52,4077.65
2026-08-05,4077.13,4267.97,4065.45,4247.02
2026-08-06,4249.54,4306.00,4223.17,4240.42
2026-08-07,4241.78,4372.17,4229.67,4343.74
2026-08-10,4342.50,4396.71,4312.45,4388.96
2026-08-11,4389.82,4435.47,4356.49,4368.46
2026-08-12,4368.48,4441.26,4360.82,4408.70
2026-08-13,4409.88,4450.23,4343.76,4351.34
2026-08-14,4351.28,4397.25,4310.73,4376.60
2026-08-17,4381.12,4429.26,4367.24,4416.82
2026-08-18,4417.55,4436.39,4328.86,4334.52
2026-08-19,4334.68,4524.70,4324.49,4522.80
2026-08-20,4522.28,4541.49,4450.52,4519.08
2026-08-21,4519.09,4632.61,4508.83,4603.56
2026-08-24,4618.79,4681.40,4594.68,4651.87
2026-08-25,4654.11,4697.66,4605.17,4658.59
2026-08-26,4655.20,4674.20,4582.82,4623.74
2026-08-27,4623.75,4643.12,4565.21,4611.19
